id,vernacularName,language,locality,countryCode,source,lexicon,contributor,created
340238,mosheshe,und,"","",,Setawana,Botswanabugs,2019-09-27T14:16:47Z
340194,mulya,und,"","",,Setawana,Botswanabugs,2019-09-27T18:50:56Z
340164,moChaba,und,Okavango Basin,"",,Setawana,Dewald du Plessis,2020-03-20T06:53:15Z
585964,Gomoti,und,Okavango Basin,"",,Setawana,Dewald du Plessis,2020-03-20T06:54:28Z
559085,moRumosetlha,und,Okavango Basin,"",,Setawana,Dewald du Plessis,2020-03-20T06:59:59Z
340106,moThono,und,Okavango Basin,"",,Setawana,Dewald du Plessis,2020-03-20T07:18:47Z
343032,moThakola,und,Okavango Basin,"",,Setawana,Dewald du Plessis,2020-03-20T07:39:28Z
161469,Koma,und,Okavango Basin,"",,Setawana,Dewald du Plessis,2020-03-20T07:57:27Z
590037,moXaa,und,Okavango Basin,"",,Setawana,Dewald du Plessis,2020-03-20T07:59:17Z
82782,Thlape,und,Okavango Basin,"",,Setawana,Dewald du Plessis,2020-03-23T09:28:27Z
182191,Khusubele,und,"","",,Setawana,Botswanabugs,2020-08-16T16:09:18Z
527059,moRêtlwa,und,Okavango Basin,"",,Setawana,Dewald du Plessis,2020-11-12T14:47:23Z
30405,mokopa,und,"","",,Setawana,Botswanabugs,2021-02-15T13:21:58Z
490673,serowa,und,"","",,Setawana,Botswanabugs,2021-04-15T00:00:34Z
64238,Mosetho,und,"","",,Setawana,Botswanabugs,2021-04-22T01:50:43Z
430533,Motsiara,und,"","",,Setawana,Botswanabugs,2021-04-23T08:54:12Z
507049,Mhlabelo,und,"","",,Setawana,Botswanabugs,2021-04-23T09:31:09Z
596044,Mojakubu,und,"","",,Setawana,Botswanabugs,2021-06-30T04:11:31Z
589226,phiho,und,"","",,Setawana,Botswanabugs,2021-06-30T04:31:15Z
338719,kowa,und,"","",,Setawana,Botswanabugs,2021-07-01T17:24:28Z
338719,mokowa,und,"","",,Setawana,Botswanabugs,2021-07-01T17:25:38Z
595009,mogorogoro,und,"","",,Setawana,Botswanabugs,2021-07-03T15:13:35Z
169410,molelwana,und,"","",,Setawana,Botswanabugs,2021-07-03T15:25:12Z
594834,mogatlawatau,und,"","",,Setawana,Botswanabugs,2021-07-03T15:41:45Z
594834,tsikitsane,und,"","",,Setawana,Botswanabugs,2021-07-03T15:44:17Z
594658,tshipi di bogale,und,"","",,Setawana,Botswanabugs,2021-07-03T19:01:14Z
468761,motlhomaganyane,und,"","",,Setawana,Botswanabugs,2021-07-04T12:09:26Z
60312,mogatlawapeba,und,"","",,Setawana,Botswanabugs,2021-07-04T12:32:11Z
60312,mogatla wa peba,und,"","",,Setawana,Botswanabugs,2021-07-04T12:33:06Z
340143,malaaditlhapi,und,"","",,Setawana,Botswanabugs,2021-07-06T09:42:55Z
340143,malaaditoni,und,"","",,Setawana,Botswanabugs,2021-07-06T09:46:08Z
516181,Mokotsheomonamagadi,und,"","",,Setawana,Botswanabugs,2021-07-08T17:21:14Z
516181,Mokotshe omonamagadi,und,"","",,Setawana,Botswanabugs,2021-07-08T17:21:46Z
546792,mokgotshe omotonanyana,und,"","",,Setawana,Botswanabugs,2021-07-08T17:30:19Z
429245,morupaphiri,und,"","",,Setawana,Botswanabugs,2021-07-09T04:00:03Z
429245,mogwadiri,und,"","",,Setawana,Botswanabugs,2021-07-09T04:02:15Z
429245,motshwaratshukudu,und,"","",,Setawana,Botswanabugs,2021-07-09T04:04:11Z
429245,morepaphiri,und,"","",,Setawana,Botswanabugs,2021-07-09T04:05:44Z
546326,morupaphiri,und,"","",,Setawana,Botswanabugs,2021-07-09T04:11:10Z
546326,moripaphiri wa nokeng,und,"","",,Setawana,Botswanabugs,2021-07-09T04:12:31Z
546326,morepaphiri,und,"","",,Setawana,Botswanabugs,2021-07-09T04:13:56Z
340199,monghongho,und,"","",,Setawana,Botswanabugs,2021-07-09T04:29:16Z
56739,moono,und,"","",,Setawana,Botswanabugs,2021-07-09T04:32:11Z
340157,mojaphoti,und,"","",,Setawana,Botswanabugs,2021-07-10T04:26:18Z
340157,mokono,und,"","",,Setawana,Botswanabugs,2021-07-10T04:32:53Z
507031,tedutsabanna,und,"","",,Setawana,Khama III Memorial Museum in Serowe,2021-07-20T07:11:38Z
1038403,mogatololwana,und,"","",,Setawana,Khama III Memorial Museum in Serowe,2021-07-20T07:16:09Z
126980,masegomabe,und,"","",,Setawana,Khama III Memorial Museum in Serowe,2021-07-20T07:18:14Z
126980,masogomabe,und,"","",,Setawana,Khama III Memorial Museum in Serowe,2021-07-20T07:19:01Z
347252,lefswe,und,"","",,Setawana,Khama III Memorial Museum in Serowe,2021-07-20T07:36:22Z
166729,tsaro,und,"","",,Setawana,Khama III Memorial Museum in Serowe,2021-07-20T07:43:43Z
343087,lehuto,und,"","",,Setawana,Khama III Memorial Museum in Serowe,2021-07-20T07:46:43Z
569017,molahathse,und,"","",,Setawana,Khama III Memorial Museum in Serowe,2021-07-20T08:08:42Z
634052,mokodi,und,"","",,Setawana,Botswanabugs,2021-07-21T03:40:58Z
166195,phuka,und,"","",,Setawana,Botswanabugs,2021-07-21T03:49:04Z
181061,mogatololo,und,"","",,Setawana,Botswanabugs,2021-07-21T04:34:57Z
165755,tswii,und,"","",,Setawana,Botswanabugs,2021-07-25T10:25:05Z
165755,lebakgara,und,"","",,Setawana,Botswanabugs,2021-07-25T10:25:47Z
165755,mmabankgara,und,"","",,Setawana,Botswanabugs,2021-07-25T10:26:25Z
590672,tswii yaditoni,und,"","",,Setawana,Botswanabugs,2021-07-25T10:40:10Z
165503,mmampimpinyane,und,"","",,Setawana,Botswanabugs,2021-07-25T11:06:54Z
469316,Moopudu,und,"","",,Setawana,Botswanabugs,2021-07-25T12:22:40Z
469316,Moupudu,und,"","",,Setawana,Botswanabugs,2021-07-25T12:23:21Z
340159,mosesanante,und,"","",,Setawana,Botswanabugs,2021-07-25T12:26:11Z
340159,mosetsanantle,und,"","",,Setawana,Botswanabugs,2021-07-25T12:26:55Z
340159,mositanyante,und,"","",,Setawana,Botswanabugs,2021-07-25T12:27:38Z
340211,mopororo,und,"","",,Setawana,Botswanabugs,2021-07-27T06:18:05Z
588491,mokodi,und,"","",,Setawana,Botswanabugs,2021-07-30T10:38:42Z
588491,mokodi omonamagadi,und,"","",,Setawana,Botswanabugs,2021-07-30T10:39:42Z
588676,molebatsi,und,"","",,Setawana,Botswanabugs,2021-07-30T10:42:07Z
588678,kgobetsabadisana,und,"","",,Setawana,Botswanabugs,2021-07-30T10:46:49Z
588678,kgobe tsabadisana,und,"","",,Setawana,Botswanabugs,2021-07-30T10:47:38Z
81491,mpoporota,und,"","",,Setawana,Botswanabugs,2021-08-01T12:13:00Z
147388,moithimodiso,und,"","",,Setawana,Botswanabugs,2021-08-01T12:27:22Z
164228,motsweketsane,und,"","",,Setawana,Botswanabugs,2021-08-01T14:23:21Z
583418,ngharara,und,"","",,Setawana,Botswanabugs,2021-08-02T09:09:25Z
583617,mohamane,und,"","",,Setawana,Botswanabugs,2021-08-02T09:19:04Z
338775,tshetlho etomanyana,und,"","",,Setawana,Botswanabugs,2021-08-02T10:43:19Z
563521,morutsha,und,"","",,Setawana,Botswanabugs,2021-08-02T10:55:57Z
76593,tototwane,und,"","",,Setawana,Botswanabugs,2021-08-02T10:58:46Z
340136,kgobe tsabadisana,und,"","",,Setawana,Botswanabugs,2021-08-09T07:42:21Z
340136,segagama,und,"","",,Setawana,Botswanabugs,2021-08-09T07:43:21Z
582499,motsweketsane,und,"","",,Setawana,Botswanabugs,2021-08-12T08:35:34Z
340408,motsore,und,"","",,Setawana,Botswanabugs,2021-08-13T16:49:20Z
211071,motsweketsane,und,"","",,Setawana,Botswanabugs,2021-08-13T17:55:58Z
211071,motenyane,und,"","",,Setawana,Botswanabugs,2021-08-13T17:56:57Z
340295,mohota,und,"","",,Setawana,Botswanabugs,2021-08-13T19:36:10Z
582793,moarasepe,und,"","",,Setawana,Botswanabugs,2021-08-14T11:57:33Z
342742,moarasepe,und,"","",,Setawana,Botswanabugs,2021-08-14T11:58:57Z
76462,moithimodiso,und,"","",,Setawana,Botswanabugs,2021-08-14T12:03:43Z
340314,motsebe,und,"","",,Setawana,Botswanabugs,2021-08-14T12:13:11Z
1261160,motetene,und,"","",,Setawana,Botswanabugs,2021-08-16T02:56:31Z
464608,mmola,und,"","",,Setawana,Botswanabugs,2021-08-19T17:03:53Z
340162,mmolalakgaka,und,"","",,Setawana,Botswanabugs,2021-08-19T17:08:52Z
340162,morealakgaka,und,"","",,Setawana,Botswanabugs,2021-08-19T17:09:23Z
340225,motshwarakgano,und,"","",,Setawana,Botswanabugs,2021-08-19T17:11:00Z
582633,seroka,und,"","",,Setawana,Botswanabugs,2021-08-20T13:37:25Z
598601,motshe wabadimo,und,"","",,Setawana,Botswanabugs,2021-08-20T14:19:17Z
70059,motshwaratshukudu,und,"","",,Setawana,Botswanabugs,2021-08-25T23:31:01Z
337799,semboba,und,"","",,Setawana,Botswanabugs,2021-08-25T23:42:15Z
141177,sehokgwe,und,"","",,Setawana,Botswanabugs,2021-09-01T07:20:07Z
162913,molemowanonyane,und,"","",,Setawana,Botswanabugs,2021-09-10T15:50:17Z
546325,mopororo,und,"","",,Setawana,Botswanabugs,2021-09-10T15:53:19Z
585956,moUmo,und,Okavango Basin,"",,Setawana,Dewald du Plessis,2021-10-03T18:35:14Z
162973,moUmo,und,Okavango Basin,"",,Setawana,Dewald du Plessis,2021-10-03T18:36:29Z
489563,moShu,und,Maun area | Okavango Basin,"",,Setawana,Dewald du Plessis,2021-10-03T18:44:11Z
340408,moTswiri,und,Okavango Basin,"",,Setawana,Dewald du Plessis,2021-10-03T18:46:26Z
340214,moTutshumo,und,Okavango Basin,"",,Setawana,Dewald du Plessis,2021-10-03T18:50:02Z
595946,moGotlho,und,Okavango Basin,"",,Setawana,Dewald du Plessis,2021-10-03T18:53:49Z
81500,moWana,und,Okavango Basin,"",,Setawana,Dewald du Plessis,2021-10-03T19:04:44Z
81491,moPoroto,und,Okavango Basin,"",,Setawana,Dewald du Plessis,2021-10-03T19:50:31Z
611679,Tlhape,und,Okavango Basin,"",,Setawana,Dewald du Plessis,2021-10-04T16:40:59Z
451760,Thêpê,und,"Okavango Delta World Heritage Site, BW","",,Setawana,Dewald du Plessis,2021-10-27T15:41:40Z
583159,Bogoma,und,"Okavango Delta World Heritage Site, BW | Chobe","",,Setawana,Dewald du Plessis,2021-10-27T15:43:52Z
42341,serelbotlhoko,und,"","",,Setawana,Botswanabugs,2021-11-18T13:06:57Z
42095,letlhose,und,"","",,Setawana,Botswanabugs,2021-11-19T02:44:34Z
57560,mmutle,und,"","",,Setawana,Botswanabugs,2021-11-19T03:52:37Z
132863,letswee,und,"","",,Setawana,Botswanabugs,2021-12-05T09:47:49Z
132863,letsweng,und,"","",,Setawana,Botswanabugs,2021-12-05T09:48:54Z
41906,leswekete,und,"","",,Setawana,Botswanabugs,2021-12-05T10:07:08Z
437103,bokhukhwane,und,"","",,Setawana,Khama III Memorial Museum in Serowe,2022-01-12T05:23:09Z
406462,borethe,und,"","",,Setawana,Khama III Memorial Museum in Serowe,2022-01-12T05:29:17Z
1306005,sehiritshwane,und,"","",https://www.inaturalist.org/taxon_names/2899674/edit,Setawana,Bobby McCabe,2022-02-28T01:14:31Z
1363126,morethothomi,und,"","",,Setawana,Botswanabugs,2022-03-05T08:00:31Z
19350,Marubisi,und,"","",,Setawana,Botswanabugs,2022-07-06T04:06:44Z
698289,Moselamothaka,und,"","",,Setawana,Botswanabugs,2022-07-18T02:58:41Z
30488,kake yoofoufatseng,und,"","",,Setawana,Botswanabugs,2022-08-18T09:32:14Z
369393,kwena,und,"","",,Setawana,Botswanabugs,2022-11-16T03:28:37Z
72405,sebabatswane,und,"","",,Setawana,Botswanabugs,2022-11-16T03:43:14Z
595643,mosikiri,und,"","",,Setawana,Botswanabugs,2022-11-16T03:53:05Z
437103,tsita,und,"","",,Setawana,Botswanabugs,2022-11-16T04:09:48Z
369502,Simboba,und,"","",https://www.inaturalist.org/taxon_names/2702273/edit,Setawana,,2023-02-26T14:42:56Z
1473181,moTsintsila,und,"","",https://www.inaturalist.org/taxon_names/2002825/edit,Setawana,,2023-06-09T13:59:12Z
47927,kgokelo,und,"","",,Setawana,Botswanabugs,2023-06-18T04:25:14Z
1306005,thokwe,und,"","",https://www.inaturalist.org/taxon_names/2785938/edit,Setawana,Bobby McCabe,2023-07-04T00:45:02Z
1306005,thukwe,und,"","",https://www.inaturalist.org/taxon_names/2785939/edit,Setawana,Bobby McCabe,2023-07-04T00:45:02Z
1303579,dituni,und,Okavango Basin,"",,Setawana,Botswanabugs,2023-07-19T21:41:57Z
1303579,tuni,und,"","",,Setawana,Botswanabugs,2023-07-19T21:43:23Z
1303579,twene,und,"","",,Setawana,Botswanabugs,2023-07-19T21:44:34Z
1303579,ditwene,und,Okavango Basin,"",,Setawana,Botswanabugs,2023-07-19T21:45:37Z
70065,motopi,und,"","",,Setawana,Botswanabugs,2023-07-19T21:47:34Z
40268,mmamathwane,und,"","",,Setawana,Botswanabugs,2023-07-19T21:51:31Z
43694,tou,und,"","",,Setawana,Botswanabugs,2023-07-19T21:54:10Z
43693,ditou,und,Okavango Basin,"",,Setawana,Botswanabugs,2023-07-19T21:56:57Z
43692,ditou,und,Okavango Basin,"",,Setawana,Botswanabugs,2023-07-19T21:58:01Z
73222,lekukara,und,"","",,Setawana,Botswanabugs,2023-07-19T22:05:35Z
147000,lekwati,und,"","",,Setawana,Botswanabugs,2023-07-22T05:01:04Z
595946,mogotho,und,"","",,Setawana,Botswanabugs,2023-07-22T05:10:44Z
594568,Tholwatholwane,und,"","",https://www.inaturalist.org/taxon_names/3215443/edit,Setawana,,2023-11-11T12:21:02Z
169307,sipilo,und,Okavango Basin,"",,Setawana,Botswanabugs,2024-12-28T17:08:34Z
