id,vernacularName,language,locality,countryCode,source,lexicon,contributor,created
26686,Uo,und,"","",,Maya (Peninsular),Carlos Galindo-Leal,2013-02-11T00:35:42Z
65860,Múuch,und,"","",,Maya (Peninsular),Carlos Galindo-Leal,2013-05-07T23:57:27Z
165750,Nicté-Ha,und,"","",,Maya (Peninsular),Carlos Galindo-Leal,2013-05-13T03:20:33Z
43411,Ma´ax,und,"","",,Maya (Peninsular),Carlos Galindo-Leal,2013-05-16T07:55:39Z
42076,Ch’omak,und,"","",,Maya (Peninsular),Carlos Galindo-Leal,2013-05-16T07:55:40Z
41970,Balam,und,"","",,Maya (Peninsular),Carlos Galindo-Leal,2013-05-16T07:55:47Z
41663,"A’ka’bak, k´ulu´",und,"","",,Maya (Peninsular),Carlos Galindo-Leal,2013-05-16T07:56:37Z
209896,"Bohum, bohom, bakal ché",und,"","",,Maya (Peninsular),Carlos Galindo-Leal,2013-05-16T08:00:26Z
290491,"Xu´ul, balché-chi",und,"","",,Maya (Peninsular),Carlos Galindo-Leal,2013-05-16T08:00:27Z
201456,"Bek, beek",und,"","",,Maya (Peninsular),Carlos Galindo-Leal,2013-05-16T08:00:46Z
316762,Koopo´ Cobó,und,"","",,Maya (Peninsular),Carlos Galindo-Leal,2013-05-16T08:04:41Z
126925,"Chacal ha´as, Sak ya´",und,"","",,Maya (Peninsular),Carlos Galindo-Leal,2013-05-16T08:04:49Z
210071,Chac'ox,und,"","",,Maya (Peninsular),Carlos Galindo-Leal,2013-05-16T08:04:51Z
62859,"Chac-pichi, pichi, kolok",und,"","",,Maya (Peninsular),Carlos Galindo-Leal,2013-05-16T08:04:51Z
128652,"Chak lool, chak-tsits",und,"","",,Maya (Peninsular),Carlos Galindo-Leal,2013-05-16T08:04:56Z
154528,"Chi, che, xacpan, zxacpah",und,"","",,Maya (Peninsular),Carlos Galindo-Leal,2013-05-16T08:05:14Z
62811,"Ch'ich'-put, ch'iich",und,"","",,Maya (Peninsular),Carlos Galindo-Leal,2013-05-16T08:05:23Z
157408,"Chimtok, chintoc",und,"","",,Maya (Peninsular),Carlos Galindo-Leal,2013-05-16T08:05:35Z
285646,"Choben-che, xculinsis, pay huy, kulinché",und,"","",,Maya (Peninsular),Carlos Galindo-Leal,2013-05-16T08:05:41Z
290264,Chulúul,und,"","",,Maya (Peninsular),Carlos Galindo-Leal,2013-05-16T08:05:51Z
62833,"Culché, k´uche, k´uj che´",und,"","",,Maya (Peninsular),Carlos Galindo-Leal,2013-05-16T08:07:57Z
64340,"Xau, kakau, haa, balam te´ palaxte´",und,"","",,Maya (Peninsular),Carlos Galindo-Leal,2013-05-16T08:10:46Z
285491,Hol,und,"","",,Maya (Peninsular),Carlos Galindo-Leal,2013-05-16T08:15:07Z
162153,k'an pok'ool che',und,"","",,Maya (Peninsular),Carlos Galindo-Leal,2013-05-16T08:16:29Z
169442,"Kanak-ché, punab, punab che´",und,"","",,Maya (Peninsular),Carlos Galindo-Leal,2013-05-16T08:16:29Z
62850,"K'an chik' inche, k´aan ché",und,"","",,Maya (Peninsular),Carlos Galindo-Leal,2013-05-16T08:16:30Z
209898,"k'an-k'opte, k´aan che",und,"","",,Maya (Peninsular),Carlos Galindo-Leal,2013-05-16T08:16:30Z
210070,"K'anzan, k´anzaan, canxan",und,"","",,Maya (Peninsular),Carlos Galindo-Leal,2013-05-16T08:16:33Z
127284,"Kiiché, ni' che', nii-ché",und,"","",,Maya (Peninsular),Carlos Galindo-Leal,2013-05-16T08:16:36Z
285082,"Kiis, ciis, chak kiis",und,"","",,Maya (Peninsular),Carlos Galindo-Leal,2013-05-16T08:16:36Z
278630,kolok,und,"","",,Maya (Peninsular),Carlos Galindo-Leal,2013-05-16T08:16:39Z
277704,"K'olok-maax, yuuy",und,"","",,Maya (Peninsular),Carlos Galindo-Leal,2013-05-16T08:16:39Z
160878,"k'oopte'C, k'opté, kopté, kupte, sak k'oopte'C, sak-k'opte, zak-kopté",und,"","",,Maya (Peninsular),Carlos Galindo-Leal,2013-05-16T08:16:41Z
122835,"Ku-kut-ma-kal, makal",und,"","",,Maya (Peninsular),Victor HOYEAU,2013-05-16T08:16:43Z
209930,"Kumche, cho´ick puut, k´uumche´, cho´",und,"","",,Maya (Peninsular),Carlos Galindo-Leal,2013-05-16T08:16:44Z
201454,"K'uyche, Chak k´uyché, chucté, k´ux´ché",und,"","",,Maya (Peninsular),Carlos Galindo-Leal,2013-05-16T08:16:46Z
209905,Sac chacáh,und,"","",,Maya (Peninsular),Carlos Galindo-Leal,2013-05-16T08:18:21Z
209950,"Nabá, chucté",und,"","",,Maya (Peninsular),Carlos Galindo-Leal,2013-05-16T08:19:45Z
154828,"K'an oox, oox, oxotzin, sak oox",und,"","",,Maya (Peninsular),Carlos Galindo-Leal,2013-05-16T08:21:06Z
158336,"Pacay, ya´ba, yabo' yakba",und,"","",,Maya (Peninsular),Carlos Galindo-Leal,2013-05-16T08:21:09Z
62844,"Pah-ch'ukuk, pajch´ujuk",und,"","",,Maya (Peninsular),Carlos Galindo-Leal,2013-05-16T08:21:11Z
274295,"P'eles k'uch, Perexcutz",und,"","",,Maya (Peninsular),Carlos Galindo-Leal,2013-05-16T08:22:45Z
52440,"Pich, piich, piiche', pixoy",und,"","",,Maya (Peninsular),Carlos Galindo-Leal,2013-05-16T08:22:53Z
209925,"Pichi, chalum",und,"","",,Maya (Peninsular),Carlos Galindo-Leal,2013-05-16T08:22:53Z
209942,"Ka´ askat, chakats",und,"","",,Maya (Peninsular),Carlos Galindo-Leal,2013-05-16T08:23:21Z
209973,"Poom, pom, poomte´",und,"","",,Maya (Peninsular),Carlos Galindo-Leal,2013-05-16T08:23:28Z
84585,"Yaha´, saya",und,"","",,Maya (Peninsular),Carlos Galindo-Leal,2013-05-16T08:24:01Z
160811,"Sak nak ché, chu´ urumay",und,"","",,Maya (Peninsular),Carlos Galindo-Leal,2013-05-16T08:24:06Z
62854,"Sak-okom, sak oljom, tsak oljom",und,"","",,Maya (Peninsular),Carlos Galindo-Leal,2013-05-16T08:24:06Z
193076,"Soon chulul, chiin took´, soon",und,"","",,Maya (Peninsular),Carlos Galindo-Leal,2013-05-16T08:24:47Z
155626,"Suetsink-ché, beel siinik che, suetsink ché",und,"","",,Maya (Peninsular),Carlos Galindo-Leal,2013-05-16T08:24:51Z
60335,"Ta'ab che', tabché",und,"","",,Maya (Peninsular),Carlos Galindo-Leal,2013-05-16T08:24:57Z
275384,"Sak its, jobon k'ak'",und,"","",,Maya (Peninsular),Carlos Galindo-Leal,2013-05-16T08:26:02Z
206194,"Ts´ipil, tuuk",und,"","",,Maya (Peninsular),Carlos Galindo-Leal,2013-05-16T08:26:25Z
244459,"is tuk, mop, tuk, tuk'",und,"","",,Maya (Peninsular),Carlos Galindo-Leal,2013-05-16T08:26:29Z
56739,"Éek lu'um, k'ooch, ya'ax k'ooch",und,"","",,Maya (Peninsular),Carlos Galindo-Leal,2013-05-16T08:27:43Z
287095,"x-puk'usik'il, x pucu, sikil, tsininché",und,"","",,Maya (Peninsular),Carlos Galindo-Leal,2013-05-16T08:27:54Z
278265,Xta´tzi´,und,"","",,Maya (Peninsular),Carlos Galindo-Leal,2013-05-16T08:27:56Z
118508,"Xuul, xa habin, kan xuu, yax habin",und,"","",,Maya (Peninsular),Carlos Galindo-Leal,2013-05-16T08:28:00Z
165144,"Zaya, Sak yá",und,"","",,Maya (Peninsular),Carlos Galindo-Leal,2013-05-16T08:28:47Z
163448,"Tsi liil, Yaytil",und,"","",,Maya (Peninsular),Carlos Galindo-Leal,2013-09-02T22:46:20Z
135600,chak wa,und,"","",,Maya (Peninsular),Carlos Galindo-Leal,2013-09-24T01:54:58Z
281292,Balché,und,"","",,Maya (Peninsular),Carlos Galindo-Leal,2013-10-29T00:18:41Z
343829,"Silil, Uchul ché",und,"","",,Maya (Peninsular),Carlos Galindo-Leal,2014-03-02T14:14:08Z
2052,K´aambul,und,"","",,Maya (Peninsular),Carlos Galindo-Leal,2014-03-05T14:00:37Z
62809,"Yaxchè, ya´axche´, piim",und,"","",,Maya (Peninsular),Carlos Galindo-Leal,2014-10-07T21:43:22Z
39701,Pool kep,und,"","",,Maya (Peninsular),Carlos Galindo-Leal,2014-10-21T15:15:51Z
39710,Jolom kok,und,"","",,Maya (Peninsular),Carlos Galindo-Leal,2014-10-21T15:17:58Z
39748,Xkokak,und,"","",,Maya (Peninsular),Carlos Galindo-Leal,2014-10-21T15:19:00Z
39748,Kok ak,und,"","",,Maya (Peninsular),Carlos Galindo-Leal,2014-10-21T15:19:39Z
39748,Xtuk´is,und,"","",,Maya (Peninsular),Carlos Galindo-Leal,2014-10-21T15:19:36Z
39941,Chak pool,und,"","",,Maya (Peninsular),Carlos Galindo-Leal,2014-10-21T15:25:09Z
39814,Xkok ak,und,"","",,Maya (Peninsular),Carlos Galindo-Leal,2014-10-21T15:26:13Z
39782,Kaa nish,und,"","",,Maya (Peninsular),Carlos Galindo-Leal,2014-10-21T15:27:11Z
33118,Tolok,und,"","",,Maya (Peninsular),Carlos Galindo-Leal,2014-10-21T15:28:15Z
83516,Tolok,und,"","",,Maya (Peninsular),Carlos Galindo-Leal,2014-10-21T15:29:33Z
33116,Tolok,und,"","",,Maya (Peninsular),Carlos Galindo-Leal,2014-10-21T15:30:08Z
33129,Tolok,und,"","",,Maya (Peninsular),Carlos Galindo-Leal,2014-10-21T15:30:58Z
33125,Tolok,und,"","",,Maya (Peninsular),Carlos Galindo-Leal,2014-10-21T15:32:04Z
33384,Ix hunpekin,und,"","",,Maya (Peninsular),Carlos Galindo-Leal,2014-10-21T15:35:37Z
42223,"Keh, Kéej",und,"","",,Maya (Peninsular),francisco-javier-may-ek,2015-03-10T19:12:16Z
166921,Tsiiw che',und,"","",,Maya (Peninsular),Carlos Galindo-Leal,2015-08-13T04:50:54Z
290384,Bu'ul ch'o',und,"","",,Maya (Peninsular),Carlos Galindo-Leal,2016-01-14T04:44:36Z
317382,Xpú,und,"","",,Maya (Peninsular),Carlos Galindo-Leal,2016-06-30T03:32:42Z
286009,Toj yuub,und,"","",,Maya (Peninsular),Carlos Galindo-Leal,2016-07-14T18:19:15Z
278955,K'uben ba',und,"","",,Maya (Peninsular),Carlos Galindo-Leal,2016-11-17T19:02:29Z
47157,"Péepem, péepen",und,"","",,Maya (Peninsular),Jorge Rojas S.,2017-06-04T05:52:54Z
157908,mutzutzuy,und,"","",,Maya (Peninsular),Ulises Guzmán,2017-06-19T03:56:23Z
157908,num tsutsuy,und,"","",,Maya (Peninsular),Ulises Guzmán,2017-06-19T04:01:33Z
157908,nun tsutsuy,und,"","",,Maya (Peninsular),Ulises Guzmán,2017-06-19T04:03:12Z
157908,nuum tsutsuy,und,"","",,Maya (Peninsular),Ulises Guzmán,2017-06-19T04:04:53Z
157908,tsakam,und,"","",,Maya (Peninsular),Ulises Guzmán,2017-06-19T04:17:04Z
157908,xnun-tzutzui,und,"","",,Maya (Peninsular),Ulises Guzmán,2017-06-19T04:20:40Z
509025,Jut jut,und,"","",,Maya (Peninsular),max kirsch,2017-11-02T18:37:12Z
509025,Toh,und,"","",,Maya (Peninsular),max kirsch,2017-11-27T20:10:07Z
166920,"Ts'iuche, pili´il, sak chukum, suy che´",und,"Península de Yucatán, MX","",,Maya (Peninsular),victornc,2017-12-26T14:07:27Z
281724,k'an lool; k'an ja' abin,und,"Península de Yucatán, MX","",,Maya (Peninsular),victornc,2017-12-26T14:16:06Z
157851,le'miis,und,"Península de Yucatán, MX","",,Maya (Peninsular),victornc,2017-12-28T22:26:09Z
51898,Sak káatsim,und,"Península de Yucatán, MX","",,Maya (Peninsular),victornc,2018-01-01T23:52:25Z
282873,Sek'aax bóox,und,"Península de Yucatán, MX","",,Maya (Peninsular),victornc,2018-01-02T23:44:06Z
277828,Siliil,und,"Península de Yucatán, MX","",,Maya (Peninsular),victornc,2018-01-26T22:24:31Z
165599,"Koj kaan', xokoka´an",und,"","",,Maya (Peninsular),Carlos Galindo-Leal,2018-05-28T04:57:33Z
180366,Mu´ul kab,und,"","",,Maya (Peninsular),Carlos Galindo-Leal,2018-05-29T13:48:34Z
308558,Pic,und,"","",,Maya (Peninsular),Carlos Galindo-Leal,2018-06-26T19:20:51Z
768722,"Kantemoc, sak piche´",und,"","",,Maya (Peninsular),Carlos Galindo-Leal,2018-08-19T22:51:35Z
773029,K'oxolaak,und,"","",,Maya (Peninsular),Carlos Galindo-Leal,2018-08-22T17:28:11Z
809114,"Xaax, kaanbal, piich, kabal piich, subín",und,"","",,Maya (Peninsular),Carlos Galindo-Leal,2018-12-05T16:48:48Z
47144,Peek',und,"","",,Maya (Peninsular),John E. Christensen,2019-02-15T07:42:50Z
5562,Tz'unu'un,und,"","",,Maya (Peninsular),John E. Christensen,2019-02-15T07:46:26Z
281781,Chak sik´iix le',und,"","",,Maya (Peninsular),Carlos Galindo-Leal,2019-02-17T17:06:08Z
169878,"chak tsam, chak-ts'am",und,"","",,Maya (Peninsular),Carlos Galindo-Leal,2019-02-18T05:14:33Z
274452,Tsakam,und,"","",,Maya (Peninsular),Carlos Galindo-Leal,2019-02-20T04:42:47Z
112960,Pech,und,"","",,Maya (Peninsular),Gabriela Cuevas,2019-03-11T23:12:59Z
272584,Dzidzilché,und,"","",,Maya (Peninsular),Carlos Galindo-Leal,2019-05-07T15:06:27Z
349260,ch'i' may,und,"","",,Maya (Peninsular),victornc,2019-06-08T02:21:05Z
270954,"Xunan-kaab, Ko’olel Kaab",und,"","",,Maya (Peninsular),Richard Joyce,2019-07-03T00:01:13Z
909736,Anilkab,und,"","",,Maya (Peninsular),Carlos Galindo-Leal,2019-09-19T21:32:33Z
163771,Chinchinpool,und,"","",,Maya (Peninsular),Carlos Galindo-Leal,2019-11-03T19:03:28Z
327314,"Kahum-ki, cajum",und,"","",https://www.inaturalist.org/taxon_names/446605/edit,Maya (Peninsular),Carlos Galindo-Leal,2020-02-07T05:21:44Z
1065410,"Kitam che', kitim che´",und,"","",https://www.inaturalist.org/taxon_names/820104/edit,Maya (Peninsular),Carlos Galindo-Leal,2020-04-05T22:07:28Z
2168,Tooj,und,"Yucatán, MX","",,Maya (Peninsular),Juan Cruzado Cortés,2020-04-25T03:02:55Z
283973,Aak'its,und,"","",https://www.inaturalist.org/taxon_names/1654283/edit,Maya (Peninsular),,2020-09-01T04:59:30Z
47144,Peck',und,"","",,Maya (Peninsular),John E. Christensen,2020-09-26T15:18:32Z
1151167,Tsakam,und,"","",https://www.inaturalist.org/taxon_names/520698/edit,Maya (Peninsular),,2020-11-18T00:31:40Z
1160022,"Tamay, xtamay, tanay",und,"","",https://www.inaturalist.org/taxon_names/448948/edit,Maya (Peninsular),Carlos Galindo-Leal,2020-12-19T05:54:37Z
164213,ak'il-xiu,und,"","",https://www.inaturalist.org/taxon_names/441944/edit,Maya (Peninsular),Carlos Galindo-Leal,2021-03-27T02:54:57Z
1256782,uayum,und,"","",https://www.inaturalist.org/taxon_names/449452/edit,Maya (Peninsular),Carlos Galindo-Leal,2021-06-21T02:14:52Z
287852,"Bobch’lich, chum-loop",und,"","",https://www.inaturalist.org/taxon_names/443994/edit,Maya (Peninsular),Carlos Galindo-Leal,2021-07-30T22:45:02Z
278792,Abal ak,und,"","",,Maya (Peninsular),Carlos Galindo-Leal,2021-10-15T03:30:56Z
273670,Ts'iits'ilche',und,"","",,Maya (Peninsular),walocruz,2023-06-05T18:10:42Z
62809,Ya'axchè,und,Belize,BZ,,Maya (Peninsular),cello caruso-turiello,2023-06-29T04:45:47Z
48302,Mex,und,"Península de Yucatán, MX","",,Maya (Peninsular),Sebastián de Jesús Herrera Buenfil,2023-11-08T16:24:09Z
170221,Taj,und,"","",,Maya (Peninsular),Carlos Galindo-Leal,2024-01-15T16:54:08Z
157467,Chukum,und,"","",,Maya (Peninsular),Carlos Galindo-Leal,2024-01-29T19:06:58Z
160767,"Ch'iich' Boob, sak' boob",und,"","",,Maya (Peninsular),dum1,2024-04-05T15:12:43Z
346367,Thulunhuy,und,"","",,Maya (Peninsular),Carlos Galindo-Leal,2024-06-22T21:32:40Z
346367,Much´nikte,und,"","",,Maya (Peninsular),Carlos Galindo-Leal,2024-06-22T21:37:56Z
157467,Chucum,und,"","",,Maya (Peninsular),Carlos Galindo-Leal,2024-06-22T21:42:50Z
209947,"Chéechem, boxcheché, kabal-chechen",und,"","",,Maya (Peninsular),gabolopezcalderas,2024-10-03T16:03:26Z
168220,Kabalya'axnik,und,"","",,Maya (Peninsular),gabolopezcalderas,2024-10-03T16:16:54Z
286705,"zacmuul, sak mul, sak pool tees, xch'ala'at tsiimin, chakmo-ak', sakmuul",und,"","",,Maya (Peninsular),gabolopezcalderas,2024-10-03T16:21:38Z
62917,"tees, k'iix tees",und,"","",,Maya (Peninsular),gabolopezcalderas,2024-10-03T16:29:06Z
85098,"kan-abal, k'ank'an-abal, xkinin-hobó",und,"","",,Maya (Peninsular),gabolopezcalderas,2024-10-03T16:32:57Z
281548,"xa'an, xaán, julok'xa'an",und,"","",,Maya (Peninsular),gabolopezcalderas,2024-10-03T16:34:52Z
50203,"k'an tumbuub, k'an mul, matsa ch'ich bu'ul",und,"","",,Maya (Peninsular),gabolopezcalderas,2024-10-03T16:41:25Z
170046,"Sak tah, yaaax kaan ak, tabi, tabi´, tokábal",und,"","",,Maya (Peninsular),gabolopezcalderas,2024-10-03T16:43:16Z
170221,"Thahonal, tha, tajonal",und,"","",,Maya (Peninsular),gabolopezcalderas,2024-10-03T16:45:23Z
209270,"jokab, jok' ab mak'ulis",und,"","",,Maya (Peninsular),gabolopezcalderas,2024-10-03T16:48:03Z
62809,"pimm, yaxché",und,"","",,Maya (Peninsular),gabolopezcalderas,2024-10-03T16:51:08Z
283130,"Bakal bo', bakal che', sak boj",und,"","",,Maya (Peninsular),gabolopezcalderas,2024-10-03T16:53:54Z
209898,kóopté,und,"","",,Maya (Peninsular),gabolopezcalderas,2024-10-03T16:55:56Z
130734,"Chakàah, chakaj, huk´up",und,"","",,Maya (Peninsular),gabolopezcalderas,2024-10-03T16:58:46Z
867073,Pukté,und,"","",,Maya (Peninsular),gabolopezcalderas,2024-10-03T17:05:30Z
53478,paj ts'a,und,"","",,Maya (Peninsular),gabolopezcalderas,2024-10-03T17:09:11Z
164081,"ke'elil, choko kat",und,"","",,Maya (Peninsular),gabolopezcalderas,2024-10-03T17:14:59Z
277755,"tu' xikin, ke'elil, is aak'il",und,"","",,Maya (Peninsular),gabolopezcalderas,2024-10-03T17:19:45Z
1043454,xkaal p'uul,und,"","",,Maya (Peninsular),gabolopezcalderas,2024-10-03T17:24:54Z
59561,"Mejen ulu'um ja', ulu'um ja'",und,"","",,Maya (Peninsular),gabolopezcalderas,2024-10-03T17:27:57Z
62942,"Is aak'il, mo'ol t'u'ul",und,"","",,Maya (Peninsular),gabolopezcalderas,2024-10-03T17:32:08Z
936421,Tso' ots' aak',und,"","",,Maya (Peninsular),gabolopezcalderas,2024-10-03T19:22:04Z
993539,"x-kup ak, makan",und,"","",,Maya (Peninsular),gabolopezcalderas,2024-10-03T19:24:25Z
165857,Aak' k'oon tin k'iin,und,"","",,Maya (Peninsular),gabolopezcalderas,2024-10-03T19:26:20Z
273715,"chaay, chin chin chaay, ts'iim, ts'iim chaay",und,"","",,Maya (Peninsular),gabolopezcalderas,2024-10-03T19:29:59Z
291767,"peskuts, tancuy, ch'awche', chuts, copalchi, kokche', p'ele'es k'uuch, p'ere'es, pe'eskutz, xkokche'",und,"","",,Maya (Peninsular),gabolopezcalderas,2024-10-03T19:34:41Z
275432,"Éek baalam, iik aban, mejen niich'",und,"","",,Maya (Peninsular),gabolopezcalderas,2024-10-03T19:37:08Z
164238,"pomolche, sikilte, x-kakalché",und,"","",,Maya (Peninsular),gabolopezcalderas,2024-10-03T19:39:00Z
63705,xiw,und,"","",,Maya (Peninsular),gabolopezcalderas,2024-10-03T19:41:08Z
60832,xka chakte' koox,und,"","",,Maya (Peninsular),gabolopezcalderas,2024-10-03T19:42:48Z
280543,chak ts'ulub tòok',und,"","",,Maya (Peninsular),gabolopezcalderas,2024-10-03T19:47:10Z
1065410,"Kitim ché, kitim che', kitam che'",und,"","",,Maya (Peninsular),gabolopezcalderas,2024-10-03T19:49:04Z
163327,"xab-yaab, sakyab, k´uchunuk",und,"","",,Maya (Peninsular),gabolopezcalderas,2024-10-03T19:52:02Z
163502,"éek, tooso boon che', Bu´ulch´ich",und,"","",,Maya (Peninsular),gabolopezcalderas,2024-10-03T19:54:42Z
47447,"Waaxim, Guachim",und,"","",,Maya (Peninsular),gabolopezcalderas,2024-10-03T19:57:09Z
51921,"xmùuuts', múuts'il xiiw",und,"","",,Maya (Peninsular),gabolopezcalderas,2024-10-10T15:46:17Z
131579,"Ha'bin, ja'abin",und,"","",,Maya (Peninsular),gabolopezcalderas,2024-10-10T15:48:09Z
898803,"Box kaatsim, box kassim, box catzin, catzim, kaatsim, katsim, ya'ax kassim, yaxcatzim",und,"","",,Maya (Peninsular),gabolopezcalderas,2024-10-10T15:49:41Z
141634,jaras xiiw,und,"","",,Maya (Peninsular),gabolopezcalderas,2024-10-10T15:51:37Z
83257,xkakaltuum,und,"","",,Maya (Peninsular),gabolopezcalderas,2024-10-10T15:53:18Z
157851,"Sak xiiw, le'miis, sak miis",und,"","",,Maya (Peninsular),gabolopezcalderas,2024-10-10T15:54:47Z
77299,taman ch'up,und,"","",,Maya (Peninsular),gabolopezcalderas,2024-10-10T15:56:57Z
154538,"kabal pixoy, poxoy",und,"","",,Maya (Peninsular),gabolopezcalderas,2024-10-10T15:58:50Z
53720,k'aan kab,und,"","",,Maya (Peninsular),gabolopezcalderas,2024-10-10T16:01:46Z
122811,"U´cum, U´cun, U´ucum, boox pool, nukuch pool",und,"","",,Maya (Peninsular),gabolopezcalderas,2024-10-10T17:32:48Z
51448,"Poch, túubok, poch'aak', poch'iil",und,"","",,Maya (Peninsular),gabolopezcalderas,2024-10-10T17:34:25Z
48380,"chak lool, makal",und,"","",,Maya (Peninsular),gabolopezcalderas,2024-10-10T17:36:51Z
273670,"Ts'íits'ilché, dzidzilché, sak ts'iits'il che'",und,"","",,Maya (Peninsular),gabolopezcalderas,2024-10-10T17:39:00Z
285960,Sak iitsa',und,"","",,Maya (Peninsular),gabolopezcalderas,2024-10-10T17:41:34Z
286029,"Puut´s mucuy, sak baach",und,"","",,Maya (Peninsular),gabolopezcalderas,2024-10-10T17:43:09Z
316812,"cruz k'iich, kat kaáax, kátoch, pay oochil, peech kitam",und,"","",,Maya (Peninsular),gabolopezcalderas,2024-10-10T17:44:53Z
278607,"chéen aak', pukin aak'",und,"","",,Maya (Peninsular),gabolopezcalderas,2024-10-10T17:46:39Z
286355,"k'an chunúup, k´aan chunuup",und,"","",,Maya (Peninsular),gabolopezcalderas,2024-10-10T17:48:31Z
209904,chi keeh,und,"","",,Maya (Peninsular),gabolopezcalderas,2024-10-10T17:50:52Z
209852,joolol,und,"","",,Maya (Peninsular),gabolopezcalderas,2024-10-15T17:13:07Z
169902,"Sak pixòoy, pixoy k'aax",und,"","",,Maya (Peninsular),gabolopezcalderas,2024-10-15T17:14:47Z
50333,xiiw; mo'ol peek,und,"","",,Maya (Peninsular),gabolopezcalderas,2024-10-15T17:17:22Z
51896,"ts'a yun t'say, pak'unpak'",und,"","",,Maya (Peninsular),gabolopezcalderas,2024-10-15T17:19:39Z
210075,"Ya'axnik, xaax nik",und,"","",,Maya (Peninsular),gabolopezcalderas,2024-10-15T17:22:10Z
122965,"Chim, Boob",und,"","",,Maya (Peninsular),Carlos Galindo-Leal,2024-10-15T22:31:27Z
122985,Chi´ikam,und,"","",,Maya (Peninsular),Carlos Galindo-Leal,2024-10-15T22:32:50Z
324492,K’eek’en,und,"","",,Maya (Peninsular),Carlos Galindo-Leal,2024-10-16T20:31:32Z
285680,Akúun,und,"","",,Maya (Peninsular),Carlos Galindo-Leal,2024-10-17T20:30:15Z
332638,Sak ya´ab,und,"","",,Maya (Peninsular),Carlos Galindo-Leal,2024-10-17T20:33:20Z
287569,Chak sik'iin,und,"","",,Maya (Peninsular),Carlos Galindo-Leal,2024-10-18T14:48:29Z
275137,Ch'iin took',und,"","",,Maya (Peninsular),Carlos Galindo-Leal,2024-10-18T17:56:06Z
210961,Nej ku'uk,und,"","",,Maya (Peninsular),Carlos Galindo-Leal,2024-10-20T21:10:59Z
169735,"bayal, ch' iit, ch' iit xa' an, chi'it, chit",und,"","",,Maya (Peninsular),Carlos Galindo-Leal,2024-10-20T21:18:41Z
167506,"kuka', ya'ax jalalche'",und,"","",,Maya (Peninsular),Carlos Galindo-Leal,2024-10-20T21:20:02Z
160385,Xiat,und,"","",,Maya (Peninsular),Carlos Galindo-Leal,2024-10-20T21:23:24Z
206176,Náaj k'aax,und,"","",,Maya (Peninsular),Carlos Galindo-Leal,2024-10-20T21:24:38Z
168257,Bon xa'an,und,"","",,Maya (Peninsular),Carlos Galindo-Leal,2024-10-20T21:26:04Z
155598,Taxiste,und,"","",,Maya (Peninsular),Carlos Galindo-Leal,2024-10-20T21:27:21Z
209207,Chun-kuy,und,"","",,Maya (Peninsular),Carlos Galindo-Leal,2024-10-20T21:29:40Z
206302,K'uum,und,"","",,Maya (Peninsular),Carlos Galindo-Leal,2024-10-20T21:32:13Z
4257,Meco,und,"","",,Maya (Peninsular),Carlos Galindo-Leal,2024-10-20T22:12:39Z
126305,"chak took', k'anal che', k'anan",und,"","",,Maya (Peninsular),Carlos Galindo-Leal,2024-10-20T22:14:50Z
123438,"Chak-nikté, chak-sabak-nikté",und,"","",,Maya (Peninsular),Carlos Galindo-Leal,2024-10-20T22:27:15Z
62853,"Ta'ab che', tabché",und,"","",,Maya (Peninsular),Carlos Galindo-Leal,2024-10-20T22:39:10Z
161121,"Huas, huaz",und,"","",,Maya (Peninsular),Carlos Galindo-Leal,2024-10-20T22:44:24Z
47075,Huech,und,"","",,Maya (Peninsular),Carlos Galindo-Leal,2024-10-21T01:53:32Z
46003,"Ku’uk, p’eex",und,"","",,Maya (Peninsular),Carlos Galindo-Leal,2024-10-21T01:55:36Z
881372,Ba,und,"","",,Maya (Peninsular),Carlos Galindo-Leal,2024-10-21T01:56:17Z
197791,K´i´x och,und,"","",,Maya (Peninsular),Carlos Galindo-Leal,2024-10-21T01:57:22Z
43712,Tsub,und,"","",,Maya (Peninsular),Carlos Galindo-Leal,2024-10-21T02:00:22Z
197781,Kaaco,und,"","",,Maya (Peninsular),Carlos Galindo-Leal,2024-10-21T02:01:18Z
43111,T' uul,und,"","",,Maya (Peninsular),Carlos Galindo-Leal,2024-10-21T02:03:32Z
42113,Kitam,und,"","",,Maya (Peninsular),Carlos Galindo-Leal,2024-10-21T02:07:53Z
1368485,Yuko,und,"","",,Maya (Peninsular),Carlos Galindo-Leal,2024-10-21T02:12:29Z
30696,Ts´ab k´an,und,"","",,Maya (Peninsular),Carlos Galindo-Leal,2024-10-21T02:13:48Z
26074,"Áain, áayin.",und,"","",,Maya (Peninsular),Carlos Galindo-Leal,2024-10-21T02:14:50Z
39721,Cok ak,und,"","",,Maya (Peninsular),Carlos Galindo-Leal,2024-10-21T02:15:53Z
47219,Kab,und,"","",,Maya (Peninsular),Carlos Galindo-Leal,2024-10-21T02:17:23Z
35303,Juuh,und,"","",,Maya (Peninsular),Carlos Galindo-Leal,2024-10-21T02:18:45Z
913,Kútz,und,"","",,Maya (Peninsular),Carlos Galindo-Leal,2024-10-21T02:20:15Z
3460,"Sac pakal, tsuutsuy",und,"","",,Maya (Peninsular),Carlos Galindo-Leal,2024-10-21T02:21:41Z
42649,"Bok´ol ooch, holil ooch",und,"","",,Maya (Peninsular),Carlos Galindo-Leal,2024-10-21T02:35:23Z
47105,Chab,und,"","",,Maya (Peninsular),Carlos Galindo-Leal,2024-10-21T02:37:30Z
4763,Chak pol ch´oom,und,"","",,Maya (Peninsular),Carlos Galindo-Leal,2024-10-21T02:38:37Z
41673,"Ch´eel, Chi´ik",und,"","",,Maya (Peninsular),Carlos Galindo-Leal,2024-10-21T02:40:09Z
43355,Tzimín,und,"","",,Maya (Peninsular),Carlos Galindo-Leal,2024-10-21T14:40:33Z
41997,Sak xikin,und,"","",,Maya (Peninsular),Carlos Galindo-Leal,2024-10-21T14:43:08Z
42007,Koh,und,"","",,Maya (Peninsular),Carlos Galindo-Leal,2024-10-21T14:44:18Z
118552,Miis,und,"","",,Maya (Peninsular),Carlos Galindo-Leal,2024-10-21T14:45:37Z
9607,"K’a’aw, K’awis",und,"","",,Maya (Peninsular),Carlos Galindo-Leal,2024-10-21T14:49:32Z
14884,"Sak chiik,  Sak chíim, Chika, Chi ka",und,"","",,Maya (Peninsular),Carlos Galindo-Leal,2024-10-21T14:51:06Z
8470,Ch´eel,und,"","",,Maya (Peninsular),Carlos Galindo-Leal,2024-10-21T14:52:16Z
4765,Booxpool ch´oom,und,"","",,Maya (Peninsular),Carlos Galindo-Leal,2024-10-21T14:54:06Z
2090,Baach,und,"","",,Maya (Peninsular),Carlos Galindo-Leal,2024-10-21T14:56:54Z
48865,Tuk´,und,"","",,Maya (Peninsular),Carlos Galindo-Leal,2024-10-21T15:01:44Z
4328,P´ont´o,und,"","",,Maya (Peninsular),Carlos Galindo-Leal,2024-10-21T15:02:44Z
33118,Xtolok,und,"","",,Maya (Peninsular),Carlos Galindo-Leal,2024-10-21T15:03:49Z
116999,Coot,und,"","",,Maya (Peninsular),Carlos Galindo-Leal,2024-10-21T15:04:39Z
43439,Ba´ats,und,"","",,Maya (Peninsular),Carlos Galindo-Leal,2024-10-21T15:05:23Z
18796,"Pan ch´eel, koojch´eel",und,"","",,Maya (Peninsular),Carlos Galindo-Leal,2024-10-21T15:08:21Z
74555,Yuc,und,"","",,Maya (Peninsular),Carlos Galindo-Leal,2024-10-21T15:09:56Z
18185,K’an chunkoj ch’ejum,und,"","",,Maya (Peninsular),Carlos Galindo-Leal,2024-10-21T16:47:44Z
1972,"Ch´iikbu, Ch´ik bul",und,"","",,Maya (Peninsular),Carlos Galindo-Leal,2024-10-21T16:49:30Z
4756,Ch´oom,und,"","",,Maya (Peninsular),Carlos Galindo-Leal,2024-10-21T16:50:46Z
513888,"Tutupana, T’un’um",und,"","",,Maya (Peninsular),Carlos Galindo-Leal,2024-10-21T16:53:39Z
1758,"Kipch´ooj, K´ipch´ooj",und,"","",,Maya (Peninsular),Carlos Galindo-Leal,2024-10-21T16:54:26Z
17858,Kolomte´,und,"","",,Maya (Peninsular),Carlos Galindo-Leal,2024-10-21T16:55:27Z
3580,"Mukuy kaak, Chakmukuy",und,"","",,Maya (Peninsular),Carlos Galindo-Leal,2024-10-21T16:57:33Z
8834,P´e´elan k´ewel,und,"","",,Maya (Peninsular),Carlos Galindo-Leal,2024-10-21T16:59:34Z
18584,Panch´eel,und,"","",,Maya (Peninsular),Carlos Galindo-Leal,2024-10-21T17:00:24Z
10001,"Piich, Pich",und,"","",,Maya (Peninsular),Carlos Galindo-Leal,2024-10-21T17:01:29Z
3117,Úukum,und,"","",,Maya (Peninsular),Carlos Galindo-Leal,2024-10-21T17:04:30Z
367556,"X k´iili´, X k´iiri´, K’ili’, K’ali’",und,"","",,Maya (Peninsular),Carlos Galindo-Leal,2024-10-21T17:05:40Z
18977,"X t´uut´, t´uut´",und,"","",,Maya (Peninsular),Carlos Galindo-Leal,2024-10-21T17:09:26Z
16842,"X´takay, Chan xtakay",und,"","",,Maya (Peninsular),Carlos Galindo-Leal,2024-10-21T17:10:11Z
9339,Nojoch Yúuyum,und,"","",,Maya (Peninsular),Carlos Galindo-Leal,2024-10-21T17:11:21Z
154826,X mak ulam,und,"","",,Maya (Peninsular),Carlos Galindo-Leal,2024-10-23T03:46:50Z
166205,Poch k´aak´,und,"","",,Maya (Peninsular),Carlos Galindo-Leal,2024-10-23T15:31:05Z
61369,"Kol, kol mo'ol, yakunaj aak',",und,"","",,Maya (Peninsular),Carlos Galindo-Leal,2024-10-23T15:32:42Z
1095846,"Kan mul, matsab ch'ik bu'ul",und,"","",,Maya (Peninsular),Carlos Galindo-Leal,2024-10-23T15:33:53Z
290009,Ts' ulub took',und,"","",,Maya (Peninsular),Carlos Galindo-Leal,2024-10-23T15:36:43Z
169944,Ta'ulu'um,und,"","",,Maya (Peninsular),Carlos Galindo-Leal,2024-10-23T15:38:03Z
284772,"K'ooch k'aax, sak k'ooch,",und,"","",,Maya (Peninsular),Carlos Galindo-Leal,2024-10-23T15:39:20Z
3017,Úukum,und,"","",,Maya (Peninsular),Carlos Galindo-Leal,2024-10-23T16:02:45Z
2969,Léechkal Úukum,und,"","",,Maya (Peninsular),Carlos Galindo-Leal,2024-10-23T16:04:34Z
3280,Tsuutsuy,und,"","",,Maya (Peninsular),Carlos Galindo-Leal,2024-10-23T16:06:36Z
1965,Sak tsen xéej nook´ol,und,"","",,Maya (Peninsular),Carlos Galindo-Leal,2024-10-23T16:09:53Z
6557,"Kusam, Kosom, Polok kosom",und,"","",,Maya (Peninsular),Carlos Galindo-Leal,2024-10-23T16:12:27Z
6432,"Ts´unu´um, Chajkaal ts´únu´um",und,"","",,Maya (Peninsular),Carlos Galindo-Leal,2024-10-23T16:14:14Z
5758,"Ts’unu’um, Ts’unu’um k’áak’",und,"","",,Maya (Peninsular),Carlos Galindo-Leal,2024-10-23T16:15:16Z
5020,Chuja,und,"","",,Maya (Peninsular),Carlos Galindo-Leal,2024-10-23T16:15:59Z
201041,Chu´uuy,und,"","",,Maya (Peninsular),Carlos Galindo-Leal,2024-10-23T16:17:47Z
199913,"Sak ch’uuy, Yoksaats’",und,"","",,Maya (Peninsular),Carlos Galindo-Leal,2024-10-23T16:18:41Z
19822,"Xnuuk, T’óojka’axnuuk",und,"","",,Maya (Peninsular),Carlos Galindo-Leal,2024-10-23T16:19:23Z
20737,"K’uxtin, Úulum kaax",und,"","",,Maya (Peninsular),Carlos Galindo-Leal,2024-10-23T16:20:13Z
18167,"Ch’ojot, Ch’ejum",und,"","",,Maya (Peninsular),Carlos Galindo-Leal,2024-10-23T16:22:51Z
18995,"Sak pool xt’uut, T’uut’",und,"","",,Maya (Peninsular),Carlos Galindo-Leal,2024-10-23T16:24:18Z
8671,"Sapatan, Chajkal sapatan",und,"","",,Maya (Peninsular),Carlos Galindo-Leal,2024-10-23T16:24:55Z
15990,Yaaj,und,"","",,Maya (Peninsular),Carlos Galindo-Leal,2024-10-23T16:25:54Z
16016,"Yaaj, Wiro",und,"","",,Maya (Peninsular),Carlos Galindo-Leal,2024-10-23T16:26:28Z
16956,"X´takay, Tuuskepech",und,"","",,Maya (Peninsular),Carlos Galindo-Leal,2024-10-23T16:27:14Z
16737,"X´takay, Polok koj xtakay",und,"","",,Maya (Peninsular),Carlos Galindo-Leal,2024-10-23T16:28:06Z
16787,X´takay,und,"","",,Maya (Peninsular),Carlos Galindo-Leal,2024-10-23T16:30:05Z
16770,X´takay,und,"","",,Maya (Peninsular),Carlos Galindo-Leal,2024-10-23T16:32:04Z
16782,"Sak x’takay , Sak p’ikneej xtakay",und,"","",,Maya (Peninsular),Carlos Galindo-Leal,2024-10-23T16:38:12Z
16100,Wi’ij,und,"","",,Maya (Peninsular),Carlos Galindo-Leal,2024-10-23T16:39:28Z
16113,"Yaaj, Piim wi’ij",und,"","",,Maya (Peninsular),Carlos Galindo-Leal,2024-10-23T16:40:52Z
16602,"Yaaj, P’it yaaj",und,"","",,Maya (Peninsular),Carlos Galindo-Leal,2024-10-23T16:42:07Z
17421,Ch’uyim,und,"","",,Maya (Peninsular),Carlos Galindo-Leal,2024-10-23T16:43:33Z
17408,"K’ab oox, Sak ich ch’uyim",und,"","",,Maya (Peninsular),Carlos Galindo-Leal,2024-10-23T16:44:12Z
17374,K’an ch’uyim,und,"","",,Maya (Peninsular),Carlos Galindo-Leal,2024-10-23T16:44:58Z
17365,Kan kaal ch’uyim,und,"","",,Maya (Peninsular),Carlos Galindo-Leal,2024-10-23T16:45:48Z
891704,Chak ich ch’uyim,und,"","",,Maya (Peninsular),Carlos Galindo-Leal,2024-10-23T16:46:18Z
8474,Ses ib,und,"","",,Maya (Peninsular),Carlos Galindo-Leal,2024-10-23T16:49:44Z
11970,"Kusam, Kosom",und,"","",,Maya (Peninsular),Carlos Galindo-Leal,2024-10-23T16:50:46Z
520887,"Kusam, Kosom",und,"","",,Maya (Peninsular),Carlos Galindo-Leal,2024-10-23T16:57:18Z
11901,Kusam,und,"","",,Maya (Peninsular),Carlos Galindo-Leal,2024-10-23T16:58:30Z
7493,Ta’an sit’nal,und,"","",,Maya (Peninsular),Carlos Galindo-Leal,2024-10-23T17:00:26Z
14995,"Ch’iich’ miis, Box ch´el",und,"","",,Maya (Peninsular),Carlos Galindo-Leal,2024-10-23T17:05:34Z
12878,Sak wóol ich k’ool,und,"","",,Maya (Peninsular),Carlos Galindo-Leal,2024-10-23T17:08:40Z
13270,P’íich nak’ k’ool,und,"","",,Maya (Peninsular),Carlos Galindo-Leal,2024-10-23T17:09:39Z
12720,"X´kook, X’kok, K’ool",und,"","",,Maya (Peninsular),Carlos Galindo-Leal,2024-10-23T17:10:33Z
145308,"Chinchinbakal, Chichin bakal,",und,"","",,Maya (Peninsular),Carlos Galindo-Leal,2024-10-23T17:11:45Z
9325,"Yuuya, Yúuyum, K’áak’ yúuyum",und,"","",,Maya (Peninsular),Carlos Galindo-Leal,2024-10-23T17:13:13Z
9319,"Yuuya, Yúuyum, Chan yúuyum",und,"","",,Maya (Peninsular),Carlos Galindo-Leal,2024-10-23T17:15:23Z
9332,Chajk’an paach yúuyum,und,"","",,Maya (Peninsular),Carlos Galindo-Leal,2024-10-23T17:16:17Z
9346,"Yuuya, Yúuyum,",und,"","",,Maya (Peninsular),Carlos Galindo-Leal,2024-10-23T17:18:22Z
10369,"Dsiuw, Dziu",und,"","",,Maya (Peninsular),Carlos Galindo-Leal,2024-10-23T17:19:26Z
62550,P’ot chuchuy nee,und,"","",,Maya (Peninsular),Carlos Galindo-Leal,2024-10-23T17:22:47Z
73149,Wayawa’ay chuchuy neej,und,"","",,Maya (Peninsular),Carlos Galindo-Leal,2024-10-23T17:24:56Z
10286,"T’unt’un che’, Boox yetel sak",und,"","",,Maya (Peninsular),Carlos Galindo-Leal,2024-10-23T17:25:59Z
10729,Chajk’an t’unt’unche´,und,"","",,Maya (Peninsular),Carlos Galindo-Leal,2024-10-23T17:27:03Z
979756,Xik’nal t’unt’unche’,und,"","",,Maya (Peninsular),Carlos Galindo-Leal,2024-10-23T17:28:07Z
145225,Box xikin t’unt’unche’,und,"","",,Maya (Peninsular),Carlos Galindo-Leal,2024-10-23T17:28:56Z
145229,K’an Ich t’unt’unche’,und,"","",,Maya (Peninsular),Carlos Galindo-Leal,2024-10-23T17:33:22Z
10247,K’áak’ t’unt’unche’,und,"","",,Maya (Peninsular),Carlos Galindo-Leal,2024-10-23T17:34:22Z
145233,K’i’ik’ ts’éem t’unt’unche’,und,"","",,Maya (Peninsular),Carlos Galindo-Leal,2024-10-23T17:35:12Z
145235,Páay ooch t’unt’unche’,und,"","",,Maya (Peninsular),Carlos Galindo-Leal,2024-10-23T17:36:13Z
145237,Lu’um ch’ala’at t’unt’unche’,und,"","",,Maya (Peninsular),Carlos Galindo-Leal,2024-10-23T17:37:02Z
145238,K’an t’unt’unche’,und,"","",,Maya (Peninsular),Carlos Galindo-Leal,2024-10-23T17:37:59Z
145239,K’anp’óok t’unt’unche’,und,"","",,Maya (Peninsular),Carlos Galindo-Leal,2024-10-23T17:41:19Z
145246,K’ankaal t’unt’unche’,und,"","",,Maya (Peninsular),Carlos Galindo-Leal,2024-10-23T17:42:59Z
145258,Yaxun paach t’unt’unche,und,"","",,Maya (Peninsular),Carlos Galindo-Leal,2024-10-23T17:43:59Z
9918,chak yáankal xjeeret’,und,"","",,Maya (Peninsular),Carlos Galindo-Leal,2024-10-23T17:44:57Z
9915,Chak xjeeret’,und,"","",,Maya (Peninsular),Carlos Galindo-Leal,2024-10-23T17:45:47Z
9921,Box xiik’ xjeeret,und,"","",,Maya (Peninsular),Carlos Galindo-Leal,2024-10-23T17:46:31Z
10271,"Chak tseem, chac tzem",und,"","",,Maya (Peninsular),Carlos Galindo-Leal,2024-10-23T17:47:17Z
73155,Piim kooj yi’ijil,und,"","",,Maya (Peninsular),Carlos Galindo-Leal,2024-10-23T17:48:16Z
10227,Ch’oj yi’ijil,und,"","",,Maya (Peninsular),Carlos Galindo-Leal,2024-10-23T17:49:15Z
10295,Ta’anil jaanal ich che’il,und,"","",,Maya (Peninsular),Carlos Galindo-Leal,2024-10-23T17:59:23Z
1286901,Ta’anil ts’áapiim,und,"","",,Maya (Peninsular),Carlos Galindo-Leal,2024-10-23T18:01:14Z
7120,Bo’ox patux,und,"","",,Maya (Peninsular),Carlos Galindo-Leal,2024-10-23T18:02:38Z
19587,"Pu’ ujuy, Chan pujuy",und,"","",,Maya (Peninsular),Carlos Galindo-Leal,2024-10-23T18:05:05Z
5798,Boxkaal ts’unu’um,und,"","",,Maya (Peninsular),Carlos Galindo-Leal,2024-10-23T18:05:49Z
1289675,Ya’ax ts’unu’um,und,"","",,Maya (Peninsular),Carlos Galindo-Leal,2024-10-23T18:23:12Z
4940,"Ka’an ook, Sak bok",und,"","",,Maya (Peninsular),Carlos Galindo-Leal,2024-10-23T18:28:12Z
4937,Bok,und,"","",,Maya (Peninsular),Carlos Galindo-Leal,2024-10-23T18:28:46Z
201043,Sak tsen chu’uy,und,"","",,Maya (Peninsular),Carlos Galindo-Leal,2024-10-23T18:29:21Z
20445,"Xooch, Xoch’",und,"","",,Maya (Peninsular),Carlos Galindo-Leal,2024-10-23T18:30:17Z
18463,Sak xiik’ ch’ejum,und,"","",,Maya (Peninsular),Carlos Galindo-Leal,2024-10-23T18:33:15Z
8823,Boxpool p’e’elan k’ewel,und,"","",,Maya (Peninsular),Carlos Galindo-Leal,2024-10-23T18:33:53Z
16028,Yaaj,und,"","",,Maya (Peninsular),Carlos Galindo-Leal,2024-10-23T18:34:43Z
16071,Chaknej xtakay,und,"","",,Maya (Peninsular),Carlos Galindo-Leal,2024-10-23T18:39:08Z
17367,Samya’ax ch’uyim,und,"","",,Maya (Peninsular),Carlos Galindo-Leal,2024-10-23T18:40:05Z
11855,"Kusam, Kosom",und,"","",,Maya (Peninsular),Carlos Galindo-Leal,2024-10-23T18:40:38Z
7562,"Xyáankotil, Yan cotí, Yáankotil",und,"","",,Maya (Peninsular),Carlos Galindo-Leal,2024-10-23T18:41:29Z
144864,Waya’an yáankotil,und,"","",,Maya (Peninsular),Carlos Galindo-Leal,2024-10-23T18:42:08Z
12901,K’áak’ k’ool,und,"","",,Maya (Peninsular),Carlos Galindo-Leal,2024-10-23T18:45:31Z
12883,Táan ich k’ool,und,"","",,Maya (Peninsular),Carlos Galindo-Leal,2024-10-23T18:49:28Z
9291,Boxkaal chichimbakal,und,"","",,Maya (Peninsular),Carlos Galindo-Leal,2024-10-23T18:55:03Z
145245,K’an neejil t’unt’unche’,und,"","",,Maya (Peninsular),Carlos Galindo-Leal,2024-10-23T18:56:52Z
10224,Chéel yi’ijil,und,"","",,Maya (Peninsular),Carlos Galindo-Leal,2024-10-23T18:58:13Z
10288,"Ts’íiw, Wixo",und,"","",,Maya (Peninsular),Carlos Galindo-Leal,2024-10-23T18:58:51Z
827413,Léechkaal siilil,und,"","",,Maya (Peninsular),Carlos Galindo-Leal,2024-10-23T19:00:14Z
32093,Och kaan,und,"","",,Maya (Peninsular),Carlos Galindo-Leal,2024-10-24T17:40:33Z
283328,Ak-te,und,"","",,Maya (Peninsular),Carlos Galindo-Leal,2024-10-26T18:34:32Z
277083,Xa´an,und,"","",,Maya (Peninsular),Carlos Galindo-Leal,2024-10-26T18:39:34Z
135809,Huhub,und,"","",,Maya (Peninsular),Carlos Galindo-Leal,2024-10-26T18:41:08Z
209856,Kanak,und,"","",,Maya (Peninsular),Carlos Galindo-Leal,2024-10-26T18:46:20Z
183375,Zxitsmuk,und,"","",,Maya (Peninsular),Carlos Galindo-Leal,2024-10-26T18:47:50Z
284503,"Tak ob, Tak´oop",und,"","",,Maya (Peninsular),Carlos Galindo-Leal,2024-10-26T18:49:03Z
69973,"Oop, ts´almuy",und,"","",,Maya (Peninsular),Carlos Galindo-Leal,2024-10-26T18:57:38Z
291783,Sacuche,und,"","",,Maya (Peninsular),Carlos Galindo-Leal,2024-10-26T19:02:00Z
284995,Xmaben ché,und,"","",,Maya (Peninsular),Carlos Galindo-Leal,2024-10-26T19:05:14Z
202573,"K' uk che, yaxha",und,"","",,Maya (Peninsular),Carlos Galindo-Leal,2024-10-26T19:06:34Z
48876,"Ni´keej, chi´keejil",und,"","",,Maya (Peninsular),Carlos Galindo-Leal,2024-10-26T20:42:30Z
209893,"Boob, boob ché",und,"","",,Maya (Peninsular),Carlos Galindo-Leal,2024-10-27T00:28:35Z
286011,Boob,und,"","",,Maya (Peninsular),Carlos Galindo-Leal,2024-10-27T00:30:13Z
282250,Bulop,und,"","",,Maya (Peninsular),Carlos Galindo-Leal,2024-10-27T00:45:22Z
162125,"Ekulub, sin ché",und,"","",,Maya (Peninsular),Carlos Galindo-Leal,2024-10-27T00:46:37Z
285490,Compac,und,"","",,Maya (Peninsular),Carlos Galindo-Leal,2024-10-27T00:52:30Z
285799,Colpaché,und,"","",,Maya (Peninsular),Carlos Galindo-Leal,2024-10-27T00:53:22Z
209924,Solimanché,und,"","",,Maya (Peninsular),Carlos Galindo-Leal,2024-10-27T00:55:57Z
282254,"Xpomolché, chulché",und,"","",,Maya (Peninsular),Carlos Galindo-Leal,2024-10-27T00:58:08Z
1411402,"Xbaquelac, xinché",und,"","",,Maya (Peninsular),Carlos Galindo-Leal,2024-10-27T00:58:57Z
209943,"Kandklisché, k´aank´ ilis ché",und,"","",,Maya (Peninsular),Carlos Galindo-Leal,2024-10-27T01:03:27Z
291512,"Boxe´lemuy, éelemuy",und,"","",,Maya (Peninsular),Carlos Galindo-Leal,2024-10-27T01:04:45Z
282219,Xnabalche,und,"","",,Maya (Peninsular),Carlos Galindo-Leal,2024-10-27T01:06:34Z
206527,Subuul,und,"","",,Maya (Peninsular),Carlos Galindo-Leal,2024-10-27T01:08:08Z
1017147,Hooch´oché,und,"","",,Maya (Peninsular),Carlos Galindo-Leal,2024-10-27T01:09:49Z
244734,"kabal ya´ax niik,",und,"","",,Maya (Peninsular),gabolopezcalderas,2024-10-29T14:58:49Z
50821,Ch’elem,und,"","",,Maya (Peninsular),gabolopezcalderas,2024-10-29T15:02:58Z
283973,áakits,und,"","",,Maya (Peninsular),gabolopezcalderas,2024-10-29T15:05:12Z
277481,"Boochin, ents’ul aak’, tok naajil",und,"","",,Maya (Peninsular),gabolopezcalderas,2024-10-29T15:06:30Z
277421,"chak léem, sak iits’, x-chao lem",und,"","",,Maya (Peninsular),gabolopezcalderas,2024-10-29T15:09:13Z
167075,nikte’ ch’oom,und,"","",,Maya (Peninsular),gabolopezcalderas,2024-10-29T15:11:19Z
277537,"uts’um péek’, chutsun peek",und,"","",,Maya (Peninsular),gabolopezcalderas,2024-10-29T15:13:58Z
314832,boob túum,und,"","",,Maya (Peninsular),gabolopezcalderas,2024-10-29T15:16:03Z
143208,oochil,und,"","",,Maya (Peninsular),gabolopezcalderas,2024-10-29T15:18:37Z
244459,"is tuk’, tuk’",und,"","",,Maya (Peninsular),gabolopezcalderas,2024-10-29T15:21:07Z
909501,"Anil kab, anil aak’, bilin aak’, sak aak’",und,"","",,Maya (Peninsular),gabolopezcalderas,2024-10-29T15:27:21Z
201456,beek,und,"","",,Maya (Peninsular),gabolopezcalderas,2024-10-29T15:31:25Z
770536,"beek aak’, ya’ax aak’",und,"","",,Maya (Peninsular),gabolopezcalderas,2024-10-29T15:34:27Z
210961,"nej ku’uk, x-tub",und,"","",,Maya (Peninsular),gabolopezcalderas,2024-10-29T15:37:37Z
277363,chak ch’om,und,"","",,Maya (Peninsular),gabolopezcalderas,2024-10-29T15:40:19Z
141275,"me’ex nuk xiib, x-ch’u’",und,"","",,Maya (Peninsular),gabolopezcalderas,2024-10-29T15:42:29Z
157908,"Nuum tsutsuy, tsakam",und,"","",,Maya (Peninsular),gabolopezcalderas,2024-10-29T15:45:58Z
1038928,chakam,und,"","",,Maya (Peninsular),gabolopezcalderas,2024-10-29T15:48:46Z
274452,"tsakam tsoots, tsakam soots’",und,"","",,Maya (Peninsular),gabolopezcalderas,2024-10-29T15:51:10Z
168776,"aak’il pak’am, choj kaan, sak baakel kaan",und,"","",,Maya (Peninsular),gabolopezcalderas,2024-10-29T15:54:00Z
292083,"Kabal muk, kamba och lob, x-kaba muk",und,"","",,Maya (Peninsular),gabolopezcalderas,2024-10-29T15:56:33Z
132130,"Chum, chu’um, chuun",und,"","",,Maya (Peninsular),gabolopezcalderas,2024-10-29T15:57:43Z
277824,"K’aakal che’, k’ak’al che’, k’ab che’, xanob che’",und,"","",,Maya (Peninsular),gabolopezcalderas,2024-10-29T16:33:35Z
282284,Sak ch’ilib tuux,und,"","",,Maya (Peninsular),gabolopezcalderas,2024-10-29T16:43:17Z
282254,"polmol che’, polmol che’",und,"","",,Maya (Peninsular),gabolopezcalderas,2024-10-29T17:00:27Z
290009,"sak ts’uru’ tok, ts’ulub took’",und,"","",,Maya (Peninsular),gabolopezcalderas,2024-10-29T17:19:13Z
280501,"Tu’ ja’ che’, x-tu’ ja’abin",und,"","",,Maya (Peninsular),gabolopezcalderas,2024-10-29T17:32:41Z
211198,"chak mo’ol che’, chack che´, chak molon",und,"","",,Maya (Peninsular),gabolopezcalderas,2024-10-29T17:44:33Z
898801,"subin, subin che’, tsubin",und,"","",,Maya (Peninsular),gabolopezcalderas,2024-10-29T18:03:57Z
316642,Ya’ax eek,und,"","",,Maya (Peninsular),gabolopezcalderas,2024-10-29T18:14:51Z
52440,piich,und,"","",,Maya (Peninsular),gabolopezcalderas,2024-10-29T18:38:30Z
164990,Tsalam,und,"","",,Maya (Peninsular),gabolopezcalderas,2024-10-29T18:58:26Z
290046,Ahmuy,und,"","",,Maya (Peninsular),Carlos Galindo-Leal,2024-10-31T14:27:43Z
209957,"Pepino kat, At ku´ut, kat kut, chocol",und,"","",,Maya (Peninsular),Carlos Galindo-Leal,2024-10-31T16:01:27Z
278058,Sak pa,und,"","",,Maya (Peninsular),Carlos Galindo-Leal,2024-10-31T16:04:30Z
270991,"Mehenbol, bo’ol, Yaax ich",und,"","",,Maya (Peninsular),Carlos Galindo-Leal,2024-10-31T16:06:56Z
308417,Kansac,und,"","",,Maya (Peninsular),Carlos Galindo-Leal,2024-10-31T16:07:46Z
500846,"Xik, Sac-xik",und,"","",,Maya (Peninsular),Carlos Galindo-Leal,2024-10-31T16:08:50Z
285424,Sip che´,und,"","",,Maya (Peninsular),Carlos Galindo-Leal,2024-10-31T18:30:05Z
160760,Chuunup,und,"","",,Maya (Peninsular),Carlos Galindo-Leal,2024-10-31T18:31:21Z
276312,Bohom,und,"","",,Maya (Peninsular),Carlos Galindo-Leal,2024-10-31T18:37:40Z
206305,Kambo´,und,"","",,Maya (Peninsular),Carlos Galindo-Leal,2024-10-31T21:34:25Z
164759,Baal che´,und,"","",,Maya (Peninsular),Carlos Galindo-Leal,2024-10-31T21:35:49Z
83585,K´aniste´,und,"","",,Maya (Peninsular),Carlos Galindo-Leal,2024-10-31T21:38:22Z
127036,Salche',und,"","",,Maya (Peninsular),Carlos Galindo-Leal,2024-10-31T21:39:27Z
1555598,Sak píich,und,"","",,Maya (Peninsular),Carlos Galindo-Leal,2024-10-31T21:46:22Z
278598,Ts'ool,und,"","",,Maya (Peninsular),Carlos Galindo-Leal,2024-10-31T21:51:31Z
1065425,Chak te',und,"","",,Maya (Peninsular),Carlos Galindo-Leal,2024-10-31T21:54:23Z
160808,Chak bulunche´,und,"","",,Maya (Peninsular),Carlos Galindo-Leal,2024-10-31T21:57:40Z
277829,Boox siliil,und,"","",,Maya (Peninsular),Carlos Galindo-Leal,2024-10-31T22:03:44Z
292086,Wayate',und,"","",,Maya (Peninsular),Carlos Galindo-Leal,2024-10-31T22:07:21Z
281769,Tamk'as che',und,"","",,Maya (Peninsular),Carlos Galindo-Leal,2024-10-31T22:09:19Z
278326,Ya'ax pe'jel che',und,"","",,Maya (Peninsular),Carlos Galindo-Leal,2024-10-31T22:10:04Z
291679,Pa´sak,und,"","",,Maya (Peninsular),Carlos Galindo-Leal,2024-10-31T22:14:14Z
1446370,"Puuts' mukuy, kaba pak'aal che'",und,"","",,Maya (Peninsular),Carlos Galindo-Leal,2024-10-31T22:21:02Z
131167,"Sak sajum, soot'kay, ts'aan top'an xiiw",und,"","",,Maya (Peninsular),Carlos Galindo-Leal,2024-10-31T22:42:33Z
165294,"Chi'chi' bej, chak ch'ooben, sak chi'chi'bej",und,"","",,Maya (Peninsular),Carlos Galindo-Leal,2024-10-31T22:43:29Z
285791,Buy chich,und,"","",,Maya (Peninsular),Carlos Galindo-Leal,2024-11-02T22:54:49Z
62831,"Oon, on",und,"","",,Maya (Peninsular),Carlos Galindo-Leal,2024-11-02T22:55:51Z
209972,"Ch´ich´ya, ts´um ya´",und,"","",,Maya (Peninsular),Carlos Galindo-Leal,2024-11-02T23:10:03Z
277145,Manax,und,"","",,Maya (Peninsular),Carlos Galindo-Leal,2024-11-02T23:18:12Z
168949,"Ts´ ibulché, sibinché, tsiminche´",und,"","",,Maya (Peninsular),Carlos Galindo-Leal,2024-11-02T23:34:20Z
277115,"Akits, Ajkits, k´aan lool",und,"","",,Maya (Peninsular),Carlos Galindo-Leal,2024-11-02T23:39:52Z
276284,"Holol, mak´che´,  xholol",und,"","",,Maya (Peninsular),Carlos Galindo-Leal,2024-11-02T23:41:49Z
186638,Chintoc,und,"","",,Maya (Peninsular),Carlos Galindo-Leal,2024-11-02T23:45:00Z
316738,"Haasché, kakaoché, kakawché",und,"","",,Maya (Peninsular),Carlos Galindo-Leal,2024-11-02T23:50:27Z
286058,Ta´abanché,und,"","",,Maya (Peninsular),Carlos Galindo-Leal,2024-11-02T23:54:14Z
286921,Chunup,und,"","",,Maya (Peninsular),Carlos Galindo-Leal,2024-11-02T23:56:20Z
286154,"Tulubalam tatsi, x goch che, xs´che´",und,"","",,Maya (Peninsular),Carlos Galindo-Leal,2024-11-02T23:58:04Z
316768,"Jirimich, sak loob, khilnich",und,"","",,Maya (Peninsular),Carlos Galindo-Leal,2024-11-02T23:59:31Z
278414,"Xtez tab, texpac, pay luuk, payluk",und,"","",,Maya (Peninsular),Carlos Galindo-Leal,2024-11-03T00:03:22Z
287440,"Lu´um´che´, lum che´",und,"","",,Maya (Peninsular),Carlos Galindo-Leal,2024-11-03T00:04:21Z
209998,Chakté kok,und,"","",,Maya (Peninsular),Carlos Galindo-Leal,2024-11-03T00:47:39Z
291209,X-laul,und,"","",,Maya (Peninsular),Carlos Galindo-Leal,2024-11-03T00:50:02Z
278896,Cuxupche,und,"","",,Maya (Peninsular),Carlos Galindo-Leal,2024-11-03T00:51:31Z
154796,Sayuc,und,"","",,Maya (Peninsular),Carlos Galindo-Leal,2024-11-03T00:54:30Z
278595,"Bicbach, ixbahach, ya´ax, nej ché",und,"","",,Maya (Peninsular),Carlos Galindo-Leal,2024-11-03T01:07:16Z
286796,"K´olo ma´ax, xpokool che´",und,"","",,Maya (Peninsular),Carlos Galindo-Leal,2024-11-03T01:11:33Z
209875,"Chunté, uacut",und,"","",,Maya (Peninsular),Carlos Galindo-Leal,2024-11-03T01:16:05Z
318001,"Yaax hokob, hokab, hoocop, yu´uy",und,"","",,Maya (Peninsular),Carlos Galindo-Leal,2024-11-03T01:18:53Z
154852,"Kuy ché, xk´uy che´, k´uy che´",und,"","",,Maya (Peninsular),Carlos Galindo-Leal,2024-11-03T01:21:27Z
1065402,"Kanto´p o kum, ta´k´inche´, cinim",und,"","",,Maya (Peninsular),Carlos Galindo-Leal,2024-11-03T01:31:25Z
160171,"Bocut, mucut, bocot",und,"","",,Maya (Peninsular),Carlos Galindo-Leal,2024-11-03T01:32:49Z
209919,"Bal ba, bol ba",und,"","",,Maya (Peninsular),Carlos Galindo-Leal,2024-11-03T01:37:14Z
83920,No cho che,und,"","",,Maya (Peninsular),Carlos Galindo-Leal,2024-11-03T01:38:05Z
952228,"Zubul, sibuul, tza´jon",und,"","",,Maya (Peninsular),Carlos Galindo-Leal,2024-11-03T01:40:44Z
209944,"Keneb, uayab, uaym",und,"","",,Maya (Peninsular),Carlos Galindo-Leal,2024-11-03T01:41:26Z
980760,Chakté,und,"","",,Maya (Peninsular),Carlos Galindo-Leal,2024-11-03T01:44:26Z
206316,"Xkukin tsits, culinzis, k´ulinché",und,"","",,Maya (Peninsular),Carlos Galindo-Leal,2024-11-03T18:10:55Z
286308,"Sak poom, zak poom",und,"","",,Maya (Peninsular),Carlos Galindo-Leal,2024-11-03T18:15:16Z
209906,"Chate, uapake",und,"","",,Maya (Peninsular),Carlos Galindo-Leal,2024-11-03T18:17:45Z
209939,"Balché, machich",und,"","",,Maya (Peninsular),Carlos Galindo-Leal,2024-11-03T18:19:47Z
290460,Shi inte,und,"","",,Maya (Peninsular),Carlos Galindo-Leal,2024-11-03T18:23:15Z
209962,"Subinché, sukim che´chak subinche",und,"","",,Maya (Peninsular),Carlos Galindo-Leal,2024-11-03T18:25:17Z
209982,Chejá,und,"","",,Maya (Peninsular),Carlos Galindo-Leal,2024-11-03T18:26:54Z
884600,"Xpaxakil, pa sak, pa´sak ché, papa´ak",und,"","",,Maya (Peninsular),Carlos Galindo-Leal,2024-11-03T18:28:12Z
210056,"Cattox, k´atal´, oox",und,"","",,Maya (Peninsular),Carlos Galindo-Leal,2024-11-03T18:29:18Z
903780,Chaltecoc,und,"","",,Maya (Peninsular),Carlos Galindo-Leal,2024-11-03T18:42:54Z
62839,"Chak lool ché, maaskab che´",und,"","",,Maya (Peninsular),Carlos Galindo-Leal,2024-11-03T18:45:12Z
1493141,"Kaatsim, chak kaatsim, na´chi´che",und,"","",,Maya (Peninsular),Carlos Galindo-Leal,2024-11-03T18:50:32Z
52443,Copte,und,"","",,Maya (Peninsular),Carlos Galindo-Leal,2024-11-03T18:54:39Z
1042039,Chiwoj,und,"","",,Maya (Peninsular),Carlos Galindo-Leal,2024-11-05T15:07:01Z
539399,Och kaan,und,"","",,Maya (Peninsular),Carlos Galindo-Leal,2024-11-05T15:08:32Z
4239,Xpatux já,und,"","",,Maya (Peninsular),Carlos Galindo-Leal,2024-11-05T15:24:16Z
4246,Pok,und,"","",,Maya (Peninsular),Carlos Galindo-Leal,2024-11-05T15:25:10Z
558433,Maxix,und,"","",,Maya (Peninsular),Carlos Galindo-Leal,2024-11-05T15:26:56Z
144455,Sak bok,und,"","",,Maya (Peninsular),Carlos Galindo-Leal,2024-11-05T16:04:49Z
75102,"Sak payche', pay ooch",und,"","",,Maya (Peninsular),Carlos Galindo-Leal,2024-11-05T16:08:49Z
42652,Ooch,und,"","",,Maya (Peninsular),Carlos Galindo-Leal,2024-11-05T16:11:21Z
41988,Chul ya,und,"","",,Maya (Peninsular),Carlos Galindo-Leal,2024-11-05T16:14:24Z
1264431,Sabín,und,"","",,Maya (Peninsular),Carlos Galindo-Leal,2024-11-05T16:16:14Z
74113,Wakax,und,"","",,Maya (Peninsular),Carlos Galindo-Leal,2024-11-05T16:18:14Z
121578,Taman,und,"","",,Maya (Peninsular),Carlos Galindo-Leal,2024-11-05T16:20:33Z
209233,Tsíimin,und,"","",,Maya (Peninsular),Carlos Galindo-Leal,2024-11-05T16:22:12Z
30591,Kalam,und,"","",,Maya (Peninsular),Carlos Galindo-Leal,2024-11-05T16:38:02Z
1987,K’úumk’umi.,und,"","",,Maya (Peninsular),Carlos Galindo-Leal,2024-11-05T16:39:35Z
285424,"kib che’, sip che’",und,"","",,Maya (Peninsular),gabolopezcalderas,2024-11-05T16:42:06Z
1148187,Muuch,und,"","",,Maya (Peninsular),Carlos Galindo-Leal,2024-11-05T16:42:17Z
35342,"Juuj, t’ool, t’ol juuj.",und,"","",,Maya (Peninsular),Carlos Galindo-Leal,2024-11-05T16:43:33Z
154528,Chi’,und,"","",,Maya (Peninsular),gabolopezcalderas,2024-11-05T16:45:18Z
497680,Wol poch,und,"","",,Maya (Peninsular),Carlos Galindo-Leal,2024-11-05T16:45:21Z
286775,"ch’ooj, píim, píin",und,"","",,Maya (Peninsular),gabolopezcalderas,2024-11-05T16:47:45Z
62833,"ku che’, k’u’ che’, k’uj che’, kuuy che’",und,"","",,Maya (Peninsular),gabolopezcalderas,2024-11-05T16:51:47Z
278265,ta’tsi’,und,"","",,Maya (Peninsular),gabolopezcalderas,2024-11-05T16:54:45Z
276531,"ch’it ku’uk, xanab miis",und,"","",,Maya (Peninsular),gabolopezcalderas,2024-11-05T16:55:41Z
202748,"kubemba, puuts’ che’, puuts' máaskab",und,"","",,Maya (Peninsular),gabolopezcalderas,2024-11-05T16:57:27Z
1581347,poch ka’ak,und,"","",,Maya (Peninsular),gabolopezcalderas,2024-11-05T16:59:58Z
209893,"Bob, boob ch’iich’",und,"","",,Maya (Peninsular),gabolopezcalderas,2024-11-05T17:01:05Z
164344,lu’um che’,und,"","",,Maya (Peninsular),gabolopezcalderas,2024-11-05T17:07:52Z
286192,"boox kib che’, chak subín t’eel, chak yak’ che’, kib che’",und,"","",,Maya (Peninsular),gabolopezcalderas,2024-11-05T17:09:21Z
126305,"chak took’, k’anan",und,"","",,Maya (Peninsular),gabolopezcalderas,2024-11-05T17:10:59Z
278566,"baake aak, k’an xikin aak’, jooyok’, muk, xoyen aak’, xoyok",und,"","",,Maya (Peninsular),gabolopezcalderas,2024-11-05T17:13:06Z
121958,"kajal k’aax, peech kitam, puuts’ che’",und,"","",,Maya (Peninsular),gabolopezcalderas,2024-11-05T17:14:28Z
316803,"aak’aax, aj akam ka’aal che’, aj akam k’ax, k’aax, k’axi, k’aaxil",und,"","",,Maya (Peninsular),gabolopezcalderas,2024-11-05T17:15:44Z
165144,"chak ya’, chi’ kéej, ya’",und,"","",,Maya (Peninsular),gabolopezcalderas,2024-11-05T17:17:22Z
239734,maax iik,und,"","",,Maya (Peninsular),gabolopezcalderas,2024-11-05T17:19:42Z
290718,"puut baalam, tóom p’aak, ts’ay ooch",und,"","",,Maya (Peninsular),gabolopezcalderas,2024-11-05T17:23:17Z
166546,"oop’ tsiimim, yo’och oop’ tsiimim",und,"","",,Maya (Peninsular),gabolopezcalderas,2024-11-05T17:26:17Z
286603,Sak baakel kaan,und,"","",,Maya (Peninsular),gabolopezcalderas,2024-11-05T17:56:49Z
135595,"chac wa, tox",und,"","",,Maya (Peninsular),gabolopezcalderas,2024-11-05T18:20:46Z
291092,"chak anal, chak kank´il xiiw",und,"","",,Maya (Peninsular),gabolopezcalderas,2024-11-05T18:33:52Z
161829,"K’u wech, pok’ lampix",und,"","",,Maya (Peninsular),gabolopezcalderas,2024-11-05T18:36:31Z
162294,kabal xa’an,und,"","",,Maya (Peninsular),gabolopezcalderas,2024-11-05T18:38:21Z
162295,kaanbal xa’an,und,"","",,Maya (Peninsular),gabolopezcalderas,2024-11-05T18:39:40Z
316400,"Ch’elem, bab kij",und,"","",,Maya (Peninsular),gabolopezcalderas,2024-11-13T20:18:44Z
79390,tsinkan,und,"","",,Maya (Peninsular),gabolopezcalderas,2024-11-13T20:22:17Z
75395,x-tees,und,"","",,Maya (Peninsular),gabolopezcalderas,2024-11-13T20:23:47Z
286691,"jalal nal, sak pay che’, ya’ax tees",und,"","",,Maya (Peninsular),gabolopezcalderas,2024-11-13T20:25:39Z
206322,abal,und,"","",,Maya (Peninsular),gabolopezcalderas,2024-11-13T20:27:41Z
284506,op,und,"","",,Maya (Peninsular),gabolopezcalderas,2024-11-13T20:28:41Z
277559,"Chak ma’ax, poochil",und,"","",,Maya (Peninsular),gabolopezcalderas,2024-11-13T20:31:07Z
75602,"anal k’aax, anal k’ak, anal xiiw",und,"","",,Maya (Peninsular),gabolopezcalderas,2024-11-13T20:32:53Z
284356,"mejen k’ek’en, xikin soots´, xmejen",und,"","",,Maya (Peninsular),gabolopezcalderas,2024-11-13T20:37:48Z
277458,"Cawayat, ku’ xuuch, x-lu’chee",und,"","",,Maya (Peninsular),gabolopezcalderas,2024-11-13T20:39:11Z
281294,"Aak’tóom paap, k’an tsel aak’, k’enil, tsoots’ k’a",und,"","",,Maya (Peninsular),gabolopezcalderas,2024-11-13T20:41:54Z
1472689,"Ents’ul, xiiw k’iin, ja’as aak’",und,"","",,Maya (Peninsular),gabolopezcalderas,2024-11-13T20:44:49Z
284394,k’an ents’sul aak’,und,"","",,Maya (Peninsular),gabolopezcalderas,2024-11-13T20:46:07Z
284399,"Mejen k’ek’en, x-took’iil, k’iix pach oochiil",und,"","",,Maya (Peninsular),gabolopezcalderas,2024-11-13T20:47:41Z
284439,Sal xiiw,und,"","",,Maya (Peninsular),gabolopezcalderas,2024-11-13T20:49:26Z
167766,kabal muk,und,"","",,Maya (Peninsular),gabolopezcalderas,2024-11-13T20:55:47Z
284455,Uts’um péek’,und,"","",,Maya (Peninsular),gabolopezcalderas,2024-11-13T20:57:12Z
132896,Uts’um péek’,und,"","",,Maya (Peninsular),gabolopezcalderas,2024-11-13T21:03:03Z
281579,"batún, boob túum",und,"","",,Maya (Peninsular),gabolopezcalderas,2024-11-13T21:04:57Z
78589,"ix’iim ja’, i’ibinja",und,"","",,Maya (Peninsular),gabolopezcalderas,2024-11-13T21:09:47Z
277339,"Makal, kukut makal",und,"","",,Maya (Peninsular),gabolopezcalderas,2024-11-13T21:11:15Z
160385,"Xiat, xiaat",und,"","",,Maya (Peninsular),gabolopezcalderas,2024-11-13T21:14:01Z
168257,bon xa’an,und,"","",,Maya (Peninsular),gabolopezcalderas,2024-11-13T21:15:25Z
71040,"Wako aak’, wako tsiimin, xaak aak’",und,"","",,Maya (Peninsular),gabolopezcalderas,2024-11-13T21:18:57Z
316473,K’an mul,und,"","",,Maya (Peninsular),gabolopezcalderas,2024-11-13T21:21:35Z
288964,"ch’iilib tuux, sak k’axiknii, tu’ xikin",und,"","",,Maya (Peninsular),gabolopezcalderas,2024-11-13T21:22:48Z
281655,"Xikin, tok’ aban",und,"","",,Maya (Peninsular),gabolopezcalderas,2024-11-13T21:23:47Z
316024,"Boox k’axiknii, tok’ aban, tu’ xikin, xikin",und,"","",,Maya (Peninsular),gabolopezcalderas,2024-11-13T21:24:54Z
199400,"Oken sukun aak’, tok’ aban",und,"","",,Maya (Peninsular),gabolopezcalderas,2024-11-13T21:26:21Z
315527,"jok’ ch’oon, sak sajum",und,"","",,Maya (Peninsular),gabolopezcalderas,2024-11-13T21:28:12Z
164414,"baakem boox, sak sajum, tsa’",und,"","",,Maya (Peninsular),gabolopezcalderas,2024-11-13T21:29:23Z
273976,"k’an xikin, sak k’an xikin, sak taj’, x-tabentún",und,"","",,Maya (Peninsular),gabolopezcalderas,2024-11-13T21:30:39Z
20553,Noom,und,"","",,Maya (Peninsular),gabolopezcalderas,2024-11-19T16:35:06Z
1321,Beech’,und,"","",,Maya (Peninsular),gabolopezcalderas,2024-11-19T16:38:10Z
1339,"Chibilub, Chilub",und,"","",,Maya (Peninsular),gabolopezcalderas,2024-11-19T16:39:37Z
3117,Kukutkib,und,"","",,Maya (Peninsular),gabolopezcalderas,2024-11-19T16:44:04Z
3545,Mukuy,und,"","",,Maya (Peninsular),gabolopezcalderas,2024-11-19T16:49:10Z
2998,Tuch mukuy,und,"","",,Maya (Peninsular),gabolopezcalderas,2024-11-19T16:51:41Z
3272,"Tsuutsuy, Papáayukil",und,"","",,Maya (Peninsular),gabolopezcalderas,2024-11-19T16:59:08Z
1972,Ch’ik bul,und,"","",,Maya (Peninsular),gabolopezcalderas,2024-11-19T18:12:23Z
1982,Bakanchulul,und,"","",,Maya (Peninsular),gabolopezcalderas,2024-11-19T18:18:46Z
19577,"Pu’ujuy, Iik’am soots’",und,"","",,Maya (Peninsular),gabolopezcalderas,2024-11-19T18:32:58Z
19627,"Pu’ujuy, Sakneej pu’ujuy",und,"","",,Maya (Peninsular),gabolopezcalderas,2024-11-19T18:38:59Z
199832,"Pu’ujuy, Chan pu’ujuy",und,"","",,Maya (Peninsular),gabolopezcalderas,2024-11-19T18:42:42Z
19670,"Pu’ujuy, Jáapjap",und,"","",,Maya (Peninsular),gabolopezcalderas,2024-11-19T18:44:15Z
5798,"Ts’unu’um, Boxkaal ts’unu’um",und,"","",,Maya (Peninsular),gabolopezcalderas,2024-11-19T18:59:10Z
1289675,"Ts’unu’um, Ya’ax ts’unu’um",und,"","",,Maya (Peninsular),gabolopezcalderas,2024-11-19T19:21:15Z
3460,Sakpakal,und,"","",,Maya (Peninsular),gabolopezcalderas,2024-11-21T17:15:45Z
1289672,"Ts’unu’um, Nojoch ts’unu’um",und,"","",,Maya (Peninsular),gabolopezcalderas,2024-11-21T17:33:04Z
5672,"Ts’unu’um, Ya’axkaal ts’unu’um",und,"","",,Maya (Peninsular),gabolopezcalderas,2024-11-21T17:34:35Z
1289632,"Ts’unu’um, Sakch’íim ts’unu’um",und,"","",,Maya (Peninsular),gabolopezcalderas,2024-11-21T17:35:49Z
4756,Chakpool ch’oom,und,"","",,Maya (Peninsular),gabolopezcalderas,2024-11-21T17:38:28Z
5329,Loochol kooj i’,und,"","",,Maya (Peninsular),gabolopezcalderas,2024-11-21T17:42:29Z
5283,Ta’anil pool i’,und,"","",,Maya (Peninsular),gabolopezcalderas,2024-11-21T17:44:28Z
5301,Xa’ayneej i’,und,"","",,Maya (Peninsular),gabolopezcalderas,2024-11-21T17:47:43Z
5416,Ta’anil i’,und,"","",,Maya (Peninsular),gabolopezcalderas,2024-11-21T17:54:42Z
5411,Éek’píib,und,"","",,Maya (Peninsular),gabolopezcalderas,2024-11-21T17:56:43Z
5238,Boxnoj ch’úuy,und,"","",,Maya (Peninsular),gabolopezcalderas,2024-11-21T17:58:45Z
5186,"Boox ch’uuy, Kóomneej ch’úuy",und,"","",,Maya (Peninsular),gabolopezcalderas,2024-11-21T18:03:44Z
5180,Ch’oom ch’úuy,und,"","",,Maya (Peninsular),gabolopezcalderas,2024-11-21T18:06:12Z
19757,"Kukulte’, K’ulte’",und,"","",,Maya (Peninsular),gabolopezcalderas,2024-11-21T18:08:31Z
20044,"Tunk’uluchu’, Tunk’uruchuj",und,"","",,Maya (Peninsular),gabolopezcalderas,2024-11-21T18:09:41Z
72674,"Ka’axk’ab, Buj",und,"","",,Maya (Peninsular),gabolopezcalderas,2024-11-21T18:11:32Z
73523,K’úux,und,"","",,Maya (Peninsular),gabolopezcalderas,2024-11-21T18:22:06Z
