id,vernacularName,language,locality,countryCode,source,lexicon,contributor,created
40905,ngununy,und,"Greater Sydney Area, NSW AU","",,Dharug,Taylor,2022-01-29T00:51:04Z
42916,wulaba,und,"Greater Sydney Area, NSW AU","",,Dharug,Taylor,2022-02-16T08:45:28Z
40184,mirrin,und,"Greater Sydney Area, NSW AU","",,Dharug,Taylor,2022-02-16T08:52:35Z
42888,badagarang,und,"Greater Sydney Area, NSW AU","",,Dharug,Taylor,2022-02-16T08:53:40Z
40166,bulungga,und,"Greater Sydney Area, NSW AU","",,Dharug,Taylor,2022-02-16T08:59:45Z
43238,barrugin,und,"Greater Sydney Area, NSW AU","",,Dharug,Taylor,2022-02-16T09:07:27Z
42715,wubin,und,"Greater Sydney Area, NSW AU","",,Dharug,Taylor,2022-02-16T09:08:38Z
42996,ganyimung,und,"Greater Sydney Area, NSW AU","",,Dharug,Taylor,2022-02-16T09:10:24Z
42864,ganyimung,und,"Greater Sydney Area, NSW AU","",,Dharug,Taylor,2022-02-16T09:19:47Z
42864,buru,und,"Greater Sydney Area, NSW AU","",,Dharug,Taylor,2022-02-16T09:20:20Z
42982,gulamany,und,"Greater Sydney Area, NSW AU","",,Dharug,Taylor,2022-02-16T09:20:54Z
846291,wali,und,"Greater Sydney Area, NSW AU","",,Dharug,Taylor,2022-02-16T09:30:16Z
42808,burumin,und,"Greater Sydney Area, NSW AU","",,Dharug,Taylor,2022-02-16T09:30:57Z
42987,buduru,und,"Greater Sydney Area, NSW AU","",,Dharug,Taylor,2022-02-17T06:30:20Z
372843,dawaran,und,"Greater Sydney Area, NSW AU","",,Dharug,Taylor,2022-02-17T07:48:45Z
42743,bugari,und,"Greater Sydney Area, NSW AU","",,Dharug,Taylor,2022-02-17T07:50:27Z
42723,djubi,und,"Greater Sydney Area, NSW AU","",,Dharug,Taylor,2022-02-17T07:52:00Z
42973,banggaray,und,"Greater Sydney Area, NSW AU","",,Dharug,Taylor,2022-02-17T07:52:52Z
40166,marriyagang,und,"Greater Sydney Area, NSW AU","",,Dharug,Taylor,2022-02-17T07:53:44Z
45616,djanarruk,und,"Greater Sydney Area, NSW AU","",,Dharug,Taylor,2022-02-17T07:55:13Z
43001,wumbat,und,"Greater Sydney Area, NSW AU","",,Dharug,Taylor,2022-02-17T07:56:54Z
42729,yabunaru,und,"Greater Sydney Area, NSW AU","",,Dharug,Taylor,2022-02-17T07:57:32Z
35073,wirragadara,und,"Greater Sydney Area, NSW AU","",,Dharug,Taylor,2022-02-17T07:58:17Z
31419,ngarang,und,"Greater Sydney Area, NSW AU","",,Dharug,Taylor,2022-02-17T08:08:05Z
35140,marragawan,und,"Greater Sydney Area, NSW AU","",,Dharug,Taylor,2022-02-17T08:09:01Z
35060,daning,und,"Greater Sydney Area, NSW AU","",,Dharug,Taylor,2022-02-17T08:10:39Z
32175,malya,und,"Greater Sydney Area, NSW AU","",,Dharug,Taylor,2022-02-17T08:11:25Z
20979,gunggung,und,"Greater Sydney Area, NSW AU","",,Dharug,Taylor,2022-02-17T08:11:59Z
39469,wirriga,und,"Greater Sydney Area, NSW AU","",,Dharug,Taylor,2022-02-17T08:12:35Z
85660,bayagin,und,"Greater Sydney Area, NSW AU","",,Dharug,Taylor,2022-02-17T08:14:09Z
85552,bunmarra,und,"Greater Sydney Area, NSW AU","",,Dharug,Taylor,2022-02-17T08:15:37Z
35153,djirrabidi,und,"Greater Sydney Area, NSW AU","",,Dharug,Taylor,2022-02-17T08:20:55Z
26036,gan,und,"Greater Sydney Area, NSW AU","",,Dharug,Taylor,2022-02-17T08:36:34Z
85553,bulada,und,"Greater Sydney Area, NSW AU","",,Dharug,Taylor,2022-02-17T08:37:28Z
37460,mugadun,und,"Greater Sydney Area, NSW AU","",,Dharug,Taylor,2022-02-17T08:46:36Z
8575,djarrawunang,und,"Greater Sydney Area, NSW AU","",,Dharug,Taylor,2022-02-17T09:05:17Z
8040,wugan,und,"Greater Sydney Area, NSW AU","",,Dharug,Taylor,2022-02-17T09:06:10Z
3,binyang,und,"Greater Sydney Area, NSW AU","",,Dharug,Taylor,2022-02-17T09:07:04Z
14092,wibung,und,"Greater Sydney Area, NSW AU","",,Dharug,Taylor,2022-02-17T09:08:34Z
6987,yurungay,und,"Greater Sydney Area, NSW AU","",,Dharug,Taylor,2022-02-26T04:16:41Z
5276,gugurruk,und,"Greater Sydney Area, NSW AU","",,Dharug,Taylor,2022-02-26T08:01:15Z
6914,mulgu,und,"Greater Sydney Area, NSW AU","",,Dharug,Taylor,2022-02-26T08:01:52Z
20099,bubuk,und,"Greater Sydney Area, NSW AU","",,Dharug,Taylor,2022-02-26T08:02:29Z
508055,dyuralya,und,"Greater Sydney Area, NSW AU","",,Dharug,Taylor,2022-02-26T08:03:06Z
3336,guwadagang,und,"Greater Sydney Area, NSW AU","",,Dharug,Taylor,2022-02-26T08:05:20Z
5407,djamuldjamul,und,"Greater Sydney Area, NSW AU","",,Dharug,Taylor,2022-02-26T08:12:16Z
3681,mirral,und,"Greater Sydney Area, NSW AU","",,Dharug,Taylor,2022-02-26T08:18:23Z
3898,ngurwinarriwing,und,"Greater Sydney Area, NSW AU","",,Dharug,Taylor,2022-02-26T08:19:39Z
20504,murawung,und,"Greater Sydney Area, NSW AU","",,Dharug,Taylor,2022-02-26T08:21:26Z
116846,garada,und,"Greater Sydney Area, NSW AU","",,Dharug,Taylor,2022-02-26T08:31:44Z
19111,wangawang,und,"Greater Sydney Area, NSW AU","",,Dharug,Taylor,2022-02-26T08:33:01Z
144507,djugadya,und,"Greater Sydney Area, NSW AU","",,Dharug,Taylor,2022-02-26T08:34:05Z
71261,bunda,und,"","",,Dharug,Taylor,2022-02-26T08:34:38Z
19195,guma,und,"Greater Sydney Area, NSW AU","",,Dharug,Taylor,2022-02-27T08:10:06Z
2413,guganagina,und,"Greater Sydney Area, NSW AU","",,Dharug,Taylor,2022-02-27T08:25:50Z
6905,nuwalgang,und,"Greater Sydney Area, NSW AU","",,Dharug,Taylor,2022-02-27T08:26:16Z
4872,bunyarinarin,und,"Greater Sydney Area, NSW AU","",,Dharug,Taylor,2022-02-27T08:27:02Z
19721,binit,und,"Greater Sydney Area, NSW AU","",,Dharug,Taylor,2022-02-27T08:27:48Z
12329,wirgan,und,"Greater Sydney Area, NSW AU","",,Dharug,Taylor,2022-02-27T21:26:35Z
18921,guriyayil,und,"Greater Sydney Area, NSW AU","",,Dharug,Taylor,2022-02-27T21:27:47Z
19284,guriyayil,und,"Greater Sydney Area, NSW AU","",,Dharug,Taylor,2022-02-27T21:28:30Z
980095,guriyayil,und,"Greater Sydney Area, NSW AU","",,Dharug,Taylor,2022-02-27T21:29:23Z
18920,guriyayil,und,"Greater Sydney Area, NSW AU","",,Dharug,Taylor,2022-02-27T21:32:39Z
8583,birrarik,und,"Greater Sydney Area, NSW AU","",,Dharug,Taylor,2022-02-27T21:35:18Z
4326,garranga bumarri,und,"Greater Sydney Area, NSW AU","",,Dharug,Taylor,2022-02-27T21:36:12Z
4783,burrandjarung,und,"Greater Sydney Area, NSW AU","",,Dharug,Taylor,2022-02-27T21:36:58Z
980095,warin,und,"Greater Sydney Area, NSW AU","",,Dharug,Taylor,2022-02-27T21:38:24Z
14069,gulungaga,und,"Greater Sydney Area, NSW AU","",,Dharug,Taylor,2022-02-27T21:38:57Z
4988,gulina,und,"Greater Sydney Area, NSW AU","",,Dharug,Taylor,2022-02-27T21:39:47Z
2464,dyaramak,und,"Greater Sydney Area, NSW AU","",,Dharug,Taylor,2022-02-28T08:25:57Z
979682,marrigang,und,"Greater Sydney Area, NSW AU","",,Dharug,Taylor,2022-02-28T08:30:01Z
20422,budhawa,und,"Greater Sydney Area, NSW AU","",,Dharug,Taylor,2022-02-28T08:30:41Z
116834,garraway,und,"Greater Sydney Area, NSW AU","",,Dharug,Taylor,2022-02-28T08:31:16Z
12065,muruduwin,und,"Greater Sydney Area, NSW AU","",,Dharug,Taylor,2022-02-28T08:32:01Z
12097,muruduwin,und,"Greater Sydney Area, NSW AU","",,Dharug,Taylor,2022-02-28T08:32:39Z
5080,burumurring,und,"Greater Sydney Area, NSW AU","",,Dharug,Taylor,2022-02-28T08:33:21Z
3677,wungawunga,und,"Greater Sydney Area, NSW AU","",,Dharug,Taylor,2022-02-28T08:34:32Z
132533,garuma,und,"Greater Sydney Area, NSW AU","",,Dharug,Taylor,2022-03-06T06:12:30Z
69678,gawun,und,"Greater Sydney Area, NSW AU","",,Dharug,Taylor,2022-03-06T06:13:22Z
47186,yara,und,"Greater Sydney Area, NSW AU","",,Dharug,Taylor,2022-03-06T06:16:45Z
120523,burra,und,"Greater Sydney Area, NSW AU","",,Dharug,Taylor,2022-03-06T06:17:21Z
47178,magura,und,"Greater Sydney Area, NSW AU","",,Dharug,Taylor,2022-03-06T06:18:07Z
51379,mubarri,und,"Greater Sydney Area, NSW AU","",,Dharug,Taylor,2022-03-06T06:46:46Z
107194,guwibidu,und,"Greater Sydney Area, NSW AU","",,Dharug,Taylor,2022-03-06T08:19:50Z
96768,guruwin,und,"Greater Sydney Area, NSW AU","",,Dharug,Taylor,2022-03-06T08:20:16Z
47231,duru,und,"Greater Sydney Area, NSW AU","",,Dharug,Taylor,2022-03-06T08:34:34Z
47231,wulugul,und,"Greater Sydney Area, NSW AU","",,Dharug,Taylor,2022-03-06T08:48:47Z
368999,baludarri,und,"Greater Sydney Area, NSW AU","",,Dharug,Taylor,2022-03-06T21:39:23Z
47266,waragal,und,"Greater Sydney Area, NSW AU","",,Dharug,Taylor,2022-03-06T21:40:34Z
566644,daynya,und,"Greater Sydney Area, NSW AU","",,Dharug,Taylor,2022-03-06T21:41:12Z
125852,badubirung,und,"Greater Sydney Area, NSW AU","",,Dharug,Taylor,2022-03-06T21:41:51Z
54661,wurridjal,und,"Greater Sydney Area, NSW AU","",,Dharug,Taylor,2022-03-06T21:43:04Z
47584,dalgal,und,"Greater Sydney Area, NSW AU","",,Dharug,Taylor,2022-03-06T21:44:30Z
41437,baruwaluwu,und,"Greater Sydney Area, NSW AU","",,Dharug,Taylor,2022-03-06T21:47:13Z
57810,walumil,und,"Greater Sydney Area, NSW AU","",,Dharug,Taylor,2022-03-06T22:04:56Z
448201,yuluwigang,und,"Greater Sydney Area, NSW AU","",,Dharug,Taylor,2022-03-06T22:06:05Z
106222,waradyal,und,"Greater Sydney Area, NSW AU","",,Dharug,Taylor,2022-03-06T22:07:17Z
94476,ginara,und,"Greater Sydney Area, NSW AU","",,Dharug,Taylor,2022-03-06T22:08:01Z
353603,gadyan,und,"Greater Sydney Area, NSW AU","",,Dharug,Taylor,2022-03-07T08:48:49Z
244646,badang,und,"Greater Sydney Area, NSW AU","",,Dharug,Taylor,2022-03-07T08:51:26Z
49266,gaguna,und,"Greater Sydney Area, NSW AU","",,Dharug,Taylor,2022-03-07T08:52:25Z
39532,gudugulung,und,"Greater Sydney Area, NSW AU","",,Dharug,Taylor,2022-03-07T08:53:48Z
152871,gawura,und,"Greater Sydney Area, NSW AU","",,Dharug,Taylor,2022-03-07T08:54:57Z
51550,barung,und,"Greater Sydney Area, NSW AU","",,Dharug,Taylor,2022-03-07T08:55:31Z
47336,mung,und,"Greater Sydney Area, NSW AU","",,Dharug,Taylor,2022-03-12T08:56:32Z
47208,gunyagunya,und,"Greater Sydney Area, NSW AU","",,Dharug,Taylor,2022-03-12T08:57:07Z
61860,marang,und,"Greater Sydney Area, NSW AU","",,Dharug,Taylor,2022-03-12T08:59:48Z
47224,burudyara,und,"Greater Sydney Area, NSW AU","",,Dharug,Taylor,2022-03-12T09:00:27Z
49556,ganaray,und,"Greater Sydney Area, NSW AU","",,Dharug,Taylor,2022-03-12T09:01:37Z
47651,gilbanung,und,"Greater Sydney Area, NSW AU","",,Dharug,Taylor,2022-03-12T09:17:09Z
201975,gunama,und,"Greater Sydney Area, NSW AU","",,Dharug,Taylor,2022-03-12T09:18:15Z
90089,djuldjul,und,"Greater Sydney Area, NSW AU","",,Dharug,Taylor,2022-03-12T09:20:16Z
52134,dura,und,"Greater Sydney Area, NSW AU","",,Dharug,Taylor,2022-03-12T09:20:45Z
122204,gudmut,und,"Greater Sydney Area, NSW AU","",,Dharug,Taylor,2022-03-12T09:21:24Z
47118,marrayagong,und,"Greater Sydney Area, NSW AU","",,Dharug,Taylor,2022-03-12T09:34:50Z
131642,wadanggari,und,"Greater Sydney Area, NSW AU","",,Dharug,Taylor,2022-03-13T06:14:47Z
210184,waraburra,und,"Greater Sydney Area, NSW AU","",,Dharug,Taylor,2022-03-13T06:15:28Z
194768,gurgi,und,"Greater Sydney Area, NSW AU","",,Dharug,Taylor,2022-03-13T06:17:38Z
323765,dirrabari,und,"Greater Sydney Area, NSW AU","",,Dharug,Taylor,2022-03-13T06:27:33Z
135374,daranggara,und,"Greater Sydney Area, NSW AU","",,Dharug,Taylor,2022-03-13T06:30:35Z
338330,midjuburi,und,"Greater Sydney Area, NSW AU","",,Dharug,Taylor,2022-03-13T06:32:47Z
178212,guwigan,und,"Greater Sydney Area, NSW AU","",,Dharug,Taylor,2022-03-13T06:33:33Z
85483,gadigalbudyari,und,"Greater Sydney Area, NSW AU","",,Dharug,Taylor,2022-03-13T06:38:03Z
538021,gulgagaru,und,"Greater Sydney Area, NSW AU","",,Dharug,Taylor,2022-03-13T22:11:48Z
321070,banda,und,"Greater Sydney Area, NSW AU","",,Dharug,Taylor,2022-03-13T22:12:58Z
51815,yarra,und,"Greater Sydney Area, NSW AU","",,Dharug,Taylor,2022-03-13T22:14:14Z
83612,bugulbi,und,"Greater Sydney Area, NSW AU","",,Dharug,Taylor,2022-03-13T22:15:23Z
83581,gulgadya,und,"Greater Sydney Area, NSW AU","",,Dharug,Taylor,2022-03-13T22:16:12Z
83520,wargaldarra,und,"Greater Sydney Area, NSW AU","",,Dharug,Taylor,2022-03-13T22:17:12Z
201347,mambara,und,"Greater Sydney Area, NSW AU","",,Dharug,Taylor,2022-03-13T22:18:06Z
47170,ngalangala,und,"Greater Sydney Area, NSW AU","",,Dharug,Taylor,2022-03-13T22:23:45Z
162750,mugagaru,und,"Greater Sydney Area, NSW AU","",,Dharug,Taylor,2022-03-13T22:25:37Z
160234,guman,und,"Greater Sydney Area, NSW AU","",,Dharug,Taylor,2022-03-13T22:30:22Z
199385,damun,und,"Greater Sydney Area, NSW AU","",,Dharug,Taylor,2022-03-15T09:53:00Z
83520,buruwan,und,"Greater Sydney Area, NSW AU","",,Dharug,Taylor,2022-03-15T09:56:34Z
323286,buran,und,"Greater Sydney Area, NSW AU","",,Dharug,Taylor,2022-03-15T09:58:43Z
54699,bunya,und,"Greater Sydney Area, NSW AU","",,Dharug,Taylor,2022-03-15T10:02:23Z
122358,warada,und,"Greater Sydney Area, NSW AU","",,Dharug,Taylor,2022-03-15T10:31:14Z
47452,wadanguli,und,"Greater Sydney Area, NSW AU","",,Dharug,Taylor,2022-03-15T10:31:58Z
77093,darani,und,"Greater Sydney Area, NSW AU","",,Dharug,Taylor,2022-03-15T10:32:37Z
64518,wadanggari,und,"","",,Dharug,Proteros,2022-12-19T09:15:44Z
1453438,wularu,und,"","",https://www.inaturalist.org/taxon_names/2897259/edit,Dharug,bdagley,2023-02-26T21:18:19Z
1546134,waraburra,und,"","",https://www.inaturalist.org/taxon_names/2941808/edit,Dharug,Thomas Mesaglio,2024-04-23T03:40:27Z
1584101,guriyayil,und,"","",https://www.inaturalist.org/taxon_names/2904994/edit,Dharug,,2024-10-27T17:42:42Z
1580414,guriyayil,und,"","",https://www.inaturalist.org/taxon_names/2904992/edit,Dharug,Donald Davesne,2024-10-27T18:08:54Z
1580414,guma,und,"","",https://www.inaturalist.org/taxon_names/2904633/edit,Dharug,Donald Davesne,2024-10-27T18:08:56Z
