id,vernacularName,language,locality,countryCode,source,lexicon,contributor,created
244828,Ma-om,und,"","",,Khmer,sea-kangaroo,2013-04-21T00:33:57Z
443884,រំដួល,und,"","",,Khmer,James Ojascastro,2017-07-05T17:45:56Z
1,សត្វ,und,"","",,Khmer,John E. Christensen,2017-12-04T12:02:04Z
48824,អេប៉ុងហ្ស៍ (ពពុះទឹក),und,"","",,Khmer,John E. Christensen,2017-12-31T16:44:26Z
82096,ម៉ាក់ណូលា,und,"","",,Khmer,John E. Christensen,2018-06-30T18:34:13Z
326303,ហ៊ីង,und,"","",,Khmer,Robert Campbell,2018-09-26T05:17:57Z
70054,ឪឡឹក,und,"","",,Khmer,John E. Christensen,2018-12-24T10:54:25Z
311249,ស្លែ,und,"","",,Khmer,John E. Christensen,2018-12-24T10:59:04Z
131236,មេរោគ,und,"","",,Khmer,James K. Douch,2020-02-23T02:58:03Z
84996,Trey chhlarm,und,"","",http://www.catalogueoflife.org/annual-checklist/details/species/id/10055550/common/129995,Khmer,Wich’yanan (Jay) Limparungpatthanakij,2021-07-13T16:48:19Z
111746,Trey chhlarm,und,"","",http://www.catalogueoflife.org/annual-checklist/details/species/id/10055577/common/217698,Khmer,,2021-07-13T16:48:19Z
52188,Chlarm,und,"","",http://www.catalogueoflife.org/annual-checklist/details/species/id/10065883/common/332084,Khmer,,2021-07-13T18:50:37Z
97441,Chlarm,und,"","",http://www.catalogueoflife.org/annual-checklist/details/species/id/10065899/common/155086,Khmer,,2021-07-13T18:50:39Z
49962,Chlarm,und,"","",http://www.catalogueoflife.org/annual-checklist/details/species/id/10065911/common/228359,Khmer,,2021-07-13T18:50:39Z
69677,Chlarm,und,"","",http://www.catalogueoflife.org/annual-checklist/details/species/id/10064514/common/179250,Khmer,,2021-07-13T18:50:41Z
52188,Yaak,und,"","",http://www.catalogueoflife.org/annual-checklist/details/species/id/10065883/common/332034,Khmer,,2021-07-13T18:50:53Z
103728,Trey kes prak,und,"","",http://www.catalogueoflife.org/annual-checklist/details/species/id/10081615/common/50382,Khmer,,2021-07-14T12:48:36Z
620820,Trey kes prak,und,"","",http://www.catalogueoflife.org/annual-checklist/details/species/id/10081622/common/50351,Khmer,,2021-07-14T12:48:37Z
95038,Trey krawbey,und,"","",http://www.catalogueoflife.org/annual-checklist/details/species/id/10081711/common/150921,Khmer,Victor HOYEAU,2021-07-14T17:31:49Z
51473,Trey krawbey,und,"","",http://www.catalogueoflife.org/annual-checklist/details/species/id/10081713/common/150919,Khmer,,2021-07-14T17:31:49Z
187435,Trey krawbey,und,"","",http://www.catalogueoflife.org/annual-checklist/details/species/id/10081767/common/74218,Khmer,Wich’yanan (Jay) Limparungpatthanakij,2021-07-14T17:31:50Z
187439,Trey krawbey,und,"","",http://www.catalogueoflife.org/annual-checklist/details/species/id/10081782/common/74185,Khmer,,2021-07-14T17:31:50Z
108331,Trey réach,und,"","",http://www.catalogueoflife.org/annual-checklist/details/species/id/10080364/common/263389,Khmer,Wich’yanan (Jay) Limparungpatthanakij,2021-07-15T14:28:53Z
108331,Trey reach,und,"","",http://www.catalogueoflife.org/annual-checklist/details/species/id/10080364/common/263390,Khmer,Wich’yanan (Jay) Limparungpatthanakij,2021-07-15T14:28:53Z
108331,Trey Riech,und,"","",http://www.catalogueoflife.org/annual-checklist/details/species/id/10080364/common/263388,Khmer,Wich’yanan (Jay) Limparungpatthanakij,2021-07-15T14:29:07Z
96854,Kahor,und,"","",http://www.catalogueoflife.org/annual-checklist/details/species/id/10059121/common/341697,Khmer,,2021-07-15T14:40:44Z
96854,Kolreang,und,"","",http://www.catalogueoflife.org/annual-checklist/details/species/id/10059121/common/341696,Khmer,,2021-07-15T14:40:52Z
96854,Kulreang,und,"","",http://www.catalogueoflife.org/annual-checklist/details/species/id/10059121/common/341694,Khmer,,2021-07-15T14:40:58Z
96854,Trey kahao,und,"","",http://www.catalogueoflife.org/annual-checklist/details/species/id/10059121/common/341686,Khmer,,2021-07-15T14:41:04Z
95113,Trey kaho,und,"","",http://www.catalogueoflife.org/annual-checklist/details/species/id/10058755/common/341890,Khmer,,2021-07-15T14:41:10Z
96854,Trey kaho,und,"","",http://www.catalogueoflife.org/annual-checklist/details/species/id/10059121/common/341687,Khmer,,2021-07-15T14:41:11Z
96854,Trey kano,und,"","",http://www.catalogueoflife.org/annual-checklist/details/species/id/10059121/common/341685,Khmer,,2021-07-15T14:41:15Z
96854,Trey kolreang,und,"","",http://www.catalogueoflife.org/annual-checklist/details/species/id/10059121/common/341684,Khmer,,2021-07-15T14:41:23Z
96854,Trey kolriang,und,"","",http://www.catalogueoflife.org/annual-checklist/details/species/id/10059121/common/341683,Khmer,,2021-07-15T14:41:30Z
96854,Trey krawhao,und,"","",http://www.catalogueoflife.org/annual-checklist/details/species/id/10059121/common/341682,Khmer,,2021-07-15T14:41:44Z
96854,Trey kromawl,und,"","",http://www.catalogueoflife.org/annual-checklist/details/species/id/10059121/common/341681,Khmer,,2021-07-15T14:41:59Z
112325,Trey tapawt,und,"","",http://www.catalogueoflife.org/annual-checklist/details/species/id/10066236/common/200669,Khmer,Wich’yanan (Jay) Limparungpatthanakij,2021-07-15T14:46:53Z
107889,Trey tilapia khmao,und,"","",http://www.catalogueoflife.org/annual-checklist/details/species/id/10067864/common/96842,Khmer,,2021-07-15T15:02:12Z
97274,Chhdor,und,"","",http://www.catalogueoflife.org/annual-checklist/details/species/id/10070074/common/128864,Khmer,,2021-07-15T15:15:44Z
97274,Riel,und,"","",http://www.catalogueoflife.org/annual-checklist/details/species/id/10070074/common/128847,Khmer,,2021-07-15T15:15:54Z
97274,Trey chhdaur,und,"","",http://www.catalogueoflife.org/annual-checklist/details/species/id/10070074/common/128842,Khmer,,2021-07-15T15:15:59Z
97274,Trey chhdor,und,"","",http://www.catalogueoflife.org/annual-checklist/details/species/id/10070074/common/128841,Khmer,,2021-07-15T15:16:06Z
97274,Trey diep,und,"","",http://www.catalogueoflife.org/annual-checklist/details/species/id/10070074/common/128840,Khmer,,2021-07-15T15:16:15Z
97280,Trey raws,und,"","",http://www.catalogueoflife.org/annual-checklist/details/species/id/10070083/common/128612,Khmer,,2021-07-15T15:40:32Z
97273,Trey raws,und,"","",http://www.catalogueoflife.org/annual-checklist/details/species/id/10070070/common/128872,Khmer,,2021-07-15T15:40:33Z
623876,Trey bawbel,und,"","",,Khmer,Zane Roskoph,2021-07-15T16:22:35Z
188371,Trey beyka,und,"","",http://www.catalogueoflife.org/annual-checklist/details/species/id/10072974/common/216695,Khmer,,2021-07-19T15:24:45Z
188371,Trey sbaika,und,"","",http://www.catalogueoflife.org/annual-checklist/details/species/id/10072974/common/216693,Khmer,,2021-07-19T15:24:50Z
108554,Trey sbay ka,und,"","",http://www.catalogueoflife.org/annual-checklist/details/species/id/10060355/common/177639,Khmer,,2021-07-19T15:24:58Z
188371,Trey Sbay Ka,und,"","",http://www.catalogueoflife.org/annual-checklist/details/species/id/10072974/common/216691,Khmer,,2021-07-19T15:24:58Z
115010,Chhke nhy,und,"","",http://www.catalogueoflife.org/annual-checklist/details/species/id/10081706/common/102878,Khmer,,2021-07-19T15:57:40Z
115010,Kropaut,und,"","",http://www.catalogueoflife.org/annual-checklist/details/species/id/10081706/common/102868,Khmer,,2021-07-19T15:57:49Z
115010,Sandai,und,"","",,Khmer,Zane Roskoph,2021-07-19T15:58:11Z
115010,Trey kråpoat,und,"","",http://www.catalogueoflife.org/annual-checklist/details/species/id/10081706/common/102848,Khmer,,2021-07-19T15:58:20Z
115010,Trey sanday,und,"","",http://www.catalogueoflife.org/annual-checklist/details/species/id/10081706/common/102847,Khmer,,2021-07-19T15:58:27Z
187509,Chhar,und,"","",http://www.catalogueoflife.org/annual-checklist/details/species/id/10081429/common/127743,Khmer,,2021-07-19T16:13:39Z
102467,Trey Khya,und,"","",http://www.catalogueoflife.org/annual-checklist/details/species/id/10081414/common/127860,Khmer,,2021-07-19T16:13:46Z
187509,Trey khya,und,"","",http://www.catalogueoflife.org/annual-checklist/details/species/id/10081429/common/127745,Khmer,,2021-07-19T16:13:47Z
95038,Trey krabei,und,"","",http://www.catalogueoflife.org/annual-checklist/details/species/id/10081711/common/150923,Khmer,,2021-07-27T12:58:29Z
95038,Trey krabey,und,"","",http://www.catalogueoflife.org/annual-checklist/details/species/id/10081711/common/150922,Khmer,,2021-07-27T12:58:36Z
188571,Trey khaor,und,"","",http://www.catalogueoflife.org/annual-checklist/details/species/id/10061245/common/93463,Khmer,Wich’yanan (Jay) Limparungpatthanakij,2021-07-27T14:00:39Z
188569,Trey khaor,und,"","",http://www.catalogueoflife.org/annual-checklist/details/species/id/10061242/common/93501,Khmer,,2021-07-27T14:00:40Z
187508,Trey chhlang thmor,und,"","",http://www.catalogueoflife.org/annual-checklist/details/species/id/10081428/common/127767,Khmer,operculum_ben,2021-08-09T14:08:18Z
41644,ខ្លាឃ្មុំទឹកកក,und,"","",,Khmer,Zane Roskoph,2021-08-11T16:31:57Z
188584,Trey kroem tun sai,und,"","",http://www.catalogueoflife.org/annual-checklist/2012/details/species/id/9741333,Khmer,,2021-09-13T00:10:16Z
1303450,Chlarm,und,"","",http://www.catalogueoflife.org/annual-checklist/details/species/id/10065882/common/260100,Khmer,Wich’yanan (Jay) Limparungpatthanakij,2021-11-04T23:03:41Z
97441,Chkuot,und,"","",http://www.catalogueoflife.org/annual-checklist/2012/details/species/id/9741333,Khmer,,2021-12-04T03:34:31Z
93987,Kranh,und,"","",http://www.catalogueoflife.org/annual-checklist/2012/details/species/id/9741333,Khmer,,2021-12-04T16:30:10Z
93987,Trey kranh,und,"","",http://www.catalogueoflife.org/annual-checklist/2012/details/species/id/9741333,Khmer,,2021-12-04T16:30:23Z
110384,Trey kranh,und,"","",http://www.catalogueoflife.org/annual-checklist/2012/details/species/id/9741333,Khmer,,2021-12-04T16:30:24Z
93987,Trey kranh srai,und,"","",http://www.catalogueoflife.org/annual-checklist/2012/details/species/id/9741333,Khmer,,2021-12-04T16:30:31Z
94942,Trey kampot,und,"","",http://www.catalogueoflife.org/annual-checklist/2012/details/species/id/9741333,Khmer,,2021-12-10T23:31:00Z
187210,Trey kampot,und,"","",http://www.catalogueoflife.org/annual-checklist/2012/details/species/id/9741333,Khmer,Wich’yanan (Jay) Limparungpatthanakij,2021-12-10T23:31:00Z
534685,Trey kampot,und,"","",,Khmer,Zane Roskoph,2021-12-10T23:34:37Z
188583,Trey kawmphleanh samrai,und,"","",http://www.catalogueoflife.org/annual-checklist/2012/details/species/id/9741333,Khmer,Wich’yanan (Jay) Limparungpatthanakij,2021-12-31T05:54:51Z
188583,Trey Komphléang,und,"","",http://www.catalogueoflife.org/annual-checklist/2012/details/species/id/9741333,Khmer,Wich’yanan (Jay) Limparungpatthanakij,2021-12-31T05:55:05Z
188583,Trey kanpleanh samrê,und,"","",http://www.catalogueoflife.org/annual-checklist/2012/details/species/id/9741333,Khmer,Wich’yanan (Jay) Limparungpatthanakij,2021-12-31T05:55:15Z
188583,Trey kampleanh samré,und,"","",http://www.catalogueoflife.org/annual-checklist/2012/details/species/id/9741333,Khmer,Wich’yanan (Jay) Limparungpatthanakij,2021-12-31T05:55:25Z
187654,Trey kchoeung,und,"","",http://www.catalogueoflife.org/annual-checklist/2012/details/species/id/9741333,Khmer,Wich’yanan (Jay) Limparungpatthanakij,2022-03-09T23:21:07Z
187642,Trey kchoeung,und,"","",http://www.catalogueoflife.org/annual-checklist/2012/details/species/id/9741333,Khmer,,2022-03-09T23:21:08Z
105252,Trey kchoeung,und,"","",http://www.catalogueoflife.org/annual-checklist/2012/details/species/id/9741333,Khmer,Wich’yanan (Jay) Limparungpatthanakij,2022-03-09T23:21:08Z
105252,Trey chhlaunh,und,"","",http://www.catalogueoflife.org/annual-checklist/2012/details/species/id/9741333,Khmer,Wich’yanan (Jay) Limparungpatthanakij,2022-03-09T23:21:17Z
128284,Trey Chhlaunh,und,"","",http://www.catalogueoflife.org/annual-checklist/2012/details/species/id/9741333,Khmer,,2022-03-09T23:21:17Z
105252,Kchung,und,"","",http://www.catalogueoflife.org/annual-checklist/2012/details/species/id/9741333,Khmer,Wich’yanan (Jay) Limparungpatthanakij,2022-03-09T23:21:23Z
105252,Trey khchoeung,und,"","",http://www.catalogueoflife.org/annual-checklist/2012/details/species/id/9741333,Khmer,Wich’yanan (Jay) Limparungpatthanakij,2022-03-09T23:21:32Z
187641,Trey khchoeung,und,"","",http://www.catalogueoflife.org/annual-checklist/2012/details/species/id/9741333,Khmer,,2022-03-09T23:21:33Z
469472,ផ្លែប៉ោម,und,"","",,Khmer,,2022-03-27T04:42:43Z
64443,ធុរេន,und,"","",,Khmer,Steven Kurniawidjaja,2023-03-16T22:24:27Z
123001,មង្ឃុត,und,"","",,Khmer,Steven Kurniawidjaja,2023-03-16T22:30:05Z
98832,Chhdor,und,"","",http://www.catalogueoflife.org/annual-checklist/details/species/id/10059237/common/94913,Khmer,,2024-12-13T02:56:47Z
