id,vernacularName,language,locality,countryCode,source,lexicon,contributor,created
103023,Menga,und,"","",,Soko,Zane Roskoph,2021-07-16T15:59:10Z
105133,Tula,und,"","",,Soko,Zane Roskoph,2021-07-16T16:36:13Z
371437,Botonga,und,"","",,Soko,Zane Roskoph,2021-07-19T15:21:41Z
371437,Igolugolu,und,"","",,Soko,Zane Roskoph,2021-07-19T15:21:59Z
102692,Su,und,"","",,Soko,Zane Roskoph,2021-07-19T16:51:54Z
133034,Tulichină,und,"","",,Soko,Codrin Bucur,2024-05-16T12:41:10Z
82777,Munda,und,"","",,Soko,Zane Roskoph,2024-12-08T00:01:22Z
