id,vernacularName,language,locality,countryCode,source,lexicon,contributor,created
859135,yurlurnkuru,und,"Northern Territory, AU","",,Warlpiri,Samantha,2019-02-03T01:13:11Z
47144,maliki,und,"","",,Warlpiri,Yann Kemper,2022-11-15T05:10:28Z
188884,manja,und,"","",,Warlpiri,Will Cornwell,2023-06-30T02:35:36Z
64128,kunjumarra,und,"","",,Warlpiri,Will Cornwell,2023-06-30T02:43:15Z
132351,janpi,und,"","",,Warlpiri,Will Cornwell,2023-06-30T02:53:24Z
704808,yurltukunpa,und,Australia,AU,,Warlpiri,Will Cornwell,2023-06-30T02:58:58Z
704808,yimangi-kirlangu,und,"","",,Warlpiri,Will Cornwell,2023-06-30T03:00:08Z
1357030,jilingu,und,"","",,Warlpiri,Will Cornwell,2023-06-30T03:22:46Z
207911,ngalta,und,"","",,Warlpiri,Will Cornwell,2023-06-30T03:40:46Z
551475,miinypa,und,"","",,Warlpiri,Will Cornwell,2023-06-30T03:44:21Z
1386918,purraru,und,Australia,AU,,Warlpiri,Will Cornwell,2023-06-30T03:46:12Z
1415980,munta-munta,und,Australia,AU,,Warlpiri,Will Cornwell,2023-06-30T06:38:47Z
1025033,japirda,und,"","",,Warlpiri,Will Cornwell,2023-06-30T06:55:23Z
