id,vernacularName,language,locality,countryCode,source,lexicon,contributor,created
2,Chordabêestn,und,"","",,West Flemish,John E. Christensen,2017-11-30T12:37:23Z
145360,Vlasvienke,und,"","",,West Flemish,John E. Christensen,2018-02-24T14:53:16Z
8088,Vlamsche goai,und,"","",,West Flemish,John E. Christensen,2018-03-24T06:45:13Z
47157,Vlienders,und,"","",,West Flemish,John E. Christensen,2018-11-23T09:00:18Z
47602,pisseblomme,und,"","",,West Flemish,luckas,2019-04-28T11:55:06Z
505478,Henne,und,"","",,West Flemish,John E. Christensen,2020-01-02T13:37:02Z
136319,Zèèvredenne,und,"","",,West Flemish,Johan Devos,2020-12-10T16:06:04Z
136893,Sicieljoansche denne,und,"","",,West Flemish,Johan Devos,2020-12-10T16:07:06Z
136885,Bulgoarsche denne,und,"","",,West Flemish,Johan Devos,2020-12-10T16:08:00Z
136886,Grieksche denne,und,"","",,West Flemish,Johan Devos,2020-12-10T16:08:42Z
136894,Nordmann-denne,und,"","",,West Flemish,Johan Devos,2020-12-10T16:09:23Z
136894,Kowkoaziesche denne,und,"","",,West Flemish,Johan Devos,2020-12-10T16:09:50Z
340079,Turksche denne,und,"","",,West Flemish,Johan Devos,2020-12-10T16:10:18Z
340079,Uludağ-denne,und,"","",,West Flemish,Johan Devos,2020-12-10T16:11:10Z
445002,Nordmann-denne,und,"","",,West Flemish,Johan Devos,2020-12-10T16:11:48Z
445002,Kowkoaziesche denne,und,"","",,West Flemish,Johan Devos,2020-12-10T16:12:12Z
136896,Spoansche denne,und,"","",,West Flemish,Johan Devos,2020-12-10T16:12:54Z
445004,Spoansche denne,und,"","",,West Flemish,Johan Devos,2020-12-10T16:13:20Z
445003,Marokkoansche denne,und,"","",,West Flemish,Johan Devos,2020-12-10T16:13:51Z
136895,Algerynsche denne,und,"","",,West Flemish,Johan Devos,2020-12-10T16:14:28Z
136887,Syriesche denne,und,"","",,West Flemish,Johan Devos,2020-12-10T16:15:04Z
136317,Fraser-denne,und,"","",,West Flemish,Johan Devos,2020-12-10T16:15:41Z
54261,Boalsem-denne,und,"","",,West Flemish,Johan Devos,2020-12-10T16:16:35Z
194518,Schutbloadige boalsem-denne,und,"","",,West Flemish,Johan Devos,2020-12-10T16:17:34Z
54262,Denn,und,"","",,West Flemish,Johan Devos,2020-12-10T16:19:34Z
194516,Boalsem-denne,und,"","",,West Flemish,Johan Devos,2020-12-10T16:20:23Z
75241,Subalpiene denne,und,"","",,West Flemish,Johan Devos,2020-12-10T16:21:15Z
80287,Subalpiene denne,und,"","",,West Flemish,Johan Devos,2020-12-10T16:23:24Z
194527,Korkschussige denne,und,"","",,West Flemish,Johan Devos,2020-12-10T16:24:12Z
563375,Rotsgebergte-subalpiene denne,und,"","",,West Flemish,Johan Devos,2020-12-10T16:24:50Z
136310,Sibeerieschr denne,und,"","",,West Flemish,Johan Devos,2020-12-10T16:25:44Z
136898,Sakhalien-denne,und,"","",,West Flemish,Johan Devos,2020-12-10T16:26:18Z
136891,Koreoansche denne,und,"","",,West Flemish,Johan Devos,2020-12-10T16:26:57Z
136308,Khinghan-denne,und,"","",,West Flemish,Johan Devos,2020-12-10T16:27:36Z
136322,Veitch-denne,und,"","",,West Flemish,Johan Devos,2020-12-10T16:28:10Z
445012,Veitch-denne,und,"","",,West Flemish,Johan Devos,2020-12-10T16:28:30Z
445013,Shikoku-denne,und,"","",,West Flemish,Johan Devos,2020-12-10T16:29:00Z
63690,Reuzedenne,und,"","",,West Flemish,Johan Devos,2020-12-10T16:30:17Z
68087,Witte denne,und,"","",,West Flemish,Johan Devos,2020-12-10T16:31:00Z
551921,Low's witte denne,und,"","",,West Flemish,Johan Devos,2020-12-10T16:56:43Z
194522,Witte denne,und,"","",,West Flemish,Johan Devos,2020-12-10T16:57:10Z
136888,Durango-denne,und,"","",,West Flemish,Johan Devos,2020-12-10T16:58:28Z
314784,Durango-denne,und,"","",,West Flemish,Johan Devos,2020-12-10T16:59:06Z
314759,Coahuila-denne,und,"","",,West Flemish,Johan Devos,2020-12-10T17:00:05Z
136320,Guatemoalsche denne,und,"","",,West Flemish,Johan Devos,2020-12-10T17:02:40Z
120846,Taiwan-denne,und,"","",,West Flemish,Johan Devos,2020-12-10T17:03:56Z
136321,Nikko-denne,und,"","",,West Flemish,Johan Devos,2020-12-10T17:04:41Z
136309,Min-denne,und,"","",,West Flemish,Johan Devos,2020-12-10T17:06:13Z
136304,Momi-denne,und,"","",,West Flemish,Johan Devos,2020-12-10T17:06:49Z
136298,Baishanzu-denne,und,"","",,West Flemish,Johan Devos,2020-12-10T17:07:19Z
136306,Manchuriesche denne,und,"","",,West Flemish,Johan Devos,2020-12-10T17:08:05Z
136299,Shensi-denne,und,"","",,West Flemish,Johan Devos,2020-12-10T17:08:42Z
444986,Shensi-denne,und,"","",,West Flemish,Johan Devos,2020-12-10T17:09:31Z
411341,Salwen-denne,und,"","",,West Flemish,Johan Devos,2020-12-10T17:10:47Z
136314,Pindrow-denne,und,"","",,West Flemish,Johan Devos,2020-12-10T17:11:32Z
136846,Ziyuan-denne,und,"","",,West Flemish,Johan Devos,2020-12-10T17:12:23Z
75240,Pacifieke zèèvredenne,und,"","",,West Flemish,Johan Devos,2020-12-10T17:13:16Z
136892,Maries-denne,und,"","",,West Flemish,Johan Devos,2020-12-10T17:14:02Z
136300,Delavay-denne,und,"","",,West Flemish,Johan Devos,2020-12-10T17:15:14Z
444989,Delavay-denne,und,"","",,West Flemish,Johan Devos,2020-12-10T18:27:10Z
136305,Forrest-denne,und,"","",,West Flemish,Johan Devos,2020-12-10T18:29:12Z
444998,Forrest-denne,und,"","",,West Flemish,Johan Devos,2020-12-10T18:29:45Z
136315,Bhutan-denne,und,"","",,West Flemish,Johan Devos,2020-12-10T19:22:55Z
136311,Ôostlikke-Himalaja-denne,und,"","",,West Flemish,Johan Devos,2020-12-10T19:23:37Z
136303,Farges-denne,und,"","",,West Flemish,Johan Devos,2020-12-10T19:24:58Z
136302,Fanjingshan-denne,und,"","",,West Flemish,Johan Devos,2020-12-10T19:25:34Z
136313,Yuanbaoshan-denne,und,"","",,West Flemish,Johan Devos,2020-12-10T19:26:03Z
136312,Ofschilfrnde denne,und,"","",,West Flemish,Johan Devos,2020-12-10T19:26:33Z
136897,Illige denne,und,"","",,West Flemish,Johan Devos,2020-12-10T19:27:10Z
136889,Hickel-denne,und,"","",,West Flemish,Johan Devos,2020-12-10T19:27:43Z
314786,Hickel-denne,und,"","",,West Flemish,Johan Devos,2020-12-10T19:28:19Z
873608,Oaxaca-denne,und,"","",,West Flemish,Johan Devos,2020-12-10T19:28:53Z
75242,Eedle denne,und,"","",,West Flemish,Johan Devos,2020-12-10T19:29:34Z
68090,Rôo denne,und,"","",,West Flemish,Johan Devos,2020-12-10T19:30:07Z
47562,Pynboomachtign,und,"","",,West Flemish,Johan Devos,2020-12-10T19:31:23Z
69821,Ceedrs,und,"","",,West Flemish,Johan Devos,2020-12-10T19:32:28Z
69820,Himalaja-ceedre,und,"","",,West Flemish,Johan Devos,2020-12-10T19:33:10Z
136150,Libanon-ceedre,und,"","",,West Flemish,Johan Devos,2020-12-10T19:33:46Z
418649,Libanon-ceedre,und,"","",,West Flemish,Johan Devos,2020-12-10T19:34:23Z
136296,Cyprus-ceedre,und,"","",,West Flemish,Johan Devos,2020-12-10T19:35:33Z
136234,Atlas-ceedre,und,"","",,West Flemish,Johan Devos,2020-12-10T19:36:10Z
55571,Lorkn,und,"","",,West Flemish,Johan Devos,2020-12-10T19:37:27Z
59747,Europeesche lorke,und,"","",,West Flemish,Johan Devos,2020-12-10T19:38:18Z
59744,Europeesche lorke,und,"","",,West Flemish,Johan Devos,2020-12-10T19:39:03Z
135893,Siebeeriesche lorke,und,"","",,West Flemish,Johan Devos,2020-12-10T19:40:18Z
135892,Dahoeriesche lorke,und,"","",,West Flemish,Johan Devos,2020-12-10T19:40:49Z
413809,Prins-Rupprecht-lorke,und,"","",,West Flemish,Johan Devos,2020-12-10T19:41:44Z
445057,Olga-lorke,und,"","",,West Flemish,Johan Devos,2020-12-10T19:42:21Z
445057,Olga-Boaj-lorke,und,"","",,West Flemish,Johan Devos,2020-12-10T19:42:45Z
143786,Japansche lorke,und,"","",,West Flemish,Johan Devos,2020-12-10T19:43:58Z
412709,Dahoeriesche lorke,und,"","",,West Flemish,Johan Devos,2020-12-10T19:44:41Z
135818,Chineesche lorke,und,"","",,West Flemish,Johan Devos,2020-12-10T19:45:14Z
414081,Langtang-lorke,und,"","",,West Flemish,Johan Devos,2020-12-10T19:45:45Z
135815,Chineesche lorke,und,"","",,West Flemish,Johan Devos,2020-12-10T19:46:15Z
135817,Masters-lorke,und,"","",,West Flemish,Johan Devos,2020-12-10T19:47:00Z
69849,Westlikke lorke,und,"","",,West Flemish,Johan Devos,2020-12-10T19:49:16Z
69848,Subalpiene lorke,und,"","",,West Flemish,Johan Devos,2020-12-10T19:50:06Z
58721,Moeras-lorke,und,"","",,West Flemish,Johan Devos,2020-12-10T19:50:40Z
873595,Yunnan-lorke,und,"","",,West Flemish,Johan Devos,2020-12-10T19:51:43Z
340539,Himalaja-lorke,und,"","",,West Flemish,Johan Devos,2020-12-10T19:52:10Z
873620,Himalaja-lorke,und,"","",,West Flemish,Johan Devos,2020-12-10T19:52:32Z
359768,Dunkeldlorke,und,"","",,West Flemish,Johan Devos,2020-12-10T19:53:46Z
47561,Pynboomn,und,"","",,West Flemish,Johan Devos,2020-12-10T19:54:47Z
47561,Pynn,und,"","",,West Flemish,Johan Devos,2020-12-10T19:55:42Z
790732,Geele pynboomn,und,"","",,West Flemish,Johan Devos,2020-12-10T19:56:56Z
790732,Arte pynboomn,und,"","",,West Flemish,Johan Devos,2020-12-10T19:57:29Z
790730,Witte pynboomn,und,"","",,West Flemish,Johan Devos,2020-12-10T19:58:28Z
790730,Zochte pynboomn,und,"","",,West Flemish,Johan Devos,2020-12-10T19:58:54Z
63573,Sparre,und,"","",,West Flemish,Johan Devos,2020-12-10T20:03:57Z
78581,Brewer-sparre,und,"","",,West Flemish,Johan Devos,2020-12-10T20:04:36Z
68131,Sitka-sparre,und,"","",,West Flemish,Johan Devos,2020-12-10T20:05:10Z
78582,Engelmann-sparre,und,"","",,West Flemish,Johan Devos,2020-12-10T20:05:49Z
873621,Engelmann-sparre,und,"","",,West Flemish,Johan Devos,2020-12-10T20:06:24Z
117326,Witte sparre,und,"","",,West Flemish,Johan Devos,2020-12-10T20:07:01Z
738983,Witte sparre,und,"","",,West Flemish,Johan Devos,2020-12-10T20:07:22Z
135793,Sargent-sparre,und,"","",,West Flemish,Johan Devos,2020-12-10T20:07:53Z
135736,Chihuahua-sparre,und,"","",,West Flemish,Johan Devos,2020-12-10T20:08:43Z
135771,Farrer-sparre,und,"","",,West Flemish,Johan Devos,2020-12-10T20:09:10Z
135797,Likiang-sparre,und,"","",,West Flemish,Johan Devos,2020-12-10T20:09:38Z
445076,Likiang-sparre,und,"","",,West Flemish,Johan Devos,2020-12-10T20:09:57Z
135737,Martinez-sparre,und,"","",,West Flemish,Johan Devos,2020-12-10T20:10:31Z
135740,Maximowicz-sparre,und,"","",,West Flemish,Johan Devos,2020-12-10T20:10:57Z
445078,Maximowicz-sparre,und,"","",,West Flemish,Johan Devos,2020-12-10T20:11:15Z
135799,Tajwaneesche sparre,und,"","",,West Flemish,Johan Devos,2020-12-10T20:11:46Z
135800,Veitch-sparre,und,"","",,West Flemish,Johan Devos,2020-12-10T20:12:19Z
135802,Kaukoaziesche sparre,und,"","",,West Flemish,Johan Devos,2020-12-10T20:12:51Z
135803,Purpre sparre,und,"","",,West Flemish,Johan Devos,2020-12-10T20:13:18Z
135804,Schrenk-sparre,und,"","",,West Flemish,Johan Devos,2020-12-10T20:13:50Z
135805,Smith-sparre,und,"","",,West Flemish,Johan Devos,2020-12-10T20:14:24Z
135806,Sikkim-sparre,und,"","",,West Flemish,Johan Devos,2020-12-10T20:14:52Z
873600,Tygresteirt-sparre,und,"","",,West Flemish,Johan Devos,2020-12-10T20:15:44Z
135807,Wilson-sparre,und,"","",,West Flemish,Johan Devos,2020-12-10T20:16:09Z
63567,Geweune sparre,und,"","",,West Flemish,Johan Devos,2020-12-10T20:16:44Z
63569,Geweune sparre,und,"","",,West Flemish,Johan Devos,2020-12-10T20:17:40Z
445062,Alcock-sparre,und,"","",,West Flemish,Johan Devos,2020-12-10T20:18:08Z
412989,Alcock-sparre,und,"","",,West Flemish,Johan Devos,2020-12-10T20:18:27Z
135792,Droake-sparre,und,"","",,West Flemish,Johan Devos,2020-12-10T20:20:09Z
445067,Droake-sparre,und,"","",,West Flemish,Johan Devos,2020-12-10T20:20:31Z
135794,Vetplantige sparre,und,"","",,West Flemish,Johan Devos,2020-12-10T20:21:16Z
135772,Glehn-sparre,und,"","",,West Flemish,Johan Devos,2020-12-10T20:21:48Z
135795,Jezo-sparre,und,"","",,West Flemish,Johan Devos,2020-12-10T20:22:17Z
445069,Jezo-sparre,und,"","",,West Flemish,Johan Devos,2020-12-10T20:22:44Z
135796,Koreoansche sparre,und,"","",,West Flemish,Johan Devos,2020-12-10T20:23:12Z
445071,Koreoansche sparre,und,"","",,West Flemish,Johan Devos,2020-12-10T20:23:41Z
135735,Koyama-sparre,und,"","",,West Flemish,Johan Devos,2020-12-10T20:24:12Z
84296,Zwarte sparre,und,"","",,West Flemish,Johan Devos,2020-12-10T20:24:47Z
135798,Meyer-sparre,und,"","",,West Flemish,Johan Devos,2020-12-10T20:25:18Z
135801,Sibeeriesche sparre,und,"","",,West Flemish,Johan Devos,2020-12-10T20:25:59Z
135773,Serviesche sparre,und,"","",,West Flemish,Johan Devos,2020-12-10T20:26:32Z
119092,Blowe sparre,und,"","",,West Flemish,Johan Devos,2020-12-10T20:27:09Z
135738,Groene Droake-sparre,und,"","",,West Flemish,Johan Devos,2020-12-10T20:27:40Z
121931,Rôo sparre,und,"","",,West Flemish,Johan Devos,2020-12-10T20:28:05Z
47126,Plantn,und,"","",,West Flemish,Johan Devos,2020-12-10T20:31:12Z
1,Bêestn,und,"","",,West Flemish,Johan Devos,2020-12-10T20:32:52Z
47170,Schimmels,und,"","",,West Flemish,Johan Devos,2020-12-10T20:33:27Z
47686,Protistn,und,"","",,West Flemish,Johan Devos,2020-12-10T20:34:16Z
47273,Kroakbêenvisschn,und,"","",,West Flemish,Johan Devos,2020-12-10T20:37:14Z
85497,Kwastvinnign,und,"","",,West Flemish,Johan Devos,2020-12-10T20:38:16Z
47178,Stroalvinnign,und,"","",,West Flemish,Johan Devos,2020-12-10T20:38:57Z
47273,Hoain en rogn,und,"","",,West Flemish,Johan Devos,2020-12-10T20:40:02Z
448201,Rogn,und,"","",,West Flemish,Johan Devos,2020-12-10T20:40:42Z
551307,Hoain,und,"","",,West Flemish,Johan Devos,2020-12-10T20:41:17Z
355675,Gewerveld'n,und,"","",,West Flemish,Johan Devos,2020-12-10T20:43:19Z
49824,Steurachtign,und,"","",,West Flemish,Johan Devos,2020-12-10T20:44:52Z
47314,Poalienkachtign,und,"","",,West Flemish,Johan Devos,2020-12-10T20:45:23Z
49235,Hoarienkachtign,und,"","",,West Flemish,Johan Devos,2020-12-10T20:45:54Z
49333,Tandkarpers,und,"","",,West Flemish,Johan Devos,2020-12-10T20:46:44Z
49216,Karperachtign,und,"","",,West Flemish,Johan Devos,2020-12-10T20:47:16Z
63741,Schellevisachtign,und,"","",,West Flemish,Johan Devos,2020-12-10T20:48:19Z
49887,Spierienkachtign,und,"","",,West Flemish,Johan Devos,2020-12-10T20:49:22Z
47233,Boarsachtign,und,"","",,West Flemish,Johan Devos,2020-12-10T20:50:32Z
47521,Zalms,und,"","",,West Flemish,Johan Devos,2020-12-10T20:51:00Z
49175,Meervalachtign,und,"","",,West Flemish,Johan Devos,2020-12-10T20:52:01Z
47233,Groendelachtign,und,"","",,West Flemish,Johan Devos,2020-12-10T20:53:03Z
47308,Groendels,und,"","",,West Flemish,Johan Devos,2020-12-10T20:53:52Z
106743,Zwartbekgroendel,und,"","",,West Flemish,Johan Devos,2020-12-10T20:55:48Z
49217,Stêenkruupers,und,"","",,West Flemish,Johan Devos,2020-12-10T20:57:00Z
58661,Zuugkarpers,und,"","",,West Flemish,Johan Devos,2020-12-10T20:57:35Z
85699,Stêenbyters,und,"","",,West Flemish,Johan Devos,2020-12-10T20:58:10Z
49609,Echte karpers,und,"","",,West Flemish,Johan Devos,2020-12-10T20:58:52Z
1032183,Rivierstêenbyters,und,"","",,West Flemish,Johan Devos,2020-12-10T20:59:28Z
51385,Algneters,und,"","",,West Flemish,Johan Devos,2020-12-10T20:59:58Z
86029,Spoelgrondels,und,"","",,West Flemish,Johan Devos,2020-12-10T21:00:31Z
49609,Karpers,und,"","",,West Flemish,Johan Devos,2020-12-10T21:01:14Z
96854,Siameesche reuzekarper,und,"","",,West Flemish,Johan Devos,2020-12-10T21:01:56Z
112118,Rotse,und,"","",,West Flemish,Johan Devos,2020-12-10T21:03:10Z
112118,Rietvôorn,und,"","",,West Flemish,Johan Devos,2020-12-10T21:04:06Z
69989,Blankvôorn,und,"","",,West Flemish,Johan Devos,2020-12-10T21:05:21Z
95147,Barbêel,und,"","",,West Flemish,Johan Devos,2020-12-10T21:08:04Z
95062,Hoaibarbêel,und,"","",,West Flemish,Johan Devos,2020-12-10T21:09:00Z
267234,Gilwe groendel,und,"","",,West Flemish,Johan Devos,2020-12-10T21:11:23Z
58651,Hoendsvissn,und,"","",,West Flemish,Johan Devos,2020-12-10T21:13:04Z
51369,Snoeks,und,"","",,West Flemish,Johan Devos,2020-12-10T21:13:42Z
100429,Muskellunge,und,"","",,West Flemish,Johan Devos,2020-12-10T21:14:21Z
55387,Snoek,und,"","",,West Flemish,Johan Devos,2020-12-10T21:15:26Z
506432,Aquitoansche snoek,und,"","",,West Flemish,Johan Devos,2020-12-10T21:16:22Z
100428,Amerikoansche snoek,und,"","",,West Flemish,Johan Devos,2020-12-10T21:16:49Z
130345,Amerikoansche snoek,und,"","",,West Flemish,Johan Devos,2020-12-10T21:17:17Z
486180,Zuudelyke snoek,und,"","",,West Flemish,Johan Devos,2020-12-10T21:17:48Z
51367,Keetnsnoek,und,"","",,West Flemish,Johan Devos,2020-12-10T21:18:17Z
614139,Amoersnoek,und,"","",,West Flemish,Johan Devos,2020-12-10T21:18:42Z
614139,Zwartvlekkige snoek,und,"","",,West Flemish,Johan Devos,2020-12-10T21:19:08Z
468044,Zêevounk,und,"","",,West Flemish,Zane Roskoph,2021-08-05T17:33:35Z
41964,Lêeuw,und,"","",,West Flemish,Zane Roskoph,2021-08-24T15:29:28Z
42407,Wisent,und,"","",,West Flemish,Zane Roskoph,2021-08-25T14:05:43Z
42407,Europeeschn bisong,und,"","",,West Flemish,Zane Roskoph,2021-08-25T14:06:02Z
1303586,Stekelboarsachtign,und,"","",https://www.inaturalist.org/taxon_names/2336986/edit,West Flemish,,2021-11-09T03:40:27Z
47233,Schorpioenvisachtign,und,"","",https://www.inaturalist.org/taxon_names/2337000/edit,West Flemish,operculum_ben,2021-11-23T20:08:05Z
1303751,Platvisn,und,"","",https://www.inaturalist.org/taxon_names/2336989/edit,West Flemish,,2021-11-23T21:11:30Z
1455196,Faber-denne,und,"","",https://www.inaturalist.org/taxon_names/2336675/edit,West Flemish,,2023-03-04T06:25:30Z
1555656,Snoekachtign,und,"","",https://www.inaturalist.org/taxon_names/2336982/edit,West Flemish,,2024-06-04T15:35:51Z
