id,vernacularName,language,locality,countryCode,source,lexicon,contributor,created
31460,Hiu cheparo,und,"","",http://reptile-database.reptarium.cz/search.php?genus=Phrynocephalus&species=theobaldi&submit=Search,Nepali,,2011-08-19T02:27:14Z
74831,हिउँ चितुवा,und,"","",,Nepali,Bobby McCabe,2017-10-13T01:07:56Z
47731,जुनकिरी,und,"","",,Nepali,abeen,2017-10-28T18:32:50Z
135557,ठिँगुरे सल्लो,und,"","",,Nepali,Bobby McCabe,2017-11-01T13:49:00Z
209325,खरेटेf,und,"","",,Nepali,James Ojascastro,2017-11-30T05:51:25Z
602697,ग्यागेनगागा,und,"","",,Nepali,James Ojascastro,2017-11-30T05:51:59Z
603037,डुक,und,"","",,Nepali,James Ojascastro,2017-12-10T09:42:12Z
3,चरा,und,"","",,Nepali,John E. Christensen,2017-12-22T21:58:45Z
204454,नेपाली,und,"","",,Nepali,John E. Christensen,2018-02-18T16:36:34Z
370159,Kode jhar,und,"","",,Nepali,James Ojascastro,2018-02-27T05:49:16Z
548796,भाले सुनपाति,und,"","",,Nepali,James Ojascastro,2018-02-28T19:34:55Z
601903,सुनपाति,und,"","",,Nepali,James Ojascastro,2018-02-28T19:36:13Z
400975,पुmलपात,und,"","",,Nepali,James Ojascastro,2018-03-01T02:43:59Z
48867,खजुर,und,"","",,Nepali,John E. Christensen,2018-03-18T14:43:36Z
82096,कनकचम्पा,und,"","",,Nepali,John E. Christensen,2018-06-30T18:32:43Z
243937,Argeli,und,"","",,Nepali,James Ojascastro,2018-12-13T17:34:46Z
824850,भैसे लहरेf,und,"","",,Nepali,James Ojascastro,2019-01-20T12:51:16Z
824850,Bhainse laharo,und,"","",,Nepali,James Ojascastro,2019-01-20T12:51:58Z
411078,Kagate,und,Nepal | India,"NP,IN",,Nepali,James Ojascastro,2019-01-26T22:39:11Z
40151,स्तनधारी प्राणी,und,"","",,Nepali,John E. Christensen,2019-02-07T16:19:45Z
82814,कमल,und,"","",,Nepali,John E. Christensen,2019-05-05T10:46:12Z
707256,baruwa,und,"","",,Nepali,James Ojascastro,2019-06-25T19:19:15Z
707256,kagatpate,und,"","",,Nepali,James Ojascastro,2019-06-25T19:19:54Z
160294,ब्रह्मबुटि,und,"","",,Nepali,harshithjv,2019-07-14T11:08:38Z
160294,घोड टाप्रे,und,"","",,Nepali,harshithjv,2019-07-14T11:08:51Z
487659,चियापाते,und,"","",,Nepali,James Ojascastro,2019-08-16T16:32:21Z
487659,हिङगुवा,und,"","",,Nepali,James Ojascastro,2019-08-16T16:33:20Z
43584,मानव,und,"","",,Nepali,Andrés Ramírez-Barrera,2019-09-15T21:23:49Z
47927,गाइने किरा,und,"","",,Nepali,John E. Christensen,2019-11-11T21:25:11Z
505478,कुखुरा,und,"","",,Nepali,John E. Christensen,2019-12-22T07:08:42Z
131236,भाइरस,und,"","",,Nepali,James K. Douch,2020-02-23T03:00:18Z
42313,नाउर,und,Nepal,NP,,Nepali,yak_czechia,2020-03-30T23:00:25Z
28868,Lambaiya,und,Nepal,NP,,Nepali,Andrew Durso,2020-08-27T21:52:00Z
27650,Katakhor,und,Nepal,NP,,Nepali,Andrew Durso,2020-08-27T21:53:37Z
30419,Karkatnag,und,Nepal,NP,,Nepali,Andrew Durso,2020-08-27T21:54:26Z
30452,Karet sarpa,und,Nepal,NP,,Nepali,Andrew Durso,2020-08-27T21:56:23Z
30448,Kanthmala,und,Nepal,NP,,Nepali,Andrew Durso,2020-08-27T21:57:04Z
30445,Kalo karet,und,Nepal,NP,,Nepali,Andrew Durso,2020-08-27T22:13:15Z
30441,Kalo karet,und,Nepal,NP,,Nepali,Andrew Durso,2020-08-27T22:13:47Z
30472,Kenwata,und,Nepal,NP,,Nepali,Andrew Durso,2020-08-27T22:15:55Z
53492,Kopre,und,Nepal,NP,,Nepali,Andrew Durso,2020-08-27T22:16:17Z
26654,Laudanga,und,Nepal,NP,,Nepali,Andrew Durso,2020-08-27T22:23:33Z
30448,Laxmisarp,und,Nepal,NP,,Nepali,Andrew Durso,2020-08-27T22:28:22Z
32205,Linde sarpa,und,Nepal,NP,,Nepali,Andrew Durso,2020-08-27T22:29:01Z
966804,Madagidawa,und,Nepal,NP,,Nepali,Andrew Durso,2020-08-27T22:30:05Z
26746,Machhagidhi,und,Nepal,NP,,Nepali,Andrew Durso,2020-08-27T22:30:43Z
200958,मलाहा चील,und,"","",,Nepali,John E. Christensen,2020-12-01T07:57:35Z
411078,Argaye,und,Nepal,NP,,Nepali,Phuentsho,2021-03-02T06:59:34Z
114230,Mahaseer,und,"","",http://www.catalogueoflife.org/annual-checklist/details/species/id/10061239/common/93548,Nepali,,2021-07-14T17:47:41Z
114231,Mahaseer,und,"","",http://www.catalogueoflife.org/annual-checklist/details/species/id/10061246/common/93447,Nepali,,2021-07-14T17:47:41Z
114230,सहर,und,"","",http://www.catalogueoflife.org/annual-checklist/details/species/id/10061239/common/93507,Nepali,,2021-07-14T17:48:38Z
114231,सहर,und,"","",http://www.catalogueoflife.org/annual-checklist/details/species/id/10061246/common/93406,Nepali,,2021-07-14T17:48:39Z
97273,Bhaura,und,"","",http://www.catalogueoflife.org/annual-checklist/details/species/id/10070070/common/128891,Nepali,,2021-07-15T15:43:44Z
97273,सोरा,und,"","",http://www.catalogueoflife.org/annual-checklist/details/species/id/10070070/common/128915,Nepali,,2021-07-15T15:44:10Z
97280,सोरा,und,"","",http://www.catalogueoflife.org/annual-checklist/details/species/id/10070083/common/128603,Nepali,,2021-07-15T15:44:11Z
97273,सोल,und,"","",http://www.catalogueoflife.org/annual-checklist/details/species/id/10070070/common/128914,Nepali,,2021-07-15T15:44:16Z
115010,Bohari,und,"","",http://www.catalogueoflife.org/annual-checklist/details/species/id/10081706/common/102884,Nepali,,2021-07-19T16:05:56Z
115010,Padni,und,"","",http://www.catalogueoflife.org/annual-checklist/details/species/id/10081706/common/102863,Nepali,,2021-07-19T16:06:02Z
115010,पदनी,und,"","",http://www.catalogueoflife.org/annual-checklist/details/species/id/10081706/common/102832,Nepali,,2021-07-19T16:06:09Z
95038,Baghai,und,"","",http://www.catalogueoflife.org/annual-checklist/details/species/id/10081711/common/150948,Nepali,,2021-07-27T13:01:25Z
95038,Gochara,und,"","",http://www.catalogueoflife.org/annual-checklist/details/species/id/10081711/common/150942,Nepali,,2021-07-27T13:01:43Z
95038,Gonch,und,"","",http://www.catalogueoflife.org/annual-checklist/details/species/id/10081711/common/150938,Nepali,,2021-07-27T13:01:51Z
95038,Thend,und,"","",http://www.catalogueoflife.org/annual-checklist/details/species/id/10081711/common/150924,Nepali,,2021-07-27T13:02:09Z
95038,थींद,und,"","",http://www.catalogueoflife.org/annual-checklist/details/species/id/10081711/common/150954,Nepali,,2021-07-27T13:02:17Z
95038,Gounch,und,"","",,Nepali,Zane Roskoph,2021-07-27T13:04:23Z
95432,Batasio,und,"","",,Nepali,Zane Roskoph,2021-07-27T13:07:44Z
112287,Tikhe asla,und,"","",,Nepali,Zane Roskoph,2021-07-27T13:12:53Z
114230,Mahseer,und,"","",,Nepali,Zane Roskoph,2021-07-27T13:27:05Z
114230,Ratar,und,"","",,Nepali,Zane Roskoph,2021-07-27T13:27:39Z
114230,Pahale Sahar,und,"","",,Nepali,Zane Roskoph,2021-07-27T13:27:59Z
114230,Mansar,und,"","",,Nepali,Zane Roskoph,2021-07-27T13:28:15Z
114230,Sahar,und,"","",,Nepali,Zane Roskoph,2021-07-27T13:28:34Z
114231,Falame sahar,und,"","",,Nepali,Zane Roskoph,2021-07-27T14:13:19Z
114231,Sahar,und,"","",,Nepali,Zane Roskoph,2021-07-27T14:13:34Z
114231,Sor,und,"","",http://www.catalogueoflife.org/annual-checklist/details/species/id/10061246/common/93417,Nepali,,2021-07-27T14:13:54Z
114231,सोर,und,"","",http://www.catalogueoflife.org/annual-checklist/details/species/id/10061246/common/93405,Nepali,,2021-07-27T14:14:26Z
111171,Raigadelo,und,"","",,Nepali,Zane Roskoph,2021-07-27T14:20:19Z
111171,ितते,und,"","",http://www.catalogueoflife.org/annual-checklist/details/species/id/10062158/common/182918,Nepali,,2021-07-27T14:20:43Z
111171,Titae,und,"","",,Nepali,Zane Roskoph,2021-07-27T14:20:52Z
41972,ध्वाँसे चितुवा,und,"","",,Nepali,Zane Roskoph,2021-07-30T12:58:14Z
30472,राज गोमन,und,"","",,Nepali,Zane Roskoph,2021-08-02T18:33:01Z
331121,ज्यामिर,und,"","",,Nepali,Zane Roskoph,2021-08-10T12:26:01Z
123356,बिमिरो,und,"","",,Nepali,Zane Roskoph,2021-08-10T12:44:49Z
41644,ध्रुविय भालु,und,"","",,Nepali,Zane Roskoph,2021-08-11T16:56:37Z
41553,निलो व्हेल,und,"","",,Nepali,Zane Roskoph,2021-08-15T15:12:35Z
41964,सिंह,und,"","",,Nepali,Zane Roskoph,2021-08-24T15:05:27Z
41967,बाघ,und,"","",,Nepali,Zane Roskoph,2021-08-26T16:25:06Z
130793,पाटे बाघ,und,"","",,Nepali,Zane Roskoph,2021-08-27T12:33:59Z
130793,मलेशियन बाघ,und,"","",,Nepali,Zane Roskoph,2021-08-27T13:56:56Z
369469,सावा [sava],und,"","",,Nepali,harshithjv,2021-10-27T05:08:36Z
93987,Kabai,und,"","",http://www.catalogueoflife.org/annual-checklist/2012/details/species/id/9741333,Nepali,,2021-12-04T16:43:29Z
105252,Chusi bam,und,"","",http://www.catalogueoflife.org/annual-checklist/2012/details/species/id/9741333,Nepali,Wich’yanan (Jay) Limparungpatthanakij,2022-03-09T23:25:24Z
469472,स्याऊ,und,"","",,Nepali,,2022-03-27T04:57:20Z
123005,चिया,und,"","",,Nepali,surajch,2022-05-24T12:07:40Z
635284,अलैँचि,und,"","",,Nepali,surajch,2022-05-24T12:25:18Z
122971,अदुवा,und,"","",,Nepali,surajch,2022-05-24T12:32:26Z
119386,हलेदो,und,"","",,Nepali,surajch,2022-05-24T12:38:35Z
1,जनावरहरू,und,"","",,Nepali,Yann Kemper,2022-11-18T04:53:20Z
20526,अस्ट्रिच,und,"","",,Nepali,Johan Devos,2023-02-28T22:59:56Z
187787,Amago,und,"","",http://www.catalogueoflife.org/annual-checklist/2012/details/species/id/9741333,Nepali,,2023-11-03T01:02:23Z
461918,फलेदो,und,"","",,Nepali,Yann Kemper,2023-12-21T01:13:46Z
158201,उतिस,und,"","",,Nepali,Bon Pradhan,2024-01-21T08:27:22Z
1081598,आरूपाते,und,"","",,Nepali,Bon Pradhan,2024-01-21T08:38:05Z
431494,पैंयु,und,"","",,Nepali,Bon Pradhan,2024-01-21T09:08:35Z
280909,रूख टमटर,und,"","",,Nepali,Bon Pradhan,2024-01-21T09:19:02Z
498527,घुरपीस/भुसुरे,und,"","",,Nepali,Bon Pradhan,2024-01-21T09:32:43Z
416482,दमाई फल,und,"","",,Nepali,Bon Pradhan,2024-01-21T09:53:38Z
956264,फलेदो,und,"","",,Nepali,Bon Pradhan,2024-01-21T10:01:28Z
127229,पाखनबेथ,und,"","",,Nepali,Bon Pradhan,2024-01-21T10:18:10Z
82096,चाँप,und,"","",,Nepali,Bon Pradhan,2024-01-21T10:40:21Z
47217,सुनखरी / सुनगाभा,und,"","",,Nepali,Bon Pradhan,2024-01-21T10:54:09Z
855415,गुराँस / लालीगुराँस,und,"","",,Nepali,Bon Pradhan,2024-01-21T11:02:34Z
51886,शिस्नु,und,"","",,Nepali,Bon Pradhan,2024-01-21T11:09:26Z
62867,अम्बक/अम्बा/बेलौती,und,"","",,Nepali,Bon Pradhan,2024-01-21T11:21:51Z
1590152,जिम्बु Jimbu,und,"","",,Nepali,Tabish,2024-11-19T02:57:53Z
411078,लेfकता,und,Nepal,NP,,Nepali,James Ojascastro,2024-12-09T20:57:16Z
