id,vernacularName,language,locality,countryCode,source,lexicon,contributor,created
130991,pvkpvke holati tihvs rakita,und,"","",,Mvskoke,Arturo Santos,2023-03-09T18:08:26Z
48448,vce,und,"","",,Mvskoke,Southern Appalachia,2023-11-20T23:39:56Z
52736,Kofockv-rakko,und,"","",,Mvskoke,Southern Appalachia,2023-11-30T14:58:00Z
128695,Passv,und,"","",,Mvskoke,Southern Appalachia,2023-11-30T15:12:53Z
128671,mēkko-hoyvnēcv,und,"","",,Mvskoke,Southern Appalachia,2023-11-30T15:22:50Z
58316,Hoyvnecv,und,"","",,Mvskoke,Southern Appalachia,2023-11-30T15:24:55Z
116333,Heles-hvtke,und,"","",,Mvskoke,Southern Appalachia,2023-11-30T15:28:27Z
54793,Kvpvpaskv,und,"","",,Mvskoke,Southern Appalachia,2023-11-30T16:00:24Z
54797,kvtohwv,und,"","",,Mvskoke,Southern Appalachia,2023-11-30T16:05:27Z
56088,cvhahtv,und,"","",,Mvskoke,Southern Appalachia,2023-11-30T16:07:31Z
81836,Aloneske,und,"","",,Mvskoke,Southern Appalachia,2023-11-30T16:10:20Z
81836,Halonseske,und,"","",,Mvskoke,Southern Appalachia,2023-11-30T16:10:39Z
54795,Weso,und,"","",,Mvskoke,Southern Appalachia,2023-11-30T16:16:45Z
50299,Kepalv,und,"","",,Mvskoke,Southern Appalachia,2024-07-15T08:47:50Z
54765,Tvwv,und,"","",,Mvskoke,Southern Appalachia,2024-07-15T08:49:32Z
64343,Kafe,und,"","",,Mvskoke,Southern Appalachia,2024-07-15T09:02:38Z
56955,hvse-hēcv,und,"","",,Mvskoke,Southern Appalachia,2024-07-15T09:07:47Z
48439,Tvhwv,und,"","",,Mvskoke,Southern Appalachia,2024-07-15T09:12:36Z
125462,tenētkepa,und,"","",,Mvskoke,Southern Appalachia,2024-07-25T11:26:10Z
53640,meskolwv,und,"","",,Mvskoke,Southern Appalachia,2024-07-25T11:28:28Z
49187,oto,und,"","",,Mvskoke,Southern Appalachia,2024-07-25T14:25:49Z
121748,kohv,und,"","",,Mvskoke,Southern Appalachia,2024-07-25T15:33:14Z
42408,yvnvsv,und,"","",,Mvskoke,Southern Appalachia,2024-07-25T15:35:15Z
58732,vfvlla,und,"","",,Mvskoke,Southern Appalachia,2024-07-25T15:41:10Z
48599,osa,und,"","",,Mvskoke,Southern Appalachia,2024-07-25T15:43:01Z
49658,helok-vpe,und,"","",,Mvskoke,Southern Appalachia,2024-07-25T15:47:00Z
47727,heno,und,"","",,Mvskoke,Southern Appalachia,2024-07-25T15:54:51Z
49662,akhatkv,und,"","",,Mvskoke,Southern Appalachia,2024-07-25T15:57:46Z
47726,hakkv-hakv,und,"","",,Mvskoke,Southern Appalachia,2024-07-25T16:04:38Z
47561,cule,und,"","",,Mvskoke,Southern Appalachia,2024-07-25T16:12:34Z
56088,eccvhahtv,und,"","",,Mvskoke,Southern Appalachia,2024-07-25T16:19:46Z
54860,lopakv,und,"","",,Mvskoke,Southern Appalachia,2024-07-25T16:20:56Z
242738,mēkko-hoyvnēcv,und,"","",,Mvskoke,Southern Appalachia,2024-07-25T16:25:48Z
51453,opvkv,und,"","",,Mvskoke,Southern Appalachia,2024-07-25T16:30:59Z
48038,totkv-mocasv,und,"","",,Mvskoke,Southern Appalachia,2024-07-25T16:34:10Z
54801,ke,und,"","",,Mvskoke,Southern Appalachia,2024-07-25T16:35:53Z
53720,konap-hakv,und,"","",,Mvskoke,Southern Appalachia,2024-07-25T16:37:14Z
36362,kvnrvpuce,und,"","",,Mvskoke,Southern Appalachia,2024-07-25T16:45:12Z
9083,fus-cate,und,"","",,Mvskoke,Southern Appalachia,2024-07-25T16:46:53Z
1544605,eto-ofv-lucv,und,"","",,Mvskoke,Southern Appalachia,2024-07-25T16:48:23Z
39682,kvcvcvwv,und,"","",,Mvskoke,Southern Appalachia,2024-07-25T16:50:05Z
39532,lucv,und,"","",,Mvskoke,Southern Appalachia,2024-07-25T16:51:07Z
39763,lucv-horkopv,und,"","",,Mvskoke,Southern Appalachia,2024-07-25T16:52:01Z
40085,lucv-huehkv,und,"","",,Mvskoke,Southern Appalachia,2024-07-25T16:53:13Z
39677,lucv-rakko,und,"Florida, US","",,Mvskoke,Southern Appalachia,2024-07-25T16:54:10Z
1544605,lucv-svokv,und,"","",,Mvskoke,Southern Appalachia,2024-07-25T16:55:39Z
1544605,lucv-tokocke,und,"","",,Mvskoke,Southern Appalachia,2024-07-25T16:56:06Z
39809,lucv-tokocke,und,"","",,Mvskoke,Southern Appalachia,2024-07-25T16:56:51Z
39708,lucv-tvkvcwe,und,"","",,Mvskoke,Southern Appalachia,2024-07-25T16:57:43Z
115559,kvnsvlatkv-rakko,und,"","",,Mvskoke,Southern Appalachia,2024-07-25T16:59:40Z
204114,eco-pihkv,und,"","",,Mvskoke,Southern Appalachia,2024-07-25T17:04:45Z
116999,hahcukwv,und,"","",,Mvskoke,Southern Appalachia,2024-09-23T02:32:56Z
47144,efv,und,"","",,Mvskoke,Southern Appalachia,2024-09-23T06:44:31Z
118552,pose,und,"","",,Mvskoke,Southern Appalachia,2024-09-23T06:45:36Z
209233,rakko,und,"Oklahoma, US","",,Mvskoke,Southern Appalachia,2024-09-23T06:48:36Z
209233,corakko,und,"","",,Mvskoke,Southern Appalachia,2024-09-23T06:49:10Z
209233,cerakko,und,"","",,Mvskoke,Southern Appalachia,2024-09-23T06:49:26Z
209233,ecerakko,und,"","",,Mvskoke,Southern Appalachia,2024-09-23T06:49:43Z
1066,kowike-rakko,und,"","",,Mvskoke,Southern Appalachia,2024-09-23T06:51:47Z
1066,kowik-rakko,und,"","",,Mvskoke,Southern Appalachia,2024-09-23T06:52:08Z
42652,sokhv-hatkv,und,"","",,Mvskoke,Southern Appalachia,2024-09-23T06:55:45Z
41882,kono-cvlv,und,"","",,Mvskoke,Southern Appalachia,2024-09-23T07:03:59Z
41882,kono-cvlahuce,und,"","",,Mvskoke,Southern Appalachia,2024-09-23T07:04:46Z
41882,kono-lvkahuce,und,"","",,Mvskoke,Southern Appalachia,2024-09-23T07:05:27Z
59644,apvyakv,und,"Florida, US","",,Mvskoke,Southern Appalachia,2024-09-23T07:11:39Z
505478,tolose,und,"","",,Mvskoke,Southern Appalachia,2024-09-23T07:15:04Z
505478,tottolose,und,"","",,Mvskoke,Southern Appalachia,2024-09-23T07:15:37Z
74113,wakv,und,"","",,Mvskoke,Southern Appalachia,2024-09-23T07:18:57Z
59029,wakv enhece,und,"","",,Mvskoke,Southern Appalachia,2024-09-23T07:21:49Z
41663,wotko,und,"","",,Mvskoke,Southern Appalachia,2024-09-23T07:24:41Z
42051,yvhv-lanuce,und,"","",,Mvskoke,Southern Appalachia,2024-09-23T07:28:23Z
26159,hvlpvtv,und,"","",,Mvskoke,Southern Appalachia,2024-09-23T07:48:55Z
26085,hvlpvtv-yopo-fvske,und,"","",,Mvskoke,Southern Appalachia,2024-09-23T07:53:54Z
131585,tolv,und,"","",,Mvskoke,Southern Appalachia,2024-09-23T07:56:56Z
53640,meskolvpe,und,"","",,Mvskoke,Southern Appalachia,2024-09-23T07:59:51Z
54787,ocē-tokfv,und,"","",,Mvskoke,Southern Appalachia,2024-09-23T19:15:24Z
67593,ocē-cvpko,und,"","",,Mvskoke,Southern Appalachia,2024-09-23T19:19:58Z
67593,ocē-cvpkuce,und,"","",,Mvskoke,Southern Appalachia,2024-09-23T19:21:33Z
67593,ocē entvkacketv,und,"","",,Mvskoke,Southern Appalachia,2024-09-23T19:22:11Z
505478,totolose,und,"","",,Mvskoke,Southern Appalachia,2024-09-23T19:31:51Z
242738,kēstowv,und,"","",,Mvskoke,Southern Appalachia,2024-09-23T20:02:09Z
43794,eccaswv,und,"","",,Mvskoke,Southern Appalachia,2024-09-23T20:07:59Z
43794,echaswv,und,"","",,Mvskoke,Southern Appalachia,2024-09-23T20:08:31Z
9083,fuscate,und,"","",,Mvskoke,Southern Appalachia,2024-09-23T20:14:39Z
9083,fus-cahtv,und,"","",,Mvskoke,Southern Appalachia,2024-09-23T20:15:18Z
82529,culoswv,und,"","",,Mvskoke,Southern Appalachia,2024-09-27T06:06:53Z
126645,pvrkuce,und,"","",,Mvskoke,Southern Appalachia,2024-09-27T06:08:56Z
26159,vlpvtv,und,"","",,Mvskoke,Southern Appalachia,2024-09-27T06:18:23Z
43584,este,und,"","",,Mvskoke,Southern Appalachia,2024-09-27T06:30:31Z
81793,em pakpvkē-cate,und,"","",,Mvskoke,Southern Appalachia,2024-09-27T06:32:26Z
906,penwv,und,"","",,Mvskoke,Southern Appalachia,2024-11-19T05:31:03Z
630955,fo,und,"","",,Mvskoke,Southern Appalachia,2024-11-19T05:36:40Z
4956,wvko-rakko,und,"","",,Mvskoke,Southern Appalachia,2024-11-19T05:42:01Z
82329,seca,und,"","",,Mvskoke,Southern Appalachia,2024-11-19T05:47:15Z
47851,lakcvpe,und,"","",,Mvskoke,Southern Appalachia,2024-11-19T05:48:04Z
119269,coskv,und,"","",,Mvskoke,Southern Appalachia,2024-11-19T05:48:53Z
167462,eco em pvkanv,und,"","",,Mvskoke,Southern Appalachia,2024-11-19T05:51:31Z
160544,hekako,und,"","",,Mvskoke,Southern Appalachia,2024-11-19T05:53:06Z
48502,rotakkvpe,und,"","",,Mvskoke,Southern Appalachia,2025-01-29T00:29:06Z
60946,hvtke-kafkv,und,"","",,Mvskoke,Southern Appalachia,2025-01-29T00:39:37Z
58205,’to-lane,und,"","",,Mvskoke,Southern Appalachia,2025-01-29T00:44:07Z
56932,cetto entopv,und,"","",,Mvskoke,Southern Appalachia,2025-01-29T00:45:45Z
56932,cetto em vpēttē,und,"","",,Mvskoke,Southern Appalachia,2025-01-29T00:46:10Z
56932,lucv em pvtakv,und,"","",,Mvskoke,Southern Appalachia,2025-01-29T00:46:31Z
56932,lucv em vpēttē,und,"","",,Mvskoke,Southern Appalachia,2025-01-29T00:47:28Z
29823,hvyakpo-cetto,und,"","",,Mvskoke,Southern Appalachia,2025-01-29T00:49:09Z
5305,hvtke-tekfvnkv,und,"","",,Mvskoke,Southern Appalachia,2025-01-29T00:49:53Z
54764,Tvwv-rakko,und,"","",,Mvskoke,Southern Appalachia,2025-01-29T01:01:09Z
58738,hoyvnēcv-rakko,und,"","",,Mvskoke,Southern Appalachia,2025-01-29T01:02:12Z
52763,sakco ’meto,und,"","",,Mvskoke,Southern Appalachia,2025-01-29T01:04:32Z
52119,tartahkv,und,"","",,Mvskoke,Southern Appalachia,2025-01-29T01:13:15Z
52119,tarrahkv,und,"","",,Mvskoke,Southern Appalachia,2025-01-29T01:13:28Z
52119,tvrtahkv,und,"","",,Mvskoke,Southern Appalachia,2025-01-29T01:13:38Z
1579045,yvhv em vlikv,und,"","",,Mvskoke,Southern Appalachia,2025-01-29T01:23:29Z
119982,hetutvpe,und,"","",,Mvskoke,Southern Appalachia,2025-01-29T01:34:20Z
75363,tafvmpe-vhake,und,"","",,Mvskoke,Southern Appalachia,2025-01-29T01:42:20Z
41636,Nokose,und,"","",,Mvskoke,Southern Appalachia,2025-01-29T23:04:27Z
508048,wvtolv,und,"","",,Mvskoke,Southern Appalachia,2025-01-29T23:05:42Z
41967,kaccv,und,"","",,Mvskoke,Southern Appalachia,2025-01-29T23:10:54Z
41964,Este-papv,und,"","",,Mvskoke,Southern Appalachia,2025-01-29T23:15:07Z
41964,Estepapv,und,"","",,Mvskoke,Southern Appalachia,2025-01-29T23:15:29Z
42051,Nere fullv,und,"","",,Mvskoke,Southern Appalachia,2025-01-29T23:16:47Z
85553,Cetto,und,"","",,Mvskoke,Southern Appalachia,2025-01-29T23:18:54Z
85553,Cekto,und,"","",,Mvskoke,Southern Appalachia,2025-01-29T23:19:16Z
912622,tohlvpatkv,und,"","",,Mvskoke,Southern Appalachia,2025-01-29T23:22:22Z
912622,estohlvpatkv,und,"","",,Mvskoke,Southern Appalachia,2025-01-29T23:22:39Z
912622,torlvpatkv,und,"","",,Mvskoke,Southern Appalachia,2025-01-29T23:22:48Z
40268,takfvlelēskv,und,"","",,Mvskoke,Southern Appalachia,2025-01-29T23:25:12Z
40268,estakfvlelēskv,und,"","",,Mvskoke,Southern Appalachia,2025-01-29T23:25:25Z
40268,takfvleleskv,und,"","",,Mvskoke,Southern Appalachia,2025-01-29T23:25:55Z
47118,vcokrvnwv,und,"","",,Mvskoke,Southern Appalachia,2025-01-29T23:27:42Z
3,fuswv,und,"","",,Mvskoke,Southern Appalachia,2025-01-29T23:32:16Z
3454,pvce-howe,und,"","",,Mvskoke,Southern Appalachia,2025-01-29T23:34:44Z
3454,pvce-hoyv,und,"","",,Mvskoke,Southern Appalachia,2025-01-29T23:34:54Z
5562,hvrvnrvcukwv,und,"","",,Mvskoke,Southern Appalachia,2025-01-29T23:38:27Z
8229,tvse,und,"","",,Mvskoke,Southern Appalachia,2025-01-29T23:44:46Z
5074,fus-hērv,und,"","",,Mvskoke,Southern Appalachia,2025-01-29T23:46:27Z
5074,fus herv,und,"","",,Mvskoke,Southern Appalachia,2025-01-29T23:46:50Z
148030,rakko-pihkv-hayv,und,"","",,Mvskoke,Southern Appalachia,2025-01-29T23:48:14Z
148030,rakko-wakv,und,"","",,Mvskoke,Southern Appalachia,2025-01-29T23:48:37Z
148030,rakko pihkv hayv,und,"","",,Mvskoke,Southern Appalachia,2025-01-29T23:49:01Z
41976,kowakkuce,und,"","",,Mvskoke,Southern Appalachia,2025-01-30T00:06:10Z
41976,kowakke,und,"","",,Mvskoke,Southern Appalachia,2025-01-30T00:06:24Z
47726,rvro em pvtakv,und,"","",,Mvskoke,Southern Appalachia,2025-01-30T00:26:10Z
49666,vcenvho,und,"","",,Mvskoke,Southern Appalachia,2025-01-30T00:29:01Z
792987,hvnanakwuce,und,"","",,Mvskoke,Southern Appalachia,2025-01-30T00:31:23Z
63205,kvnhtvlako,und,"","",,Mvskoke,Southern Appalachia,2025-01-30T00:32:24Z
63205,kvmhtvlako,und,"","",,Mvskoke,Southern Appalachia,2025-01-30T00:32:33Z
63205,kvmohtvlako,und,"","",,Mvskoke,Southern Appalachia,2025-01-30T00:32:54Z
63205,kvnohtvlako,und,"","",,Mvskoke,Southern Appalachia,2025-01-30T00:33:03Z
48865,talv-svokv,und,"","",,Mvskoke,Southern Appalachia,2025-01-30T00:35:26Z
48868,talv-svokv,und,"","",,Mvskoke,Southern Appalachia,2025-01-30T00:35:56Z
78755,pvkanv,und,"","",,Mvskoke,Southern Appalachia,2025-01-30T00:36:55Z
45763,ue-cesse,und,"","",,Mvskoke,Southern Appalachia,2025-01-30T00:47:03Z
42007,kaccv,und,"","",,Mvskoke,Southern Appalachia,2025-01-30T00:48:09Z
42158,eco,und,"","",,Mvskoke,Southern Appalachia,2025-01-30T00:50:52Z
52836,notossv,und,"","",,Mvskoke,Southern Appalachia,2025-01-30T00:54:41Z
51737,tomatv,und,"","",,Mvskoke,Southern Appalachia,2025-01-30T01:10:02Z
70054,cvstvlē,und,"","",,Mvskoke,Southern Appalachia,2025-01-30T01:12:28Z
157765,oklo,und,"","",,Mvskoke,Southern Appalachia,2025-01-30T01:13:15Z
