id,vernacularName,language,locality,countryCode,source,lexicon,contributor,created
47336,Ntigiɲɛ,und,"","",,Bambara,John E. Christensen,2018-11-01T16:24:18Z
102742,Fana,und,"","",,Bambara,Zane Roskoph,2021-07-16T16:01:24Z
102692,Pɔliyɔfin,und,"","",,Bambara,Zane Roskoph,2021-08-12T00:15:27Z
41964,Waraba,und,"","",,Bambara,Zane Roskoph,2021-08-24T13:02:05Z
1,Bagan,und,"","",,Bambara,John E. Christensen,2022-10-03T11:37:23Z
705304,huo,und,"","",,Bambara,Botswanabugs,2023-11-09T08:39:50Z
705304,n’dé,und,"","",,Bambara,Botswanabugs,2023-11-09T08:40:42Z
705304,uo,und,"","",,Bambara,Botswanabugs,2023-11-09T08:41:49Z
469595,Dankele,und,"","",,Bambara,Botswanabugs,2023-11-09T08:54:22Z
469595,koro,und,"","",,Bambara,Botswanabugs,2023-11-09T08:55:28Z
557826,baanan,und,"","",,Bambara,Botswanabugs,2023-11-09T09:01:45Z
557826,bagana,und,"","",,Bambara,Botswanabugs,2023-11-09T09:03:42Z
507032,diofaga,und,"","",,Bambara,Botswanabugs,2023-11-09T09:33:04Z
593974,diro,und,"","",,Bambara,Botswanabugs,2023-11-09T09:41:44Z
593974,joro,und,"","",,Bambara,Botswanabugs,2023-11-09T09:42:57Z
593974,joti,und,"","",,Bambara,Botswanabugs,2023-11-09T09:44:06Z
1371236,balimafilatoro,und,"","",,Bambara,Botswanabugs,2023-11-09T10:09:49Z
1371236,bari,und,"","",,Bambara,Botswanabugs,2023-11-09T10:10:40Z
1371236,baro,und,"","",,Bambara,Botswanabugs,2023-11-09T10:11:25Z
1397550,kankaliba,und,"","",,Bambara,Botswanabugs,2023-11-09T10:19:32Z
285378,djabi,und,"","",,Bambara,Botswanabugs,2023-11-09T10:22:08Z
340106,gnikele,und,"","",,Bambara,Botswanabugs,2023-11-09T10:25:09Z
340106,koronkole,und,"","",,Bambara,Botswanabugs,2023-11-09T10:25:43Z
340106,ngele,und,"","",,Bambara,Botswanabugs,2023-11-09T10:26:29Z
340106,ntogoyo,und,"","",,Bambara,Botswanabugs,2023-11-09T10:27:24Z
557826,baganan,und,"","",,Bambara,Botswanabugs,2024-01-29T13:08:38Z
594430,donkori,und,"","",,Bambara,Botswanabugs,2024-01-29T13:28:13Z
594430,dibe,und,"","",,Bambara,Botswanabugs,2024-01-29T13:29:07Z
47230,Gouégoué,und,"","",http://www.catalogueoflife.org/annual-checklist/2012/details/species/id/9741333,Bambara,,2024-12-28T14:22:00Z
47230,Agbre,und,"","",http://www.catalogueoflife.org/annual-checklist/2012/details/species/id/9741333,Bambara,,2024-12-28T14:22:14Z
47230,Immouhoui,und,"","",http://www.catalogueoflife.org/annual-checklist/2012/details/species/id/9741333,Bambara,,2024-12-28T14:22:28Z
343039,BALANSAN,und,"","",,Bambara,Botswanabugs,2025-01-04T05:14:40Z
