id,vernacularName,language,locality,countryCode,source,lexicon,contributor,created
47115,Moluska,und,"","",,Javanese,John E. Christensen,2017-12-02T11:19:24Z
355675,Vertebrata,und,"","",,Javanese,John E. Christensen,2017-12-06T09:32:05Z
43343,Warak Sumatra,und,"","",,Javanese,Bobby McCabe,2018-01-29T01:27:42Z
39532,Bulus,und,"","",,Javanese,John E. Christensen,2018-02-02T07:40:04Z
311249,Lumut,und,"","",,Javanese,John E. Christensen,2018-02-03T08:14:07Z
47219,Tawon undhuhan,und,"","",,Javanese,John E. Christensen,2018-02-06T10:30:08Z
136329,Tetanduran runjung,und,"","",,Javanese,John E. Christensen,2018-03-03T08:24:19Z
59254,Lokio,und,"","",,Javanese,John E. Christensen,2018-04-04T07:09:49Z
39392,Mencawak,und,"","",,Javanese,John E. Christensen,2018-07-08T16:12:35Z
45933,Cuwut,und,"","",,Javanese,John E. Christensen,2018-07-12T15:28:00Z
47336,Semut,und,"","",,Javanese,John E. Christensen,2018-11-01T16:27:03Z
57140,Jaétun,und,"","",,Javanese,John E. Christensen,2018-12-02T22:41:15Z
371057,Tekèk,und,"","",,Javanese,John E. Christensen,2018-12-10T16:33:24Z
57983,Kembang srengéngé,und,"","",,Javanese,John E. Christensen,2018-12-23T15:23:16Z
114891,Mencawak,und,"","",,Javanese,John E. Christensen,2019-01-03T07:20:04Z
70027,Sukun,und,"","",,Javanese,John E. Christensen,2019-02-03T13:36:12Z
47398,Pong-pongan,und,"","",,Javanese,John E. Christensen,2019-02-24T13:31:02Z
40268,Lawa,und,"","",,Javanese,John E. Christensen,2019-03-10T07:57:37Z
47217,Anggrèk,und,"","",,Javanese,John E. Christensen,2019-03-15T10:46:14Z
26592,Bencok,und,"","",,Javanese,Steven Kurniawidjaja,2019-04-26T00:20:30Z
13893,Emprit peking,und,"","",,Javanese,Steven Kurniawidjaja,2019-04-26T00:25:45Z
13892,Emprit haji,und,"","",,Javanese,Steven Kurniawidjaja,2019-04-26T00:29:43Z
14620,Cucakrawa,und,"","",,Javanese,Steven Kurniawidjaja,2019-04-26T02:13:10Z
82814,Padma,und,"","",,Javanese,John E. Christensen,2019-05-05T10:39:39Z
15344,Prenjak,und,"","",,Javanese,Steven Kurniawidjaja,2019-05-25T07:02:15Z
126882,Ilat baya,und,"","",,Javanese,John E. Christensen,2019-08-04T21:46:19Z
94390,Pernet,und,"","",http://www.catalogueoflife.org/annual-checklist/details/species/id/10062245/common/276674,Javanese,,2019-08-27T18:24:49Z
607860,Pernet,und,"","",http://www.catalogueoflife.org/annual-checklist/details/species/id/10055335/common/321818,Javanese,,2019-08-27T18:24:49Z
165230,Senggani,und,"","",,Javanese,Abu Hamas,2019-09-17T09:31:44Z
84370,Jambu dersana,und,"","",,Javanese,Abu Hamas,2019-09-17T09:33:10Z
608986,Kebogerang,und,"","",,Javanese,Abu Hamas,2019-09-17T15:42:43Z
187722,Senggaringan,und,"","",,Javanese,Abu Hamas,2019-09-17T15:53:06Z
95108,Santran,und,"","",,Javanese,Abu Hamas,2019-09-17T17:43:49Z
94107,Uling asu,und,"","",,Javanese,Abu Hamas,2019-09-18T03:21:23Z
128424,Uling kembang,und,"","",,Javanese,Abu Hamas,2019-09-18T03:36:01Z
505478,Pitik,und,"","",,Javanese,John E. Christensen,2019-12-05T11:30:27Z
131236,virus,und,"","",,Javanese,James K. Douch,2020-02-23T02:56:07Z
236935,Bèbèk ingon-ingon,und,"","",,Javanese,John E. Christensen,2020-02-25T12:21:32Z
47114,Siput,und,"","",,Javanese,John E. Christensen,2020-04-24T14:45:51Z
165389,Sembung Rambat,und,Indonesia,ID,,Javanese,Naufal Urfi Dhiya'ulhaq,2020-05-13T05:24:43Z
81925,Kebo,und,"","",,Javanese,Naufal Urfi Dhiya'ulhaq,2020-05-15T07:54:04Z
199,Truwok,und,"","",,Javanese,Naufal Urfi Dhiya'ulhaq,2020-06-02T03:31:42Z
7120,Menthok,und,"","",,Javanese,Naufal Urfi Dhiya'ulhaq,2020-06-02T04:11:14Z
68390,Kemlandingan,und,Indonesia,ID,,Javanese,Naufal Urfi Dhiya'ulhaq,2020-06-07T09:30:02Z
526556,Berang-berang,und,"","",,Javanese,John E. Christensen,2020-06-07T11:43:36Z
348330,Widodaren,und,"East Java, ID","",,Javanese,Hani Ristiawan,2020-12-21T05:56:56Z
794783,Sendora Benggala,und,"Central Java, ID","",,Javanese,Hani Ristiawan,2020-12-21T05:58:48Z
794780,Kedusan,und,"East Java, ID","",,Javanese,Hani Ristiawan,2020-12-21T06:04:40Z
343834,Irah-irahan,und,"Central Java, ID","",,Javanese,Hani Ristiawan,2020-12-21T06:06:57Z
132451,Paitan,und,"Central Java, ID","",,Javanese,Hani Ristiawan,2020-12-21T06:11:21Z
348099,Benda/Bendo,und,"Central Java, ID","",,Javanese,Hani Ristiawan,2020-12-21T06:20:29Z
84996,Cucut bekeman,und,"","",http://www.catalogueoflife.org/annual-checklist/details/species/id/10055550/common/130025,Javanese,Wich’yanan (Jay) Limparungpatthanakij,2021-07-13T16:47:55Z
84996,Hius buas,und,"","",http://www.catalogueoflife.org/annual-checklist/details/species/id/10055550/common/130065,Javanese,Wich’yanan (Jay) Limparungpatthanakij,2021-07-13T16:48:06Z
128424,Lumbon,und,"","",http://www.catalogueoflife.org/annual-checklist/details/species/id/10054356/common/20225,Javanese,,2021-07-15T12:31:38Z
128424,Pelus,und,"","",http://www.catalogueoflife.org/annual-checklist/details/species/id/10054356/common/20209,Javanese,,2021-07-15T12:31:48Z
128424,Sidang,und,"","",http://www.catalogueoflife.org/annual-checklist/details/species/id/10054356/common/20203,Javanese,,2021-07-15T12:32:00Z
102778,Pari macan,und,"","",http://www.catalogueoflife.org/annual-checklist/details/species/id/10078375/common/78179,Javanese,,2021-07-19T14:50:09Z
102779,Pari macan,und,"","",http://www.catalogueoflife.org/annual-checklist/details/species/id/10078376/common/78127,Javanese,,2021-07-19T14:50:10Z
67971,Pari macan,und,"","",http://www.catalogueoflife.org/annual-checklist/details/species/id/10078380/common/265801,Javanese,,2021-07-19T14:50:10Z
607435,Pari macan,und,"","",http://www.catalogueoflife.org/annual-checklist/details/species/id/10078348/common/78518,Javanese,,2021-07-19T14:50:10Z
67971,Pari blentik,und,"","",http://www.catalogueoflife.org/annual-checklist/details/species/id/10078380/common/265797,Javanese,,2021-07-19T14:52:24Z
115010,Cangop,und,"","",http://www.catalogueoflife.org/annual-checklist/details/species/id/10081706/common/102880,Javanese,,2021-07-19T15:55:09Z
115010,Jambal,und,"","",,Javanese,Zane Roskoph,2021-07-19T15:55:41Z
48066,Cucut kopral,und,"","",http://www.catalogueoflife.org/annual-checklist/details/species/id/10055533/common/343587,Javanese,,2021-07-20T15:09:12Z
48066,Cucutronggeng,und,"","",http://www.catalogueoflife.org/annual-checklist/details/species/id/10055533/common/343585,Javanese,,2021-07-20T15:09:34Z
56764,Hiu caping,und,"","",http://www.catalogueoflife.org/annual-checklist/details/species/id/10055536/common/158324,Javanese,,2021-07-20T15:09:46Z
56766,Hiu caping,und,"","",http://www.catalogueoflife.org/annual-checklist/details/species/id/10055538/common/158186,Javanese,,2021-07-20T15:09:46Z
56765,Hiu caping,und,"","",http://www.catalogueoflife.org/annual-checklist/details/species/id/10055541/common/157957,Javanese,iSea,2021-07-20T15:09:46Z
48066,Hiu caping,und,"","",http://www.catalogueoflife.org/annual-checklist/details/species/id/10055533/common/343577,Javanese,,2021-07-20T15:09:47Z
48066,Ronggeng,und,"","",http://www.catalogueoflife.org/annual-checklist/details/species/id/10055533/common/343558,Javanese,,2021-07-20T15:09:47Z
113041,Hiu botol,und,"","",http://www.catalogueoflife.org/annual-checklist/details/species/id/10083904/common/37077,Javanese,,2021-07-20T16:12:29Z
96917,Hiu botol,und,"","",http://www.catalogueoflife.org/annual-checklist/details/species/id/10083927/common/79533,Javanese,,2021-07-20T16:12:29Z
96920,Hiu botol,und,"","",http://www.catalogueoflife.org/annual-checklist/details/species/id/10083930/common/79450,Javanese,,2021-07-20T16:12:30Z
113034,Hiu botol,und,"","",http://www.catalogueoflife.org/annual-checklist/details/species/id/10083893/common/37211,Javanese,,2021-07-20T16:12:30Z
96925,Hiu botol,und,"","",http://www.catalogueoflife.org/annual-checklist/details/species/id/10083936/common/79381,Javanese,,2021-07-20T16:12:30Z
113036,Hiu botol,und,"","",http://www.catalogueoflife.org/annual-checklist/details/species/id/10083897/common/37200,Javanese,,2021-07-20T16:12:30Z
113040,Hiu botol,und,"","",http://www.catalogueoflife.org/annual-checklist/details/species/id/10083903/common/37082,Javanese,,2021-07-20T16:12:31Z
95038,Kelaling,und,"","",,Javanese,Zane Roskoph,2021-07-27T12:58:11Z
188570,Sengkareng,und,"","",http://www.catalogueoflife.org/annual-checklist/details/species/id/10061244/common/93492,Javanese,Wich’yanan (Jay) Limparungpatthanakij,2021-07-27T13:54:35Z
188571,Sengkareng,und,"","",http://www.catalogueoflife.org/annual-checklist/details/species/id/10061245/common/93467,Javanese,Wich’yanan (Jay) Limparungpatthanakij,2021-07-27T13:54:36Z
99786,Welut listrik,und,"","",,Javanese,Zane Roskoph,2021-07-29T03:06:52Z
41970,Jaguar,und,"","",,Javanese,Zane Roskoph,2021-07-30T12:05:24Z
50873,Hiu putih,und,"","",,Javanese,Zane Roskoph,2021-07-30T13:59:36Z
42007,Puma,und,"","",,Javanese,Zane Roskoph,2021-08-01T01:00:48Z
30472,Ula anang,und,"","",,Javanese,Zane Roskoph,2021-08-02T18:24:15Z
331121,Jeruk nipis,und,"","",,Javanese,Zane Roskoph,2021-08-10T12:22:16Z
765432,Yuzu,und,"","",,Javanese,Zane Roskoph,2021-08-10T13:09:16Z
41553,Paus Biru,und,"","",,Javanese,Zane Roskoph,2021-08-15T14:58:13Z
493695,Iwak setan,und,"","",,Javanese,Zane Roskoph,2021-08-19T14:31:53Z
41964,Singa,und,"","",,Javanese,Zane Roskoph,2021-08-24T13:17:23Z
74831,Macan tutul salju,und,"","",,Javanese,Zane Roskoph,2021-08-25T11:45:03Z
42407,Wisent,und,"","",,Javanese,Zane Roskoph,2021-08-25T13:52:13Z
41967,Macan,und,"","",,Javanese,Zane Roskoph,2021-08-26T16:04:27Z
130799,Macan Sumatra,und,"","",,Javanese,Zane Roskoph,2021-08-26T16:58:41Z
130799,Macan Sumatera,und,"","",,Javanese,Zane Roskoph,2021-08-26T16:58:52Z
130799,Macan Jawa,und,"","",,Javanese,Zane Roskoph,2021-08-27T11:41:36Z
47251,Alu-alu,und,"","",,Javanese,Zane Roskoph,2021-10-17T23:18:55Z
344862,Bleketupuk,und,Indonesia,ID,,Javanese,Naufal Urfi Dhiya'ulhaq,2021-11-14T11:44:37Z
342667,Sawa,und,"Banjarnegara, ID, JT","",,Javanese,Hani Ristiawan,2021-11-25T04:53:55Z
97440,Cucut dolok,und,"","",http://www.catalogueoflife.org/annual-checklist/2012/details/species/id/9741333,Javanese,,2021-12-04T03:26:52Z
97441,Cucut dolok,und,"","",http://www.catalogueoflife.org/annual-checklist/2012/details/species/id/9741333,Javanese,,2021-12-04T03:26:53Z
97439,Cucut dolok,und,"","",http://www.catalogueoflife.org/annual-checklist/2012/details/species/id/9741333,Javanese,,2021-12-04T03:26:53Z
93987,Bale balang,und,"","",,Javanese,Zane Roskoph,2021-12-04T16:28:03Z
93987,Betik,und,"","",http://www.catalogueoflife.org/annual-checklist/2012/details/species/id/9741333,Javanese,,2021-12-04T16:28:13Z
93987,Krucilan,und,"","",http://www.catalogueoflife.org/annual-checklist/2012/details/species/id/9741333,Javanese,,2021-12-04T16:28:44Z
119432,Kakunir,und,"","",http://www.catalogueoflife.org/annual-checklist/2012/details/species/id/9741333,Javanese,,2021-12-06T00:23:24Z
325734,Kakunir,und,"","",http://www.catalogueoflife.org/annual-checklist/2012/details/species/id/9741333,Javanese,,2021-12-06T00:23:24Z
122514,Kakunir,und,"","",http://www.catalogueoflife.org/annual-checklist/2012/details/species/id/9741333,Javanese,Donald Davesne,2021-12-06T00:23:24Z
359362,Kakunir,und,"","",http://www.catalogueoflife.org/annual-checklist/2012/details/species/id/9741333,Javanese,Victor HOYEAU,2021-12-06T00:23:25Z
347936,Kakunir,und,"","",http://www.catalogueoflife.org/annual-checklist/2012/details/species/id/9741333,Javanese,,2021-12-06T00:23:25Z
368557,Kakunir,und,"","",http://www.catalogueoflife.org/annual-checklist/2012/details/species/id/9741333,Javanese,,2021-12-06T00:23:25Z
122514,Kunir,und,"","",,Javanese,Zane Roskoph,2021-12-06T00:24:14Z
122514,Kuniran,und,"","",http://www.catalogueoflife.org/annual-checklist/2012/details/species/id/9741333,Javanese,Donald Davesne,2021-12-06T00:24:42Z
359362,Kuniran,und,"","",http://www.catalogueoflife.org/annual-checklist/2012/details/species/id/9741333,Javanese,Victor HOYEAU,2021-12-06T00:24:43Z
347936,Kuniran,und,"","",http://www.catalogueoflife.org/annual-checklist/2012/details/species/id/9741333,Javanese,,2021-12-06T00:24:43Z
368557,Kuniran,und,"","",http://www.catalogueoflife.org/annual-checklist/2012/details/species/id/9741333,Javanese,,2021-12-06T00:24:43Z
119432,Kuniran,und,"","",http://www.catalogueoflife.org/annual-checklist/2012/details/species/id/9741333,Javanese,,2021-12-06T00:24:44Z
325734,Kuniran,und,"","",http://www.catalogueoflife.org/annual-checklist/2012/details/species/id/9741333,Javanese,,2021-12-06T00:24:44Z
173412,Bahenol,und,"","",,Javanese,Zane Roskoph,2021-12-24T00:24:21Z
188583,Sepat iju,und,"","",http://www.catalogueoflife.org/annual-checklist/2012/details/species/id/9741333,Javanese,Wich’yanan (Jay) Limparungpatthanakij,2021-12-31T05:54:35Z
469472,apel,und,"","",,Javanese,,2022-03-27T04:40:59Z
1316098,Kotes,und,"","",,Javanese,Abu Hamas,2022-04-15T10:13:20Z
86414,Bekingking,und,Indonesia,ID,,Javanese,Naufal Urfi Dhiya'ulhaq,2022-05-03T15:38:10Z
1143868,Ampet,und,Indonesia,ID,,Javanese,Naufal Urfi Dhiya'ulhaq,2022-05-14T02:33:22Z
344835,Kebak,und,Indonesia,ID,,Javanese,Naufal Urfi Dhiya'ulhaq,2022-05-19T15:11:37Z
362779,Kebak Lenga,und,Indonesia,ID,,Javanese,Naufal Urfi Dhiya'ulhaq,2022-05-19T15:13:19Z
425621,Laweyan,und,Indonesia,ID,,Javanese,Naufal Urfi Dhiya'ulhaq,2022-05-19T15:14:01Z
899689,Pelas Kebo,und,Indonesia,ID,,Javanese,Naufal Urfi Dhiya'ulhaq,2022-05-19T15:23:51Z
68390,Garanggati,und,Indonesia,ID,,Javanese,Naufal Urfi Dhiya'ulhaq,2022-05-28T12:26:25Z
47198,Walang Anggas,und,Indonesia,ID,,Javanese,Naufal Urfi Dhiya'ulhaq,2022-05-30T04:30:42Z
342667,Kesowo,und,Indonesia,ID,,Javanese,Naufal Urfi Dhiya'ulhaq,2022-06-02T14:25:51Z
1147385,Pampung,und,Indonesia,ID,,Javanese,Naufal Urfi Dhiya'ulhaq,2022-06-02T14:26:47Z
428709,Pelas,und,"Kendal, ID, JT","",,Javanese,Hani Ristiawan,2022-06-06T13:57:39Z
158587,Mangsi,und,"Waduk Simo, Kradenan, Grobogan","",,Javanese,Hani Ristiawan,2022-06-13T11:51:30Z
164081,Jåkå tåwå,und,"Waduk Simo, Kradenan, Grobogan","",,Javanese,Hani Ristiawan,2022-06-17T05:55:59Z
319815,Jamur sèlå,und,"Grobogan, ID, JT","",,Javanese,Hani Ristiawan,2022-06-17T06:04:23Z
199400,Wedhusan,und,"Grobogan, ID, JT","",,Javanese,Hani Ristiawan,2022-06-17T15:19:29Z
70174,Kupu Gajah,und,"","",,Javanese,Galih Alamsyah,2022-06-18T05:37:04Z
73600,Bulus,und,"","",,Javanese,Galih Alamsyah,2022-06-18T05:54:06Z
38008,Kadal Kebon,und,"","",,Javanese,Galih Alamsyah,2022-06-18T07:14:50Z
196542,Entung Gedang,und,"","",,Javanese,Galih Alamsyah,2022-06-18T09:19:47Z
67574,Sidogori/Sidaguri,und,"","",,Javanese,Galih Alamsyah,2022-06-18T09:23:10Z
170883,Gedang,und,"","",,Javanese,Galih Alamsyah,2022-06-18T09:25:03Z
48872,Pelem,und,"","",,Javanese,Galih Alamsyah,2022-06-18T09:27:20Z
475628,Gembili,und,"","",,Javanese,Galih Alamsyah,2022-06-19T07:40:51Z
161930,Uwi,und,"","",,Javanese,Galih Alamsyah,2022-06-19T07:45:44Z
358122,Dongko,und,Indonesia,ID,,Javanese,Naufal Urfi Dhiya'ulhaq,2022-06-22T15:09:18Z
161584,Sana siso,und,"Jawa Tengah, ID","",,Javanese,Hani Ristiawan,2022-06-27T06:24:35Z
160759,Telang,und,"","",,Javanese,Galih Alamsyah,2022-06-30T05:51:52Z
154062,Kinjeng Tangis,und,"","",,Javanese,Galih Alamsyah,2022-07-04T16:15:45Z
160759,Kembang Teleng,und,Indonesia,ID,,Javanese,Naufal Urfi Dhiya'ulhaq,2022-07-11T02:35:16Z
1402094,Melolo,und,Indonesia,ID,,Javanese,Naufal Urfi Dhiya'ulhaq,2022-07-18T08:16:39Z
369548,Adem Ati,und,Indonesia,ID,,Javanese,Naufal Urfi Dhiya'ulhaq,2022-07-21T14:50:36Z
47544,Ucen,und,Indonesia,ID,,Javanese,Naufal Urfi Dhiya'ulhaq,2022-08-14T09:10:58Z
431534,Kajar,und,"","",,Javanese,Hani Ristiawan,2022-08-20T05:17:30Z
139851,Kemlandingan Gunung,und,Indonesia,ID,,Javanese,Naufal Urfi Dhiya'ulhaq,2022-08-20T16:16:28Z
431475,Sengiran,und,Indonesia,ID,,Javanese,Naufal Urfi Dhiya'ulhaq,2022-08-20T16:34:15Z
794780,Widodaren,und,Indonesia,ID,,Javanese,Naufal Urfi Dhiya'ulhaq,2022-08-20T16:58:11Z
320058,Kwangwung,und,Indonesia,ID,,Javanese,Naufal Urfi Dhiya'ulhaq,2022-09-01T01:57:05Z
937423,Trenggulun,und,Indonesia,ID,,Javanese,Naufal Urfi Dhiya'ulhaq,2022-09-04T03:07:15Z
937423,Tenggulun,und,Indonesia,ID,,Javanese,Naufal Urfi Dhiya'ulhaq,2022-09-04T03:08:49Z
47125,Tetanduran ngembang,und,"","",,Javanese,John E. Christensen,2022-09-05T12:44:18Z
57774,Alga abang,und,"","",,Javanese,John E. Christensen,2022-09-29T12:07:52Z
1,Sato kéwan,und,"","",,Javanese,John E. Christensen,2022-10-03T20:21:41Z
24914,Kintel,und,"Jawa Tengah, ID","",,Javanese,Hamas Fathani,2022-12-29T02:08:27Z
47564,Kembang mentéga,und,"","",,Javanese,John E. Christensen,2023-01-03T12:45:11Z
634848,Pitik Alas Abang,und,"","",,Javanese,Andreas Christian Yudhistira,2023-02-12T13:14:56Z
7852,Mantenan Cilik,und,"Java, ID","",,Javanese,Andreas Christian Yudhistira,2023-02-14T01:13:29Z
431037,Winong,und,"East Java, ID","",,Javanese,Andreas Christian Yudhistira,2023-02-24T08:59:57Z
20526,Manuk unta,und,"","",,Javanese,Johan Devos,2023-02-28T22:37:34Z
369438,Slumprit,und,"Central Java, ID | East Java, ID","",,Javanese,Andreas Christian Yudhistira,2023-03-01T01:37:55Z
50996,Waringin,und,"Java, ID | Lampung, ID","",,Javanese,Andreas Christian Yudhistira,2023-03-01T01:42:18Z
169518,Juwêt,und,"Java, ID","",,Javanese,Andreas Christian Yudhistira,2023-03-01T01:44:23Z
369426,Luwingan,und,"Java, ID","",,Javanese,Andreas Christian Yudhistira,2023-03-01T01:45:44Z
62887,Jati,und,"Java, ID","",,Javanese,Andreas Christian Yudhistira,2023-03-01T01:47:52Z
82770,Dadap Serep,und,"East Java, ID | Central Java, ID","",,Javanese,Andreas Christian Yudhistira,2023-03-01T02:27:04Z
1124974,Sêmpur,und,"Yogyakarta, ID | Cirebon, ID, JR | Central Java, ID | East Java, ID","",,Javanese,Andreas Christian Yudhistira,2023-03-01T02:32:03Z
43498,Budêng,und,"Central Java, ID | Yogyakarta, ID | East Java, ID","",,Javanese,Andreas Christian Yudhistira,2023-03-01T02:41:20Z
43459,Kethèk,und,"Central Java, ID | Yogyakarta, ID | East Java, ID | Lampung, ID | Cirebon, ID, JR","",,Javanese,Andreas Christian Yudhistira,2023-03-01T02:59:34Z
62844,Asêm,und,"East Java, ID | Central Java, ID | Yogyakarta, ID | Cirebon, ID, JR","",,Javanese,Andreas Christian Yudhistira,2023-03-01T03:05:21Z
14623,Trucukan,und,"Java, ID | Lampung, ID","",,Javanese,Andreas Christian Yudhistira,2023-03-01T03:10:20Z
187125,Badèr,und,"Java, ID","",,Javanese,Andreas Christian Yudhistira,2023-03-01T06:08:56Z
617881,Ucêng,und,"","",,Javanese,Andreas Christian Yudhistira,2023-03-01T06:11:14Z
347673,Kluwêk,und,"Java, ID","",,Javanese,Andreas Christian Yudhistira,2023-03-01T07:55:49Z
43346,Warak Jawa,und,"Central Java, ID | Yogyakarta, ID | East Java, ID | Cirebon, ID, JR | Lampung, ID","",,Javanese,Andreas Christian Yudhistira,2023-03-02T00:14:40Z
425812,Oyod Gepeng,und,"","",,Javanese,Andreas Christian Yudhistira,2023-03-02T03:47:33Z
166920,Asêm Londo,und,"","",,Javanese,Andreas Christian Yudhistira,2023-03-02T03:49:58Z
41967,Macan Loreng,und,"","",,Javanese,Andreas Christian Yudhistira,2023-03-02T10:12:46Z
15346,Prenjak Atas,und,"","",,Javanese,Andreas Christian Yudhistira,2023-03-24T14:00:58Z
15347,Prenjak Lumut,und,"","",,Javanese,Andreas Christian Yudhistira,2023-03-24T14:02:33Z
369335,Kecombrangan,und,"","",,Javanese,Hani Ristiawan,2023-04-13T05:17:46Z
187599,Lukas,und,"","",,Javanese,Andreas Christian Yudhistira,2023-04-26T14:36:32Z
187599,Lokas,und,"","",,Javanese,Andreas Christian Yudhistira,2023-04-26T14:36:53Z
98832,Totok,und,"","",,Javanese,Andreas Christian Yudhistira,2023-04-26T14:40:29Z
634849,Rekrekan,und,Indonesia,ID,,Javanese,Naufal Urfi Dhiya'ulhaq,2023-05-08T06:37:04Z
133683,tawon endas,und,"","",,Javanese,Hamas Fathani,2023-07-02T12:57:09Z
1457638,Kedoyo,und,"","",https://www.inaturalist.org/taxon_names/3267509/edit,Javanese,,2023-08-16T05:58:50Z
127066,Mandèlan,und,"Wonosobo, ID, JT","",,Javanese,Hani Ristiawan,2023-09-06T11:50:10Z
121287,Kemendhilan,und,"Wonosobo, ID, JT","",,Javanese,Hani Ristiawan,2023-09-12T12:09:49Z
1409637,Ri Sisir,und,"Wonosobo, ID, JT","",,Javanese,Hani Ristiawan,2023-09-27T12:30:50Z
474166,Sangitan,und,Indonesia,ID,,Javanese,Naufal Urfi Dhiya'ulhaq,2023-11-02T10:29:12Z
47118,Kalamangga,und,"","",,Javanese,Naufal Urfi Dhiya'ulhaq,2023-11-02T10:30:39Z
47118,Kemangga,und,Indonesia,ID,,Javanese,Naufal Urfi Dhiya'ulhaq,2023-11-02T10:31:02Z
63694,Pokak,und,"","",,Javanese,Inama Ahmad,2023-11-02T11:39:43Z
1515661,Bintami,und,"","",https://www.inaturalist.org/taxon_names/2352944/edit,Javanese,,2023-12-28T12:43:44Z
14623,Trotokan,und,"Yogyakarta, ID","",,Javanese,Galih Alamsyah,2024-03-12T10:53:00Z
1315660,Wader Eco,und,"Jawa Tengah, ID | Jawa Timur, ID | Yogyakarta, ID","",,Javanese,Andreas Christian Yudhistira,2024-04-03T10:29:21Z
47144,Asu,und,Indonesia,ID,,Javanese,Naufal Urfi Dhiya'ulhaq,2024-05-30T07:54:59Z
47144,Kirik,und,"","",,Javanese,Naufal Urfi Dhiya'ulhaq,2024-05-30T07:55:29Z
47144,Segawon,und,Indonesia,ID,,Javanese,Naufal Urfi Dhiya'ulhaq,2024-05-30T07:55:58Z
426588,Leri,und,Indonesia,ID,,Javanese,Naufal Urfi Dhiya'ulhaq,2024-06-09T05:07:48Z
157642,Amis-amisan,und,"","",,Javanese,Inama Ahmad,2024-08-24T14:35:31Z
427263,Irim-irim,und,"","",,Javanese,saka,2024-09-06T14:37:36Z
52299,Hiu omas,und,"","",http://www.catalogueoflife.org/annual-checklist/2012/details/species/id/9741333,Javanese,,2024-12-01T18:43:00Z
335690,Cabeh watu,und,"","",http://www.catalogueoflife.org/annual-checklist/2012/details/species/id/9741333,Javanese,,2024-12-27T00:39:47Z
120694,Cabeh watu,und,"","",http://www.catalogueoflife.org/annual-checklist/2012/details/species/id/9741333,Javanese,,2024-12-27T00:39:48Z
