id,vernacularName,language,locality,countryCode,source,lexicon,contributor,created
62859,Enandi,und,"","",,Tarasco,Leoncio Paz,2015-03-09T15:25:58Z
169286,Cupú,und,"","",,Tarasco,Leoncio Paz,2015-03-11T16:57:00Z
64340,cajecua,und,"","",,Tarasco,Leoncio Paz,2015-03-12T17:43:18Z
123438,Cundá,und,"","",,Tarasco,Leoncio Paz,2017-04-04T21:51:43Z
18236,Kreto,und,"","",,Tarasco,Daniel Alexander Carrillo Mtz,2019-01-06T01:01:47Z
7464,Katzas,und,"","",,Tarasco,Daniel Alexander Carrillo Mtz,2019-01-06T22:46:12Z
199840,Choronchu,und,"","",,Tarasco,Daniel Alexander Carrillo Mtz,2019-01-06T23:13:21Z
9083,Kuin-huriata,und,"","",,Tarasco,Daniel Alexander Carrillo Mtz,2019-01-06T23:18:56Z
145289,Tarengu,und,"","",,Tarasco,Daniel Alexander Carrillo Mtz,2019-01-06T23:26:10Z
