id,vernacularName,language,locality,countryCode,source,lexicon,contributor,created
277226,Kilon´ech,und,"","",,Tzotzil,Carlos Galindo-Leal,2014-12-17T23:03:08Z
284109,Tzajal´ech,und,"","",,Tzotzil,Carlos Galindo-Leal,2014-12-17T23:05:17Z
47118,Om,und,"","",,Tzotzil,Diego Barrales,2016-11-04T16:15:37Z
47118,Ob,und,"","",,Tzotzil,Diego Barrales,2016-11-04T16:16:31Z
48894,Tsec,und,"","",,Tzotzil,Diego Barrales,2016-11-04T16:17:49Z
869906,Vach'j'ul,und,"","",,Tzotzil,Pedro Nájera Quezada,2019-08-21T19:56:19Z
869906,Poxil Satil Vomol,und,"","",,Tzotzil,Pedro Nájera Quezada,2019-08-21T19:56:22Z
869906,Vach't'ul Vomol,und,"","",,Tzotzil,Pedro Nájera Quezada,2019-08-21T19:56:22Z
464683,Texcan,und,"","",,Tzotzil,Francisco Acosta,2020-05-02T16:28:32Z
286728,Cuyulté,und,"","",,Tzotzil,Oscar C. González Martínez,2023-07-11T21:20:43Z
