id,vernacularName,language,locality,countryCode,source,lexicon,contributor,created
53352,Фæрв,und,"","",,Ossetic,John E. Christensen,2019-07-12T20:12:19Z
8010,Сынт,und,"","",,Ossetic,John E. Christensen,2019-08-02T13:55:14Z
764793,Назгæрдæг,und,"","",,Ossetic,John E. Christensen,2020-05-11T12:34:45Z
129282,Сындзкъутæр,und,"","",,Ossetic,SEI,2020-11-13T11:17:42Z
41644,Урс арс,und,"","",,Ossetic,Zane Roskoph,2021-08-11T16:58:01Z
112581,Локо,und,"","",,Ossetic,Zane Roskoph,2021-08-14T18:21:35Z
102975,Урсгæф,und,"","",,Ossetic,Zane Roskoph,2021-08-14T18:56:01Z
153003,Цъымарайы мæнæргъы,und,"","",,Ossetic,Zane Roskoph,2021-08-18T16:15:43Z
41964,Цомахъ,und,"","",,Ossetic,Zane Roskoph,2021-08-24T15:07:45Z
74831,Фыранк,und,"","",,Ossetic,Zane Roskoph,2021-08-25T11:57:03Z
42407,Домбай,und,"","",,Ossetic,Zane Roskoph,2021-08-25T13:56:23Z
41967,Тигр,und,"","",,Ossetic,Zane Roskoph,2021-08-26T16:26:37Z
