id,vernacularName,language,locality,countryCode,source,lexicon,contributor,created
84300,Otgoʔdaʔgónah,und,"","",,Onondaga,Sequoia Janirella Wrens,2019-03-22T03:11:14Z
54793,Daʔdyáʔksqwaʔ,und,"","",,Onondaga,Sequoia Janirella Wrens,2019-03-22T03:12:25Z
52543,Ohwáhdaʔ,und,"","",,Onondaga,Sequoia Janirella Wrens,2019-03-22T03:14:10Z
54779,Ki-en-tah-ken-ah'tah,und,"","",,Onondaga,Sequoia Janirella Wrens,2019-03-22T03:17:57Z
54788,Onénogaʔ,und,"","",,Onondaga,Sequoia Janirella Wrens,2019-03-22T03:59:11Z
