id,vernacularName,language,locality,countryCode,source,lexicon,contributor,created
122996,Anis Estrelado,gl,"","",http://www.ubio.org/browser/details.php?namebankID=5376480,Galician,Ken-ichi Ueda,2012-04-25T04:32:34Z
160162,Alcaravea,gl,"","",http://www.ubio.org/browser/details.php?namebankID=5373510,Galician,Ken-ichi Ueda,2015-07-04T14:51:04Z
47119,Arácnidos,gl,"","",,Galician,John E. Christensen,2017-11-30T06:57:11Z
20978,Anfibios,gl,"","",,Galician,John E. Christensen,2017-12-01T10:08:00Z
47373,Sequoias,gl,"","",,Galician,John E. Christensen,2017-12-04T16:15:45Z
56651,Orella de mar,gl,"","",,Galician,John E. Christensen,2017-12-19T10:24:38Z
204472,"Miñato, Bexato",gl,"","",,Galician,John E. Christensen,2018-01-17T15:47:41Z
481959,Estrelamar,gl,"","",,Galician,John E. Christensen,2018-01-29T09:54:16Z
4730,Cicónidos,gl,"","",,Galician,John E. Christensen,2018-02-03T08:48:01Z
47582,Ostra,gl,"","",,Galician,John E. Christensen,2018-02-12T08:18:50Z
10070,Pimpín común,gl,"","",,Galician,John E. Christensen,2018-02-12T12:51:41Z
98531,Golfiño,gl,"","",,Galician,John E. Christensen,2018-02-16T15:41:58Z
47668,Estrelamar,gl,"","",,Galician,John E. Christensen,2018-03-16T14:30:41Z
52913,chicoria,gl,"","",,Galician,John E. Christensen,2018-03-29T15:39:09Z
53178,Lingua de ovella,gl,"","",,Galician,John E. Christensen,2018-04-03T06:52:14Z
59254,Ceboliño,gl,"","",,Galician,John E. Christensen,2018-04-04T07:09:01Z
40019,Testudínidos,gl,"","",,Galician,John E. Christensen,2018-04-15T12:56:33Z
61396,Ourego,gl,"","",,Galician,John E. Christensen,2018-04-29T08:08:35Z
43042,Ourizo cacho,gl,"","",,Galician,John E. Christensen,2018-05-24T15:36:53Z
48332,Escifozoos,gl,"","",,Galician,John E. Christensen,2018-06-17T16:46:13Z
49322,Herba do coitelo,gl,"","",,Galician,John E. Christensen,2018-06-18T09:28:48Z
569428,Donicela,gl,"","",,Galician,John E. Christensen,2018-07-05T06:44:41Z
75609,Fento das Boticas,gl,"","",,Galician,Pablo de la Fuente Brun,2018-07-07T14:54:12Z
52764,herba do ferro,gl,"","",,Galician,Bodo Nuñez Oberg,2018-07-21T16:42:34Z
49552,Cempés doméstico,gl,"","",,Galician,,2018-07-27T02:49:46Z
59029,Verbasco,gl,"","",,Galician,John E. Christensen,2018-07-28T12:46:18Z
49315,Polbo común,gl,"","",,Galician,Bobby McCabe,2018-09-18T03:26:14Z
47459,Cefalópodos,gl,"","",,Galician,Bobby McCabe,2018-10-09T05:31:12Z
43697,Elefante asiático,gl,"","",,Galician,Bobby McCabe,2018-10-09T20:35:33Z
41964,León,gl,"","",,Galician,Bobby McCabe,2018-10-22T04:02:50Z
41970,Xaguar,gl,"","",,Galician,Bobby McCabe,2018-10-22T04:27:00Z
41963,Leopardo,gl,"","",,Galician,Bobby McCabe,2018-10-22T04:50:08Z
41963,Pantera,gl,"","",,Galician,Bobby McCabe,2018-10-22T04:50:33Z
41967,Tigre,gl,"","",,Galician,Bobby McCabe,2018-10-22T05:09:57Z
74831,Leopardo das neves,gl,"","",,Galician,Bobby McCabe,2018-10-22T05:29:28Z
74831,Onza,gl,"","",,Galician,Bobby McCabe,2018-10-22T05:29:57Z
41955,Guepardo,gl,"","",,Galician,Bobby McCabe,2018-10-22T13:07:58Z
41955,Onza,gl,"","",,Galician,Bobby McCabe,2018-10-22T13:08:34Z
42007,Puma,gl,"","",,Galician,Bobby McCabe,2018-10-22T13:28:36Z
41641,Oso pardo,gl,"","",,Galician,Bobby McCabe,2018-10-22T22:42:03Z
41659,Oso panda,gl,"","",,Galician,Bobby McCabe,2018-10-23T00:29:00Z
41659,Panda xigante,gl,"","",,Galician,Bobby McCabe,2018-10-23T00:29:20Z
253698,Lura xigante,gl,"","",,Galician,Bobby McCabe,2018-10-23T05:22:59Z
41644,Oso polar,gl,"","",,Galician,Bobby McCabe,2018-10-23T20:46:14Z
41644,Oso branco,gl,"","",,Galician,Bobby McCabe,2018-10-23T20:46:34Z
447428,Polbo cabezudo,gl,"","",,Galician,Bobby McCabe,2018-10-26T00:39:16Z
447428,Polbo do limpo,gl,"","",,Galician,Bobby McCabe,2018-10-26T00:39:36Z
57278,Árbore do ceo,gl,"","",,Galician,John E. Christensen,2018-10-31T08:30:05Z
43692,Elefántidos,gl,"","",,Galician,Bobby McCabe,2018-11-01T19:07:42Z
43694,Elefante africano de sabana,gl,"","",,Galician,Bobby McCabe,2018-11-10T23:17:56Z
569099,León das cavernas,gl,"","",,Galician,Bobby McCabe,2018-11-14T02:58:47Z
41663,Mapache,gl,"","",,Galician,John E. Christensen,2018-11-14T10:12:43Z
162161,Cogombro do demo,gl,"","",,Galician,John E. Christensen,2018-11-16T08:46:49Z
357910,Elefante africano de bosque,gl,"","",,Galician,Bobby McCabe,2018-11-22T17:35:05Z
42405,Búfalo africano,gl,"","",,Galician,Bobby McCabe,2018-11-24T18:01:16Z
43348,Rinoceronte branco,gl,"","",,Galician,Bobby McCabe,2018-11-26T13:29:50Z
49556,Quilópodos,gl,"","",,Galician,John E. Christensen,2018-12-12T11:05:28Z
48561,Cardo,gl,"","",,Galician,John E. Christensen,2019-01-16T07:25:59Z
848319,Marsupiais,gl,"","",,Galician,Bobby McCabe,2019-01-18T21:26:34Z
42412,Boi almiscreiro,gl,"","",,Galician,Bobby McCabe,2019-01-20T17:42:56Z
121039,Gaviálidos,gl,"","",,Galician,John E. Christensen,2019-02-08T15:29:59Z
48486,Maruxiña,gl,"","",,Galician,John E. Christensen,2019-02-25T19:03:10Z
13094,Paporrubio,gl,"","",,Galician,Carlos Pizcueta Suárez,2019-03-03T15:18:15Z
201192,Chasco común,gl,"","",,Galician,Carlos Pizcueta Suárez,2019-03-03T15:21:28Z
13000,Rabirrubio tizón,gl,"","",,Galician,Carlos Pizcueta Suárez,2019-03-03T15:23:03Z
13858,Pardal común,gl,"","",,Galician,Carlos Pizcueta Suárez,2019-03-03T15:24:17Z
13695,Lavandeira branca,gl,"","",,Galician,Carlos Pizcueta Suárez,2019-03-03T15:27:10Z
12716,Merlo,gl,"","",,Galician,Carlos Pizcueta Suárez,2019-03-03T15:28:07Z
204496,Corvo común,gl,"","",,Galician,Carlos Pizcueta Suárez,2019-03-03T15:30:04Z
7278,Ferreiriño rabilongo,gl,"","",,Galician,Carlos Pizcueta Suárez,2019-03-03T15:32:03Z
12748,Tordo común,gl,"","",,Galician,Carlos Pizcueta Suárez,2019-03-03T15:33:02Z
7647,Merlo acuático,gl,"","",,Galician,Carlos Pizcueta Suárez,2019-03-03T15:34:10Z
14849,Estorniño negro,gl,"","",,Galician,Carlos Pizcueta Suárez,2019-03-03T15:36:24Z
558634,Liñaceiro común,gl,"","",,Galician,Carlos Pizcueta Suárez,2019-03-03T15:39:37Z
9192,Escribenta común,gl,"","",,Galician,Carlos Pizcueta Suárez,2019-03-03T15:41:07Z
7462,Gabeador común,gl,"","",,Galician,Carlos Pizcueta Suárez,2019-03-03T15:41:55Z
8088,Gaio,gl,"","",,Galician,Carlos Pizcueta Suárez,2019-03-03T15:51:35Z
13729,Pica dos prados,gl,"","",,Galician,Carlos Pizcueta Suárez,2019-03-03T15:52:48Z
144849,Ferreiriño azul,gl,"","",,Galician,Carlos Pizcueta Suárez,2019-03-03T15:54:25Z
203153,Ferreiriño real,gl,"","",,Galician,Carlos Pizcueta Suárez,2019-03-03T16:15:21Z
9193,Escribenta riscada,gl,"","",,Galician,Carlos Pizcueta Suárez,2019-03-03T16:18:31Z
9398,Xílgaro,gl,"","",,Galician,Carlos Pizcueta Suárez,2019-03-03T16:20:44Z
12038,Picanzo vermello,gl,"","",,Galician,Carlos Pizcueta Suárez,2019-03-03T16:22:41Z
13988,Azulenta común,gl,"","",,Galician,Carlos Pizcueta Suárez,2019-03-03T16:24:31Z
14850,Estorniño pinto,gl,"","",,Galician,Carlos Pizcueta Suárez,2019-03-03T16:26:36Z
15282,Papuxa das amoras,gl,"","",,Galician,Carlos Pizcueta Suárez,2019-03-03T16:27:56Z
11901,Andoriña,gl,"","",,Galician,Carlos Pizcueta Suárez,2019-03-03T16:40:29Z
13688,Lavandeira real,gl,"","",,Galician,Carlos Pizcueta Suárez,2019-03-03T16:41:47Z
82904,Xilbarbeira,gl,"","",,Galician,Carlos Pizcueta Suárez,2019-03-03T16:43:08Z
53298,Muruxa,gl,"","",,Galician,Carlos Pizcueta Suárez,2019-03-03T16:44:56Z
117016,Picafollas europeo,gl,"","",,Galician,Carlos Pizcueta Suárez,2019-03-03T16:45:38Z
145360,Verderolo común,gl,"","",,Galician,Carlos Pizcueta Suárez,2019-03-03T16:47:36Z
84640,Avespa papeleira europea,gl,"","",,Galician,Carlos Pizcueta Suárez,2019-03-03T16:49:26Z
82623,Herba da envexa,gl,"","",,Galician,Carlos Pizcueta Suárez,2019-03-03T16:51:35Z
55828,Ortiga morta,gl,"","",,Galician,Carlos Pizcueta Suárez,2019-03-03T16:52:38Z
59260,Caléndula silvestre,gl,"","",,Galician,Carlos Pizcueta Suárez,2019-03-03T16:54:04Z
76721,Fento macho,gl,"","",,Galician,Carlos Pizcueta Suárez,2019-03-03T17:00:01Z
774894,Fento fero,gl,"","",,Galician,Carlos Pizcueta Suárez,2019-03-03T17:01:54Z
3978,Bilurico das rochas,gl,"","",,Galician,Carlos Pizcueta Suárez,2019-03-03T17:03:55Z
73972,Lagarto arnal,gl,"","",,Galician,Carlos Pizcueta Suárez,2019-03-03T17:05:41Z
35706,Lagarta galega,gl,"","",,Galician,Carlos Pizcueta Suárez,2019-03-03T17:07:11Z
467402,Cornecho,gl,"","",,Galician,Carlos Pizcueta Suárez,2019-03-03T17:08:45Z
197140,Arneirón,gl,"","",,Galician,Carlos Pizcueta Suárez,2019-03-03T17:16:08Z
77550,Xunco pinchudo,gl,"","",,Galician,Carlos Pizcueta Suárez,2019-03-03T17:18:16Z
203761,Corneta,gl,"","",,Galician,Carlos Pizcueta Suárez,2019-03-03T17:20:32Z
6930,Lavanco,gl,"","",,Galician,Carlos Pizcueta Suárez,2019-03-03T17:25:38Z
6933,Pato rabilongo,gl,"","",,Galician,Carlos Pizcueta Suárez,2019-03-03T17:30:11Z
48032,Ourizo de mar,gl,"","",,Galician,Carlos Pizcueta Suárez,2019-03-03T17:34:59Z
558438,Cullerete,gl,"","",,Galician,Carlos Pizcueta Suárez,2019-03-03T17:36:15Z
59029,Chopo,gl,"","",,Galician,Carlos Pizcueta Suárez,2019-03-03T17:39:21Z
52756,Avespas papeleiras,gl,"","",,Galician,Carlos Pizcueta Suárez,2019-03-03T17:40:23Z
207977,Bolboreta pavo real,gl,"","",,Galician,Carlos Pizcueta Suárez,2019-03-03T17:41:50Z
47219,Abella do mel,gl,"","",,Galician,Carlos Pizcueta Suárez,2019-03-03T17:43:05Z
55563,Margarida común,gl,"","",,Galician,Carlos Pizcueta Suárez,2019-03-03T17:47:32Z
79457,Loitosiña,gl,"","",,Galician,Carlos Pizcueta Suárez,2019-03-03T18:05:35Z
61168,Aro,gl,"","",,Galician,Carlos Pizcueta Suárez,2019-03-03T18:07:51Z
343021,Liscanzo,gl,"","",,Galician,Carlos Pizcueta Suárez,2019-03-03T18:10:22Z
343021,Escáncer,gl,"","",,Galician,Carlos Pizcueta Suárez,2019-03-03T18:10:46Z
55022,Boira azul,gl,"","",,Galician,Carlos Pizcueta Suárez,2019-03-03T18:13:46Z
64331,Lirio cheirento,gl,"","",,Galician,Carlos Pizcueta Suárez,2019-03-03T18:15:17Z
59202,Gaivota patiamarela,gl,"","",,Galician,Carlos Pizcueta Suárez,2019-03-04T11:45:59Z
4270,Corvo mariño grande,gl,"","",,Galician,Carlos Pizcueta Suárez,2019-03-04T11:48:25Z
4954,Garza real,gl,"","",,Galician,Carlos Pizcueta Suárez,2019-03-04T11:49:18Z
3017,Pomba das rochas,gl,"","",,Galician,Carlos Pizcueta Suárez,2019-03-04T11:51:50Z
3017,Pomba brava,gl,"","",,Galician,Carlos Pizcueta Suárez,2019-03-04T11:52:22Z
4943,Garzota,gl,"","",,Galician,Carlos Pizcueta Suárez,2019-03-04T11:53:11Z
144510,Gaivota chorona,gl,"","",,Galician,Carlos Pizcueta Suárez,2019-03-04T11:54:02Z
7018,Ganso bravo,gl,"","",,Galician,Carlos Pizcueta Suárez,2019-03-04T11:55:01Z
4843,Gabita,gl,"","",,Galician,Carlos Pizcueta Suárez,2019-03-04T11:57:37Z
3938,Virapedras,gl,"","",,Galician,Carlos Pizcueta Suárez,2019-03-04T11:59:27Z
4381,Gaivota escura,gl,"","",,Galician,Carlos Pizcueta Suárez,2019-03-04T12:00:41Z
3802,Mascato,gl,"","",,Galician,Carlos Pizcueta Suárez,2019-03-04T12:01:36Z
4237,Mergullón pequeno,gl,"","",,Galician,Carlos Pizcueta Suárez,2019-03-04T12:03:13Z
472766,Peneireiro,gl,"","",,Galician,Carlos Pizcueta Suárez,2019-03-04T12:06:23Z
472766,Lagarteiro,gl,"","",,Galician,Carlos Pizcueta Suárez,2019-03-04T12:07:37Z
2599,Picapeixe,gl,"","",,Galician,Carlos Pizcueta Suárez,2019-03-04T12:08:32Z
3048,Pombo torcaz,gl,"","",,Galician,Carlos Pizcueta Suárez,2019-03-04T12:09:57Z
3849,Pilro tridáctilo,gl,"","",,Galician,Carlos Pizcueta Suárez,2019-03-04T12:11:16Z
5242,Aguia albela,gl,"","",,Galician,Carlos Pizcueta Suárez,2019-03-04T12:13:02Z
6921,Cisne,gl,"","",,Galician,Carlos Pizcueta Suárez,2019-03-04T12:14:33Z
7014,Ganso chinés,gl,"","",,Galician,Carlos Pizcueta Suárez,2019-03-04T12:15:58Z
867,Perdiz común,gl,"","",,Galician,Carlos Pizcueta Suárez,2019-03-04T12:18:21Z
3901,Mazarico chiador,gl,"","",,Galician,Carlos Pizcueta Suárez,2019-03-04T12:19:09Z
5366,Voitre leonado,gl,"","",,Galician,Carlos Pizcueta Suárez,2019-03-04T12:21:30Z
2969,Rula turca,gl,"","",,Galician,Carlos Pizcueta Suárez,2019-03-04T12:22:45Z
3947,Mazarico rabinegro,gl,"","",,Galician,Carlos Pizcueta Suárez,2019-03-04T12:23:41Z
4208,Mergullón cristado,gl,"","",,Galician,Carlos Pizcueta Suárez,2019-03-04T12:24:45Z
4501,Arao romeiro,gl,"","",,Galician,Carlos Pizcueta Suárez,2019-03-04T12:26:04Z
4501,Carolo,gl,"","",,Galician,Carlos Pizcueta Suárez,2019-03-04T12:26:22Z
4801,Píllara real,gl,"","",,Galician,Carlos Pizcueta Suárez,2019-03-04T12:32:20Z
145363,Carrizo,gl,"","",,Galician,Carlos Pizcueta Suárez,2019-03-04T12:33:04Z
981,Faisán común,gl,"","",,Galician,Carlos Pizcueta Suárez,2019-03-04T12:34:29Z
2938,Rula,gl,"","",,Galician,Carlos Pizcueta Suárez,2019-03-04T12:35:24Z
4368,Gaivotón,gl,"","",,Galician,Carlos Pizcueta Suárez,2019-03-04T12:36:05Z
5167,Tartaraña cincenta,gl,"","",,Galician,Carlos Pizcueta Suárez,2019-03-04T12:37:31Z
12822,Pedreiro cincento,gl,"","",,Galician,Carlos Pizcueta Suárez,2019-03-04T12:38:30Z
18448,Peto formigueiro,gl,"","",,Galician,Carlos Pizcueta Suárez,2019-03-04T12:40:14Z
19998,Moucho común,gl,"","",,Galician,Carlos Pizcueta Suárez,2019-03-04T12:41:46Z
5154,Aguia calzada,gl,"","",,Galician,Carlos Pizcueta Suárez,2019-03-04T12:53:39Z
5173,Tartaraña das xunqueiras,gl,"","",,Galician,Carlos Pizcueta Suárez,2019-03-04T12:54:41Z
339596,Pilro canelo,gl,"","",,Galician,Carlos Pizcueta Suárez,2019-03-04T12:57:23Z
145303,Picaouro común,gl,"","",,Galician,Carlos Pizcueta Suárez,2019-03-04T13:03:27Z
144792,Andoriña dáurica,gl,"","",,Galician,Carlos Pizcueta Suárez,2019-03-04T13:04:36Z
117007,Picafollas de Bonelli,gl,"","",,Galician,Carlos Pizcueta Suárez,2019-03-04T13:06:22Z
116858,Reiseñor da auga,gl,"","",,Galician,Carlos Pizcueta Suárez,2019-03-04T13:10:33Z
72458,Bilurico maculado,gl,"","",,Galician,Carlos Pizcueta Suárez,2019-03-04T13:13:36Z
71326,Paíños,gl,"","",,Galician,Carlos Pizcueta Suárez,2019-03-04T13:14:40Z
64705,Avión común,gl,"","",,Galician,Carlos Pizcueta Suárez,2019-03-04T13:16:05Z
64705,Andoriña de cu branco,gl,"","",,Galician,Carlos Pizcueta Suárez,2019-03-04T13:16:29Z
19410,Avenoiteira cincenta,gl,"","",,Galician,Carlos Pizcueta Suárez,2019-03-04T13:31:59Z
19349,Cotorrita,gl,"","",,Galician,Carlos Pizcueta Suárez,2019-03-04T13:33:25Z
17871,Peto real,gl,"","",,Galician,Carlos Pizcueta Suárez,2019-03-04T13:34:46Z
14824,Gabeador azul,gl,"","",,Galician,Carlos Pizcueta Suárez,2019-03-04T13:37:14Z
13851,Pardal orelleiro,gl,"","",,Galician,Carlos Pizcueta Suárez,2019-03-04T13:39:01Z
13140,Merlo rubio,gl,"","",,Galician,Carlos Pizcueta Suárez,2019-03-04T13:40:06Z
10411,Bicotorto común,gl,"","",,Galician,Carlos Pizcueta Suárez,2019-03-04T13:42:27Z
9236,Xirín común,gl,"","",,Galician,Carlos Pizcueta Suárez,2019-03-04T13:43:29Z
8029,Gralla grande,gl,"","",,Galician,Carlos Pizcueta Suárez,2019-03-04T13:44:43Z
8010,Corvo grande,gl,"","",,Galician,Carlos Pizcueta Suárez,2019-03-04T13:45:32Z
7046,Parrulo cristado,gl,"","",,Galician,Carlos Pizcueta Suárez,2019-03-04T13:46:45Z
4835,Pernalonga,gl,"","",,Galician,Carlos Pizcueta Suárez,2019-03-04T13:49:33Z
4361,Gaivota polar,gl,"","",,Galician,Carlos Pizcueta Suárez,2019-03-04T13:51:24Z
4205,Mergullón orelleiro,gl,"","",,Galician,Carlos Pizcueta Suárez,2019-03-04T13:53:05Z
3896,Mazarico real,gl,"","",,Galician,Carlos Pizcueta Suárez,2019-03-04T13:55:06Z
3879,Bilurico patirrubio,gl,"","",,Galician,Carlos Pizcueta Suárez,2019-03-04T13:56:30Z
3837,Pilro de Temminck,gl,"","",,Galician,Carlos Pizcueta Suárez,2019-03-04T13:59:01Z
3756,Mazarico negro,gl,"","",,Galician,Carlos Pizcueta Suárez,2019-03-04T13:59:53Z
3731,Cullereiro,gl,"","",,Galician,Carlos Pizcueta Suárez,2019-03-04T14:01:04Z
831,Perdiz charrela,gl,"","",,Galician,Carlos Pizcueta Suárez,2019-03-04T14:02:05Z
7697,Carriza dos xuncos,gl,"","",,Galician,Carlos Pizcueta Suárez,2019-03-04T14:03:25Z
20445,Curuxa común,gl,"","",,Galician,Carlos Pizcueta Suárez,2019-03-04T14:04:57Z
117097,Estreliña riscada,gl,"","",,Galician,Carlos Pizcueta Suárez,2019-03-04T14:08:30Z
144455,Garza branca,gl,"","",,Galician,Carlos Pizcueta Suárez,2019-03-04T14:09:18Z
144517,Gaivota cabecinegra,gl,"","",,Galician,Carlos Pizcueta Suárez,2019-03-04T14:11:38Z
144788,Andoriña dos penedos,gl,"","",,Galician,Carlos Pizcueta Suárez,2019-03-04T14:12:34Z
144823,Ferreiriño negro,gl,"","",,Galician,Carlos Pizcueta Suárez,2019-03-04T14:13:21Z
201282,Galiñola,gl,"","",,Galician,Carlos Pizcueta Suárez,2019-03-04T14:14:25Z
47458,Polbos,gl,"","",,Galician,Bobby McCabe,2019-03-05T13:46:52Z
55411,Saramago,gl,"","",,Galician,Carlos Pizcueta Suárez,2019-04-02T14:49:40Z
60982,Eiruga mariña,gl,"","",,Galician,Carlos Pizcueta Suárez,2019-04-02T14:51:12Z
59940,Aberiota,gl,"","",,Galician,Carlos Pizcueta Suárez,2019-04-02T14:52:49Z
166466,Lingua de boi,gl,"","",,Galician,Carlos Pizcueta Suárez,2019-04-02T14:53:53Z
57635,Xacinto bravo,gl,"","",,Galician,Carlos Pizcueta Suárez,2019-04-02T14:55:41Z
791928,Herba da rabia,gl,"","",,Galician,Carlos Pizcueta Suárez,2019-04-02T14:57:38Z
55505,Allo bravo,gl,"","",,Galician,Carlos Pizcueta Suárez,2019-04-02T15:13:23Z
43151,Coello,gl,"","",,Galician,Carlos Pizcueta Suárez,2019-04-02T15:14:25Z
37213,Esgonzo común,gl,"","",,Galician,Carlos Pizcueta Suárez,2019-04-02T15:16:37Z
81542,Dromedario,gl,"","",,Galician,Bobby McCabe,2019-04-11T14:34:09Z
81542,Camelo arábigo,gl,"","",,Galician,Bobby McCabe,2019-04-11T14:34:36Z
44576,Rata común,gl,"","",,Galician,John E. Christensen,2019-04-17T09:29:07Z
43236,Ornitorrinco,gl,"","",,Galician,Bobby McCabe,2019-04-18T15:27:57Z
56063,Capudre,gl,"","",,Galician,Xurugetu,2019-04-26T19:54:37Z
56063,Cancereixo,gl,"","",,Galician,Xurugetu,2019-04-26T19:55:04Z
47125,Anxiospermas,gl,"","",,Galician,John E. Christensen,2019-04-27T09:48:06Z
371831,Toxo femia,gl,"","",,Galician,Xurugetu,2019-04-30T18:32:05Z
51751,Toxo arnal,gl,"","",,Galician,Xurugetu,2019-04-30T18:37:01Z
83074,Magnolio común,gl,"","",https://eol.org/pages/1154991,Galician,Zinogre,2019-05-02T17:20:23Z
74113,Vaca,gl,"","",,Galician,Bobby McCabe,2019-05-07T14:29:26Z
43444,Macaco,gl,"","",,Galician,John E. Christensen,2019-05-08T12:10:51Z
47563,Loendro,gl,"","",,Galician,John E. Christensen,2019-05-20T11:31:41Z
82685,Vulneraria,gl,"","",,Galician,Carlos Pizcueta Suárez,2019-06-08T11:41:52Z
210354,Melga de mar,gl,"","",,Galician,Carlos Pizcueta Suárez,2019-06-08T11:45:19Z
60583,Calcispongiae,gl,"","",https://eol.org/pages/6760,Galician,,2019-07-14T17:29:18Z
47201,Himenópteros,gl,"","",https://eol.org/pages/648,Galician,,2019-07-21T13:22:00Z
81925,Búfalo,gl,"","",,Galician,John E. Christensen,2019-08-15T13:50:36Z
118240,sendeiriña,gl,"","",,Galician,Pablo de la Fuente Brun,2019-10-16T06:47:14Z
505478,Galiña,gl,"","",,Galician,John E. Christensen,2019-11-22T13:40:05Z
7251,Paseriformes,gl,"","",https://eol.org/pages/1596,Galician,,2020-01-11T15:21:34Z
47731,Vagalume,gl,"","",https://eol.org/pages/7487,Galician,Bobby McCabe,2020-01-20T16:52:42Z
48460,Vida,gl,"","",,Galician,cassi saari,2020-01-30T18:20:11Z
47561,Piñeiro,gl,"","",,Galician,John E. Christensen,2020-02-29T11:38:35Z
47157,Lepidópteros,gl,"","",https://eol.org/pages/747,Galician,,2020-04-11T22:37:36Z
47927,Odonatos,gl,"","",https://eol.org/pages/2762968,Galician,Victor HOYEAU,2020-06-20T13:28:38Z
29449,cobregón,gl,"","",,Galician,Martiño Cabana Otero,2020-06-24T16:11:18Z
540328,cobra de escada,gl,"","",,Galician,Martiño Cabana Otero,2020-06-24T16:14:57Z
57156,Avea,gl,"","",https://eol.org/pages/1114783,Galician,Cole Gaerber,2020-07-16T00:16:58Z
52698,avea louca,gl,"","",https://eol.org/pages/1114782,Galician,,2020-07-16T00:16:58Z
51454,Pasiflora azul,gl,"","",https://eol.org/pages/47110855,Galician,,2020-08-12T00:02:02Z
41766,Morsa,gl,"","",,Galician,Bobby McCabe,2020-08-22T18:59:03Z
29351,Cobra viperina,gl,"","",,Galician,Carlos Pizcueta Suárez,2020-08-30T15:06:00Z
162707,Cardo da ribeira,gl,"","",,Galician,Carlos Pizcueta Suárez,2020-08-30T15:08:45Z
99269,Robaliza,gl,"","",,Galician,Carlos Pizcueta Suárez,2020-08-30T15:10:28Z
119019,Avespa asiática,gl,"","",,Galician,Carlos Pizcueta Suárez,2020-08-30T15:17:16Z
35868,Lagarto das silvas,gl,"","",,Galician,Carlos Pizcueta Suárez,2020-08-30T15:22:25Z
42048,Lobo gris,gl,"","",,Galician,Carlos Pizcueta Suárez,2020-08-30T15:26:02Z
337848,Lobo ibérico,gl,"","",,Galician,Carlos Pizcueta Suárez,2020-08-30T15:26:58Z
27726,Píntega común,gl,"","",,Galician,Carlos Pizcueta Suárez,2020-08-30T15:36:32Z
55775,Carrasco,gl,"","",,Galician,Carlos Pizcueta Suárez,2020-08-30T15:40:03Z
66331,Ra verde,gl,"","",,Galician,Carlos Pizcueta Suárez,2020-08-30T15:41:44Z
61749,Vacaloura,gl,"","",,Galician,Carlos Pizcueta Suárez,2020-08-30T15:46:50Z
61749,Escornabois,gl,"","",,Galician,Carlos Pizcueta Suárez,2020-08-30T15:47:11Z
42069,Raposo común,gl,"","",,Galician,Carlos Pizcueta Suárez,2020-08-30T15:48:47Z
25665,Ra patilonga,gl,"","",,Galician,Carlos Pizcueta Suárez,2020-08-30T15:50:45Z
42134,Xabaril,gl,"","",,Galician,Carlos Pizcueta Suárez,2020-08-30T15:51:43Z
42134,Porco bravo,gl,"","",,Galician,Carlos Pizcueta Suárez,2020-08-30T15:52:18Z
129454,Couselo,gl,"","",,Galician,Carlos Pizcueta Suárez,2020-08-30T15:54:24Z
27712,Tritón marmorado,gl,"","",,Galician,Carlos Pizcueta Suárez,2020-08-30T15:56:18Z
53983,Dedaleira,gl,"","",,Galician,Carlos Pizcueta Suárez,2020-08-30T15:57:27Z
53905,Barbantesa,gl,"","",,Galician,Carlos Pizcueta Suárez,2020-08-30T15:58:20Z
64378,Tritón común,gl,"","",,Galician,Carlos Pizcueta Suárez,2020-08-30T15:59:41Z
64378,Tritón ibérico,gl,"","",,Galician,Carlos Pizcueta Suárez,2020-08-30T16:00:28Z
56133,Carballo común,gl,"","",,Galician,Carlos Pizcueta Suárez,2020-08-30T16:01:12Z
42184,Corzo,gl,"","",,Galician,Carlos Pizcueta Suárez,2020-08-30T16:02:55Z
52681,Fento común,gl,"","",,Galician,Carlos Pizcueta Suárez,2020-08-30T16:03:39Z
203000,Lingüeira,gl,"","",,Galician,Carlos Pizcueta Suárez,2020-08-30T16:05:31Z
51875,Trevo rubio,gl,"","",,Galician,Carlos Pizcueta Suárez,2020-08-30T16:06:49Z
891696,Pega común,gl,"","",,Galician,Carlos Pizcueta Suárez,2020-08-30T16:08:29Z
121763,Castiñeiro común,gl,"","",,Galician,Carlos Pizcueta Suárez,2020-08-30T16:09:41Z
133164,Paxariños,gl,"","",,Galician,Carlos Pizcueta Suárez,2020-08-30T16:10:53Z
51884,Estruga maior,gl,"","",,Galician,Carlos Pizcueta Suárez,2020-08-30T16:12:30Z
55757,Celidonia,gl,"","",,Galician,Carlos Pizcueta Suárez,2020-08-30T16:13:58Z
82602,Pirixel de mar,gl,"","",,Galician,Carlos Pizcueta Suárez,2020-08-30T16:16:37Z
82602,Fiuncho do mar,gl,"","",,Galician,Carlos Pizcueta Suárez,2020-08-30T16:17:13Z
78334,Cebola do mar,gl,"","",,Galician,Carlos Pizcueta Suárez,2020-08-30T16:18:40Z
78334,Cebola das gaivotas,gl,"","",,Galician,Carlos Pizcueta Suárez,2020-08-30T16:19:21Z
48715,Rebentabois,gl,"","",,Galician,Carlos Pizcueta Suárez,2020-08-30T16:22:03Z
371651,Queiroga maior,gl,"","",,Galician,Carlos Pizcueta Suárez,2020-08-30T16:23:19Z
24480,Sapo pinto,gl,"","",,Galician,Carlos Pizcueta Suárez,2020-08-30T16:27:14Z
54759,Loureiro,gl,"","",,Galician,Carlos Pizcueta Suárez,2020-08-30T16:28:54Z
56529,Macaón,gl,"","",,Galician,Carlos Pizcueta Suárez,2020-08-30T16:30:35Z
425378,Herba das doas,gl,"","",,Galician,Carlos Pizcueta Suárez,2020-08-30T16:32:38Z
53052,Fiúncho,gl,"","",,Galician,Carlos Pizcueta Suárez,2020-08-30T16:32:58Z
132622,Solda brava,gl,"","",,Galician,Carlos Pizcueta Suárez,2020-08-30T16:34:41Z
55745,Trevo branco,gl,"","",,Galician,Carlos Pizcueta Suárez,2020-08-30T17:14:04Z
61321,Herba salgueira,gl,"","",,Galician,Carlos Pizcueta Suárez,2020-08-30T17:15:09Z
76610,Cenoria,gl,"","",,Galician,Carlos Pizcueta Suárez,2020-08-30T17:22:07Z
64240,Herba da pampa,gl,"","",,Galician,Carlos Pizcueta Suárez,2020-08-30T17:25:43Z
25591,Ra vermella,gl,"","",,Galician,Carlos Pizcueta Suárez,2020-08-30T17:27:08Z
35964,Lagarta da serra,gl,"","",,Galician,Carlos Pizcueta Suárez,2020-08-30T17:29:13Z
27844,Salamántiga rabilonga,gl,"","",,Galician,Carlos Pizcueta Suárez,2020-08-30T17:30:41Z
48538,Xesta,gl,"","",,Galician,Carlos Pizcueta Suárez,2020-08-30T17:32:41Z
51147,Estripeiro,gl,"","",,Galician,Carlos Pizcueta Suárez,2020-08-30T17:35:14Z
119450,Queiroga,gl,"","",,Galician,Carlos Pizcueta Suárez,2020-08-30T17:37:06Z
119450,Uz,gl,"","",,Galician,Carlos Pizcueta Suárez,2020-08-30T17:37:27Z
50298,Amorodeira silvestre,gl,"","",,Galician,Carlos Pizcueta Suárez,2020-08-30T17:39:31Z
112372,Patarroxa,gl,"","",,Galician,Carlos Pizcueta Suárez,2020-08-30T17:44:52Z
56136,Cáncaro,gl,"","",,Galician,Carlos Pizcueta Suárez,2020-08-30T17:46:02Z
56136,Panqueixo,gl,"","",,Galician,Carlos Pizcueta Suárez,2020-08-30T17:46:24Z
210219,Nécora,gl,"","",,Galician,Carlos Pizcueta Suárez,2020-08-30T17:51:40Z
855297,Teixugo,gl,"","",,Galician,Carlos Pizcueta Suárez,2020-08-30T17:52:31Z
855297,Porco teixo,gl,"","",,Galician,Carlos Pizcueta Suárez,2020-08-30T17:52:45Z
30917,Víbora de Seoane,gl,"","",,Galician,Carlos Pizcueta Suárez,2020-08-30T18:06:45Z
60476,Herba de namorar,gl,"","",,Galician,Carlos Pizcueta Suárez,2020-08-30T18:09:25Z
51221,Cangrexo de río americano,gl,"","",,Galician,Carlos Pizcueta Suárez,2020-08-30T18:13:23Z
53344,Acacia negra,gl,"","",,Galician,Carlos Pizcueta Suárez,2020-08-30T18:18:29Z
103911,Maragota,gl,"","",,Galician,Carlos Pizcueta Suárez,2020-08-30T18:22:24Z
82836,Trobisco,gl,"","",,Galician,Carlos Pizcueta Suárez,2020-08-30T18:26:43Z
125848,Cerquiño,gl,"","",,Galician,Carlos Pizcueta Suárez,2020-08-30T18:29:15Z
55811,Abruñeiro,gl,"","",,Galician,Carlos Pizcueta Suárez,2020-08-30T18:34:48Z
53398,Eucalipto azul,gl,"","",,Galician,Carlos Pizcueta Suárez,2020-08-30T18:40:05Z
59283,Queimacasas,gl,"","",,Galician,Carlos Pizcueta Suárez,2020-08-30T18:41:47Z
925661,Xeneta,gl,"","",,Galician,Carlos Pizcueta Suárez,2020-08-30T18:43:38Z
54491,Abeleira,gl,"","",,Galician,Carlos Pizcueta Suárez,2020-08-30T18:44:40Z
55972,Sanguiño,gl,"","",,Galician,Carlos Pizcueta Suárez,2020-08-30T18:49:00Z
52523,Cangrexo verde,gl,"","",,Galician,Carlos Pizcueta Suárez,2020-08-30T18:49:40Z
41850,Lontra,gl,"","",,Galician,Carlos Pizcueta Suárez,2020-08-30T18:51:30Z
41850,Londra,gl,"","",,Galician,Carlos Pizcueta Suárez,2020-08-30T18:51:44Z
765394,Sabugueiro,gl,"","",,Galician,Carlos Pizcueta Suárez,2020-08-30T18:55:56Z
151429,Choco,gl,"","",,Galician,Carlos Pizcueta Suárez,2020-08-30T18:57:18Z
151429,Xiba,gl,"","",,Galician,Carlos Pizcueta Suárez,2020-08-30T18:57:33Z
53856,Acivro,gl,"","",,Galician,Carlos Pizcueta Suárez,2020-08-30T18:59:12Z
65450,Sapo corriqueiro,gl,"","",,Galician,Carlos Pizcueta Suárez,2020-08-30T19:02:33Z
55885,Chuchamel,gl,"","",,Galician,Carlos Pizcueta Suárez,2020-08-30T19:04:49Z
78895,Silva,gl,"","",,Galician,Carlos Pizcueta Suárez,2020-08-30T19:05:58Z
78895,Silveira,gl,"","",,Galician,Carlos Pizcueta Suárez,2020-08-30T19:06:59Z
82303,Fento real,gl,"","",,Galician,Carlos Pizcueta Suárez,2020-08-30T19:09:11Z
4733,Cegoña branca,gl,"","",,Galician,Carlos Pizcueta Suárez,2020-08-30T19:13:57Z
50868,Sobreira,gl,"","",,Galician,Carlos Pizcueta Suárez,2020-08-30T19:16:45Z
118589,Congro,gl,"","",,Galician,Carlos Pizcueta Suárez,2020-08-30T19:19:13Z
209233,Cabalo,gl,"","",,Galician,Carlos Pizcueta Suárez,2020-08-30T20:00:42Z
26904,Cobra lagarteira común,gl,"","",,Galician,Carlos Pizcueta Suárez,2020-08-30T20:02:39Z
77279,Mapoula das praias,gl,"","",,Galician,Carlos Pizcueta Suárez,2020-08-30T20:04:28Z
3857,Pilro común,gl,"","",,Galician,Carlos Pizcueta Suárez,2020-08-30T21:39:55Z
5268,Miñato negro,gl,"","",,Galician,Carlos Pizcueta Suárez,2020-08-30T21:42:00Z
20969,Bubela,gl,"","",,Galician,Carlos Pizcueta Suárez,2020-08-30T21:48:02Z
7347,Laverca,gl,"","",,Galician,Carlos Pizcueta Suárez,2020-08-30T21:49:25Z
70646,Estroza,gl,"","",,Galician,Carlos Pizcueta Suárez,2020-08-30T22:03:11Z
70646,Rela,gl,"","",,Galician,Carlos Pizcueta Suárez,2020-08-30T22:03:25Z
70646,Ra de San Antón,gl,"","",,Galician,Carlos Pizcueta Suárez,2020-08-30T22:03:49Z
46001,Esquío,gl,"","",,Galician,Carlos Pizcueta Suárez,2020-08-30T22:16:40Z
64377,Tritón palmado,gl,"","",,Galician,Carlos Pizcueta Suárez,2020-08-30T22:25:08Z
39677,Tartaruga de coiro,gl,"","",,Galician,Carlos Pizcueta Suárez,2020-08-31T06:38:31Z
35519,Lagarta rabuda,gl,"","",,Galician,Carlos Pizcueta Suárez,2020-08-31T06:42:34Z
35453,Lagarta das brañas,gl,"","",,Galician,Carlos Pizcueta Suárez,2020-08-31T07:06:29Z
774894,fenta,gl,"","",,Galician,Pablo de la Fuente Brun,2020-09-04T17:32:20Z
774894,blechno,gl,"","",,Galician,Pablo de la Fuente Brun,2020-09-04T17:32:39Z
337790,Rabaza,gl,"Galicia, ES","",,Galician,Mark,2020-11-17T19:45:38Z
144514,Gaivota chorona americana,gl,"","",,Galician,Carlos Pizcueta Suárez,2020-11-19T16:19:07Z
482,Galiñola negra,gl,"","",,Galician,Carlos Pizcueta Suárez,2020-11-19T16:29:48Z
6638,Cirrio común,gl,"","",,Galician,Carlos Pizcueta Suárez,2020-11-19T16:31:47Z
116923,Folosa amarela,gl,"","",,Galician,Carlos Pizcueta Suárez,2020-11-19T16:33:24Z
906982,Picanzo real meridional,gl,"","",,Galician,Carlos Pizcueta Suárez,2020-11-19T16:36:11Z
793469,Estreliña do norte,gl,"","",,Galician,Carlos Pizcueta Suárez,2020-11-19T16:37:34Z
204456,Folosa grande,gl,"","",,Galician,Carlos Pizcueta Suárez,2020-11-19T16:39:20Z
144297,Palleira grande,gl,"","",,Galician,Carlos Pizcueta Suárez,2020-11-19T16:49:58Z
3878,Bilurico claro,gl,"","",,Galician,Carlos Pizcueta Suárez,2020-11-19T16:51:51Z
117055,Picafollas musical,gl,"","",,Galician,Carlos Pizcueta Suárez,2020-11-19T16:53:38Z
144541,Carrán cristado,gl,"","",,Galician,Carlos Pizcueta Suárez,2020-11-19T16:56:16Z
19898,Avelaiona,gl,"","",,Galician,Carlos Pizcueta Suárez,2020-11-19T17:00:35Z
204545,Lavandeira verdeal,gl,"","",,Galician,Carlos Pizcueta Suárez,2020-11-19T17:02:34Z
9462,Paporroibo real,gl,"","",,Galician,Carlos Pizcueta Suárez,2020-11-19T20:45:59Z
204512,Papamoscas negro,gl,"","",,Galician,Carlos Pizcueta Suárez,2020-11-19T20:50:45Z
13711,Pica das árbores,gl,"","",,Galician,Carlos Pizcueta Suárez,2020-11-19T20:52:16Z
13713,Pica alpina,gl,"","",,Galician,Carlos Pizcueta Suárez,2020-11-19T20:53:14Z
144830,Ferreiriño cristado,gl,"","",,Galician,Carlos Pizcueta Suárez,2020-11-19T20:55:55Z
13770,Bico de coral común,gl,"","",,Galician,Carlos Pizcueta Suárez,2020-11-19T20:57:17Z
4892,Píllara cincenta,gl,"","",,Galician,Carlos Pizcueta Suárez,2020-11-19T20:59:55Z
5325,Miñato abelleiro,gl,"","",,Galician,Carlos Pizcueta Suárez,2020-11-19T21:00:48Z
558439,Pato frisado,gl,"","",,Galician,Carlos Pizcueta Suárez,2020-11-19T21:02:55Z
4857,Avefría,gl,"","",,Galician,Carlos Pizcueta Suárez,2020-11-19T21:04:21Z
4857,Galo da braña,gl,"","",,Galician,Carlos Pizcueta Suárez,2020-11-19T21:04:43Z
6937,Cerceta,gl,"","",,Galician,Carlos Pizcueta Suárez,2020-11-20T10:35:31Z
6937,Charneco,gl,"","",,Galician,Carlos Pizcueta Suárez,2020-11-20T10:36:11Z
8349,Choia,gl,"","",,Galician,Carlos Pizcueta Suárez,2020-11-20T10:37:53Z
116999,Aguia peixeira,gl,"","",,Galician,Carlos Pizcueta Suárez,2020-11-20T10:39:56Z
3951,Mazarico rabipinto,gl,"","",,Galician,Carlos Pizcueta Suárez,2020-11-20T10:42:27Z
4504,Arao papagaio,gl,"","",,Galician,Carlos Pizcueta Suárez,2020-11-20T10:45:58Z
5106,Gabián,gl,"","",,Galician,Carlos Pizcueta Suárez,2020-11-20T10:47:27Z
5382,Voitre negro,gl,"","",,Galician,Carlos Pizcueta Suárez,2020-11-20T10:48:41Z
12971,Papamoscas cincento,gl,"","",,Galician,Carlos Pizcueta Suárez,2020-11-20T10:49:50Z
72486,Ganso de Exipto,gl,"","",,Galician,Carlos Pizcueta Suárez,2020-11-20T10:50:57Z
509656,Pardela cincenta,gl,"","",,Galician,Carlos Pizcueta Suárez,2020-11-20T10:53:05Z
117027,Picafollas ibérico,gl,"","",,Galician,Carlos Pizcueta Suárez,2020-11-20T10:55:03Z
204533,Gaivota arxéntea,gl,"","",,Galician,Carlos Pizcueta Suárez,2020-11-20T10:55:51Z
4356,Gaivota cana,gl,"","",,Galician,Carlos Pizcueta Suárez,2020-11-20T12:04:41Z
121578,Ovella,gl,"","",,Galician,Carlos Pizcueta Suárez,2020-11-20T12:38:41Z
74908,Morcego de Cabrera,gl,"","",,Galician,Carlos Pizcueta Suárez,2020-11-20T12:41:25Z
57534,Morcego das covas,gl,"","",,Galician,Carlos Pizcueta Suárez,2020-11-20T12:42:18Z
47144,Can,gl,"","",,Galician,Carlos Pizcueta Suárez,2020-11-20T12:43:10Z
44280,Trilladeira pataqueira,gl,"","",,Galician,Carlos Pizcueta Suárez,2020-11-20T12:46:41Z
42161,Gamo,gl,"","",,Galician,Carlos Pizcueta Suárez,2020-11-20T12:47:40Z
41440,Toniña común,gl,"","",,Galician,Carlos Pizcueta Suárez,2020-11-21T00:22:25Z
40281,Morcego de orellas fendidas,gl,"","",,Galician,Carlos Pizcueta Suárez,2020-11-21T00:26:12Z
424254,Morcego das ribeiras,gl,"","",,Galician,Carlos Pizcueta Suárez,2020-11-21T00:28:04Z
45863,Lirón careto,gl,"","",,Galician,Carlos Pizcueta Suárez,2020-11-21T00:29:37Z
45748,Rata de auga,gl,"","",,Galician,Carlos Pizcueta Suárez,2020-11-21T00:31:38Z
41532,Caldeirón tropical,gl,"","",,Galician,Carlos Pizcueta Suárez,2020-11-21T00:32:41Z
148030,Asno,gl,"","",,Galician,Carlos Pizcueta Suárez,2020-11-21T00:35:56Z
118552,Gato doméstico,gl,"","",,Galician,Carlos Pizcueta Suárez,2020-11-21T00:36:52Z
44575,Rata negra,gl,"","",,Galician,Carlos Pizcueta Suárez,2020-11-21T00:37:58Z
44302,Corta dos prados,gl,"","",,Galician,Carlos Pizcueta Suárez,2020-11-21T00:40:05Z
42346,Rebezo pirenaico,gl,"","",,Galician,Carlos Pizcueta Suárez,2020-11-21T00:41:24Z
41550,Rorcual alibranco,gl,"","",,Galician,Carlos Pizcueta Suárez,2020-11-21T00:42:31Z
40415,Morcego orelludo meridional,gl,"","",,Galician,Carlos Pizcueta Suárez,2020-11-21T00:45:16Z
1008667,Xesta de Ons,gl,"","",https://www.inaturalist.org/taxon_names/809366/edit,Galician,,2020-11-29T22:45:32Z
200958,Aguia peixeira,gl,"","",,Galician,John E. Christensen,2020-12-01T07:55:02Z
752393,Ameixa rubia,gl,"","",,Galician,Johan Devos,2020-12-03T13:04:39Z
117181,Folosa acuática,gl,"","",,Galician,Carlos Pizcueta Suárez,2020-12-10T13:03:32Z
117028,Picafollas bilistado,gl,"","",,Galician,Carlos Pizcueta Suárez,2020-12-10T13:06:21Z
116941,Folosa manchada,gl,"","",,Galician,Carlos Pizcueta Suárez,2020-12-10T13:08:05Z
116940,Folosa unicolor,gl,"","",,Galician,Carlos Pizcueta Suárez,2020-12-10T13:17:29Z
116840,Escribenta lapona,gl,"","",,Galician,Carlos Pizcueta Suárez,2020-12-10T13:18:36Z
13734,Pica costeira,gl,"","",,Galician,Carlos Pizcueta Suárez,2020-12-10T15:54:23Z
13712,Pica campestre,gl,"","",,Galician,Carlos Pizcueta Suárez,2020-12-10T15:55:49Z
13141,Merlo azul,gl,"","",,Galician,Carlos Pizcueta Suárez,2020-12-10T15:59:15Z
12992,Rabirrubio de testa branca,gl,"","",,Galician,Carlos Pizcueta Suárez,2020-12-11T13:28:52Z
12842,Pedreiro do deserto,gl,"","",,Galician,Carlos Pizcueta Suárez,2020-12-11T13:31:07Z
12042,Picanzo isabel,gl,"","",,Galician,Carlos Pizcueta Suárez,2020-12-11T13:34:03Z
12039,Picanzo cabecirrubio,gl,"","",,Galician,Carlos Pizcueta Suárez,2020-12-11T13:34:43Z
9246,Canario,gl,"","",,Galician,Carlos Pizcueta Suárez,2020-12-11T13:44:38Z
204556,Vichelocrego,gl,"","",,Galician,Carlos Pizcueta Suárez,2020-12-11T13:46:41Z
204455,Folosa das canaveiras,gl,"","",,Galician,Carlos Pizcueta Suárez,2020-12-11T13:48:38Z
117059,Escribenta das neves,gl,"","",,Galician,Carlos Pizcueta Suárez,2020-12-11T13:50:50Z
116804,Fulepa das xunqueiras,gl,"","",,Galician,Carlos Pizcueta Suárez,2020-12-11T13:51:41Z
15302,Papuxa picafollas,gl,"","",,Galician,Carlos Pizcueta Suárez,2020-12-11T13:53:24Z
12749,Tordo rubio,gl,"","",,Galician,Carlos Pizcueta Suárez,2020-12-11T17:19:30Z
578607,Cotovía cristada,gl,"","",,Galician,Carlos Pizcueta Suárez,2020-12-11T18:13:57Z
145291,Trigueirón,gl,"","",,Galician,Carlos Pizcueta Suárez,2020-12-11T18:15:34Z
13079,Rousinol,gl,"","",,Galician,Carlos Pizcueta Suárez,2020-12-11T18:17:55Z
10069,Pimpín real,gl,"","",,Galician,Carlos Pizcueta Suárez,2020-12-11T18:19:44Z
9195,Escribenta amarela,gl,"","",,Galician,Carlos Pizcueta Suárez,2020-12-11T19:31:58Z
12735,Tordo charlo,gl,"","",,Galician,Carlos Pizcueta Suárez,2020-12-12T01:03:15Z
7087,Ganso cabecinegro,gl,"","",,Galician,Carlos Pizcueta Suárez,2020-12-12T01:07:55Z
7363,Cotovía pequena,gl,"","",,Galician,Carlos Pizcueta Suárez,2020-12-12T01:11:23Z
12707,Tordo real,gl,"","",,Galician,Carlos Pizcueta Suárez,2020-12-12T01:11:59Z
13071,Papoazul,gl,"","",,Galician,Carlos Pizcueta Suárez,2020-12-12T01:13:11Z
513926,Rascón de auga,gl,"","",,Galician,Carlos Pizcueta Suárez,2020-12-12T01:16:14Z
4170,Paíño europeo,gl,"","",,Galician,Carlos Pizcueta Suárez,2020-12-12T01:18:34Z
4647,Falcón peregrino,gl,"","",,Galician,Carlos Pizcueta Suárez,2020-12-12T01:21:06Z
4672,Falcón paxareiro,gl,"","",,Galician,Carlos Pizcueta Suárez,2020-12-12T01:24:30Z
73315,Furabuchos balear,gl,"","",,Galician,Carlos Pizcueta Suárez,2020-12-12T01:26:04Z
59845,Lagarteiro das torres,gl,"","",,Galician,Carlos Pizcueta Suárez,2020-12-12T01:28:58Z
20244,Moucho de orellas,gl,"","",,Galician,Carlos Pizcueta Suárez,2020-12-12T01:29:49Z
20059,Bufo real,gl,"","",,Galician,Carlos Pizcueta Suárez,2020-12-12T01:31:43Z
7106,Pato mandarín,gl,"","",,Galician,Carlos Pizcueta Suárez,2020-12-12T01:32:27Z
7068,Pato canelo,gl,"","",,Galician,Carlos Pizcueta Suárez,2020-12-12T01:33:00Z
6916,Cisne bravo,gl,"","",,Galician,Carlos Pizcueta Suárez,2020-12-12T01:33:24Z
7067,Pato branco,gl,"","",,Galician,Carlos Pizcueta Suárez,2020-12-12T01:34:35Z
6996,Mergo cristado,gl,"","",,Galician,Carlos Pizcueta Suárez,2020-12-12T01:36:23Z
7007,Ganso pequeno,gl,"","",,Galician,Carlos Pizcueta Suárez,2020-12-12T01:38:15Z
7024,Eider,gl,"","",,Galician,Carlos Pizcueta Suárez,2020-12-12T01:39:35Z
6914,Cisne negro,gl,"","",,Galician,Carlos Pizcueta Suárez,2020-12-12T01:40:19Z
144221,Pentumeiro,gl,"","",,Galician,Carlos Pizcueta Suárez,2020-12-12T01:41:11Z
559064,Gatafornela,gl,"","",,Galician,Carlos Pizcueta Suárez,2020-12-12T01:48:48Z
5074,Aguia real,gl,"","",,Galician,Carlos Pizcueta Suárez,2020-12-12T01:49:49Z
5275,Peneireiro cincento,gl,"","",,Galician,Carlos Pizcueta Suárez,2020-12-12T01:50:55Z
12908,Chasco rabipinto,gl,"","",,Galician,Carlos Pizcueta Suárez,2020-12-12T02:10:41Z
9201,Escribenta das canaveiras,gl,"","",,Galician,Carlos Pizcueta Suárez,2020-12-12T02:11:42Z
4349,Gaivota hiperbórea,gl,"","",,Galician,Carlos Pizcueta Suárez,2020-12-12T02:13:21Z
3888,Bilurico pintado,gl,"","",,Galician,Carlos Pizcueta Suárez,2020-12-12T02:14:19Z
3885,Bilurico alinegro,gl,"","",,Galician,Carlos Pizcueta Suárez,2020-12-12T02:15:29Z
3863,Pilro ferruxento,gl,"","",,Galician,Carlos Pizcueta Suárez,2020-12-12T02:16:19Z
3856,Pilro escuro,gl,"","",,Galician,Carlos Pizcueta Suárez,2020-12-12T02:17:31Z
3845,Pilro groso,gl,"","",,Galician,Carlos Pizcueta Suárez,2020-12-12T02:18:18Z
339593,Combatente,gl,"","",,Galician,Carlos Pizcueta Suárez,2020-12-12T02:20:01Z
4519,Arao dos cons,gl,"","",,Galician,Carlos Pizcueta Suárez,2020-12-12T02:26:24Z
4494,Gaivota tridáctila,gl,"","",,Galician,Carlos Pizcueta Suárez,2020-12-12T02:27:36Z
3838,Pliro patimouro,gl,"","",,Galician,Carlos Pizcueta Suárez,2020-12-12T02:28:45Z
318836,Becacina,gl,"","",,Galician,Carlos Pizcueta Suárez,2020-12-12T02:30:00Z
4889,Píllara dourada,gl,"","",,Galician,Carlos Pizcueta Suárez,2020-12-12T02:30:57Z
55990,Lagarta dos muros,gl,"","",,Galician,Carlos Pizcueta Suárez,2020-12-12T02:36:54Z
33602,Osga común,gl,"","",,Galician,Carlos Pizcueta Suárez,2020-12-12T02:37:55Z
324558,Lura,gl,"","",,Galician,Carlos Pizcueta Suárez,2020-12-12T02:59:29Z
324540,Carneiro,gl,"","",,Galician,Carlos Pizcueta Suárez,2020-12-12T03:01:35Z
366851,Ameixa babosa,gl,"","",,Galician,Carlos Pizcueta Suárez,2020-12-12T03:04:22Z
324539,Vieira do Mediterráneo,gl,"","",,Galician,Carlos Pizcueta Suárez,2020-12-12T03:08:00Z
338021,Corno,gl,"","",,Galician,Carlos Pizcueta Suárez,2020-12-12T03:11:38Z
324549,Ameixón,gl,"","",,Galician,Carlos Pizcueta Suárez,2020-12-12T03:13:45Z
210232,Cadela,gl,"","",,Galician,Carlos Pizcueta Suárez,2020-12-12T03:15:11Z
210232,Ameixa de can,gl,"","",,Galician,Carlos Pizcueta Suárez,2020-12-12T03:15:39Z
339365,Birollo,gl,"","",,Galician,Carlos Pizcueta Suárez,2020-12-12T03:16:42Z
363965,Saltón,gl,"","",,Galician,Carlos Pizcueta Suárez,2020-12-12T03:19:24Z
154706,Lapa común,gl,"","",,Galician,Carlos Pizcueta Suárez,2020-12-12T03:32:59Z
117650,Mexillón atlántico,gl,"","",,Galician,Carlos Pizcueta Suárez,2020-12-12T03:37:57Z
324563,Vieira,gl,"","",,Galician,Carlos Pizcueta Suárez,2020-12-12T03:38:51Z
324548,Ameixa fina,gl,"","",,Galician,Carlos Pizcueta Suárez,2020-12-12T03:40:32Z
324572,Voandeira,gl,"","",,Galician,Carlos Pizcueta Suárez,2020-12-12T03:42:32Z
469345,Arola,gl,"","",,Galician,Carlos Pizcueta Suárez,2020-12-12T03:45:46Z
469345,Mexarela,gl,"","",,Galician,Carlos Pizcueta Suárez,2020-12-12T03:46:02Z
210230,Berberecho,gl,"","",,Galician,Carlos Pizcueta Suárez,2020-12-12T03:48:00Z
210230,Croque,gl,"","",,Galician,Carlos Pizcueta Suárez,2020-12-12T03:48:15Z
210230,Crica,gl,"","",,Galician,Carlos Pizcueta Suárez,2020-12-12T03:48:39Z
81648,Mexillón,gl,"","",,Galician,Carlos Pizcueta Suárez,2020-12-12T03:49:35Z
53462,Ostra común,gl,"","",,Galician,Carlos Pizcueta Suárez,2020-12-12T03:52:22Z
363963,Marolo,gl,"","",,Galician,Carlos Pizcueta Suárez,2020-12-12T03:53:30Z
467140,Reló,gl,"","",,Galician,Carlos Pizcueta Suárez,2020-12-12T03:55:34Z
64006,Ameixa asiática,gl,"","",,Galician,Carlos Pizcueta Suárez,2020-12-12T03:56:52Z
343269,Ameixa xaponesa,gl,"","",,Galician,Carlos Pizcueta Suárez,2020-12-12T03:58:19Z
210229,Longueirón vello,gl,"","",,Galician,Carlos Pizcueta Suárez,2020-12-12T04:00:48Z
324553,Rabioso,gl,"","",,Galician,Carlos Pizcueta Suárez,2020-12-12T04:01:37Z
332435,Longueirón,gl,"","",,Galician,Carlos Pizcueta Suárez,2020-12-12T04:02:45Z
424302,Berberecho macho,gl,"","",,Galician,Carlos Pizcueta Suárez,2020-12-12T04:04:31Z
469347,Ostra brava,gl,"","",,Galician,Carlos Pizcueta Suárez,2020-12-12T04:07:04Z
81606,Caramuxo,gl,"","",,Galician,Carlos Pizcueta Suárez,2020-12-12T12:01:41Z
81606,Mincha,gl,"","",,Galician,Carlos Pizcueta Suárez,2020-12-12T12:02:15Z
118601,Faneca,gl,"","",,Galician,Carlos Pizcueta Suárez,2020-12-12T12:32:34Z
118667,Chaparela,gl,"","",,Galician,Carlos Pizcueta Suárez,2020-12-12T12:36:02Z
332553,Abadexo,gl,"","",,Galician,Carlos Pizcueta Suárez,2020-12-12T12:39:01Z
98753,Taberneiro,gl,"","",,Galician,Carlos Pizcueta Suárez,2020-12-12T12:40:31Z
118628,Escacho,gl,"","",,Galician,Carlos Pizcueta Suárez,2020-12-12T12:41:56Z
118655,Chamarena,gl,"","",,Galician,Carlos Pizcueta Suárez,2020-12-12T13:51:26Z
118655,Chamiza,gl,"","",,Galician,Carlos Pizcueta Suárez,2020-12-12T13:51:43Z
338048,Tapa,gl,"","",,Galician,Carlos Pizcueta Suárez,2020-12-12T13:53:31Z
338048,Meiga punteada,gl,"","",,Galician,Carlos Pizcueta Suárez,2020-12-12T13:54:21Z
49606,Peixe porco,gl,"","",,Galician,Carlos Pizcueta Suárez,2020-12-12T13:56:01Z
113533,Farro,gl,"","",,Galician,Carlos Pizcueta Suárez,2020-12-12T13:58:03Z
118619,Salmonete de rocha,gl,"","",,Galician,Carlos Pizcueta Suárez,2020-12-12T13:59:54Z
118664,Boga,gl,"","",,Galician,Carlos Pizcueta Suárez,2020-12-12T14:13:33Z
118675,Serrán cabra,gl,"","",,Galician,Carlos Pizcueta Suárez,2020-12-12T14:50:18Z
113001,Escalo,gl,"","",,Galician,Carlos Pizcueta Suárez,2020-12-12T14:54:05Z
118594,Piarda común,gl,"","",,Galician,Carlos Pizcueta Suárez,2020-12-12T17:49:50Z
118669,Sargo común,gl,"","",,Galician,Carlos Pizcueta Suárez,2020-12-12T22:03:19Z
118678,Rincha,gl,"","",,Galician,Carlos Pizcueta Suárez,2020-12-12T22:08:47Z
118678,Xarda,gl,"","",,Galician,Carlos Pizcueta Suárez,2020-12-12T22:09:03Z
94105,Anguía europea,gl,"","",,Galician,Carlos Pizcueta Suárez,2020-12-12T22:10:47Z
113529,Vello,gl,"","",,Galician,Carlos Pizcueta Suárez,2020-12-12T22:15:30Z
49587,Perca americana,gl,"","",,Galician,Carlos Pizcueta Suárez,2020-12-12T23:16:25Z
49614,Perca sol,gl,"","",,Galician,Carlos Pizcueta Suárez,2020-12-13T14:30:48Z
53911,Carpa común,gl,"","",,Galician,Carlos Pizcueta Suárez,2020-12-13T16:43:05Z
93704,Sabela,gl,"","",,Galician,Carlos Pizcueta Suárez,2020-12-13T16:44:34Z
109631,Solla,gl,"","",,Galician,Carlos Pizcueta Suárez,2020-12-13T16:51:42Z
48648,Salmón atlántico,gl,"","",,Galician,Carlos Pizcueta Suárez,2020-12-13T17:56:42Z
50968,Doncela,gl,"","",,Galician,Carlos Pizcueta Suárez,2020-12-13T18:17:18Z
56940,Bonito,gl,"","",,Galician,Carlos Pizcueta Suárez,2020-12-13T18:22:04Z
69841,Cabalón,gl,"","",,Galician,Carlos Pizcueta Suárez,2020-12-13T18:29:51Z
69841,Xarda pintada,gl,"","",,Galician,Carlos Pizcueta Suárez,2020-12-13T18:30:03Z
108196,Prago,gl,"","",,Galician,Carlos Pizcueta Suárez,2020-12-13T18:32:35Z
118622,Sanmartiño,gl,"","",,Galician,Carlos Pizcueta Suárez,2020-12-13T18:35:24Z
118656,Pancho,gl,"","",,Galician,Carlos Pizcueta Suárez,2020-12-13T18:37:05Z
47523,Solla de altura,gl,"","",,Galician,Carlos Pizcueta Suárez,2020-12-13T18:38:30Z
49601,Peixe lúa,gl,"","",,Galician,Carlos Pizcueta Suárez,2020-12-13T18:51:28Z
49984,Sargo acastañado,gl,"","",,Galician,Carlos Pizcueta Suárez,2020-12-13T19:00:13Z
58612,Carpa vermella,gl,"","",,Galician,Carlos Pizcueta Suárez,2020-12-13T19:02:12Z
118590,Morea,gl,"","",,Galician,Carlos Pizcueta Suárez,2020-12-13T19:03:50Z
118597,Agulla,gl,"","",,Galician,Carlos Pizcueta Suárez,2020-12-13T19:06:05Z
114455,Fodón,gl,"","",,Galician,Carlos Pizcueta Suárez,2020-12-13T19:07:35Z
118616,Robaliza de pintas,gl,"","",,Galician,Carlos Pizcueta Suárez,2020-12-13T19:08:45Z
118626,Escacho de pluma,gl,"","",,Galician,Carlos Pizcueta Suárez,2020-12-13T19:10:50Z
118630,Escarapote escorpión,gl,"","",,Galician,Carlos Pizcueta Suárez,2020-12-13T19:11:59Z
118635,Linguado de area,gl,"","",,Galician,Carlos Pizcueta Suárez,2020-12-13T19:13:02Z
118663,Saboga,gl,"","",,Galician,Carlos Pizcueta Suárez,2020-12-13T19:15:57Z
118674,Serrán riscado,gl,"","",,Galician,Carlos Pizcueta Suárez,2020-12-13T19:17:48Z
118695,Xurelo,gl,"","",,Galician,Carlos Pizcueta Suárez,2020-12-13T19:24:12Z
120669,Linguado de pintas,gl,"","",,Galician,Carlos Pizcueta Suárez,2020-12-13T19:28:50Z
120672,Alcrique,gl,"","",,Galician,Carlos Pizcueta Suárez,2020-12-13T19:31:37Z
416585,Rodaballo,gl,"","",,Galician,Carlos Pizcueta Suárez,2020-12-13T19:32:35Z
111535,Raia riscada,gl,"","",,Galician,Carlos Pizcueta Suárez,2020-12-13T19:36:46Z
48397,Raia cravuda,gl,"","",,Galician,Carlos Pizcueta Suárez,2020-12-13T19:41:12Z
110361,Quenlla,gl,"","",,Galician,Carlos Pizcueta Suárez,2020-12-13T19:42:21Z
111527,Raia de pintas,gl,"","",,Galician,Carlos Pizcueta Suárez,2020-12-13T19:43:36Z
49311,Chucho,gl,"","",,Galician,Carlos Pizcueta Suárez,2020-12-13T19:47:25Z
56050,Cazón liso,gl,"","",,Galician,Carlos Pizcueta Suárez,2020-12-13T19:52:57Z
69677,Marraxo azul,gl,"","",,Galician,Carlos Pizcueta Suárez,2020-12-13T19:54:09Z
112381,Roxa,gl,"","",,Galician,Carlos Pizcueta Suárez,2020-12-13T19:55:35Z
114244,Trémula,gl,"","",,Galician,Carlos Pizcueta Suárez,2020-12-13T19:56:26Z
157765,Quiabo,gl,"","",,Galician,Johan Devos,2020-12-20T20:37:34Z
69949,Percebe da madeira,gl,"","",,Galician,Carlos Pizcueta Suárez,2020-12-31T14:56:22Z
210201,Pulga da area,gl,"","",,Galician,Carlos Pizcueta Suárez,2020-12-31T15:21:18Z
447552,Centola,gl,"","",,Galician,Carlos Pizcueta Suárez,2020-12-31T15:22:54Z
120553,Boi,gl,"","",,Galician,Carlos Pizcueta Suárez,2020-12-31T15:24:18Z
62410,Lumbrigante,gl,"","",,Galician,Carlos Pizcueta Suárez,2021-01-01T05:13:41Z
332555,Pateiro,gl,"","",,Galician,Carlos Pizcueta Suárez,2021-01-01T05:15:52Z
112400,Santiaguiño,gl,"","",,Galician,Carlos Pizcueta Suárez,2021-01-01T05:17:37Z
49223,Lamprea mariña,gl,"","",,Galician,Carlos Pizcueta Suárez,2021-01-01T05:23:28Z
357376,Pan mouro,gl,"","",,Galician,Carlos Pizcueta Suárez,2021-01-07T17:39:36Z
326154,Esponxa áurea,gl,"","",,Galician,Carlos Pizcueta Suárez,2021-01-07T17:41:12Z
132490,Laranxa do mar,gl,"","",,Galician,Carlos Pizcueta Suárez,2021-01-07T17:42:05Z
62614,Esponxas furadoras,gl,"","",,Galician,Carlos Pizcueta Suárez,2021-01-07T17:43:12Z
117715,Esponxa furadora amarela,gl,"","",,Galician,Carlos Pizcueta Suárez,2021-01-07T17:43:55Z
186854,Miolo de pan,gl,"","",,Galician,Carlos Pizcueta Suárez,2021-01-07T17:45:09Z
418528,Esponxa sanguínea,gl,"","",,Galician,Carlos Pizcueta Suárez,2021-01-07T17:46:33Z
338082,Barroeira,gl,"","",,Galician,Carlos Pizcueta Suárez,2021-01-07T17:54:57Z
337476,Miñoca das ostras,gl,"","",,Galician,Carlos Pizcueta Suárez,2021-01-07T17:59:18Z
208364,Cagulo,gl,"","",,Galician,Carlos Pizcueta Suárez,2021-01-07T18:00:21Z
208364,Xorrón,gl,"","",,Galician,Carlos Pizcueta Suárez,2021-01-07T18:01:10Z
204568,Xorra,gl,"","",,Galician,Carlos Pizcueta Suárez,2021-01-07T18:02:23Z
337827,Serradela,gl,"","",,Galician,Carlos Pizcueta Suárez,2021-01-07T18:04:14Z
682692,Muxa,gl,"","",,Galician,Carlos Pizcueta Suárez,2021-01-07T18:05:05Z
464006,Miñoca verde,gl,"","",,Galician,Carlos Pizcueta Suárez,2021-01-07T18:05:42Z
99684,Ourizo de mar comestíbel,gl,"","",,Galician,Carlos Pizcueta Suárez,2021-01-07T18:20:28Z
122232,Pataca do mar,gl,"","",,Galician,Carlos Pizcueta Suárez,2021-01-07T18:22:38Z
210353,Carallote común,gl,"","",,Galician,Carlos Pizcueta Suárez,2021-01-07T18:23:41Z
7045,Pato chupón,gl,"","",,Galician,Carlos Pizcueta Suárez,2021-01-09T00:30:33Z
130391,Galo cebrado,gl,"","",,Galician,Carlos Pizcueta Suárez,2021-01-15T15:35:26Z
108799,Apolo,gl,"","",,Galician,Carlos Pizcueta Suárez,2021-01-15T15:39:57Z
41482,Arroaz,gl,"","",,Galician,Carlos Pizcueta Suárez,2021-01-15T15:46:34Z
41800,Garduña,gl,"","",,Galician,Carlos Pizcueta Suárez,2021-01-15T15:48:48Z
41800,Fuíña,gl,"","",,Galician,Carlos Pizcueta Suárez,2021-01-15T15:49:13Z
46969,Toupa ibérica,gl,"","",,Galician,Carlos Pizcueta Suárez,2021-01-15T15:52:42Z
45562,Rato de campo,gl,"","",,Galician,Carlos Pizcueta Suárez,2021-01-15T15:54:18Z
207811,Morcego das hortas,gl,"","",,Galician,Carlos Pizcueta Suárez,2021-01-15T15:57:45Z
40364,Morcego común,gl,"","",,Galician,Carlos Pizcueta Suárez,2021-01-15T16:00:06Z
922459,Gato bravo,gl,"","",,Galician,Carlos Pizcueta Suárez,2021-01-15T16:01:36Z
43119,Lebre ibérica,gl,"","",,Galician,Carlos Pizcueta Suárez,2021-01-15T16:02:39Z
44705,Rato doméstico,gl,"","",,Galician,Carlos Pizcueta Suárez,2021-01-15T16:04:39Z
46640,Furaño común,gl,"","",,Galician,Carlos Pizcueta Suárez,2021-01-15T16:06:47Z
40695,Morcego pequeno de ferradura,gl,"","",,Galician,Carlos Pizcueta Suárez,2021-01-15T16:10:46Z
41526,Golfiño común,gl,"","",,Galician,Carlos Pizcueta Suárez,2021-01-15T16:12:50Z
204113,Cervo común,gl,"","",,Galician,Carlos Pizcueta Suárez,2021-01-15T16:14:37Z
40645,Morcego grande de ferradura,gl,"","",,Galician,Carlos Pizcueta Suárez,2021-01-15T16:16:13Z
42350,Cabra montesa,gl,"","",,Galician,Carlos Pizcueta Suárez,2021-01-15T16:17:10Z
46970,Toupa europea,gl,"","",,Galician,Carlos Pizcueta Suárez,2021-01-15T18:22:03Z
123070,Cabra doméstica,gl,"","",,Galician,Carlos Pizcueta Suárez,2021-01-15T18:23:58Z
41812,Tourón,gl,"","",,Galician,Carlos Pizcueta Suárez,2021-01-15T18:25:05Z
41812,Furón bravo,gl,"","",,Galician,Carlos Pizcueta Suárez,2021-01-15T18:26:01Z
25311,Sapo de esporóns,gl,"","",,Galician,Carlos Pizcueta Suárez,2021-01-15T18:28:15Z
24473,Sapo parteiro común,gl,"","",,Galician,Carlos Pizcueta Suárez,2021-01-15T18:29:25Z
52595,Oomicetes,gl,"","",https://eol.org/pages/52371967,Galician,,2021-02-13T20:47:47Z
49266,Tetraodóntidos,gl,"","",https://eol.org/pages/5056,Galician,,2021-04-20T04:31:29Z
103913,Gaián,gl,"","",,Galician,Carlos Pizcueta Suárez,2021-04-23T00:05:53Z
47518,Troita común,gl,"","",,Galician,Carlos Pizcueta Suárez,2021-04-23T00:12:32Z
102966,Salmón do Danubio,gl,"","",,Galician,Carlos Pizcueta Suárez,2021-04-30T22:33:45Z
47516,Troita arco da vella,gl,"","",,Galician,Carlos Pizcueta Suárez,2021-04-30T22:35:59Z
74009,Cobra de Esculapio,gl,"","",,Galician,Carlos Pizcueta Suárez,2021-04-30T23:50:27Z
30924,Víbora fociñuda,gl,"","",,Galician,Carlos Pizcueta Suárez,2021-04-30T23:56:12Z
26888,Cobra lagarteira meridional,gl,"","",,Galician,Carlos Pizcueta Suárez,2021-04-30T23:57:25Z
74890,Cachalote,gl,"","",,Galician,Carlos Pizcueta Suárez,2021-05-11T19:30:05Z
41494,Golfiño riscado,gl,"","",,Galician,Carlos Pizcueta Suárez,2021-05-11T19:32:29Z
1264432,Visón americano,gl,"","",https://www.inaturalist.org/taxon_names/2394368/edit,Galician,,2021-07-20T16:31:02Z
99786,Anguía eléctrica,gl,"","",,Galician,Zane Roskoph,2021-07-29T02:57:29Z
50873,Tiburón branco,gl,"","",,Galician,Zane Roskoph,2021-07-30T13:54:11Z
84996,Tiburón touro,gl,"","",https://eol.org/pages/46559783,Galician,Wich’yanan (Jay) Limparungpatthanakij,2021-07-30T14:46:24Z
539233,Tartaruga xigante de Aldabra,gl,"","",https://eol.org/pages/52231890,Galician,,2021-08-01T16:48:42Z
26081,Crocodilo do Orinoco,gl,"","",,Galician,Zane Roskoph,2021-08-02T23:22:13Z
52188,Tiburón balea,gl,"","",,Galician,Zane Roskoph,2021-08-03T13:56:00Z
112841,Tiburón de Groenlandia,gl,"","",,Galician,Zane Roskoph,2021-08-03T14:35:40Z
130176,Carrapucho,gl,"","",,Galician,Zane Roskoph,2021-08-05T18:03:18Z
56072,Peixe mandarín,gl,"","",https://eol.org/pages/46571393,Galician,Wich’yanan (Jay) Limparungpatthanakij,2021-08-09T13:24:31Z
331121,Limeira,gl,"","",,Galician,Zane Roskoph,2021-08-10T12:18:52Z
123356,Cidreira,gl,"","",,Galician,Zane Roskoph,2021-08-10T12:39:28Z
35347,Iguana mariña,gl,"","",,Galician,Zane Roskoph,2021-08-10T19:29:36Z
4555,Gaivota marfil,gl,"","",https://eol.org/pages/45509269,Galician,,2021-08-11T12:20:03Z
41570,Balea vasca,gl,"","",https://eol.org/pages/46559421,Galician,Victor HOYEAU,2021-08-15T17:17:03Z
41461,Beluga,gl,"","",,Galician,Zane Roskoph,2021-08-15T18:11:05Z
42407,Bisonte europeo,gl,"","",,Galician,Zane Roskoph,2021-08-25T12:58:54Z
130796,Tigre siberiano,gl,"","",,Galician,Zane Roskoph,2021-08-26T13:57:13Z
130799,Tigre de Sumatra,gl,"","",,Galician,Zane Roskoph,2021-08-26T16:56:35Z
130793,Tigre de Bengala,gl,"","",,Galician,Zane Roskoph,2021-08-27T12:24:10Z
130796,Tigre do Caspio,gl,"","",,Galician,Zane Roskoph,2021-08-27T15:37:19Z
116523,Gavial,gl,"","",,Galician,Zane Roskoph,2021-09-13T15:57:28Z
49567,Carábidos,gl,"","",https://eol.org/pages/7467,Galician,,2021-09-24T20:00:37Z
163638,Flor de San Xoán,gl,"","",,Galician,Carlos Pizcueta Suárez,2021-10-07T11:53:35Z
58722,Piñeiro rubio,gl,"","",,Galician,Carlos Pizcueta Suárez,2021-10-07T12:35:10Z
82723,Piñeiro marítimo,gl,"","",,Galician,Carlos Pizcueta Suárez,2021-10-07T12:36:42Z
52821,milfollas,gl,"","",,Galician,Carlos Pizcueta Suárez,2021-10-07T13:01:18Z
55976,Herba de Santa Cunegunda,gl,"","",,Galician,Carlos Pizcueta Suárez,2021-10-07T13:05:41Z
334041,Quitamerendas,gl,"","",,Galician,Carlos Pizcueta Suárez,2021-10-07T13:49:55Z
773660,Salgueiro negro,gl,"","",,Galician,Carlos Pizcueta Suárez,2021-10-07T13:51:01Z
773660,Salgueiro bravo,gl,"","",,Galician,Carlos Pizcueta Suárez,2021-10-07T13:51:15Z
56163,Verxebán,gl,"","",,Galician,Carlos Pizcueta Suárez,2021-10-07T13:53:36Z
76598,Xesta molar,gl,"","",,Galician,Carlos Pizcueta Suárez,2021-10-07T13:57:34Z
53324,Ervellaca,gl,"","",,Galician,Carlos Pizcueta Suárez,2021-10-07T13:59:37Z
53324,Herba da fame,gl,"","",,Galician,Carlos Pizcueta Suárez,2021-10-07T14:00:42Z
47779,Lirio amarelo,gl,"","",,Galician,Carlos Pizcueta Suárez,2021-10-07T14:02:37Z
56088,Falsa acacia,gl,"","",,Galician,Carlos Pizcueta Suárez,2021-10-07T14:03:46Z
82688,Uz branca,gl,"","",,Galician,Carlos Pizcueta Suárez,2021-10-07T14:06:01Z
82688,Breixo branco,gl,"","",,Galician,Carlos Pizcueta Suárez,2021-10-07T14:06:20Z
61168,Xario,gl,"","",,Galician,Carlos Pizcueta Suárez,2021-10-07T14:11:05Z
61168,Herba das anadas,gl,"","",,Galician,Carlos Pizcueta Suárez,2021-10-07T14:12:24Z
75583,Nocella,gl,"","",,Galician,Carlos Pizcueta Suárez,2021-10-07T14:13:37Z
70045,Acanto,gl,"","",,Galician,Carlos Pizcueta Suárez,2021-10-07T14:15:33Z
82946,Aciñeira,gl,"","",,Galician,Carlos Pizcueta Suárez,2021-10-07T14:18:12Z
52287,Borraxe,gl,"","",,Galician,Carlos Pizcueta Suárez,2021-10-07T14:19:36Z
52287,Soaxe,gl,"","",,Galician,Carlos Pizcueta Suárez,2021-10-07T14:20:48Z
79109,Cabaciña,gl,"","",,Galician,Carlos Pizcueta Suárez,2021-10-07T14:25:55Z
79109,Subiote,gl,"","",,Galician,Carlos Pizcueta Suárez,2021-10-07T14:28:09Z
77993,Mentraste,gl,"","",,Galician,Carlos Pizcueta Suárez,2021-10-07T14:33:42Z
209586,Abrótega,gl,"","",,Galician,Carlos Pizcueta Suárez,2021-10-07T14:42:34Z
57439,Seixebra,gl,"","",,Galician,Carlos Pizcueta Suárez,2021-10-07T14:44:19Z
64017,Cana,gl,"","",,Galician,Carlos Pizcueta Suárez,2021-10-15T16:46:03Z
79210,Gramón,gl,"","",,Galician,Carlos Pizcueta Suárez,2021-10-15T16:48:07Z
133036,amenta de lobo,gl,"","",,Galician,Carlos Pizcueta Suárez,2021-10-15T16:54:47Z
79382,Orella de gato,gl,"","",,Galician,Carlos Pizcueta Suárez,2021-10-15T16:58:13Z
54498,Remolacha,gl,"","",,Galician,Carlos Pizcueta Suárez,2021-10-15T17:00:12Z
129105,Cerviña,gl,"","",,Galician,Carlos Pizcueta Suárez,2021-10-15T17:01:44Z
57897,Barrilleira,gl,"","",,Galician,Carlos Pizcueta Suárez,2021-10-15T17:04:44Z
48686,Espadanas,gl,"","",,Galician,Carlos Pizcueta Suárez,2021-10-15T17:07:30Z
53169,Trevo acedo,gl,"","",,Galician,Carlos Pizcueta Suárez,2021-10-15T17:09:48Z
58991,Beldroega,gl,"","",,Galician,Carlos Pizcueta Suárez,2021-10-15T17:13:07Z
63916,Capilaria,gl,"","",,Galician,Carlos Pizcueta Suárez,2021-10-15T17:17:46Z
64119,Chumbeira,gl,"","",,Galician,Carlos Pizcueta Suárez,2021-10-15T17:19:29Z
326752,Camariña,gl,"","",,Galician,Carlos Pizcueta Suárez,2021-10-15T18:22:51Z
334041,Tollemerendas,gl,"","",,Galician,andarubel,2021-10-24T17:38:29Z
47347,Cantarelo,gl,"","",,Galician,Carlos Pizcueta Suárez,2021-11-12T12:24:45Z
120277,Trufas,gl,"","",,Galician,Carlos Pizcueta Suárez,2021-11-12T12:29:37Z
120278,Trufas,gl,"","",,Galician,Carlos Pizcueta Suárez,2021-11-12T12:30:11Z
67661,Amanita do viño,gl,"","",,Galician,Carlos Pizcueta Suárez,2021-11-12T12:32:36Z
63401,Choupín,gl,"","",,Galician,Carlos Pizcueta Suárez,2021-11-12T12:34:01Z
63401,Chouparro,gl,"","",,Galician,Carlos Pizcueta Suárez,2021-11-12T12:35:15Z
63401,Roco,gl,"","",,Galician,Carlos Pizcueta Suárez,2021-11-12T12:35:46Z
55899,Lacaria ametista,gl,"","",,Galician,Carlos Pizcueta Suárez,2021-11-12T12:41:22Z
55927,Feixó do demo,gl,"","",,Galician,Carlos Pizcueta Suárez,2021-11-12T12:42:46Z
63271,Francesiña,gl,"","",,Galician,Carlos Pizcueta Suárez,2021-11-12T12:44:29Z
48701,Madeirudo,gl,"","",,Galician,Carlos Pizcueta Suárez,2021-11-12T12:46:13Z
48701,Boleto bo,gl,"","",,Galician,Carlos Pizcueta Suárez,2021-11-12T12:46:33Z
53713,Carne de pita,gl,"","",,Galician,Carlos Pizcueta Suárez,2021-11-12T12:51:37Z
48418,Amanita pantera,gl,"","",,Galician,Carlos Pizcueta Suárez,2021-11-12T12:53:48Z
55950,Cogumelo de mel,gl,"","",,Galician,Carlos Pizcueta Suárez,2021-11-12T12:55:27Z
48443,Peido de lobo perlado,gl,"","",,Galician,Carlos Pizcueta Suárez,2021-11-12T12:56:41Z
350216,Madeirudo do verán,gl,"","",,Galician,Carlos Pizcueta Suárez,2021-11-12T12:58:18Z
123897,Fígado de boi,gl,"","",,Galician,Carlos Pizcueta Suárez,2021-11-12T13:01:45Z
54594,Carallán,gl,"","",,Galician,Carlos Pizcueta Suárez,2021-11-12T13:05:48Z
56534,Ovo das meigas,gl,"","",,Galician,Carlos Pizcueta Suárez,2021-11-12T13:08:45Z
48339,Netorras,gl,"","",,Galician,Carlos Pizcueta Suárez,2021-11-12T13:10:42Z
153459,Netorra amarela,gl,"","",,Galician,Carlos Pizcueta Suárez,2021-11-12T13:11:43Z
194437,Netorra das carballeiras,gl,"","",,Galician,Carlos Pizcueta Suárez,2021-11-12T13:12:57Z
194414,Netorra moura,gl,"","",,Galician,Carlos Pizcueta Suárez,2021-11-12T13:14:00Z
48641,Lingua de vaca,gl,"","",,Galician,Carlos Pizcueta Suárez,2021-11-12T13:16:36Z
352308,Netorra de sangue,gl,"","",,Galician,Carlos Pizcueta Suárez,2021-11-12T13:18:04Z
179715,Netorra fráxil,gl,"","",,Galician,Carlos Pizcueta Suárez,2021-11-12T13:18:42Z
63014,Repolo do monte,gl,"","",,Galician,Carlos Pizcueta Suárez,2021-11-12T13:21:24Z
64350,Xinkgo,gl,"","",,Galician,Carlos Pizcueta Suárez,2021-11-14T14:23:29Z
55925,Herba de San Roberto,gl,"","",,Galician,Carlos Pizcueta Suárez,2021-11-15T00:16:48Z
51822,Leiteiriñas,gl,"","",,Galician,Carlos Pizcueta Suárez,2021-11-15T00:23:56Z
53343,Mimosa,gl,"","",,Galician,Carlos Pizcueta Suárez,2021-11-15T00:25:48Z
48599,Herba tintureira,gl,"","",,Galician,Carlos Pizcueta Suárez,2021-11-15T00:38:31Z
52720,Panasco,gl,"","",,Galician,Carlos Pizcueta Suárez,2021-11-15T00:43:57Z
55727,Hedriña das paredes,gl,"","",,Galician,Carlos Pizcueta Suárez,2021-11-15T00:45:53Z
545482,Cardota,gl,"","",,Galician,Carlos Pizcueta Suárez,2021-11-15T00:49:10Z
47602,Mexacán,gl,"","",,Galician,Carlos Pizcueta Suárez,2021-11-15T00:50:12Z
47602,Dente de león,gl,"","",,Galician,Carlos Pizcueta Suárez,2021-11-15T00:50:30Z
57281,Parietaria,gl,"","",,Galician,Carlos Pizcueta Suárez,2021-11-15T00:51:37Z
51807,Bonetes,gl,"","",,Galician,Carlos Pizcueta Suárez,2021-11-15T00:52:43Z
55882,Hedra común,gl,"","",,Galician,Carlos Pizcueta Suárez,2021-11-15T00:57:25Z
75475,Lesta,gl,"","",,Galician,Carlos Pizcueta Suárez,2021-11-15T01:04:33Z
147154,Oso pardo europeo,gl,"","",,Galician,Carlos Pizcueta Suárez,2021-11-17T14:10:19Z
363962,zamburiña,gl,"","",,Galician,Johan Devos,2021-11-29T16:20:48Z
1341071,Feixoa,gl,"","",https://www.inaturalist.org/taxon_names/2758101/edit,Galician,Carlos Galindo-Leal,2022-01-26T00:21:53Z
63621,Piñeiro manso,gl,"","",,Galician,Carlos Pizcueta Suárez,2022-02-04T14:02:19Z
61293,Procesionaria do piñeiro,gl,"","",,Galician,Carlos Pizcueta Suárez,2022-02-06T18:43:50Z
61432,Loureiro real,gl,"","",,Galician,Carlos Pizcueta Suárez,2022-02-10T16:01:14Z
71737,Picafollas,gl,"","",,Galician,Carlos Pizcueta Suárez,2022-02-11T18:11:10Z
53787,Herba dona,gl,"","",,Galician,Carlos Pizcueta Suárez,2022-02-11T18:20:10Z
60295,Pasto mel,gl,"","",,Galician,Carlos Pizcueta Suárez,2022-02-11T18:23:02Z
60218,Figueira,gl,"","",,Galician,Carlos Pizcueta Suárez,2022-02-11T18:24:00Z
59570,Herba dos amores,gl,"","",,Galician,Carlos Pizcueta Suárez,2022-02-11T18:29:00Z
54520,Herba de Santa María,gl,"","",,Galician,Carlos Pizcueta Suárez,2022-02-11T18:29:41Z
48969,Herba becerra,gl,"","",,Galician,Carlos Pizcueta Suárez,2022-02-11T18:31:12Z
55827,Herba do gando,gl,"","",,Galician,Carlos Pizcueta Suárez,2022-02-11T18:33:22Z
52793,Herba trigal,gl,"","",,Galician,Carlos Pizcueta Suárez,2022-02-11T18:36:14Z
119791,Pradairo común,gl,"","",,Galician,Carlos Pizcueta Suárez,2022-02-11T18:39:08Z
127079,Fento dos valos,gl,"","",,Galician,Carlos Pizcueta Suárez,2022-02-11T18:40:51Z
82689,Érbedo,gl,"","",,Galician,Carlos Pizcueta Suárez,2022-02-11T18:41:40Z
338109,Toxo femia,gl,"","",,Galician,Carlos Pizcueta Suárez,2022-02-11T18:43:40Z
139068,Carqueixa,gl,"","",,Galician,Carlos Pizcueta Suárez,2022-02-11T18:46:36Z
738855,Carqueixa boieira,gl,"","",https://www.inaturalist.org/taxon_names/2892430/edit,Galician,,2022-03-19T20:38:13Z
469472,mazá,gl,"","",,Galician,,2022-03-27T04:29:21Z
1286843,Corruíra do campo,gl,"","",,Galician,max kirsch,2022-04-12T19:22:45Z
1289467,Papuxa do mato,gl,"","",https://www.inaturalist.org/taxon_names/2338848/edit,Galician,rjq,2022-04-18T20:56:10Z
1289470,Papuxa común,gl,"","",https://www.inaturalist.org/taxon_names/1525055/edit,Galician,rjq,2022-04-18T21:00:38Z
1289472,Papuxa cabecinegra,gl,"","",https://www.inaturalist.org/taxon_names/2310739/edit,Galician,,2022-04-18T21:08:07Z
82687,Queiroga de umbela,gl,"","",,Galician,Carlos Pizcueta Suárez,2022-05-09T20:19:19Z
162431,Queiroga das brañas,gl,"","",,Galician,Carlos Pizcueta Suárez,2022-05-09T20:22:11Z
333982,Uz moura,gl,"","",,Galician,Carlos Pizcueta Suárez,2022-05-09T20:25:14Z
52669,Fento femia,gl,"","",,Galician,Carlos Pizcueta Suárez,2022-05-09T20:26:48Z
144242,Peto verde ibérico,gl,"","",,Galician,Carlos Pizcueta Suárez,2022-05-09T20:30:32Z
1289604,Corvo mariño cristado,gl,"","",https://www.inaturalist.org/taxon_names/1524979/edit,Galician,max kirsch,2022-05-15T02:58:36Z
533195,Ameixa bicuda,gl,"","",https://www.inaturalist.org/taxon_names/2339292/edit,Galician,,2022-07-29T21:05:45Z
3,Paxaros,gl,"","",,Galician,Alessandro G.,2022-09-30T12:28:12Z
76949,Nespereira,gl,"","",,Galician,Carlos Pizcueta Suárez,2022-11-10T20:57:27Z
1,Animais,gl,"","",,Galician,Yann Kemper,2022-11-18T04:54:17Z
54806,Freixos,gl,"","",,Galician,Carlos Pizcueta Suárez,2022-11-23T17:49:29Z
61964,Cerdeira,gl,"","",,Galician,Carlos Pizcueta Suárez,2022-11-30T18:11:16Z
170056,Umeiro de montaña,gl,"","",,Galician,Carlos Pizcueta Suárez,2022-11-30T18:15:14Z
79461,Umeiro,gl,"","",,Galician,Carlos Pizcueta Suárez,2022-11-30T18:20:28Z
127529,Acereiro,gl,"","",,Galician,Carlos Pizcueta Suárez,2022-11-30T18:27:35Z
78755,Pexegueiro,gl,"","",,Galician,Carlos Pizcueta Suárez,2022-11-30T18:29:15Z
338408,Pereira brava,gl,"","",,Galician,Carlos Pizcueta Suárez,2022-11-30T18:32:51Z
55837,Abruñeiro dos xardíns,gl,"","",,Galician,Carlos Pizcueta Suárez,2022-11-30T18:36:14Z
48201,Escarabeidos,gl,"","",,Galician,John E. Christensen,2022-12-20T14:16:29Z
134693,Sapo común,gl,"","",,Galician,Carlos Pizcueta Suárez,2022-12-21T16:41:22Z
53582,Tulipeiro,gl,"","",,Galician,John E. Christensen,2022-12-23T14:12:18Z
68165,Formiga arxentina,gl,"","",,Galician,Carlos Pizcueta Suárez,2023-01-26T23:28:06Z
48623,Lamiáceas,gl,"","",,Galician,John E. Christensen,2023-02-02T13:04:32Z
107353,Tiburón de area,gl,"","",,Galician,Carlos Pizcueta Suárez,2023-02-26T10:20:28Z
20526,Avestruz,gl,"","",,Galician,Johan Devos,2023-02-28T22:29:16Z
4951,Garza imperial,gl,"","",,Galician,Carlos Pizcueta Suárez,2023-04-21T20:09:09Z
320715,Cenoura de cantil,gl,"","",,Galician,Martinho-Fiz López Lindoso,2023-04-28T21:13:13Z
1494783,Dourada,gl,"","",https://www.inaturalist.org/taxon_names/2339703/edit,Galician,,2023-09-09T00:45:33Z
155197,Níscaro,gl,Galicia,"",,Galician,Carlos Pizcueta Suárez,2023-09-22T17:00:58Z
72516,Andoriñón real,gl,"","",https://www.inaturalist.org/taxon_names/1525033/edit,Galician,Donald Davesne,2023-10-29T11:53:36Z
4788,Píllara rubia,gl,"","",https://www.inaturalist.org/taxon_names/2310285/edit,Galician,Victor HOYEAU,2023-10-29T13:13:43Z
1505620,Píllara papuda,gl,"","",https://www.inaturalist.org/taxon_names/1524996/edit,Galician,Sean Cozart,2023-10-30T12:34:58Z
49606,Peixe porco gris,gl,"","",,Galician,José Pedro De Campos Fogaça,2023-11-11T02:17:29Z
49612,Peixes porco,gl,"","",,Galician,José Pedro De Campos Fogaça,2023-11-11T02:18:07Z
529521,Peixe porco cola de lira,gl,"","",,Galician,José Pedro De Campos Fogaça,2023-11-11T02:19:56Z
196872,Peixe porco estrelado,gl,"","",,Galician,José Pedro De Campos Fogaça,2023-11-11T02:20:35Z
57743,Peixe porco ondulado,gl,"","",,Galician,José Pedro De Campos Fogaça,2023-11-11T02:21:33Z
95064,Peixe porco mexicano,gl,"","",,Galician,José Pedro De Campos Fogaça,2023-11-11T02:22:20Z
491007,Peixe porco de puntos negros,gl,"","",,Galician,José Pedro De Campos Fogaça,2023-11-11T02:23:46Z
95066,Peixe porco real,gl,"","",,Galician,José Pedro De Campos Fogaça,2023-11-11T02:24:31Z
154282,Peixe porco pallaso,gl,"","",,Galician,José Pedro De Campos Fogaça,2023-11-11T02:25:08Z
123392,Peixe porco titán,gl,"","",,Galician,José Pedro De Campos Fogaça,2023-11-11T02:25:40Z
461979,Peixe porco escamoso,gl,"","",,Galician,José Pedro De Campos Fogaça,2023-11-11T02:26:20Z
179646,Peixe porco manchado do Indo-Pacífico,gl,"","",,Galician,José Pedro De Campos Fogaça,2023-11-11T02:27:49Z
1316538,Peixe porco peláxico,gl,"","",,Galician,José Pedro De Campos Fogaça,2023-11-11T02:29:24Z
131526,Peixe porco oceánico,gl,"","",,Galician,José Pedro De Campos Fogaça,2023-11-11T02:30:11Z
52466,Peixe porco negro indio,gl,"","",,Galician,José Pedro De Campos Fogaça,2023-11-11T02:31:49Z
52464,Peixe porco negro do Indo-Pacífico,gl,"","",,Galician,José Pedro De Campos Fogaça,2023-11-11T02:32:20Z
52411,Peixe porco negro de cola rosa,gl,"","",,Galician,José Pedro De Campos Fogaça,2023-11-11T02:32:53Z
53669,Peixe porco azul,gl,"","",,Galician,José Pedro De Campos Fogaça,2023-11-11T02:33:52Z
196870,Peixe porco de marxe amarela,gl,"","",,Galician,José Pedro De Campos Fogaça,2023-11-11T02:35:01Z
123394,Peixe porco elegante,gl,"","",,Galician,José Pedro De Campos Fogaça,2023-11-11T02:35:59Z
110933,Peixe porco xigante,gl,"","",,Galician,José Pedro De Campos Fogaça,2023-11-11T02:36:29Z
205590,Peixe porco abisal,gl,"","",,Galician,José Pedro De Campos Fogaça,2023-11-11T02:37:27Z
83884,Peixe porco picasso,gl,"","",,Galician,José Pedro De Campos Fogaça,2023-11-11T02:37:52Z
371764,Peixe porco árabe,gl,"","",,Galician,José Pedro De Campos Fogaça,2023-11-11T02:38:42Z
447012,Peixe porco de Bonnaterre,gl,"","",,Galician,José Pedro De Campos Fogaça,2023-11-11T02:39:28Z
516526,Peixe porco lunar,gl,"","",,Galician,José Pedro De Campos Fogaça,2023-11-11T02:40:08Z
52449,Peixe porco hawaiano,gl,"","",,Galician,José Pedro De Campos Fogaça,2023-11-11T02:40:33Z
325499,Peixe porco de mancha negra,gl,"","",,Galician,José Pedro De Campos Fogaça,2023-11-11T02:41:47Z
362290,Peixe porco de cola branca,gl,"","",,Galician,José Pedro De Campos Fogaça,2023-11-11T02:42:44Z
121576,Peixe porco pálido,gl,"","",,Galician,José Pedro De Campos Fogaça,2023-11-11T02:43:32Z
52465,Peixe porco de boca azul,gl,"","",,Galician,José Pedro De Campos Fogaça,2023-11-11T02:44:47Z
113450,Peixe porco filipino,gl,"","",,Galician,José Pedro De Campos Fogaça,2023-11-11T02:45:44Z
57295,Peixe porco solar,gl,"","",,Galician,José Pedro De Campos Fogaça,2023-11-11T02:46:22Z
244366,Peixe porco de puntos claros,gl,"","",,Galician,José Pedro De Campos Fogaça,2023-11-11T02:47:47Z
194918,Peixe porco de liña azul,gl,"","",,Galician,José Pedro De Campos Fogaça,2023-11-11T02:48:35Z
1015191,Peixe porco de Greene,gl,"","",,Galician,José Pedro De Campos Fogaça,2023-11-11T02:49:07Z
131517,Peixe porco de liñas,gl,"","",,Galician,José Pedro De Campos Fogaça,2023-11-11T02:50:47Z
115035,Peixe porco de cola vermella,gl,"","",,Galician,José Pedro De Campos Fogaça,2023-11-11T02:51:42Z
131518,Peixe porco do Caribe,gl,"","",,Galician,José Pedro De Campos Fogaça,2023-11-11T02:52:33Z
529523,Peixe porco constelación,gl,"","",,Galician,José Pedro De Campos Fogaça,2023-11-11T02:54:05Z
84183,Xaputas e peixes abanico,gl,"","",,Galician,José Pedro De Campos Fogaça,2023-11-11T18:37:39Z
529606,Xaputa chilena,gl,"","",,Galician,José Pedro De Campos Fogaça,2023-11-11T18:54:23Z
84179,Xaputa común,gl,"","",,Galician,José Pedro De Campos Fogaça,2023-11-11T18:55:09Z
317007,Xaputa caribeña,gl,"","",,Galician,José Pedro De Campos Fogaça,2023-11-11T18:55:46Z
96011,Xaputa lisa,gl,"","",,Galician,José Pedro De Campos Fogaça,2023-11-11T18:56:20Z
215430,Xaputa espellada,gl,"","",,Galician,José Pedro De Campos Fogaça,2023-11-11T18:57:27Z
529607,Xaputa indoaustraliana,gl,"","",,Galician,José Pedro De Campos Fogaça,2023-11-11T18:59:01Z
529608,Xaputa tropical,gl,"","",,Galician,José Pedro De Campos Fogaça,2023-11-11T18:59:37Z
529609,Xaputa de aleta curta,gl,"","",,Galician,José Pedro De Campos Fogaça,2023-11-11T19:00:36Z
609397,Xaputa do Atlántico,gl,"","",,Galician,José Pedro De Campos Fogaça,2023-11-11T19:02:17Z
529610,Xaputa negra,gl,"","",,Galician,José Pedro De Campos Fogaça,2023-11-11T19:03:01Z
458050,Peixe abanico do Atlántico,gl,"","",,Galician,José Pedro De Campos Fogaça,2023-11-11T19:04:30Z
529612,Peixe abanico do Indo-Pacífico,gl,"","",,Galician,José Pedro De Campos Fogaça,2023-11-11T19:05:38Z
232312,Xaputa de ollo de vidro,gl,"","",,Galician,José Pedro De Campos Fogaça,2023-11-11T19:07:54Z
194879,Xaputa de cola afiada,gl,"","",,Galician,José Pedro De Campos Fogaça,2023-11-11T19:09:27Z
317418,Xaputa redonda,gl,"","",,Galician,José Pedro De Campos Fogaça,2023-11-11T19:10:22Z
194544,Xaputa rei,gl,"","",,Galician,José Pedro De Campos Fogaça,2023-11-11T19:11:08Z
529613,Xaputa dourada,gl,"","",,Galician,José Pedro De Campos Fogaça,2023-11-11T19:12:06Z
85300,Arrapis,gl,"","",,Galician,José Pedro De Campos Fogaça,2023-11-11T19:12:58Z
1316660,Arrapi touro,gl,"","",,Galician,José Pedro De Campos Fogaça,2023-11-11T19:13:44Z
85295,Arrapi troita,gl,"","",,Galician,José Pedro De Campos Fogaça,2023-11-11T19:14:35Z
85294,Arrapi colonial,gl,"","",,Galician,José Pedro De Campos Fogaça,2023-11-11T19:15:19Z
410677,Arrapi xigante,gl,"","",,Galician,José Pedro De Campos Fogaça,2023-11-11T19:15:52Z
51418,Peixes sabre,gl,"","",,Galician,José Pedro De Campos Fogaça,2023-11-11T20:44:08Z
621633,Peixe sabre dente de barracuda,gl,"","",,Galician,José Pedro De Campos Fogaça,2023-11-11T20:45:56Z
531066,Peixe sabre de Becker,gl,"","",,Galician,José Pedro De Campos Fogaça,2023-11-11T20:46:50Z
194892,Peixe sabre de Capricornio,gl,"","",,Galician,José Pedro De Campos Fogaça,2023-11-11T20:47:33Z
213895,Peixe sabre negro,gl,"","",,Galician,José Pedro De Campos Fogaça,2023-11-11T20:47:59Z
317481,Peixe sabre oceánico,gl,"","",,Galician,José Pedro De Campos Fogaça,2023-11-11T20:48:50Z
621634,Peixe sabre de Norman,gl,"","",,Galician,José Pedro De Campos Fogaça,2023-11-11T20:49:47Z
94266,Peixe sabre de Mikhailin,gl,"","",,Galician,José Pedro De Campos Fogaça,2023-11-11T20:51:18Z
317536,Peixe sabre alongado,gl,"","",,Galician,José Pedro De Campos Fogaça,2023-11-11T20:52:04Z
531067,Peixe sabre ollo de vidro,gl,"","",,Galician,José Pedro De Campos Fogaça,2023-11-11T20:52:40Z
621635,Peixe sabre de Nova Guinea,gl,"","",,Galician,José Pedro De Campos Fogaça,2023-11-11T20:53:54Z
621636,Peixe sabre de Socotra,gl,"","",,Galician,José Pedro De Campos Fogaça,2023-11-11T20:55:40Z
215150,Peixe sabre de Parin,gl,"","",,Galician,José Pedro De Campos Fogaça,2023-11-11T20:56:41Z
621637,Peixe sabre espellado,gl,"","",,Galician,José Pedro De Campos Fogaça,2023-11-11T20:57:40Z
316999,Peixe sabre víbora,gl,"","",,Galician,José Pedro De Campos Fogaça,2023-11-11T20:58:24Z
621638,Peixe sabre de Sulu,gl,"","",,Galician,José Pedro De Campos Fogaça,2023-11-11T20:58:47Z
194890,Peixe sabre cabeza de dragón,gl,"","",,Galician,José Pedro De Campos Fogaça,2023-11-11T21:00:12Z
531068,Peixe sabre de Tucker,gl,"","",,Galician,José Pedro De Campos Fogaça,2023-11-11T21:00:51Z
531069,Peixe sabre brillante,gl,"","",,Galician,José Pedro De Campos Fogaça,2023-11-11T21:01:53Z
316968,Peixe sabre abisal,gl,"","",,Galician,José Pedro De Campos Fogaça,2023-11-11T21:03:20Z
621640,Peixe sabre de dente afiado,gl,"","",,Galician,José Pedro De Campos Fogaça,2023-11-11T21:04:44Z
621641,Peixe sabre cabeza de frecha,gl,"","",,Galician,José Pedro De Campos Fogaça,2023-11-11T21:06:12Z
9801,Bicogroso,gl,"","",,Galician,Carlos Pizcueta Suárez,2023-11-29T12:15:14Z
1525548,Pé azul,gl,"","",https://www.inaturalist.org/taxon_names/2778805/edit,Galician,,2024-01-19T10:13:42Z
41733,Foca cincenta,gl,"","",,Galician,Carlos Pizcueta Suárez,2024-02-03T11:24:13Z
115167,peixe espada,gl,"","",,Galician,Johan Devos,2024-02-28T20:51:21Z
556450,Gorgollo das castañas,gl,"","",,Galician,ulexeuropaeus,2024-08-27T09:27:17Z
124488,Gaiteiriño verde,gl,"","",,Galician,ulexeuropaeus,2024-08-27T09:32:13Z
52592,apincharada común,gl,"","",,Galician,ulexeuropaeus,2024-08-30T16:15:25Z
125440,Freixo común,gl,"","",,Galician,ulexeuropaeus,2024-09-03T05:14:22Z
73222,Flamengo rosado,gl,"","",,Galician,ulexeuropaeus,2024-09-08T05:51:11Z
54329,Capuchina,gl,"","",,Galician,ulexeuropaeus,2024-09-08T07:03:30Z
56933,Barbas de raposo,gl,"","",,Galician,ulexeuropaeus,2024-09-08T17:51:12Z
52989,Cardo común,gl,"","",,Galician,ulexeuropaeus,2024-09-09T12:33:41Z
107954,Libélula celeste,gl,"","",,Galician,ulexeuropaeus,2024-09-10T12:35:16Z
480298,Caracol de xardín,gl,"","",,Galician,ulexeuropaeus,2024-09-10T13:06:39Z
141737,Saltarico falcado,gl,"","",,Galician,ulexeuropaeus,2024-09-14T15:21:19Z
132070,Saltarico anano,gl,"","",,Galician,ulexeuropaeus,2024-09-14T15:22:21Z
54327,Tártago,gl,"","",,Galician,ulexeuropaeus,2024-09-14T15:33:57Z
164272,Xunco mariño,gl,"","",,Galician,ulexeuropaeus,2024-09-21T15:58:07Z
418792,Caramuxo riscado,gl,"","",,Galician,ulexeuropaeus,2024-09-21T16:03:19Z
130079,Percebexo arlequín,gl,"","",,Galician,ulexeuropaeus,2024-09-26T03:25:20Z
55821,Aceda común,gl,"","",,Galician,ulexeuropaeus,2024-09-26T08:55:21Z
63371,Labaza de folla larga,gl,"","",,Galician,ulexeuropaeus,2024-09-26T09:02:40Z
52425,Crisopas,gl,"","",,Galician,ulexeuropaeus,2024-09-27T03:05:39Z
125221,Avelaíña casqueiriña,gl,"","",,Galician,ulexeuropaeus,2024-09-28T13:04:15Z
479681,Leitarego dos choupos,gl,"","",,Galician,ulexeuropaeus,2024-09-29T02:36:22Z
158380,Anxélica silvestre,gl,"","",,Galician,ulexeuropaeus,2024-09-29T03:04:58Z
118703,Mógaro cabezudo,gl,"","",,Galician,ulexeuropaeus,2024-09-29T22:33:58Z
121782,Tecedeira de catro puntos,gl,"","",,Galician,ulexeuropaeus,2024-09-30T21:47:51Z
50867,Cesteira do millo,gl,"","",,Galician,ulexeuropaeus,2024-09-30T21:52:01Z
63886,Pexegueira,gl,"","",,Galician,ulexeuropaeus,2024-10-10T01:30:38Z
82231,Cascuda americana,gl,"","",,Galician,ulexeuropaeus,2024-10-11T09:14:49Z
1579015,Azor común,gl,"","",https://www.inaturalist.org/taxon_names/1525066/edit,Galician,Sean Cozart,2024-10-24T23:42:32Z
1580336,Píllara pequena,gl,"","",https://www.inaturalist.org/taxon_names/2339108/edit,Galician,,2024-10-27T23:01:28Z
62148,Gaivina de cara branca,gl,"","",,Galician,ulexeuropaeus,2024-11-02T23:33:54Z
411086,Garza boieira,gl,"","",https://www.inaturalist.org/taxon_names/1525067/edit,Galician,Iván Reséndiz Cruz,2024-11-03T09:37:26Z
47793,Cadelas de frade,gl,"","",,Galician,Boris Eliseev,2024-11-07T15:23:04Z
336399,Gralla cereixeira,gl,"","",https://www.inaturalist.org/taxon_names/2338322/edit,Galician,Donald Davesne,2024-11-17T14:29:15Z
63446,Antuca de madeira,gl,"","",,Galician,ulexeuropaeus,2025-01-09T07:25:49Z
48767,Panasca,gl,"","",,Galician,ulexeuropaeus,2025-01-10T06:44:07Z
56315,Pucho,gl,"","",,Galician,ulexeuropaeus,2025-01-10T06:49:37Z
75916,Budleia común,gl,"","",,Galician,ulexeuropaeus,2025-01-14T06:46:43Z
902550,Alelí das praias,gl,"","",https://www.inaturalist.org/taxon_names/2706618/edit,Galician,,2025-01-16T09:47:53Z
42069,Raposo,gl,"Galicia, ES","",,Galician,Markel Lejarza,2025-01-17T16:17:01Z
110976,Boga do Douro,gl,"","",,Galician,ulexeuropaeus,2025-01-18T08:57:35Z
7647,Merlo rieiro europeo,gl,"","",,Galician,ulexeuropaeus,2025-01-18T09:09:12Z
430052,Percebexo das xestas,gl,"","",,Galician,ulexeuropaeus,2025-01-22T08:08:21Z
83196,Foliota dos piñeiros,gl,"","",,Galician,ulexeuropaeus,2025-01-22T08:33:37Z
54134,Alborelle de cores,gl,"","",,Galician,ulexeuropaeus,2025-01-22T08:39:26Z
56292,Leiteiriña ollaosol,gl,"","",,Galician,ulexeuropaeus,2025-01-27T23:56:14Z
1473498,Lagartixa dos penedos,gl,"","",,Galician,ulexeuropaeus,2025-01-31T22:49:36Z
