id,vernacularName,language,locality,countryCode,source,lexicon,contributor,created
84298,At şabalıdı,und,"","",,Azerbaijani,John E. Christensen,2017-11-28T16:45:05Z
47434,Qırtıckimilər,und,"","",,Azerbaijani,John E. Christensen,2017-11-29T09:41:03Z
42357,Alp dağ keçisi,und,"","",,Azerbaijani,John E. Christensen,2017-12-23T17:28:31Z
47686,Protozoylar,und,"","",,Azerbaijani,John E. Christensen,2018-01-10T08:49:54Z
62941,Qramafonçiçək batat,und,"","",,Azerbaijani,John E. Christensen,2018-02-17T13:21:35Z
372739,Altıayaqlılar,und,"","",,Azerbaijani,John E. Christensen,2018-03-07T10:03:38Z
56222,Adi dəvədabanı,und,"","",,Azerbaijani,John E. Christensen,2018-04-10T16:30:55Z
55563,Çoxillik qızçiçəyi,und,"","",,Azerbaijani,John E. Christensen,2018-05-10T16:55:13Z
507134,Henrix tərəsi,und,"","",,Azerbaijani,John E. Christensen,2018-05-15T08:52:48Z
41663,Amerika yenotu,und,"","",,Azerbaijani,John E. Christensen,2018-05-22T19:50:12Z
85553,İlanlar,und,"","",,Azerbaijani,John E. Christensen,2018-06-24T13:39:09Z
71412,Dazıkimilər,und,"","",,Azerbaijani,John E. Christensen,2018-07-01T16:53:22Z
569428,عادی گلینجیک,und,"","",,Azerbaijani,John E. Christensen,2018-07-05T06:43:33Z
51611,Bulaqotu,und,"","",,Azerbaijani,John E. Christensen,2018-11-05T09:46:57Z
47162,Qırtıcçiçəklilər,und,"","",,Azerbaijani,John E. Christensen,2018-11-30T08:21:29Z
42147,Begemot,und,"","",,Azerbaijani,John E. Christensen,2018-12-04T17:25:52Z
371057,Gekkonlar,und,"","",,Azerbaijani,John E. Christensen,2018-12-10T16:31:37Z
63573,کوکنار,und,"","",,Azerbaijani,John E. Christensen,2018-12-16T09:36:34Z
45933,Sincablar,und,"","",,Azerbaijani,John E. Christensen,2019-01-14T09:17:02Z
40151,Məməlilər,und,"","",,Azerbaijani,John E. Christensen,2019-02-07T18:18:55Z
18874,Tutuquşukimilər,und,"","",,Azerbaijani,John E. Christensen,2019-03-04T13:07:35Z
47170,Göbələklər,und,"","",,Azerbaijani,John E. Christensen,2019-04-03T13:15:45Z
133387,Erikakimilər,und,"","",,Azerbaijani,John E. Christensen,2019-04-07T11:57:39Z
118552,پیشیک,und,"","",,Azerbaijani,John E. Christensen,2019-04-14T11:47:03Z
44576,Boz siçovul,und,"","",,Azerbaijani,John E. Christensen,2019-04-17T09:29:37Z
47125,Çiçəkli bitkilər,und,"","",,Azerbaijani,John E. Christensen,2019-04-27T09:46:33Z
50638,Bağayarpağıkimilər,und,"","",,Azerbaijani,John E. Christensen,2019-09-02T11:58:22Z
505478,Toyuq,und,"","",,Azerbaijani,John E. Christensen,2019-10-05T14:34:59Z
233598,Qütb tülküsü,und,"","",,Azerbaijani,John E. Christensen,2019-10-06T20:11:54Z
72281,Şamdangülü,und,"","",,Azerbaijani,John E. Christensen,2019-10-26T07:12:43Z
127355,Sarmaşıqyarpaq meşənovruzu,und,"","",,Azerbaijani,John E. Christensen,2019-11-24T15:36:13Z
130558,Gövdəciksiz acıçiçək,und,"","",,Azerbaijani,Johan Devos,2020-01-29T18:27:31Z
131236,viruslar,und,"","",,Azerbaijani,James K. Douch,2020-02-23T01:46:49Z
891696,Sağsağan,und,"","",,Azerbaijani,John E. Christensen,2020-04-30T13:58:15Z
47126,Bitkilər,und,"","",,Azerbaijani,Fedan Hacızade,2020-05-18T08:30:50Z
56932,Qızılsarmaşıq,und,"","",,Azerbaijani,Fedan Hacızade,2020-05-18T08:34:33Z
50879,Xırdaləçək,und,Azerbaijan,AZ,,Azerbaijani,Fedan Hacızade,2020-05-18T12:10:27Z
76907,Kanada xırdaləçəyi,und,Azerbaijan,AZ,,Azerbaijani,Fedan Hacızade,2020-05-18T12:14:31Z
76904,Qıvrım xırdaləçək,und,Azerbaijan,AZ,,Azerbaijani,Fedan Hacızade,2020-05-18T12:17:53Z
57481,Hasar sarmaşığı,und,Azerbaijan,AZ,,Azerbaijani,Fedan Hacızade,2020-05-18T13:07:37Z
57481,Çəpər sarmaşığı,und,"","",,Azerbaijani,Fedan Hacızade,2020-05-18T13:08:30Z
56031,Çəpərsarmaşığı,und,Azerbaijan,AZ,,Azerbaijani,Fedan Hacızade,2020-05-18T13:23:49Z
362522,Adi boyaqotu,und,Azerbaijan,AZ,,Azerbaijani,Fedan Hacızade,2020-05-18T13:39:38Z
82852,Boyaqotu,und,Azerbaijan,AZ,,Azerbaijani,Fedan Hacızade,2020-05-18T13:40:31Z
82852,Qızılboya,und,Azerbaijan,AZ,,Azerbaijani,Fedan Hacızade,2020-05-18T14:02:16Z
47693,Boyaqotukimilər,und,Azerbaijan,AZ,,Azerbaijani,Fedan Hacızade,2020-05-18T14:03:36Z
55976,Kənafvari asırqalotu,und,Azerbaijan,AZ,,Azerbaijani,Fedan Hacızade,2020-05-20T19:12:10Z
52935,Asırqalotu,und,Azerbaijan,AZ,,Azerbaijani,Fedan Hacızade,2020-05-20T19:13:51Z
54142,Yemlik,und,Azerbaijan,AZ,,Azerbaijani,Fedan Hacızade,2020-05-21T13:00:03Z
482893,Budaqlı danaqıran,und,"","",,Azerbaijani,Johan Devos,2020-06-05T21:00:04Z
50884,Poliporus,und,"","",https://eol.org/pages/16678,Azerbaijani,James Kameron Mitchell,2020-06-25T12:39:22Z
60284,Sürünən ayrıqotu,und,"","",,Azerbaijani,Марина Горбунова-Ëлкина,2020-07-01T00:00:16Z
102966,Dunay qızılbalığı,und,"","",,Azerbaijani,Марина Горбунова-Ëлкина,2020-09-29T16:02:33Z
558634,Kətanquşu,und,"","",,Azerbaijani,Марина Горбунова-Ëлкина,2020-11-06T18:58:55Z
558524,Ağqanad torağayı,und,"","",,Azerbaijani,Марина Горбунова-Ëлкина,2020-11-07T18:15:03Z
204512,Ala milçəkqapan,und,"","",,Azerbaijani,Марина Горбунова-Ëлкина,2020-11-07T18:30:18Z
15302,Bağ silvi,und,"","",,Azerbaijani,Марина Горбунова-Ëлкина,2020-11-07T18:36:50Z
13071,Serə bülbülü,und,"","",,Azerbaijani,Марина Горбунова-Ëлкина,2020-11-07T19:11:35Z
13071,Bülbül,und,"","",,Azerbaijani,Марина Горбунова-Ëлкина,2020-11-07T19:11:45Z
7347,Monqol torağay quşu,und,"","",,Azerbaijani,Марина Горбунова-Ëлкина,2020-11-07T19:17:18Z
7347,Tarla torağayı,und,"","",,Azerbaijani,Марина Горбунова-Ëлкина,2020-11-07T19:17:27Z
10069,Vürok,und,"","",,Azerbaijani,Марина Горбунова-Ëлкина,2020-11-07T19:44:16Z
10069,Monqol sərçə,und,"","",,Azerbaijani,Марина Горбунова-Ëлкина,2020-11-07T19:44:26Z
876351,Erməni bəlğəmotu,und,"","",,Azerbaijani,SEI,2020-11-13T12:08:30Z
35390,Ermənistan kərtənkələsi,und,"","",,Azerbaijani,SEI,2020-11-16T11:41:39Z
1122578,Erməni muflonu,und,"","",,Azerbaijani,SEI,2020-11-16T11:57:45Z
30299,Ermənistan eyrenisi,und,"","",,Azerbaijani,SEI,2020-11-17T15:46:15Z
20979,Quyruqsuzlar,und,"","",,Azerbaijani,John E. Christensen,2020-12-07T08:20:02Z
41829,Safsar,und,"","",,Azerbaijani,Марина Горбунова-Ëлкина,2020-12-11T23:50:53Z
157765,بامییه (بیتکی),und,"","",,Azerbaijani,Johan Devos,2020-12-20T20:28:45Z
45459,Avropa qar siçanı,und,"","",,Azerbaijani,Марина Горбунова-Ëлкина,2021-01-12T17:57:34Z
45459,Avropa qar çöl siçanı,und,"","",,Azerbaijani,Марина Горбунова-Ëлкина,2021-01-12T17:57:44Z
47903,Kaktuskimilər,und,"","",,Azerbaijani,John E. Christensen,2021-02-10T16:21:57Z
58728,Zirinc,und,Azerbaijan,AZ,,Azerbaijani,gardenerhf,2021-05-10T13:54:07Z
973953,Naxçıvan Zümrüdü,und,"","",,Azerbaijani,Eren Polat,2021-05-27T11:32:17Z
99786,الکتریک ایلان بالیغی,und,"","",,Azerbaijani,Zane Roskoph,2021-07-29T02:40:30Z
47516,Al-əlvan qızılxallı,und,"","",,Azerbaijani,Zane Roskoph,2021-07-29T22:36:25Z
41970,Yaquar,und,"","",,Azerbaijani,Zane Roskoph,2021-07-30T11:53:09Z
41972,Boz bəbir,und,"","",,Azerbaijani,Zane Roskoph,2021-07-30T12:48:53Z
50873,Böyük ağ köpəkbalığı,und,"","",,Azerbaijani,Zane Roskoph,2021-07-30T13:47:39Z
26076,Filippin timsahı,und,"","",,Azerbaijani,Zane Roskoph,2021-07-30T15:01:59Z
26061,Kuba timsahı,und,"","",,Azerbaijani,Zane Roskoph,2021-07-30T15:14:17Z
42007,Puma,und,"","",,Azerbaijani,Zane Roskoph,2021-08-01T00:30:49Z
539233,Nəhəng tısbağa,und,"","",,Azerbaijani,Zane Roskoph,2021-08-01T16:18:23Z
619542,پوسیلیا ترسا,und,"","",,Azerbaijani,Zane Roskoph,2021-08-01T18:47:03Z
123749,Kermod ayısı,und,"","",,Azerbaijani,Zane Roskoph,2021-08-02T00:13:20Z
46091,Vankuver marmotu,und,"","",,Azerbaijani,Zane Roskoph,2021-08-02T00:56:14Z
31062,Adi qalxansifət,und,"","",,Azerbaijani,Zane Roskoph,2021-08-02T12:34:15Z
30472,Kral kobrası,und,"","",,Azerbaijani,Zane Roskoph,2021-08-02T15:13:32Z
26081,Orinoko timsahı,und,"","",,Azerbaijani,Zane Roskoph,2021-08-02T23:10:18Z
52188,Balina köpəkbalığı,und,"","",,Azerbaijani,Zane Roskoph,2021-08-03T13:49:11Z
56072,Mandarinka,und,"","",,Azerbaijani,Zane Roskoph,2021-08-09T13:20:03Z
129054,Qesner tülpanı,und,"","",,Azerbaijani,Zane Roskoph,2021-08-10T12:05:32Z
508390,Auxer süsəni,und,"","",,Azerbaijani,Zane Roskoph,2021-08-10T16:12:04Z
709635,Mavi süsən,und,"","",,Azerbaijani,Zane Roskoph,2021-08-10T16:16:09Z
4555,Ağ qağayı,und,"","",,Azerbaijani,Zane Roskoph,2021-08-11T12:17:55Z
41644,Ağ ayı,und,"","",,Azerbaijani,Zane Roskoph,2021-08-11T16:03:44Z
41738,Qalapaqos dəniz şiri,und,"","",,Azerbaijani,Zane Roskoph,2021-08-11T19:14:23Z
41724,Dəniz bəbiri,und,"","",,Azerbaijani,Zane Roskoph,2021-08-11T19:21:31Z
73927,Hörümçək quyruqlu gürzə,und,"","",,Azerbaijani,Zane Roskoph,2021-08-12T14:20:20Z
147527,Asiya hepardı,und,"","",,Azerbaijani,Zane Roskoph,2021-08-13T11:39:38Z
41955,Hepard,und,"","",,Azerbaijani,Zane Roskoph,2021-08-13T11:52:52Z
41747,Qalapaqos dəniz pişiyi,und,"","",https://www.inaturalist.org/taxon_names/2641223/edit,Azerbaijani,,2021-08-14T06:59:44Z
112581,Naqqa balığı,und,"","",,Azerbaijani,Zane Roskoph,2021-08-14T18:01:19Z
102975,Ağ balıq,und,"","",,Azerbaijani,Zane Roskoph,2021-08-14T18:41:21Z
102975,Bölgə,und,"","",,Azerbaijani,Zane Roskoph,2021-08-14T18:41:40Z
102975,Beluqa,und,"","",,Azerbaijani,Zane Roskoph,2021-08-14T18:41:56Z
41553,Göy balina,und,"","",,Azerbaijani,Zane Roskoph,2021-08-15T14:43:04Z
41570,Şimal hamar balina,und,"","",,Azerbaijani,Zane Roskoph,2021-08-15T17:04:02Z
41461,Ağ balina,und,"","",,Azerbaijani,Zane Roskoph,2021-08-15T17:56:43Z
41964,Şir,und,"","",,Azerbaijani,Zane Roskoph,2021-08-24T12:59:42Z
74831,Qar bəbiri,und,"","",,Azerbaijani,Zane Roskoph,2021-08-24T15:42:37Z
74831,İrbis,und,"","",,Azerbaijani,Zane Roskoph,2021-08-25T11:32:13Z
42407,Zubr,und,"","",,Azerbaijani,Zane Roskoph,2021-08-25T12:48:45Z
42052,Kürən canavar,und,"","",,Azerbaijani,Zane Roskoph,2021-08-25T15:25:47Z
130796,Amur pələngi,und,"","",,Azerbaijani,Zane Roskoph,2021-08-26T13:43:24Z
130796,Ussuriya pələngi,und,"","",,Azerbaijani,Zane Roskoph,2021-08-26T13:43:45Z
41967,Pələng,und,"","",,Azerbaijani,Zane Roskoph,2021-08-26T14:56:42Z
130799,Sumatra pələngi,und,"","",,Azerbaijani,Zane Roskoph,2021-08-26T16:50:17Z
130799,Bali pələngi,und,"","",,Azerbaijani,Zane Roskoph,2021-08-26T17:11:04Z
130799,Yava pələngi,und,"","",,Azerbaijani,Zane Roskoph,2021-08-27T11:34:33Z
130793,Benqal pələngi,und,"","",,Azerbaijani,Zane Roskoph,2021-08-27T12:16:42Z
130793,Malay pələngi,und,"","",,Azerbaijani,Zane Roskoph,2021-08-27T13:47:45Z
130793,Hind-Çin pələngi,und,"","",,Azerbaijani,Zane Roskoph,2021-08-27T14:04:10Z
130793,Cənubi Çin pələngi,und,"","",,Azerbaijani,Zane Roskoph,2021-08-27T14:27:24Z
130796,Xəzər pələngi,und,"","",,Azerbaijani,Zane Roskoph,2021-08-27T15:31:49Z
57066,Dərman xəşənbülü,und,"","",,Azerbaijani,Charlie A.,2021-09-08T14:42:25Z
57066,Sarı yonca,und,"","",,Azerbaijani,Charlie A.,2021-09-08T14:45:40Z
116523,Hind qavialı,und,"","",,Azerbaijani,Zane Roskoph,2021-09-13T15:53:03Z
469472,alma,und,"","",,Azerbaijani,,2022-03-27T04:15:42Z
51607,xədicəgülü,und,"","",,Azerbaijani,nalagtus,2022-05-02T10:43:38Z
1,Heyvan,und,"","",,Azerbaijani,John E. Christensen,2022-10-03T11:39:39Z
4672,Ördəktutan qızılquş,und,"","",,Azerbaijani,Марина Горбунова-Ëлкина,2022-11-17T18:55:55Z
4672,sərçəçalan,und,"","",,Azerbaijani,Марина Горбунова-Ëлкина,2022-11-17T18:56:11Z
1431269,Dağ korcası,und,"","",https://www.inaturalist.org/taxon_names/2392078/edit,Azerbaijani,,2022-12-06T06:37:36Z
163812,Murdarçayabənzər çaytikanı,und,"","",,Azerbaijani,Марина Горбунова-Ëлкина,2022-12-12T08:39:53Z
41852,Sibir porsuğu,und,"","",,Azerbaijani,Марина Горбунова-Ëлкина,2022-12-13T11:54:08Z
5106,Bildirçinçalan,und,"","",,Azerbaijani,Марина Горбунова-Ëлкина,2022-12-27T00:26:23Z
6990,Adi meşəördəyi,und,"","",,Azerbaijani,Марина Горбунова-Ëлкина,2022-12-27T01:16:56Z
109062,Xanı balığı,und,"","",,Azerbaijani,Марина Горбунова-Ëлкина,2022-12-27T01:22:55Z
8088,Adi zığ-zığ,und,"","",,Azerbaijani,Марина Горбунова-Ëлкина,2022-12-27T01:34:39Z
17871,İri ağacdələn,und,"","",,Azerbaijani,Марина Горбунова-Ëлкина,2022-12-27T04:29:54Z
41850,Çay samuru,und,"","",,Azerbaijani,Марина Горбунова-Ëлкина,2022-12-27T04:39:41Z
5268,Qara çalağan,und,"","",,Azerbaijani,Марина Горбунова-Ëлкина,2022-12-27T05:18:26Z
75445,İyli şüyüd,und,"","",,Azerbaijani,Марина Горбунова-Ëлкина,2022-12-27T05:27:31Z
43128,Boz dovşan,und,"","",,Azerbaijani,Марина Горбунова-Ëлкина,2022-12-28T01:20:09Z
43128,Adi dovşan,und,"","",,Azerbaijani,Марина Горбунова-Ëлкина,2022-12-28T01:20:25Z
558429,Cırıldayan cürə,und,"","",,Azerbaijani,Марина Горбунова-Ëлкина,2022-12-30T03:42:25Z
311346,Amöb,und,"","",,Azerbaijani,Johan Devos,2023-01-18T14:31:49Z
144757,Boz qarğa,und,"","",,Azerbaijani,Марина Горбунова-Ëлкина,2023-02-12T15:31:20Z
144757,Ala qarğa,und,"","",,Azerbaijani,Марина Горбунова-Ëлкина,2023-02-12T15:31:28Z
20524,Dəvəquşu,und,"","",,Azerbaijani,Johan Devos,2023-02-28T21:30:12Z
20526,Dəvəquşu,und,"","",,Azerbaijani,Johan Devos,2023-02-28T22:12:33Z
42048,Adi canavar,und,"","",,Azerbaijani,Марина Горбунова-Ëлкина,2023-03-10T18:42:32Z
55739,Üçrəng bənövşə,und,Azerbaijan,AZ,,Azerbaijani,gardenerhf,2023-04-04T16:45:37Z
48516,Quşüzümükimilər,und,"","",,Azerbaijani,John E. Christensen,2023-04-21T15:38:03Z
752745,Chetirvari buğdayıot,und,Azerbaijan,AZ,,Azerbaijani,Ashley Tuffin,2023-05-19T14:24:27Z
60275,buğdayıot,und,Azerbaijan,AZ,,Azerbaijani,Ashley Tuffin,2023-05-19T14:26:17Z
93614,Xəzər şəmayısı,und,"","",,Azerbaijani,Марина Горбунова-Ëлкина,2023-05-26T20:09:40Z
95182,Terek şirbiti,und,"","",,Azerbaijani,Марина Горбунова-Ëлкина,2023-12-08T16:38:40Z
334898,Ətirşah ، عطر شاه,und,"","",,Azerbaijani,MRN,2024-05-08T04:45:37Z
1579015,Tetraçalan,und,"","",https://www.inaturalist.org/taxon_names/3190751/edit,Azerbaijani,Sean Cozart,2024-10-24T23:42:41Z
