id,vernacularName,language,locality,countryCode,source,lexicon,contributor,created
1,ᓂᕐᔪᑦ,und,"","",,Inuktitut,John E. Christensen,2017-12-04T11:33:26Z
42412,ᐅᒥᖕᒪᒃ,und,"","",,Inuktitut,Bobby McCabe,2018-01-18T19:17:43Z
120156,ᑎᒻᒥᕗᖅ/timmivuq,und,"","",,Inuktitut,John E. Christensen,2018-02-05T17:38:57Z
52134,ᑭᒃᑐᕆᐊᖅ,und,"","",,Inuktitut,John E. Christensen,2018-02-17T10:24:44Z
447155,ᓇᐅᔭᖅ,und,"","",,Inuktitut,John E. Christensen,2018-10-01T14:20:59Z
47157,ᑕᕐᕋᓕᑭᑖᖅ,und,"","",,Inuktitut,John E. Christensen,2018-11-23T08:55:35Z
505478,ᐊ'ᐊ'ᐋᒃ,und,"","",,Inuktitut,John E. Christensen,2019-12-05T11:29:45Z
48648,Saamarug,und,"","",http://www.catalogueoflife.org/annual-checklist/details/species/id/10078694/common/45750,Inuktitut,iSea,2021-07-09T13:43:15Z
48648,Kapisalirksoak,und,"","",http://www.catalogueoflife.org/annual-checklist/details/species/id/10078694/common/45801,Inuktitut,iSea,2021-07-09T13:44:14Z
98438,Kapisilik,und,"","",http://www.catalogueoflife.org/annual-checklist/details/species/id/10078574/common/6491,Inuktitut,Victor HOYEAU,2021-07-09T13:44:20Z
98440,Kapisilik,und,"","",http://www.catalogueoflife.org/annual-checklist/details/species/id/10078577/common/6460,Inuktitut,,2021-07-09T13:44:23Z
110661,Kapisilik,und,"","",http://www.catalogueoflife.org/annual-checklist/details/species/id/10078660/common/187975,Inuktitut,,2021-07-09T13:44:23Z
97990,Kapisilik,und,"","",http://www.catalogueoflife.org/annual-checklist/details/species/id/10058053/common/90139,Inuktitut,,2021-07-09T13:44:23Z
48648,Kapisilik,und,"","",http://www.catalogueoflife.org/annual-checklist/details/species/id/10078694/common/45800,Inuktitut,iSea,2021-07-09T13:44:24Z
215151,Kapisilik,und,"","",http://www.catalogueoflife.org/annual-checklist/details/species/id/10064995/common/223753,Inuktitut,,2021-07-09T13:44:24Z
119501,Kapisilik,und,"","",http://www.catalogueoflife.org/annual-checklist/details/species/id/10085535/common/347271,Inuktitut,,2021-07-09T13:44:25Z
98445,Kapisilik,und,"","",http://www.catalogueoflife.org/annual-checklist/details/species/id/10078563/common/6620,Inuktitut,,2021-07-09T13:44:25Z
48648,Saamakutaak,und,"","",http://www.catalogueoflife.org/annual-checklist/details/species/id/10078694/common/45751,Inuktitut,iSea,2021-07-09T13:44:31Z
48648,Kumaliq,und,"","",http://www.catalogueoflife.org/annual-checklist/details/species/id/10078694/common/45795,Inuktitut,iSea,2021-07-09T13:45:02Z
48648,Kebleriksorsoak,und,"","",http://www.catalogueoflife.org/annual-checklist/details/species/id/10078694/common/45798,Inuktitut,iSea,2021-07-09T13:45:05Z
48648,Kavisilik,und,"","",http://www.catalogueoflife.org/annual-checklist/details/species/id/10078694/common/45799,Inuktitut,iSea,2021-07-09T13:45:15Z
98445,Kavisilik,und,"","",http://www.catalogueoflife.org/annual-checklist/details/species/id/10078563/common/6616,Inuktitut,,2021-07-09T13:45:15Z
98438,Kavisilik,und,"","",http://www.catalogueoflife.org/annual-checklist/details/species/id/10078574/common/6489,Inuktitut,Victor HOYEAU,2021-07-09T13:45:15Z
98469,Kavisilik,und,"","",http://www.catalogueoflife.org/annual-checklist/details/species/id/10078607/common/6159,Inuktitut,,2021-07-09T13:45:16Z
110661,Kavisilik,und,"","",http://www.catalogueoflife.org/annual-checklist/details/species/id/10078660/common/187973,Inuktitut,,2021-07-09T13:45:16Z
112841,Ekaludjuag,und,"","",http://www.catalogueoflife.org/annual-checklist/details/species/id/10083921/common/148623,Inuktitut,Victor HOYEAU,2021-07-14T12:12:56Z
112841,Ekalugssuak,und,"","",http://www.catalogueoflife.org/annual-checklist/details/species/id/10083921/common/148624,Inuktitut,Victor HOYEAU,2021-07-14T12:13:13Z
112841,Ekalugssûp piarâ,und,"","",http://www.catalogueoflife.org/annual-checklist/details/species/id/10083921/common/148622,Inuktitut,Victor HOYEAU,2021-07-14T12:13:30Z
112841,Ekalukjuak,und,"","",http://www.catalogueoflife.org/annual-checklist/details/species/id/10083921/common/148621,Inuktitut,Victor HOYEAU,2021-07-14T12:13:44Z
112841,Eqaludjuaq,und,"","",http://www.catalogueoflife.org/annual-checklist/details/species/id/10083921/common/148620,Inuktitut,Victor HOYEAU,2021-07-14T12:13:58Z
112841,Eqalugssuaq,und,"","",http://www.catalogueoflife.org/annual-checklist/details/species/id/10083921/common/148618,Inuktitut,Victor HOYEAU,2021-07-14T12:14:13Z
112841,Eqalukjuag,und,"","",http://www.catalogueoflife.org/annual-checklist/details/species/id/10083921/common/148619,Inuktitut,Victor HOYEAU,2021-07-14T12:14:27Z
112841,Eqaluksuaq,und,"","",http://www.catalogueoflife.org/annual-checklist/details/species/id/10083921/common/148617,Inuktitut,Victor HOYEAU,2021-07-14T12:14:43Z
112841,Eqalukuak,und,"","",http://www.catalogueoflife.org/annual-checklist/details/species/id/10083921/common/148616,Inuktitut,Victor HOYEAU,2021-07-14T12:14:58Z
112841,Eqalusuaq,und,"","",http://www.catalogueoflife.org/annual-checklist/details/species/id/10083921/common/148614,Inuktitut,Victor HOYEAU,2021-07-14T12:15:19Z
112841,Iqalugjuaq,und,"","",http://www.catalogueoflife.org/annual-checklist/details/species/id/10083921/common/148597,Inuktitut,Victor HOYEAU,2021-07-14T12:15:35Z
112841,Iqalujjuaq,und,"","",http://www.catalogueoflife.org/annual-checklist/details/species/id/10083921/common/148598,Inuktitut,Victor HOYEAU,2021-07-14T12:15:47Z
112841,Iqalukuak,und,"","",http://www.catalogueoflife.org/annual-checklist/details/species/id/10083921/common/148596,Inuktitut,Victor HOYEAU,2021-07-14T12:16:00Z
113155,Si,und,"","",,Inuktitut,Zane Roskoph,2021-07-16T12:23:44Z
113155,Si-airryuk,und,"","",http://www.catalogueoflife.org/annual-checklist/details/species/id/10078754/common/232497,Inuktitut,,2021-07-16T12:23:57Z
113155,Sierak,und,"","",http://www.catalogueoflife.org/annual-checklist/details/species/id/10078754/common/232496,Inuktitut,,2021-07-16T12:24:12Z
113155,Sii,und,"","",,Inuktitut,Zane Roskoph,2021-07-16T12:24:26Z
113155,Teirark,und,"","",http://www.catalogueoflife.org/annual-checklist/details/species/id/10078754/common/232491,Inuktitut,,2021-07-16T12:24:47Z
113155,Tiktalerk,und,"","",http://www.catalogueoflife.org/annual-checklist/details/species/id/10078754/common/232490,Inuktitut,,2021-07-16T12:24:56Z
48648,Saama,und,"","",,Inuktitut,Zane Roskoph,2021-07-16T15:27:11Z
48648,Saâma,und,"","",,Inuktitut,Zane Roskoph,2021-07-16T15:27:33Z
48648,Sâma,und,"","",,Inuktitut,Zane Roskoph,2021-07-16T15:28:04Z
111991,Akalukpik,und,"","",http://www.catalogueoflife.org/annual-checklist/details/species/id/10078736/common/45202,Inuktitut,Victor HOYEAU,2021-07-19T18:43:43Z
111991,Ikalukpik,und,"","",http://www.catalogueoflife.org/annual-checklist/details/species/id/10078736/common/45181,Inuktitut,Victor HOYEAU,2021-07-19T18:47:22Z
49596,Iqaluk,und,"","",http://www.catalogueoflife.org/annual-checklist/details/species/id/10078717/common/45336,Inuktitut,,2021-07-19T18:48:28Z
111991,Iqluq,und,"","",http://www.catalogueoflife.org/annual-checklist/details/species/id/10078736/common/45177,Inuktitut,Victor HOYEAU,2021-07-19T18:48:52Z
111991,Ivitaruk,und,"","",http://www.catalogueoflife.org/annual-checklist/details/species/id/10078736/common/45167,Inuktitut,Victor HOYEAU,2021-07-19T18:49:57Z
98445,Kavasilik,und,"","",http://www.catalogueoflife.org/annual-checklist/details/species/id/10078563/common/6619,Inuktitut,,2021-07-19T18:50:26Z
98469,Kavasilik,und,"","",http://www.catalogueoflife.org/annual-checklist/details/species/id/10078607/common/6160,Inuktitut,,2021-07-19T18:50:26Z
110661,Kavasilik,und,"","",http://www.catalogueoflife.org/annual-checklist/details/species/id/10078660/common/187974,Inuktitut,,2021-07-19T18:50:26Z
111974,Iqaluakpak,und,"","",,Inuktitut,Zane Roskoph,2021-07-19T19:00:08Z
111974,Qaluaqpaq,und,"","",,Inuktitut,Zane Roskoph,2021-07-19T19:00:27Z
4555,Nowyaharsuk,und,"","",,Inuktitut,Zane Roskoph,2021-08-11T12:12:59Z
4555,Naajavaarsuk,und,"","",,Inuktitut,Zane Roskoph,2021-08-11T12:13:13Z
41644,ᓇᓄᖅ,und,"","",,Inuktitut,Zane Roskoph,2021-08-11T16:28:17Z
41644,nanuq,und,"","",,Inuktitut,Zane Roskoph,2021-08-11T16:28:36Z
41644,Nanuk,und,"","",,Inuktitut,Zane Roskoph,2021-08-11T16:28:56Z
60603,Angusatdluk,und,"","",http://www.catalogueoflife.org/annual-checklist/2012/details/species/id/9741333,Inuktitut,Wojciech Duda,2021-09-19T15:00:30Z
60603,Angusedlok,und,"","",http://www.catalogueoflife.org/annual-checklist/2012/details/species/id/9741333,Inuktitut,Wojciech Duda,2021-09-19T15:00:36Z
60603,Arnardlok,und,"","",http://www.catalogueoflife.org/annual-checklist/2012/details/species/id/9741333,Inuktitut,Wojciech Duda,2021-09-19T15:00:43Z
60603,Arnardluk,und,"","",http://www.catalogueoflife.org/annual-checklist/2012/details/species/id/9741333,Inuktitut,Wojciech Duda,2021-09-19T15:00:52Z
60603,Lepisuk,und,"","",http://www.catalogueoflife.org/annual-checklist/2012/details/species/id/9741333,Inuktitut,Wojciech Duda,2021-09-19T15:01:02Z
60603,Nepisa,und,"","",http://www.catalogueoflife.org/annual-checklist/2012/details/species/id/9741333,Inuktitut,Wojciech Duda,2021-09-19T15:01:13Z
60603,Nipisa,und,"","",,Inuktitut,Zane Roskoph,2021-09-19T15:01:32Z
60603,Qorkshuyoq,und,"","",http://www.catalogueoflife.org/annual-checklist/2012/details/species/id/9741333,Inuktitut,Wojciech Duda,2021-09-19T15:01:44Z
98445,Kavisilak,und,"","",http://www.catalogueoflife.org/annual-checklist/2012/details/species/id/9741333,Inuktitut,,2021-09-19T16:11:01Z
97990,Kavisilak,und,"","",,Inuktitut,Zane Roskoph,2021-09-19T16:25:34Z
213519,Kigutilik,und,"","",http://www.catalogueoflife.org/annual-checklist/2012/details/species/id/9741333,Inuktitut,,2021-10-02T13:46:53Z
213519,Qêraq,und,"","",http://www.catalogueoflife.org/annual-checklist/2012/details/species/id/9741333,Inuktitut,,2021-10-02T13:47:07Z
213520,Qêraq,und,"","",http://www.catalogueoflife.org/annual-checklist/2012/details/species/id/9741333,Inuktitut,,2021-10-02T13:47:08Z
213521,Qêraq,und,"","",http://www.catalogueoflife.org/annual-checklist/2012/details/species/id/9741333,Inuktitut,,2021-10-02T13:47:08Z
213518,Qêraq,und,"","",http://www.catalogueoflife.org/annual-checklist/2012/details/species/id/9741333,Inuktitut,,2021-10-02T13:47:08Z
213519,Kêrak,und,"","",,Inuktitut,Zane Roskoph,2021-10-02T13:47:30Z
225387,Kanajuk,und,"","",http://www.catalogueoflife.org/annual-checklist/2012/details/species/id/9741333,Inuktitut,,2021-10-02T14:14:21Z
225388,Kanajuk,und,"","",http://www.catalogueoflife.org/annual-checklist/2012/details/species/id/9741333,Inuktitut,,2021-10-02T14:14:21Z
47639,Kanajuk,und,"","",http://www.catalogueoflife.org/annual-checklist/2012/details/species/id/9741333,Inuktitut,,2021-10-02T14:14:22Z
225387,Kanayuk,und,"","",http://www.catalogueoflife.org/annual-checklist/2012/details/species/id/9741333,Inuktitut,,2021-10-02T14:14:31Z
225388,Kanayuk,und,"","",http://www.catalogueoflife.org/annual-checklist/2012/details/species/id/9741333,Inuktitut,,2021-10-02T14:14:31Z
47639,Kanayuk,und,"","",http://www.catalogueoflife.org/annual-checklist/2012/details/species/id/9741333,Inuktitut,,2021-10-02T14:14:31Z
47639,Kaniok,und,"","",http://www.catalogueoflife.org/annual-checklist/2012/details/species/id/9741333,Inuktitut,,2021-10-02T14:14:37Z
47639,Qanirkuutuk,und,"","",http://www.catalogueoflife.org/annual-checklist/2012/details/species/id/9741333,Inuktitut,,2021-10-02T14:14:46Z
104813,Tiktaalik,und,"","",http://www.catalogueoflife.org/annual-checklist/2012/details/species/id/9741333,Inuktitut,,2022-09-29T14:28:41Z
41850,ᐸᒥᐅᖅᑑᖅ,und,"","",,Inuktitut,Марина Горбунова-Ëлкина,2022-12-27T04:48:17Z
949,ᐊᕐᑭᒡᒋᖅ ᐊᑕᔪᓕᒃ,und,"","",,Inuktitut,dum1,2024-04-24T02:21:43Z
98563,Kanaiyok,und,"","",http://www.catalogueoflife.org/annual-checklist/2012/details/species/id/9741333,Inuktitut,,2024-12-27T18:47:28Z
