id,vernacularName,language,locality,countryCode,source,lexicon,contributor,created
43355,Mountain Cow,und,"","",,English (Creole),codyschank,2014-12-14T00:04:54Z
143793,hackberry,und,"","",,English (Creole),Michael,2015-05-03T18:45:16Z
537953,Paper-bark-Tree,und,"","",,English (Creole),Sunnetchan,2018-02-08T06:56:35Z
94840,white corvina,und,"","",,English (Creole),tennesseehills,2019-05-06T13:18:28Z
619594,paradisc threadfin,und,"","",,English (Creole),劉東東,2019-06-09T12:29:21Z
920179,blue sausage fruit,und,"","",,English (Creole),maplerice,2020-05-21T05:32:13Z
