id,vernacularName,language,locality,countryCode,source,lexicon,contributor,created
40151,Ñuñuri,und,"","",,Aymara,John E. Christensen,2017-12-02T21:47:41Z
47126,Ali,und,Bolivia | Peru,"BO,PE",,Aymara,John E. Christensen,2017-12-06T07:47:55Z
47158,Ch'iwi,und,"","",,Aymara,John E. Christensen,2017-12-23T10:40:54Z
41657,Jukumari,und,"","",,Aymara,Bobby McCabe,2018-01-02T22:53:38Z
333586,Sillq'u,und,"","",,Aymara,John E. Christensen,2018-07-11T14:00:52Z
41871,Añuthaya,und,"","",,Aymara,John E. Christensen,2018-10-28T12:56:58Z
85553,Asiru,und,"","",,Aymara,John E. Christensen,2019-04-28T07:12:00Z
2715,Kitula,und,"","",,Aymara,John E. Christensen,2020-02-26T13:30:02Z
486531,Molle,und,"","",,Aymara,Omar Miranda,2021-03-02T23:41:31Z
320052,Kealla,und,"","",,Aymara,Omar Miranda,2021-03-03T00:27:26Z
41970,Jach'a titi,und,"","",,Aymara,Zane Roskoph,2021-07-30T11:50:21Z
717494,quiswara,und,Bolivia,BO,,Aymara,Lisa H,2022-12-29T17:50:53Z
10085,Chubta,und,"","",,Aymara,Omar Miranda,2023-05-08T00:45:03Z
1432787,Alkamari,und,"","",,Aymara,Omar Miranda,2023-05-08T04:18:34Z
4665,Killi killi,und,"","",,Aymara,Omar Miranda,2023-05-08T04:29:25Z
847218,Wikunta,und,"","",,Aymara,Omar Miranda,2023-05-14T18:33:34Z
200405,Sut'uwalla,und,"","",,Aymara,Omar Miranda,2023-05-27T20:26:32Z
4250,keñola,und,"Lago Titicaca, PU, PE","",,Aymara,Omar Miranda,2024-03-04T15:52:07Z
557618,Chuju,und,Isla de la Luna Coati,"",,Aymara,Omar Miranda,2024-03-05T23:16:53Z
58045,Anuchapi,und,"","",,Aymara,Omar Miranda,2024-03-06T00:07:09Z
704896,Koa,und,"","",,Aymara,Omar Miranda,2024-03-06T00:36:28Z
870033,Sancayu,und,"","",,Aymara,Omar Miranda,2024-03-06T14:11:44Z
9183,Pichitanka,und,"","",,Aymara,Omar Miranda,2024-04-22T15:01:47Z
604037,Tankara,und,"","",,Aymara,Omar Miranda,2024-05-10T13:34:08Z
526642,Chapo Chapo,und,"","",,Aymara,Omar Miranda,2024-05-10T13:38:41Z
438382,Kusa Kusa,und,"","",,Aymara,Omar Miranda,2024-05-10T13:57:22Z
439290,k'opi,und,"","",,Aymara,Lisa H,2024-06-13T18:04:51Z
10126,Uchi,und,Bolivian Yungas,"",,Aymara,Omar Miranda,2024-09-28T18:21:31Z
1758,Pijmo,und,"","",,Aymara,Omar Miranda,2024-09-28T23:16:37Z
