id,vernacularName,language,locality,countryCode,source,lexicon,contributor,created
342724,modyangwe,und,"","",,Mbukushu,Botswanabugs,2019-10-02T04:52:39Z
122099,mutenena,und,"","",,Mbukushu,Botswanabugs,2020-03-24T05:01:23Z
122099,mophete.,und,"","",,Mbukushu,Botswanabugs,2020-03-24T05:02:29Z
47178,ethii,und,"","",,Mbukushu,Botswanabugs,2020-11-20T14:46:24Z
26041,Nngandu,und,"","",,Mbukushu,Botswanabugs,2020-11-20T14:48:16Z
47434,Mohonyie,und,"","",,Mbukushu,Botswanabugs,2020-11-20T14:52:34Z
163027,Hambia,und,"","",,Mbukushu,Botswanabugs,2021-04-22T00:44:23Z
444802,Makokothi,und,"Okavango Delta World Heritage Site, BW","",,Mbukushu,Botswanabugs,2021-04-22T00:52:27Z
431070,Murongo,und,"","",,Mbukushu,Botswanabugs,2021-04-22T00:54:51Z
81500,Divuyu,und,"","",,Mbukushu,Botswanabugs,2021-04-22T00:57:08Z
416644,Muyui,und,"","",,Mbukushu,Botswanabugs,2021-04-22T00:59:41Z
587496,Moshawa,und,"","",,Mbukushu,Botswanabugs,2021-04-22T01:02:31Z
567067,Mopundu,und,"","",,Mbukushu,Botswanabugs,2021-04-22T01:04:11Z
336861,Mondu,und,"","",,Mbukushu,Botswanabugs,2021-04-22T01:05:58Z
340228,Mokeketi,und,"","",,Mbukushu,Botswanabugs,2021-04-22T01:09:07Z
506717,Modo,und,"","",,Mbukushu,Botswanabugs,2021-04-22T01:12:52Z
584388,Thikere,und,"","",,Mbukushu,Botswanabugs,2021-04-22T01:23:42Z
340199,Mongongo,und,"","",,Mbukushu,Botswanabugs,2021-04-22T01:25:59Z
56739,Mono,und,"","",,Mbukushu,Botswanabugs,2021-04-22T01:28:53Z
581380,mokororo,und,"","",,Mbukushu,Botswanabugs,2021-04-22T01:32:53Z
594658,mokiki,und,"","",,Mbukushu,Botswanabugs,2021-04-22T01:37:32Z
426287,mororo,und,"","",,Mbukushu,Botswanabugs,2021-04-22T01:41:44Z
505821,Mogorokoko,und,"","",,Mbukushu,Botswanabugs,2021-04-22T01:48:20Z
64238,shosho,und,"","",,Mbukushu,Botswanabugs,2021-04-22T01:52:32Z
340243,Wuthimbe,und,"","",,Mbukushu,Botswanabugs,2021-04-22T01:58:01Z
579146,Takudinoke,und,"","",,Mbukushu,Botswanabugs,2021-04-22T02:02:03Z
587771,Kapirumohetola,und,"","",,Mbukushu,Botswanabugs,2021-04-22T02:07:54Z
587771,Kankhonyoto,und,"","",,Mbukushu,Botswanabugs,2021-04-22T02:09:39Z
427989,Monthe,und,"","",,Mbukushu,Botswanabugs,2021-04-22T02:12:15Z
340321,mopako,und,"","",,Mbukushu,Botswanabugs,2021-04-22T02:15:03Z
340238,Ohehe,und,"","",,Mbukushu,Botswanabugs,2021-04-22T02:16:50Z
138688,Moyevu,und,"","",,Mbukushu,Botswanabugs,2021-04-22T02:18:35Z
138688,Moyethi,und,"","",,Mbukushu,Botswanabugs,2021-04-22T02:19:28Z
68227,Mohuthi,und,"","",,Mbukushu,Botswanabugs,2021-04-22T02:21:45Z
68227,Mochopi,und,"","",,Mbukushu,Botswanabugs,2021-04-22T02:22:50Z
569017,Shashi,und,"","",,Mbukushu,Botswanabugs,2021-04-22T02:25:00Z
189622,Ukuthi,und,"","",,Mbukushu,Botswanabugs,2021-04-22T02:26:29Z
485445,Shii,und,"","",,Mbukushu,Botswanabugs,2021-04-22T02:28:38Z
489563,Mojwe,und,"","",,Mbukushu,Botswanabugs,2021-04-22T02:30:51Z
594427,mwanduchi,und,"","",,Mbukushu,Botswanabugs,2021-04-22T02:33:24Z
321502,Diwhwa,und,"","",,Mbukushu,Botswanabugs,2021-04-22T02:35:29Z
321502,diviya,und,"","",,Mbukushu,Botswanabugs,2021-04-22T02:39:04Z
75395,rurithi,und,"","",,Mbukushu,Botswanabugs,2021-04-22T02:40:39Z
83832,Morotonoha,und,"","",,Mbukushu,Botswanabugs,2021-04-22T02:43:22Z
340225,Mokongochi,und,"","",,Mbukushu,Botswanabugs,2021-04-22T02:46:01Z
585956,utata,und,"","",,Mbukushu,Botswanabugs,2021-04-22T02:48:23Z
202342,mahangu,und,"","",,Mbukushu,Botswanabugs,2021-07-04T13:30:01Z
199580,ghutha,und,"","",,Mbukushu,Botswanabugs,2021-07-04T13:42:32Z
165138,mwandja,und,"","",,Mbukushu,Botswanabugs,2021-07-04T13:56:50Z
165138,mudhika,und,"","",,Mbukushu,Botswanabugs,2021-07-04T13:59:41Z
634052,dikgori,und,"","",,Mbukushu,Botswanabugs,2021-09-10T15:31:01Z
595941,muparapara,und,"","",South African National Biodiversity Institute. 2021. Botanical Database of Southern Africa (BODATSA) [offline dataset]. http://newposa.sanbi.org [Note that these data are not available at this URL as of 2021],Mbukushu,Ken-ichi Ueda,2021-10-21T20:18:41Z
595946,ghuthu,und,"","",South African National Biodiversity Institute. 2021. Botanical Database of Southern Africa (BODATSA) [offline dataset]. http://newposa.sanbi.org [Note that these data are not available at this URL as of 2021],Mbukushu,Ken-ichi Ueda,2021-10-21T20:18:41Z
595946,munthu,und,"","",South African National Biodiversity Institute. 2021. Botanical Database of Southern Africa (BODATSA) [offline dataset]. http://newposa.sanbi.org [Note that these data are not available at this URL as of 2021],Mbukushu,Ken-ichi Ueda,2021-10-21T20:18:41Z
594421,murengambo,und,"","",South African National Biodiversity Institute. 2021. Botanical Database of Southern Africa (BODATSA) [offline dataset]. http://newposa.sanbi.org [Note that these data are not available at this URL as of 2021],Mbukushu,Ken-ichi Ueda,2021-10-21T20:18:42Z
861928,mukona,und,"","",South African National Biodiversity Institute. 2021. Botanical Database of Southern Africa (BODATSA) [offline dataset]. http://newposa.sanbi.org [Note that these data are not available at this URL as of 2021],Mbukushu,Ken-ichi Ueda,2021-10-21T20:18:42Z
601533,mungcinda,und,"","",South African National Biodiversity Institute. 2021. Botanical Database of Southern Africa (BODATSA) [offline dataset]. http://newposa.sanbi.org [Note that these data are not available at this URL as of 2021],Mbukushu,Ken-ichi Ueda,2021-10-21T20:18:42Z
601533,thighondho,und,"","",South African National Biodiversity Institute. 2021. Botanical Database of Southern Africa (BODATSA) [offline dataset]. http://newposa.sanbi.org [Note that these data are not available at this URL as of 2021],Mbukushu,Ken-ichi Ueda,2021-10-21T20:18:43Z
601535,mughondho,und,"","",South African National Biodiversity Institute. 2021. Botanical Database of Southern Africa (BODATSA) [offline dataset]. http://newposa.sanbi.org [Note that these data are not available at this URL as of 2021],Mbukushu,Ken-ichi Ueda,2021-10-21T20:18:43Z
601154,dikona,und,"","",South African National Biodiversity Institute. 2021. Botanical Database of Southern Africa (BODATSA) [offline dataset]. http://newposa.sanbi.org [Note that these data are not available at this URL as of 2021],Mbukushu,Ken-ichi Ueda,2021-10-21T20:18:43Z
594427,ghughandutji,und,"","",South African National Biodiversity Institute. 2021. Botanical Database of Southern Africa (BODATSA) [offline dataset]. http://newposa.sanbi.org [Note that these data are not available at this URL as of 2021],Mbukushu,Ken-ichi Ueda,2021-10-21T20:18:44Z
594427,mughandutji,und,"","",South African National Biodiversity Institute. 2021. Botanical Database of Southern Africa (BODATSA) [offline dataset]. http://newposa.sanbi.org [Note that these data are not available at this URL as of 2021],Mbukushu,Ken-ichi Ueda,2021-10-21T20:18:44Z
568252,mughombe,und,"","",South African National Biodiversity Institute. 2021. Botanical Database of Southern Africa (BODATSA) [offline dataset]. http://newposa.sanbi.org [Note that these data are not available at this URL as of 2021],Mbukushu,Ken-ichi Ueda,2021-10-21T20:18:44Z
567419,mudjwa,und,"","",South African National Biodiversity Institute. 2021. Botanical Database of Southern Africa (BODATSA) [offline dataset]. http://newposa.sanbi.org [Note that these data are not available at this URL as of 2021],Mbukushu,Ken-ichi Ueda,2021-10-21T20:18:44Z
340175,muhengutyi,und,"","",South African National Biodiversity Institute. 2021. Botanical Database of Southern Africa (BODATSA) [offline dataset]. http://newposa.sanbi.org [Note that these data are not available at this URL as of 2021],Mbukushu,Ken-ichi Ueda,2021-10-21T20:18:45Z
340175,udhirudhiru,und,"","",South African National Biodiversity Institute. 2021. Botanical Database of Southern Africa (BODATSA) [offline dataset]. http://newposa.sanbi.org [Note that these data are not available at this URL as of 2021],Mbukushu,Ken-ichi Ueda,2021-10-21T20:18:45Z
416649,muto,und,"","",South African National Biodiversity Institute. 2021. Botanical Database of Southern Africa (BODATSA) [offline dataset]. http://newposa.sanbi.org [Note that these data are not available at this URL as of 2021],Mbukushu,Ken-ichi Ueda,2021-10-21T20:18:46Z
340234,ghutono,und,"","",South African National Biodiversity Institute. 2021. Botanical Database of Southern Africa (BODATSA) [offline dataset]. http://newposa.sanbi.org [Note that these data are not available at this URL as of 2021],Mbukushu,Ken-ichi Ueda,2021-10-21T20:18:46Z
506603,mukoso,und,"","",South African National Biodiversity Institute. 2021. Botanical Database of Southern Africa (BODATSA) [offline dataset]. http://newposa.sanbi.org [Note that these data are not available at this URL as of 2021],Mbukushu,Ken-ichi Ueda,2021-10-21T20:18:46Z
340136,murombe,und,"","",South African National Biodiversity Institute. 2021. Botanical Database of Southern Africa (BODATSA) [offline dataset]. http://newposa.sanbi.org [Note that these data are not available at this URL as of 2021],Mbukushu,Ken-ichi Ueda,2021-10-21T20:18:47Z
189622,ghukuthi,und,"","",South African National Biodiversity Institute. 2021. Botanical Database of Southern Africa (BODATSA) [offline dataset]. http://newposa.sanbi.org [Note that these data are not available at this URL as of 2021],Mbukushu,Ken-ichi Ueda,2021-10-21T20:18:47Z
189622,mukuthi,und,"","",South African National Biodiversity Institute. 2021. Botanical Database of Southern Africa (BODATSA) [offline dataset]. http://newposa.sanbi.org [Note that these data are not available at this URL as of 2021],Mbukushu,Ken-ichi Ueda,2021-10-21T20:18:47Z
189622,mukutji,und,"","",South African National Biodiversity Institute. 2021. Botanical Database of Southern Africa (BODATSA) [offline dataset]. http://newposa.sanbi.org [Note that these data are not available at this URL as of 2021],Mbukushu,Ken-ichi Ueda,2021-10-21T20:18:47Z
70065,ghuhepu,und,"","",South African National Biodiversity Institute. 2021. Botanical Database of Southern Africa (BODATSA) [offline dataset]. http://newposa.sanbi.org [Note that these data are not available at this URL as of 2021],Mbukushu,Ken-ichi Ueda,2021-10-21T20:18:49Z
70065,muhepu,und,"","",South African National Biodiversity Institute. 2021. Botanical Database of Southern Africa (BODATSA) [offline dataset]. http://newposa.sanbi.org [Note that these data are not available at this URL as of 2021],Mbukushu,Ken-ichi Ueda,2021-10-21T20:18:50Z
340238,ghuhehe,und,"","",South African National Biodiversity Institute. 2021. Botanical Database of Southern Africa (BODATSA) [offline dataset]. http://newposa.sanbi.org [Note that these data are not available at this URL as of 2021],Mbukushu,Ken-ichi Ueda,2021-10-21T20:18:50Z
340238,muhehe,und,"","",South African National Biodiversity Institute. 2021. Botanical Database of Southern Africa (BODATSA) [offline dataset]. http://newposa.sanbi.org [Note that these data are not available at this URL as of 2021],Mbukushu,Ken-ichi Ueda,2021-10-21T20:18:50Z
342724,mudyangwe,und,"","",South African National Biodiversity Institute. 2021. Botanical Database of Southern Africa (BODATSA) [offline dataset]. http://newposa.sanbi.org [Note that these data are not available at this URL as of 2021],Mbukushu,Ken-ichi Ueda,2021-10-21T20:18:51Z
184086,mudėve,und,"","",South African National Biodiversity Institute. 2021. Botanical Database of Southern Africa (BODATSA) [offline dataset]. http://newposa.sanbi.org [Note that these data are not available at this URL as of 2021],Mbukushu,Ken-ichi Ueda,2021-10-21T20:18:51Z
184086,ndendeghoma,und,"","",South African National Biodiversity Institute. 2021. Botanical Database of Southern Africa (BODATSA) [offline dataset]. http://newposa.sanbi.org [Note that these data are not available at this URL as of 2021],Mbukushu,Ken-ichi Ueda,2021-10-21T20:18:51Z
428749,mupanyi,und,"","",South African National Biodiversity Institute. 2021. Botanical Database of Southern Africa (BODATSA) [offline dataset]. http://newposa.sanbi.org [Note that these data are not available at this URL as of 2021],Mbukushu,Ken-ichi Ueda,2021-10-21T20:18:52Z
582587,mufufu,und,"","",South African National Biodiversity Institute. 2021. Botanical Database of Southern Africa (BODATSA) [offline dataset]. http://newposa.sanbi.org [Note that these data are not available at this URL as of 2021],Mbukushu,Ken-ichi Ueda,2021-10-21T20:18:52Z
582587,rufufu,und,"","",South African National Biodiversity Institute. 2021. Botanical Database of Southern Africa (BODATSA) [offline dataset]. http://newposa.sanbi.org [Note that these data are not available at this URL as of 2021],Mbukushu,Ken-ichi Ueda,2021-10-21T20:18:52Z
426118,ghupupu,und,"","",South African National Biodiversity Institute. 2021. Botanical Database of Southern Africa (BODATSA) [offline dataset]. http://newposa.sanbi.org [Note that these data are not available at this URL as of 2021],Mbukushu,Ken-ichi Ueda,2021-10-21T20:18:53Z
582590,ruputwi,und,"","",South African National Biodiversity Institute. 2021. Botanical Database of Southern Africa (BODATSA) [offline dataset]. http://newposa.sanbi.org [Note that these data are not available at this URL as of 2021],Mbukushu,Ken-ichi Ueda,2021-10-21T20:18:53Z
340062,mungave,und,"","",South African National Biodiversity Institute. 2021. Botanical Database of Southern Africa (BODATSA) [offline dataset]. http://newposa.sanbi.org [Note that these data are not available at this URL as of 2021],Mbukushu,Ken-ichi Ueda,2021-10-21T20:18:53Z
340408,ghunyondo,und,"","",South African National Biodiversity Institute. 2021. Botanical Database of Southern Africa (BODATSA) [offline dataset]. http://newposa.sanbi.org [Note that these data are not available at this URL as of 2021],Mbukushu,Ken-ichi Ueda,2021-10-21T20:18:54Z
598278,ghėpupu,und,"","",South African National Biodiversity Institute. 2021. Botanical Database of Southern Africa (BODATSA) [offline dataset]. http://newposa.sanbi.org [Note that these data are not available at this URL as of 2021],Mbukushu,Ken-ichi Ueda,2021-10-21T20:18:54Z
598289,mutjimatji,und,"","",South African National Biodiversity Institute. 2021. Botanical Database of Southern Africa (BODATSA) [offline dataset]. http://newposa.sanbi.org [Note that these data are not available at this URL as of 2021],Mbukushu,Ken-ichi Ueda,2021-10-21T20:18:54Z
582622,muvovo,und,"","",South African National Biodiversity Institute. 2021. Botanical Database of Southern Africa (BODATSA) [offline dataset]. http://newposa.sanbi.org [Note that these data are not available at this URL as of 2021],Mbukushu,Ken-ichi Ueda,2021-10-21T20:18:55Z
598569,mwangė,und,"","",South African National Biodiversity Institute. 2021. Botanical Database of Southern Africa (BODATSA) [offline dataset]. http://newposa.sanbi.org [Note that these data are not available at this URL as of 2021],Mbukushu,Ken-ichi Ueda,2021-10-21T20:18:55Z
144137,mwango,und,"","",South African National Biodiversity Institute. 2021. Botanical Database of Southern Africa (BODATSA) [offline dataset]. http://newposa.sanbi.org [Note that these data are not available at this URL as of 2021],Mbukushu,Ken-ichi Ueda,2021-10-21T20:18:55Z
583617,ghuthimba,und,"","",South African National Biodiversity Institute. 2021. Botanical Database of Southern Africa (BODATSA) [offline dataset]. http://newposa.sanbi.org [Note that these data are not available at this URL as of 2021],Mbukushu,Ken-ichi Ueda,2021-10-21T20:18:55Z
598741,muvitji,und,"","",South African National Biodiversity Institute. 2021. Botanical Database of Southern Africa (BODATSA) [offline dataset]. http://newposa.sanbi.org [Note that these data are not available at this URL as of 2021],Mbukushu,Ken-ichi Ueda,2021-10-21T20:18:56Z
340214,ghutunda,und,"","",South African National Biodiversity Institute. 2021. Botanical Database of Southern Africa (BODATSA) [offline dataset]. http://newposa.sanbi.org [Note that these data are not available at this URL as of 2021],Mbukushu,Ken-ichi Ueda,2021-10-21T20:18:56Z
340214,mutunda,und,"","",South African National Biodiversity Institute. 2021. Botanical Database of Southern Africa (BODATSA) [offline dataset]. http://newposa.sanbi.org [Note that these data are not available at this URL as of 2021],Mbukushu,Ken-ichi Ueda,2021-10-21T20:18:56Z
340214,ohutunda,und,"","",South African National Biodiversity Institute. 2021. Botanical Database of Southern Africa (BODATSA) [offline dataset]. http://newposa.sanbi.org [Note that these data are not available at this URL as of 2021],Mbukushu,Ken-ichi Ueda,2021-10-21T20:18:57Z
340194,ghuėoma,und,"","",South African National Biodiversity Institute. 2021. Botanical Database of Southern Africa (BODATSA) [offline dataset]. http://newposa.sanbi.org [Note that these data are not available at this URL as of 2021],Mbukushu,Ken-ichi Ueda,2021-10-21T20:18:57Z
340194,muėoma,und,"","",South African National Biodiversity Institute. 2021. Botanical Database of Southern Africa (BODATSA) [offline dataset]. http://newposa.sanbi.org [Note that these data are not available at this URL as of 2021],Mbukushu,Ken-ichi Ueda,2021-10-21T20:18:57Z
340194,munoma,und,"","",South African National Biodiversity Institute. 2021. Botanical Database of Southern Africa (BODATSA) [offline dataset]. http://newposa.sanbi.org [Note that these data are not available at this URL as of 2021],Mbukushu,Ken-ichi Ueda,2021-10-21T20:18:58Z
340218,dipoko,und,"","",South African National Biodiversity Institute. 2021. Botanical Database of Southern Africa (BODATSA) [offline dataset]. http://newposa.sanbi.org [Note that these data are not available at this URL as of 2021],Mbukushu,Ken-ichi Ueda,2021-10-21T20:18:58Z
585956,ghutata,und,"","",South African National Biodiversity Institute. 2021. Botanical Database of Southern Africa (BODATSA) [offline dataset]. http://newposa.sanbi.org [Note that these data are not available at this URL as of 2021],Mbukushu,Ken-ichi Ueda,2021-10-21T20:18:58Z
585956,mutata,und,"","",South African National Biodiversity Institute. 2021. Botanical Database of Southern Africa (BODATSA) [offline dataset]. http://newposa.sanbi.org [Note that these data are not available at this URL as of 2021],Mbukushu,Ken-ichi Ueda,2021-10-21T20:18:59Z
599386,ghukuyu,und,"","",South African National Biodiversity Institute. 2021. Botanical Database of Southern Africa (BODATSA) [offline dataset]. http://newposa.sanbi.org [Note that these data are not available at this URL as of 2021],Mbukushu,Ken-ichi Ueda,2021-10-21T20:18:59Z
585998,dicava,und,"","",South African National Biodiversity Institute. 2021. Botanical Database of Southern Africa (BODATSA) [offline dataset]. http://newposa.sanbi.org [Note that these data are not available at this URL as of 2021],Mbukushu,Ken-ichi Ueda,2021-10-21T20:18:59Z
585998,mbona,und,"","",South African National Biodiversity Institute. 2021. Botanical Database of Southern Africa (BODATSA) [offline dataset]. http://newposa.sanbi.org [Note that these data are not available at this URL as of 2021],Mbukushu,Ken-ichi Ueda,2021-10-21T20:19:00Z
340302,mukondekonde,und,"","",South African National Biodiversity Institute. 2021. Botanical Database of Southern Africa (BODATSA) [offline dataset]. http://newposa.sanbi.org [Note that these data are not available at this URL as of 2021],Mbukushu,Ken-ichi Ueda,2021-10-21T20:19:00Z
599415,mudirera,und,"","",South African National Biodiversity Institute. 2021. Botanical Database of Southern Africa (BODATSA) [offline dataset]. http://newposa.sanbi.org [Note that these data are not available at this URL as of 2021],Mbukushu,Ken-ichi Ueda,2021-10-21T20:19:00Z
599415,muthiothio,und,"","",South African National Biodiversity Institute. 2021. Botanical Database of Southern Africa (BODATSA) [offline dataset]. http://newposa.sanbi.org [Note that these data are not available at this URL as of 2021],Mbukushu,Ken-ichi Ueda,2021-10-21T20:19:01Z
336861,mavoyo,und,"","",South African National Biodiversity Institute. 2021. Botanical Database of Southern Africa (BODATSA) [offline dataset]. http://newposa.sanbi.org [Note that these data are not available at this URL as of 2021],Mbukushu,Ken-ichi Ueda,2021-10-21T20:19:01Z
431074,mungovo,und,"","",South African National Biodiversity Institute. 2021. Botanical Database of Southern Africa (BODATSA) [offline dataset]. http://newposa.sanbi.org [Note that these data are not available at this URL as of 2021],Mbukushu,Ken-ichi Ueda,2021-10-21T20:19:01Z
586634,mulomolomo,und,"","",South African National Biodiversity Institute. 2021. Botanical Database of Southern Africa (BODATSA) [offline dataset]. http://newposa.sanbi.org [Note that these data are not available at this URL as of 2021],Mbukushu,Ken-ichi Ueda,2021-10-21T20:19:01Z
586634,thimaka,und,"","",South African National Biodiversity Institute. 2021. Botanical Database of Southern Africa (BODATSA) [offline dataset]. http://newposa.sanbi.org [Note that these data are not available at this URL as of 2021],Mbukushu,Ken-ichi Ueda,2021-10-21T20:19:02Z
431075,macore,und,"","",South African National Biodiversity Institute. 2021. Botanical Database of Southern Africa (BODATSA) [offline dataset]. http://newposa.sanbi.org [Note that these data are not available at this URL as of 2021],Mbukushu,Ken-ichi Ueda,2021-10-21T20:19:02Z
469315,muwhana,und,"","",South African National Biodiversity Institute. 2021. Botanical Database of Southern Africa (BODATSA) [offline dataset]. http://newposa.sanbi.org [Note that these data are not available at this URL as of 2021],Mbukushu,Ken-ichi Ueda,2021-10-21T20:19:02Z
567067,mupundu,und,"","",South African National Biodiversity Institute. 2021. Botanical Database of Southern Africa (BODATSA) [offline dataset]. http://newposa.sanbi.org [Note that these data are not available at this URL as of 2021],Mbukushu,Ken-ichi Ueda,2021-10-21T20:19:03Z
599497,dikorodyongombe,und,"","",South African National Biodiversity Institute. 2021. Botanical Database of Southern Africa (BODATSA) [offline dataset]. http://newposa.sanbi.org [Note that these data are not available at this URL as of 2021],Mbukushu,Ken-ichi Ueda,2021-10-21T20:19:03Z
485445,ghushi,und,"","",South African National Biodiversity Institute. 2021. Botanical Database of Southern Africa (BODATSA) [offline dataset]. http://newposa.sanbi.org [Note that these data are not available at this URL as of 2021],Mbukushu,Ken-ichi Ueda,2021-10-21T20:19:03Z
485445,mushi,und,"","",South African National Biodiversity Institute. 2021. Botanical Database of Southern Africa (BODATSA) [offline dataset]. http://newposa.sanbi.org [Note that these data are not available at this URL as of 2021],Mbukushu,Ken-ichi Ueda,2021-10-21T20:19:04Z
586670,morowanyero,und,"","",South African National Biodiversity Institute. 2021. Botanical Database of Southern Africa (BODATSA) [offline dataset]. http://newposa.sanbi.org [Note that these data are not available at this URL as of 2021],Mbukushu,Ken-ichi Ueda,2021-10-21T20:19:04Z
340106,murowanyiru,und,"","",South African National Biodiversity Institute. 2021. Botanical Database of Southern Africa (BODATSA) [offline dataset]. http://newposa.sanbi.org [Note that these data are not available at this URL as of 2021],Mbukushu,Ken-ichi Ueda,2021-10-21T20:19:04Z
599510,thindongowarodhi,und,"","",South African National Biodiversity Institute. 2021. Botanical Database of Southern Africa (BODATSA) [offline dataset]. http://newposa.sanbi.org [Note that these data are not available at this URL as of 2021],Mbukushu,Ken-ichi Ueda,2021-10-21T20:19:04Z
342681,kakoma,und,"","",South African National Biodiversity Institute. 2021. Botanical Database of Southern Africa (BODATSA) [offline dataset]. http://newposa.sanbi.org [Note that these data are not available at this URL as of 2021],Mbukushu,Ken-ichi Ueda,2021-10-21T20:19:05Z
342681,mbare,und,"","",South African National Biodiversity Institute. 2021. Botanical Database of Southern Africa (BODATSA) [offline dataset]. http://newposa.sanbi.org [Note that these data are not available at this URL as of 2021],Mbukushu,Ken-ichi Ueda,2021-10-21T20:19:05Z
81491,divunguvungu,und,"","",South African National Biodiversity Institute. 2021. Botanical Database of Southern Africa (BODATSA) [offline dataset]. http://newposa.sanbi.org [Note that these data are not available at this URL as of 2021],Mbukushu,Ken-ichi Ueda,2021-10-21T20:19:05Z
81491,ghuvunguvungu,und,"","",South African National Biodiversity Institute. 2021. Botanical Database of Southern Africa (BODATSA) [offline dataset]. http://newposa.sanbi.org [Note that these data are not available at this URL as of 2021],Mbukushu,Ken-ichi Ueda,2021-10-21T20:19:06Z
81491,mbungubungu,und,"","",South African National Biodiversity Institute. 2021. Botanical Database of Southern Africa (BODATSA) [offline dataset]. http://newposa.sanbi.org [Note that these data are not available at this URL as of 2021],Mbukushu,Ken-ichi Ueda,2021-10-21T20:19:06Z
588676,ghushama,und,"","",South African National Biodiversity Institute. 2021. Botanical Database of Southern Africa (BODATSA) [offline dataset]. http://newposa.sanbi.org [Note that these data are not available at this URL as of 2021],Mbukushu,Ken-ichi Ueda,2021-10-21T20:19:06Z
588676,mushama,und,"","",South African National Biodiversity Institute. 2021. Botanical Database of Southern Africa (BODATSA) [offline dataset]. http://newposa.sanbi.org [Note that these data are not available at this URL as of 2021],Mbukushu,Ken-ichi Ueda,2021-10-21T20:19:07Z
340206,mukurathiku,und,"","",South African National Biodiversity Institute. 2021. Botanical Database of Southern Africa (BODATSA) [offline dataset]. http://newposa.sanbi.org [Note that these data are not available at this URL as of 2021],Mbukushu,Ken-ichi Ueda,2021-10-21T20:19:07Z
600317,rubi,und,"","",South African National Biodiversity Institute. 2021. Botanical Database of Southern Africa (BODATSA) [offline dataset]. http://newposa.sanbi.org [Note that these data are not available at this URL as of 2021],Mbukushu,Ken-ichi Ueda,2021-10-21T20:19:07Z
416644,ghuywe,und,"","",South African National Biodiversity Institute. 2021. Botanical Database of Southern Africa (BODATSA) [offline dataset]. http://newposa.sanbi.org [Note that these data are not available at this URL as of 2021],Mbukushu,Ken-ichi Ueda,2021-10-21T20:19:08Z
525408,mudowe,und,"","",South African National Biodiversity Institute. 2021. Botanical Database of Southern Africa (BODATSA) [offline dataset]. http://newposa.sanbi.org [Note that these data are not available at this URL as of 2021],Mbukushu,Ken-ichi Ueda,2021-10-21T20:19:08Z
469306,dimbungu,und,"","",South African National Biodiversity Institute. 2021. Botanical Database of Southern Africa (BODATSA) [offline dataset]. http://newposa.sanbi.org [Note that these data are not available at this URL as of 2021],Mbukushu,Ken-ichi Ueda,2021-10-21T20:19:08Z
469306,mucaracaca,und,"","",South African National Biodiversity Institute. 2021. Botanical Database of Southern Africa (BODATSA) [offline dataset]. http://newposa.sanbi.org [Note that these data are not available at this URL as of 2021],Mbukushu,Ken-ichi Ueda,2021-10-21T20:19:09Z
469306,mugcaragcaca,und,"","",South African National Biodiversity Institute. 2021. Botanical Database of Southern Africa (BODATSA) [offline dataset]. http://newposa.sanbi.org [Note that these data are not available at this URL as of 2021],Mbukushu,Ken-ichi Ueda,2021-10-21T20:19:09Z
138688,ghuyeve,und,"","",South African National Biodiversity Institute. 2021. Botanical Database of Southern Africa (BODATSA) [offline dataset]. http://newposa.sanbi.org [Note that these data are not available at this URL as of 2021],Mbukushu,Ken-ichi Ueda,2021-10-21T20:19:09Z
138688,moyevi,und,"","",South African National Biodiversity Institute. 2021. Botanical Database of Southern Africa (BODATSA) [offline dataset]. http://newposa.sanbi.org [Note that these data are not available at this URL as of 2021],Mbukushu,Ken-ichi Ueda,2021-10-21T20:19:10Z
138688,muyeve,und,"","",South African National Biodiversity Institute. 2021. Botanical Database of Southern Africa (BODATSA) [offline dataset]. http://newposa.sanbi.org [Note that these data are not available at this URL as of 2021],Mbukushu,Ken-ichi Ueda,2021-10-21T20:19:10Z
138688,muyevi,und,"","",South African National Biodiversity Institute. 2021. Botanical Database of Southern Africa (BODATSA) [offline dataset]. http://newposa.sanbi.org [Note that these data are not available at this URL as of 2021],Mbukushu,Ken-ichi Ueda,2021-10-21T20:19:10Z
546325,mukėroro,und,"","",South African National Biodiversity Institute. 2021. Botanical Database of Southern Africa (BODATSA) [offline dataset]. http://newposa.sanbi.org [Note that these data are not available at this URL as of 2021],Mbukushu,Ken-ichi Ueda,2021-10-21T20:19:11Z
340211,ghukororo,und,"","",South African National Biodiversity Institute. 2021. Botanical Database of Southern Africa (BODATSA) [offline dataset]. http://newposa.sanbi.org [Note that these data are not available at this URL as of 2021],Mbukushu,Ken-ichi Ueda,2021-10-21T20:19:11Z
340211,mukorokoro,und,"","",South African National Biodiversity Institute. 2021. Botanical Database of Southern Africa (BODATSA) [offline dataset]. http://newposa.sanbi.org [Note that these data are not available at this URL as of 2021],Mbukushu,Ken-ichi Ueda,2021-10-21T20:19:11Z
340211,mukororo,und,"","",South African National Biodiversity Institute. 2021. Botanical Database of Southern Africa (BODATSA) [offline dataset]. http://newposa.sanbi.org [Note that these data are not available at this URL as of 2021],Mbukushu,Ken-ichi Ueda,2021-10-21T20:19:12Z
592162,ghupapama,und,"","",South African National Biodiversity Institute. 2021. Botanical Database of Southern Africa (BODATSA) [offline dataset]. http://newposa.sanbi.org [Note that these data are not available at this URL as of 2021],Mbukushu,Ken-ichi Ueda,2021-10-21T20:19:12Z
584388,dikulukhasi,und,"","",South African National Biodiversity Institute. 2021. Botanical Database of Southern Africa (BODATSA) [offline dataset]. http://newposa.sanbi.org [Note that these data are not available at this URL as of 2021],Mbukushu,Ken-ichi Ueda,2021-10-21T20:19:12Z
592652,mudhigho-dhigo,und,"","",South African National Biodiversity Institute. 2021. Botanical Database of Southern Africa (BODATSA) [offline dataset]. http://newposa.sanbi.org [Note that these data are not available at this URL as of 2021],Mbukushu,Ken-ichi Ueda,2021-10-21T20:19:12Z
340243,ghughuva,und,"","",South African National Biodiversity Institute. 2021. Botanical Database of Southern Africa (BODATSA) [offline dataset]. http://newposa.sanbi.org [Note that these data are not available at this URL as of 2021],Mbukushu,Ken-ichi Ueda,2021-10-21T20:19:13Z
340199,ghughongo,und,"","",South African National Biodiversity Institute. 2021. Botanical Database of Southern Africa (BODATSA) [offline dataset]. http://newposa.sanbi.org [Note that these data are not available at this URL as of 2021],Mbukushu,Ken-ichi Ueda,2021-10-21T20:19:13Z
340199,mughongo,und,"","",South African National Biodiversity Institute. 2021. Botanical Database of Southern Africa (BODATSA) [offline dataset]. http://newposa.sanbi.org [Note that these data are not available at this URL as of 2021],Mbukushu,Ken-ichi Ueda,2021-10-21T20:19:13Z
593912,mudė,und,"","",South African National Biodiversity Institute. 2021. Botanical Database of Southern Africa (BODATSA) [offline dataset]. http://newposa.sanbi.org [Note that these data are not available at this URL as of 2021],Mbukushu,Ken-ichi Ueda,2021-10-21T20:19:14Z
595012,ghutu,und,"","",South African National Biodiversity Institute. 2021. Botanical Database of Southern Africa (BODATSA) [offline dataset]. http://newposa.sanbi.org [Note that these data are not available at this URL as of 2021],Mbukushu,Ken-ichi Ueda,2021-10-21T20:19:15Z
595012,witu,und,"","",South African National Biodiversity Institute. 2021. Botanical Database of Southern Africa (BODATSA) [offline dataset]. http://newposa.sanbi.org [Note that these data are not available at this URL as of 2021],Mbukushu,Ken-ichi Ueda,2021-10-21T20:19:15Z
338719,mukwe,und,"","",South African National Biodiversity Institute. 2021. Botanical Database of Southern Africa (BODATSA) [offline dataset]. http://newposa.sanbi.org [Note that these data are not available at this URL as of 2021],Mbukushu,Ken-ichi Ueda,2021-10-21T20:19:15Z
338720,mukudikudi,und,"","",South African National Biodiversity Institute. 2021. Botanical Database of Southern Africa (BODATSA) [offline dataset]. http://newposa.sanbi.org [Note that these data are not available at this URL as of 2021],Mbukushu,Ken-ichi Ueda,2021-10-21T20:19:16Z
430533,mutororo,und,"","",South African National Biodiversity Institute. 2021. Botanical Database of Southern Africa (BODATSA) [offline dataset]. http://newposa.sanbi.org [Note that these data are not available at this URL as of 2021],Mbukushu,Ken-ichi Ueda,2021-10-21T20:19:16Z
336810,ghushosho,und,"","",South African National Biodiversity Institute. 2021. Botanical Database of Southern Africa (BODATSA) [offline dataset]. http://newposa.sanbi.org [Note that these data are not available at this URL as of 2021],Mbukushu,Ken-ichi Ueda,2021-10-21T20:19:16Z
336810,moshosho,und,"","",South African National Biodiversity Institute. 2021. Botanical Database of Southern Africa (BODATSA) [offline dataset]. http://newposa.sanbi.org [Note that these data are not available at this URL as of 2021],Mbukushu,Ken-ichi Ueda,2021-10-21T20:19:17Z
336810,mushosho,und,"","",South African National Biodiversity Institute. 2021. Botanical Database of Southern Africa (BODATSA) [offline dataset]. http://newposa.sanbi.org [Note that these data are not available at this URL as of 2021],Mbukushu,Ken-ichi Ueda,2021-10-21T20:19:17Z
601546,nė arakasha,und,"","",South African National Biodiversity Institute. 2021. Botanical Database of Southern Africa (BODATSA) [offline dataset]. http://newposa.sanbi.org [Note that these data are not available at this URL as of 2021],Mbukushu,Ken-ichi Ueda,2021-10-21T20:19:17Z
243419,mutenyahambya,und,"","",South African National Biodiversity Institute. 2021. Botanical Database of Southern Africa (BODATSA) [offline dataset]. http://newposa.sanbi.org [Note that these data are not available at this URL as of 2021],Mbukushu,Ken-ichi Ueda,2021-10-21T20:19:18Z
340228,ghukekete,und,"","",South African National Biodiversity Institute. 2021. Botanical Database of Southern Africa (BODATSA) [offline dataset]. http://newposa.sanbi.org [Note that these data are not available at this URL as of 2021],Mbukushu,Ken-ichi Ueda,2021-10-21T20:19:18Z
81491,movunguvungu,und,"","",,Mbukushu,Botswanabugs,2021-10-31T19:26:01Z
81500,dovuyu,und,"","",,Mbukushu,Botswanabugs,2021-11-11T16:51:51Z
489563,mudjwa,und,"","",,Mbukushu,Botswanabugs,2022-09-07T05:21:22Z
48448,mundere,und,"","",,Mbukushu,Botswanabugs,2023-02-09T14:59:59Z
1473181,ghukerete,und,"","",South African National Biodiversity Institute. 2021. Botanical Database of Southern Africa (BODATSA) [offline dataset]. http://newposa.sanbi.org [Note that these data are not available at this URL as of 2021],Mbukushu,,2023-06-09T13:59:17Z
1473181,mukerete,und,"","",South African National Biodiversity Institute. 2021. Botanical Database of Southern Africa (BODATSA) [offline dataset]. http://newposa.sanbi.org [Note that these data are not available at this URL as of 2021],Mbukushu,,2023-06-09T13:59:17Z
77987,mbwawa,und,"","",,Mbukushu,Botswanabugs,2023-07-18T05:39:11Z
181685,tumbi,und,"","",,Mbukushu,Kevin Faccenda,2024-04-17T02:01:59Z
1578577,muhuthi,und,"","",South African National Biodiversity Institute. 2021. Botanical Database of Southern Africa (BODATSA) [offline dataset]. http://newposa.sanbi.org [Note that these data are not available at this URL as of 2021],Mbukushu,,2024-09-27T12:45:59Z
1588521,ghuge,und,"","",South African National Biodiversity Institute. 2021. Botanical Database of Southern Africa (BODATSA) [offline dataset]. http://newposa.sanbi.org [Note that these data are not available at this URL as of 2021],Mbukushu,,2024-11-12T07:54:12Z
1588521,murwa,und,"","",South African National Biodiversity Institute. 2021. Botanical Database of Southern Africa (BODATSA) [offline dataset]. http://newposa.sanbi.org [Note that these data are not available at this URL as of 2021],Mbukushu,,2024-11-12T07:54:12Z
1588582,hambya,und,"","",South African National Biodiversity Institute. 2021. Botanical Database of Southern Africa (BODATSA) [offline dataset]. http://newposa.sanbi.org [Note that these data are not available at this URL as of 2021],Mbukushu,,2024-11-12T08:10:21Z
340408,munyondo,und,"","",,Mbukushu,Botswanabugs,2025-01-07T16:46:08Z
158255,Dinyangombe,und,"","",,Mbukushu,Botswanabugs,2025-01-07T16:48:34Z
41834,shanda,und,Okavango Basin,"",,Mbukushu,Botswanabugs,2025-01-07T17:04:01Z
47336,dimpomboro,und,Okavango Basin,"",,Mbukushu,Botswanabugs,2025-01-07T17:06:58Z
