id,vernacularName,language,locality,countryCode,source,lexicon,contributor,created
205250,hǎicháng,und,"","",,Pinyin,Rob Schnautz,2013-02-15T18:42:30Z
886004,Feng lan,und,"","",,Pinyin,Steven Kurniawidjaja,2019-04-26T17:28:36Z
131236,bìngdú,und,"","",,Pinyin,James K. Douch,2020-01-25T14:33:28Z
110770,báixún,und,"","",,Pinyin,Zane Roskoph,2021-07-16T12:51:06Z
4555,bái-ōu,und,"","",,Pinyin,Zane Roskoph,2021-08-11T12:14:41Z
4555,xiàngyá ōu,und,"","",,Pinyin,Zane Roskoph,2021-08-11T12:15:05Z
135658,Yúnnán sōng,und,"","",,Pinyin,Christopher J. Earle,2024-01-22T23:17:15Z
