id,vernacularName,language,locality,countryCode,source,lexicon,contributor,created
342713,ecomai,und,"","",,Teso,Botswanabugs,2023-11-19T03:12:27Z
444757,edu,und,"","",,Teso,Botswanabugs,2023-11-19T03:14:16Z
340320,edukudukut,und,"","",,Teso,Botswanabugs,2023-11-19T03:15:57Z
56090,eidibala,und,"","",,Teso,Botswanabugs,2023-11-19T03:17:51Z
340214,ekumi,und,"","",,Teso,Botswanabugs,2023-11-19T03:21:42Z
169414,Ekwalakwalet,und,"","",,Teso,Botswanabugs,2023-11-19T03:24:52Z
169414,Eturugugu,und,"","",,Teso,Botswanabugs,2023-11-19T03:26:01Z
169414,Etutukurut,und,"","",,Teso,Botswanabugs,2023-11-19T03:26:40Z
83832,elamai,und,"","",,Teso,Botswanabugs,2023-11-19T03:29:17Z
62844,epeduru,und,"","",,Teso,Botswanabugs,2023-11-19T03:31:46Z
540963,eusuk,und,"","",,Teso,Botswanabugs,2023-11-19T03:33:17Z
369502,Aimuria,und,"","",,Teso,Botswanabugs,2023-11-19T03:35:33Z
369502,Adokokolia,und,"","",,Teso,Botswanabugs,2023-11-19T03:36:39Z
141628,ebwolo,und,"","",,Teso,Botswanabugs,2023-11-19T03:38:31Z
141628,edwolo,und,"","",,Teso,Botswanabugs,2023-11-19T03:39:28Z
165138,emwogo,und,"","",,Teso,Botswanabugs,2023-11-19T03:41:37Z
62811,epapali,und,"","",,Teso,Botswanabugs,2023-11-19T03:43:07Z
506873,eparis,und,"","",,Teso,Botswanabugs,2023-11-19T03:44:48Z
62941,acok,und,"","",,Teso,Botswanabugs,2023-11-19T03:46:10Z
122835,amayun,und,"","",,Teso,Botswanabugs,2023-11-19T03:48:23Z
160868,atigo,und,"","",,Teso,Botswanabugs,2023-11-19T03:50:32Z
119386,ebisali,und,"","",,Teso,Botswanabugs,2023-11-19T03:52:41Z
