id,vernacularName,language,locality,countryCode,source,lexicon,contributor,created
47120,Pakcha,und,"","",,Runa Simi,John E. Christensen,2017-11-30T07:05:19Z
47114,Wiksachaki,und,"","",,Runa Simi,John E. Christensen,2017-12-20T15:33:27Z
47161,Runtuma yura rikch'aq ayllu,und,"","",,Runa Simi,John E. Christensen,2017-12-24T08:16:59Z
19022,Uchu wakamayu,und,"","",,Runa Simi,Igor Kuhnen Cabral e Silva,2021-12-03T19:35:28Z
286026,angoyuyo,und,Ecuador,EC,,Runa Simi,Marcelo Amores,2023-08-23T13:46:53Z
