id,vernacularName,language,locality,countryCode,source,lexicon,contributor,created
47208,කුරුමිණියා,si,"","",,Sinhala,John E. Christensen,2017-12-22T08:30:34Z
47170,දිලීර,si,"","",,Sinhala,John E. Christensen,2018-01-20T08:45:47Z
147732,කොටියා,si,"","",,Sinhala,Bobby McCabe,2018-01-27T18:48:13Z
52134,මදුරු ගණය,si,"","",,Sinhala,John E. Christensen,2018-02-17T10:28:25Z
66383,මිටර්මයර්ගේ පඳුරු මැඩියා,si,"","",,Sinhala,Bobby McCabe,2018-05-14T02:28:41Z
42147,හිපපොටේමස්,si,"","",,Sinhala,John E. Christensen,2018-12-04T17:23:27Z
82814,නෙළුම්,si,"","",,Sinhala,John E. Christensen,2019-05-05T10:44:33Z
44694,ශ්‍රී ලංකා ක‍ටු හීන් මීයා,si,"","",,Sinhala,Bobby McCabe,2019-07-12T22:01:24Z
369990,ගැටතුඹ,si,Sri Lanka,LK,,Sinhala,harshithjv,2019-07-14T10:48:28Z
727033,පෙරළි කොණ්ඩකුස්සා,si,"","",,Sinhala,Asanka Gallege,2020-04-13T19:13:15Z
889255,හීන් බෝවිටියා,si,"","",,Sinhala,Asanka Gallege,2020-04-14T02:52:35Z
443648,නවඳ,si,Sri Lanka,LK,,Sinhala,Asanka Gallege,2020-04-14T03:02:01Z
191666,හොර,si,Sri Lanka,LK,,Sinhala,Asanka Gallege,2020-04-14T03:03:46Z
438888,ගොකටු,si,Sri Lanka,LK,,Sinhala,Asanka Gallege,2020-04-14T03:06:58Z
68528,ඇහැ‍ටුල්ලා,si,"","",,Sinhala,Asanka Gallege,2020-04-14T10:06:40Z
99183,වයිරි හාල්දණ්ඩා,si,"","",,Sinhala,Asanka Gallege,2020-04-14T10:10:14Z
30264,කටකලුවා,si,"","",,Sinhala,Asanka Gallege,2020-04-14T10:25:10Z
966799,දියබරියා‍,si,"","",,Sinhala,Asanka Gallege,2020-04-14T10:33:42Z
83583,ගම්මිරිස්,si,"","",,Sinhala,Asanka Gallege,2020-04-15T02:27:36Z
146977,කාමරංගා,si,"","",,Sinhala,Asanka Gallege,2020-04-15T02:37:59Z
5539,අළු කෑදැත්තා,si,"","",,Sinhala,Asanka Gallege,2020-04-16T01:11:43Z
64443,දූරියන්,si,"","",,Sinhala,Asanka Gallege,2020-04-17T01:53:24Z
441210,බාඳුරා,si,"","",,Sinhala,Asanka Gallege,2020-04-17T02:44:30Z
348803,ගොඩපර,si,Sri Lanka,LK,,Sinhala,Asanka Gallege,2020-04-17T02:49:18Z
160760,ගල් ඉද්ද,si,"","",,Sinhala,Asanka Gallege,2020-04-17T04:15:50Z
160760,ගල් ගොරක,si,"","",,Sinhala,Asanka Gallege,2020-04-17T04:32:40Z
427389,වෙනිවැල්,si,Sri Lanka,LK,,Sinhala,Asanka Gallege,2020-04-17T04:40:13Z
116303,කබරගොයා,si,"","",,Sinhala,Asanka Gallege,2020-04-17T05:51:48Z
39415,තලගොයා,si,"","",,Sinhala,Asanka Gallege,2020-04-17T06:03:02Z
699206,කොළඹ කපුටා,si,"","",,Sinhala,Asanka Gallege,2020-04-21T17:37:43Z
723524,කොහා,si,Sri Lanka,LK,,Sinhala,Asanka Gallege,2020-04-22T02:01:09Z
201204,ශ්‍රී ලංකා තිත්පිය තිරාසිකයා,si,"","",,Sinhala,Asanka Gallege,2020-04-22T02:11:45Z
13688,අළු හැලපෙන්දා,si,"","",,Sinhala,Asanka Gallege,2020-04-22T03:42:39Z
58300,දෙලුම්,si,"","",,Sinhala,Asanka Gallege,2020-04-23T01:22:51Z
431020,ගොටු නුග,si,"","",,Sinhala,Asanka Gallege,2020-04-25T05:13:50Z
50996,වලු නුග,si,"","",,Sinhala,Asanka Gallege,2020-04-25T05:22:25Z
548534,බිනර,si,Sri Lanka,LK,,Sinhala,Asanka Gallege,2020-05-24T13:00:37Z
548697,මහ රත්මල්,si,Sri Lanka,LK,,Sinhala,Asanka Gallege,2020-07-12T12:33:37Z
52681,වැරැල්ල,si,"","",,Sinhala,Asanka Gallege,2020-07-12T17:52:02Z
29223,පුල්ලි දත්-කැටියා,si,"","",,Sinhala,Asanka Gallege,2020-07-17T00:42:22Z
27984,දලව මැඩිල්ලා,si,"","",,Sinhala,Asanka Gallege,2020-07-20T04:23:33Z
445226,කට්ට ගිනිහොට,si,"","",,Sinhala,Asanka Gallege,2020-07-21T01:38:22Z
17478,ලංකා සිතැසියා,si,"","",,Sinhala,Asanka Gallege,2020-07-21T01:51:38Z
72847,ශ්‍රී ලංකා අනු මැසිමාරා,si,"","",,Sinhala,Asanka Gallege,2020-07-21T01:58:11Z
979677,රත්ළය නිල්-මැසිමාරා,si,"","",,Sinhala,Asanka Gallege,2020-07-21T02:00:44Z
348627,හීන් මදුවැල්,si,"","",,Sinhala,Asanka Gallege,2020-07-21T05:44:15Z
26555,පුල්ලි ගස් මැඩියා,si,"","",,Sinhala,Asanka Gallege,2020-07-23T02:11:02Z
66363,තියුණු හොඹු පඳුරු මැඩියා,si,"","",,Sinhala,Asanka Gallege,2020-07-23T02:14:41Z
26093,උත්පතන මැඩියා,si,"","",,Sinhala,Asanka Gallege,2020-07-23T02:20:13Z
476490,තඹවන් බැඳි මැඩියා,si,"","",,Sinhala,Asanka Gallege,2020-07-23T02:21:02Z
5062,අහිකාවා,si,"","",,Sinhala,Asanka Gallege,2020-07-23T02:33:05Z
497004,පුංචි  දියකාවා,si,"","",,Sinhala,Asanka Gallege,2020-07-23T02:45:21Z
711776,සිළු සර්පකුස්සා,si,Sri Lanka,LK,,Sinhala,Asanka Gallege,2020-07-23T14:37:15Z
13709,කෙත් වැරටිච්චා,si,"","",,Sinhala,Asanka Gallege,2020-07-24T01:47:01Z
42107,මීමින්නා,si,"","",,Sinhala,Asanka Gallege,2020-08-09T15:09:14Z
340100,ඉඟිනි,si,"","",,Sinhala,Asanka Gallege,2020-08-09T15:27:49Z
123046,රම්පෙ,si,"","",,Sinhala,Asanka Gallege,2020-08-09T16:06:02Z
67574,වරා,si,"","",,Sinhala,Asanka Gallege,2020-08-10T02:54:43Z
58371,රුහ,si,"","",,Sinhala,Asanka Gallege,2020-08-31T01:39:39Z
169326,බලු-නකුට,si,"","",,Sinhala,Asanka Gallege,2020-09-04T01:33:10Z
146977,කාඹරංකා,si,Sri Lanka,LK,,Sinhala,Nuwan Wijayaweera,2020-09-07T16:10:13Z
345967,ඇඹරැල්ලා,si,Sri Lanka,LK,,Sinhala,Nuwan Wijayaweera,2020-09-07T16:16:38Z
122965,අන්නාසි,si,Sri Lanka,LK,,Sinhala,Nuwan Wijayaweera,2020-09-07T16:20:37Z
1204,මොණරා/සෙබඩ,si,Sri Lanka,LK,,Sinhala,Nuwan Wijayaweera,2020-09-07T16:27:28Z
287316,ඇට්ටේරිය,si,Sri Lanka,LK,,Sinhala,Nuwan Wijayaweera,2020-09-20T17:41:53Z
68679,ඇහැළ,si,Sri Lanka,LK,,Sinhala,Nuwan Wijayaweera,2020-09-20T17:46:34Z
493624,ගුරුළුරාජ,si,Sri Lanka,LK,,Sinhala,Nuwan Wijayaweera,2020-09-20T17:49:41Z
1063730,වල් පිච්ච,si,Sri Lanka,LK,,Sinhala,Nuwan Wijayaweera,2020-09-20T17:58:58Z
278277,සමන් පිච්ච,si,Sri Lanka,LK,,Sinhala,Nuwan Wijayaweera,2020-09-20T18:00:40Z
162913,විෂ්ණුක්‍රාන්ති,si,Sri Lanka,LK,,Sinhala,Nuwan Wijayaweera,2020-09-20T18:08:21Z
167075,සුදු අරලිය,si,Sri Lanka,LK,,Sinhala,Nuwan Wijayaweera,2020-09-20T18:12:44Z
161126,ගොඩ මානෙල්,si,Sri Lanka,LK,,Sinhala,Nuwan Wijayaweera,2020-09-20T18:14:35Z
43697,ආසියානු අලියා,si,Sri Lanka,LK,,Sinhala,Nuwan Wijayaweera,2020-09-20T18:21:42Z
54880,නුග,si,Sri Lanka,LK,,Sinhala,Nuwan Wijayaweera,2020-09-20T18:25:55Z
127514,ඇසතු,si,Sri Lanka,LK,,Sinhala,Nuwan Wijayaweera,2020-09-20T18:28:40Z
60218,අත්තික්කා,si,Sri Lanka,LK,,Sinhala,Nuwan Wijayaweera,2020-09-20T18:32:07Z
343928,දිවුල්,si,Sri Lanka,LK,,Sinhala,Nuwan Wijayaweera,2020-09-20T18:36:09Z
325928,බෙලි,si,Sri Lanka,LK,,Sinhala,Nuwan Wijayaweera,2020-09-20T18:39:08Z
354814,නා,si,Sri Lanka,LK,,Sinhala,Nuwan Wijayaweera,2020-09-20T18:41:22Z
319135,කොහොඹ,si,Sri Lanka,LK,,Sinhala,Nuwan Wijayaweera,2020-09-20T18:43:41Z
60218,දිඹුල්,si,Sri Lanka,LK,,Sinhala,Nuwan Wijayaweera,2020-09-20T18:45:10Z
70027,දෙල්,si,Sri Lanka,LK,,Sinhala,Nuwan Wijayaweera,2020-09-20T18:48:48Z
123003,කොස්,si,Sri Lanka,LK,,Sinhala,Nuwan Wijayaweera,2020-09-20T18:50:38Z
48865,පොල්,si,Sri Lanka,LK,,Sinhala,Nuwan Wijayaweera,2020-09-20T18:52:57Z
141359,කිතුල්,si,Sri Lanka,LK,,Sinhala,Nuwan Wijayaweera,2020-09-20T18:54:59Z
345556,තල්,si,Sri Lanka,LK,,Sinhala,Nuwan Wijayaweera,2020-09-20T18:57:51Z
83108,පුවක්,si,Sri Lanka,LK,,Sinhala,Nuwan Wijayaweera,2020-09-20T19:01:23Z
344151,සේපාලිකා,si,Sri Lanka,LK,,Sinhala,Nuwan Wijayaweera,2020-09-20T19:03:48Z
169521,වතු සුද්ද,si,Sri Lanka,LK,,Sinhala,Nuwan Wijayaweera,2020-09-20T19:06:17Z
367470,වළි කුකුළා,si,Sri Lanka,LK,,Sinhala,Nuwan Wijayaweera,2020-09-20T19:25:38Z
46031,දඬු ලේනා,si,Sri Lanka,LK,,Sinhala,Nuwan Wijayaweera,2020-09-20T19:28:08Z
321501,නිල් මානෙල්,si,Sri Lanka,LK,,Sinhala,Nuwan Wijayaweera,2020-09-20T19:37:13Z
542405,අලියා,si,Sri Lanka,LK,,Sinhala,Nuwan Wijayaweera,2020-09-20T19:40:33Z
43697,ආසියාතික අලියා,si,Sri Lanka,LK,,Sinhala,Nuwan Wijayaweera,2020-09-20T19:46:43Z
43456,රිළවා,si,Sri Lanka,LK,,Sinhala,Nuwan Wijayaweera,2020-10-01T11:51:50Z
147709,වියළි කලාපීය රිළවා,si,Sri Lanka,LK,,Sinhala,Nuwan Wijayaweera,2020-10-01T12:01:01Z
147707,තෙත් කලාපීය රිළවා,si,Sri Lanka,LK,,Sinhala,Nuwan Wijayaweera,2020-10-01T12:07:46Z
147708,කඳුකර කලාපීය රිළවා,si,Sri Lanka,LK,,Sinhala,Nuwan Wijayaweera,2020-10-01T12:09:17Z
1071036,හැලි වඳුරා,si,Sri Lanka,LK,,Sinhala,Nuwan Wijayaweera,2020-10-01T12:13:50Z
43632,රත් උණහපුළුවා,si,Sri Lanka,LK,,Sinhala,Nuwan Wijayaweera,2020-10-01T12:28:22Z
1,සතුන්,si,Sri Lanka,LK,,Sinhala,Nuwan Wijayaweera,2020-10-01T12:51:38Z
47491,සඛණ්ඩ පණුවන්,si,Sri Lanka,LK,,Sinhala,Nuwan Wijayaweera,2020-10-01T12:55:47Z
47115,මෘද්වංගීන්,si,Sri Lanka,LK,,Sinhala,Nuwan Wijayaweera,2020-10-01T12:58:56Z
47120,සන්ධිපාදිකයන්,si,Sri Lanka,LK,,Sinhala,Nuwan Wijayaweera,2020-10-01T13:01:09Z
355675,පෘෂ්ඨවංශීන්,si,Sri Lanka,LK,,Sinhala,Nuwan Wijayaweera,2020-10-01T13:06:12Z
40151,ක්ෂීරපායීන්,si,Sri Lanka,LK,,Sinhala,Nuwan Wijayaweera,2020-10-01T13:08:38Z
3,පක්ෂීන්,si,Sri Lanka,LK,,Sinhala,Nuwan Wijayaweera,2020-10-01T13:10:17Z
20978,උභය ජීවීන්,si,Sri Lanka,LK,,Sinhala,Nuwan Wijayaweera,2020-10-01T13:13:22Z
26036,උරගයින්,si,Sri Lanka,LK,,Sinhala,Nuwan Wijayaweera,2020-10-01T13:15:06Z
48875,අඹ ගණය,si,Sri Lanka,LK,,Sinhala,Nuwan Wijayaweera,2020-10-01T13:22:36Z
47126,ශාක,si,Sri Lanka,LK,,Sinhala,Nuwan Wijayaweera,2020-10-01T13:24:56Z
211194,සනාල ශාක,si,Sri Lanka,LK,,Sinhala,Nuwan Wijayaweera,2020-10-01T13:34:00Z
47124,ද්වී බීජ පත්‍රී,si,Sri Lanka,LK,,Sinhala,Nuwan Wijayaweera,2020-10-01T13:45:37Z
47163,ඒක බීජ පත්‍රී,si,Sri Lanka,LK,,Sinhala,Nuwan Wijayaweera,2020-10-01T13:47:55Z
136329,කේතුධර,si,Sri Lanka,LK,,Sinhala,Nuwan Wijayaweera,2020-10-01T13:52:38Z
47561,පයිනස්,si,Sri Lanka,LK,,Sinhala,Nuwan Wijayaweera,2020-10-01T13:59:13Z
64615,අක්මා ශාක,si,Sri Lanka,LK,,Sinhala,Nuwan Wijayaweera,2020-10-01T14:05:15Z
311249,පාසි,si,Sri Lanka,LK,,Sinhala,Nuwan Wijayaweera,2020-10-01T14:10:49Z
136336,මඩු,si,Sri Lanka,LK,,Sinhala,Nuwan Wijayaweera,2020-10-01T14:17:36Z
160294,ගොටු කොළ,si,Sri Lanka,LK,,Sinhala,Nuwan Wijayaweera,2020-10-01T14:24:59Z
47434,තෘණ කුලය,si,Sri Lanka,LK,,Sinhala,Nuwan Wijayaweera,2020-10-01T14:57:59Z
332906,ගස් පර්ණාංග සහ මිත්‍ර පාක්ෂිකයන්,si,Sri Lanka,LK,,Sinhala,Nuwan Wijayaweera,2020-10-01T15:31:28Z
47822,මැස්සන්,si,Sri Lanka,LK,,Sinhala,Nuwan Wijayaweera,2020-10-01T15:33:44Z
47158,කෘමීන්,si,Sri Lanka,LK,,Sinhala,Nuwan Wijayaweera,2020-10-01T15:35:13Z
47119,අරක්නිඩාවන්,si,Sri Lanka,LK,,Sinhala,Nuwan Wijayaweera,2020-10-01T15:44:29Z
47118,මකුළු ගෝත්‍රය,si,Sri Lanka,LK,,Sinhala,Nuwan Wijayaweera,2020-10-01T15:45:30Z
48894,ගෝනුස්සන්,si,Sri Lanka,LK,,Sinhala,Nuwan Wijayaweera,2020-10-01T15:47:38Z
118451,"කකුළුවන්, පොකිරිස්සන් සහ මිත්‍ර පාක්ෂිකයන්",si,Sri Lanka,LK,,Sinhala,Nuwan Wijayaweera,2020-10-01T15:53:32Z
47208,කුරුමිණියන්,si,Sri Lanka,LK,,Sinhala,Nuwan Wijayaweera,2020-10-01T16:03:10Z
47157,සමනළයන් සහ සලබයන්,si,Sri Lanka,LK,,Sinhala,Nuwan Wijayaweera,2020-10-01T16:14:00Z
47224,සමනළයන්,si,Sri Lanka,LK,,Sinhala,Nuwan Wijayaweera,2020-10-01T16:15:09Z
47201,"කුහුඹුවන්, මී මැස්සන්, බඹරුන් සහ කියත් මැස්සන්",si,Sri Lanka,LK,,Sinhala,Nuwan Wijayaweera,2020-10-01T16:18:09Z
47132,"රෝස, එල්ම්, අත්තික්කා සහ මිත්‍ර පාක්ෂිකයන්",si,Sri Lanka,LK,,Sinhala,Nuwan Wijayaweera,2020-10-01T16:23:10Z
47148,රෝස කුලය,si,Sri Lanka,LK,,Sinhala,Nuwan Wijayaweera,2020-10-01T16:26:05Z
75997,ගංජා,si,Sri Lanka,LK,,Sinhala,Nuwan Wijayaweera,2020-10-01T16:33:40Z
75997,කංසා,si,Sri Lanka,LK,,Sinhala,Nuwan Wijayaweera,2020-10-01T16:34:34Z
56955,සූරියකාන්ත,si,Sri Lanka,LK,,Sinhala,Nuwan Wijayaweera,2020-10-01T16:38:54Z
62911,කෙසෙල් ගණය,si,Sri Lanka,LK,,Sinhala,Nuwan Wijayaweera,2020-10-01T16:50:31Z
62910,කෙසෙල් කුලය,si,Sri Lanka,LK,,Sinhala,Nuwan Wijayaweera,2020-10-01T16:52:06Z
41573,මාංශ භක්ෂකයන්,si,Sri Lanka,LK,,Sinhala,Nuwan Wijayaweera,2020-10-01T17:03:19Z
47144,බල්ලා,si,Sri Lanka,LK,,Sinhala,Nuwan Wijayaweera,2020-10-01T17:07:21Z
47144,සුනඛයා,si,Sri Lanka,LK,,Sinhala,Nuwan Wijayaweera,2020-10-01T17:09:52Z
118552,පූසා,si,Sri Lanka,LK,,Sinhala,Nuwan Wijayaweera,2020-10-01T17:14:17Z
118552,බළලා,si,Sri Lanka,LK,,Sinhala,Nuwan Wijayaweera,2020-10-01T17:15:33Z
158232,මුකුණුවැන්න,si,Sri Lanka,LK,,Sinhala,Nuwan Wijayaweera,2020-10-01T17:45:51Z
168863,කතුරු මුරුංගා,si,Sri Lanka,LK,,Sinhala,Nuwan Wijayaweera,2020-10-01T17:50:35Z
52134,මදුරු කුලය,si,Sri Lanka,LK,,Sinhala,Nuwan Wijayaweera,2020-10-01T17:53:38Z
53492,නයා,si,Sri Lanka,LK,,Sinhala,Nuwan Wijayaweera,2020-10-01T18:05:57Z
30475,නයි,si,Sri Lanka,LK,,Sinhala,Nuwan Wijayaweera,2020-10-01T18:07:39Z
28868,ගැරඬියා,si,Sri Lanka,LK,,Sinhala,Nuwan Wijayaweera,2020-10-01T18:12:40Z
159191,නිවිති,si,Sri Lanka,LK,,Sinhala,Nuwan Wijayaweera,2020-10-01T18:16:47Z
425691,කොහිල,si,Sri Lanka,LK,,Sinhala,Nuwan Wijayaweera,2020-10-01T18:23:09Z
164077,කංකුන්,si,Sri Lanka,LK,,Sinhala,Nuwan Wijayaweera,2020-10-01T18:39:59Z
284503,කටු අනෝදා,si,Sri Lanka,LK,,Sinhala,Nuwan Wijayaweera,2020-10-01T18:48:31Z
284503,කටු ආත්තා,si,Sri Lanka,LK,,Sinhala,Nuwan Wijayaweera,2020-10-01T18:49:17Z
69973,සීනි ආත්තා,si,Sri Lanka,LK,,Sinhala,Nuwan Wijayaweera,2020-10-01T18:51:08Z
284506,වැලි ආත්තා,si,Sri Lanka,LK,,Sinhala,Nuwan Wijayaweera,2020-10-01T18:52:27Z
123697,මසං,si,Sri Lanka,LK,,Sinhala,Nuwan Wijayaweera,2020-10-01T18:57:02Z
83585,ලාවුළු,si,Sri Lanka,LK,,Sinhala,Nuwan Wijayaweera,2020-10-01T19:00:30Z
163027,උගුරැස්ස,si,Sri Lanka,LK,,Sinhala,Nuwan Wijayaweera,2020-10-01T19:02:52Z
163027,කටුලොවි,si,Sri Lanka,LK,,Sinhala,Nuwan Wijayaweera,2020-10-01T19:03:36Z
169518,මාදං,si,Sri Lanka,LK,,Sinhala,Nuwan Wijayaweera,2020-10-01T19:06:17Z
68666,නෙල්ලි,si,Sri Lanka,LK,,Sinhala,Nuwan Wijayaweera,2020-10-01T19:10:03Z
344840,රතු ලොවි,si,Sri Lanka,LK,,Sinhala,Nuwan Wijayaweera,2020-10-01T19:14:01Z
191503,මොර,si,Sri Lanka,LK,,Sinhala,Nuwan Wijayaweera,2020-10-01T19:16:39Z
61381,වී,si,Sri Lanka,LK,,Sinhala,Nuwan Wijayaweera,2020-10-01T19:19:52Z
48448,බඩ ඉරිඟු,si,Sri Lanka,LK,,Sinhala,Nuwan Wijayaweera,2020-10-01T19:27:47Z
76789,කුරක්කන්,si,Sri Lanka,LK,,Sinhala,Nuwan Wijayaweera,2020-10-01T19:32:46Z
76789,කුරහං,si,Sri Lanka,LK,,Sinhala,Nuwan Wijayaweera,2020-10-01T19:33:28Z
47357,ළූණු,si,Sri Lanka,LK,,Sinhala,Nuwan Wijayaweera,2020-10-01T19:47:21Z
75363,සුදු ළූණු,si,Sri Lanka,LK,,Sinhala,Nuwan Wijayaweera,2020-10-01T19:49:25Z
48592,ලොකු ළූණු,si,Sri Lanka,LK,,Sinhala,Nuwan Wijayaweera,2020-10-01T19:52:21Z
48514,මිරිස්,si,Sri Lanka,LK,,Sinhala,Nuwan Wijayaweera,2020-10-01T19:57:22Z
69135,නයි මිරිස්,si,Sri Lanka,LK,,Sinhala,Nuwan Wijayaweera,2020-10-01T19:59:13Z
122796,කොච්චි,si,Sri Lanka,LK,,Sinhala,Nuwan Wijayaweera,2020-10-01T20:08:08Z
122885,මුං,si,Sri Lanka,LK,,Sinhala,Nuwan Wijayaweera,2020-10-01T20:11:33Z
122902,සෝයා බෝංචි,si,Sri Lanka,LK,,Sinhala,Nuwan Wijayaweera,2020-10-01T20:15:06Z
122901,උඳු,si,Sri Lanka,LK,,Sinhala,Nuwan Wijayaweera,2020-10-01T20:26:32Z
139444,තෝර පරිප්පු,si,Sri Lanka,LK,,Sinhala,Nuwan Wijayaweera,2020-10-01T20:31:28Z
122898,කව්පි,si,Sri Lanka,LK,,Sinhala,Nuwan Wijayaweera,2020-10-01T20:35:30Z
122854,කඩල,si,Sri Lanka,LK,,Sinhala,Nuwan Wijayaweera,2020-10-01T20:46:46Z
168855,තෝර,si,Sri Lanka,LK,,Sinhala,Nuwan Wijayaweera,2020-10-01T20:52:52Z
168847,පැණි තෝර,si,Sri Lanka,LK,,Sinhala,Nuwan Wijayaweera,2020-10-01T20:56:25Z
81515,ඇත් තෝර,si,Sri Lanka,LK,,Sinhala,Nuwan Wijayaweera,2020-10-01T20:58:43Z
553661,රණවරා,si,Sri Lanka,LK,,Sinhala,Nuwan Wijayaweera,2020-10-01T21:00:52Z
519938,ඉරමුසු,si,Sri Lanka,LK,,Sinhala,Nuwan Wijayaweera,2020-10-01T21:04:27Z
114891,කබරගොයා,si,Sri Lanka,LK,,Sinhala,Nuwan Wijayaweera,2020-10-02T08:34:10Z
63205,රට කජු,si,Sri Lanka,LK,,Sinhala,Nuwan Wijayaweera,2020-10-02T08:49:50Z
64241,අබ,si,Sri Lanka,LK,,Sinhala,Nuwan Wijayaweera,2020-10-02T09:02:13Z
53858,අර්තාපල්,si,Sri Lanka,LK,,Sinhala,Nuwan Wijayaweera,2020-10-02T09:05:43Z
165138,මඤ්ඤොක්කා,si,Sri Lanka,LK,,Sinhala,Nuwan Wijayaweera,2020-10-02T09:15:05Z
62941,බතල,si,Sri Lanka,LK,,Sinhala,Nuwan Wijayaweera,2020-10-02T09:16:51Z
58390,තිරිඟු ගණය,si,Sri Lanka,LK,,Sinhala,Nuwan Wijayaweera,2020-10-02T09:21:24Z
64161,තිරිඟු,si,Sri Lanka,LK,,Sinhala,Nuwan Wijayaweera,2020-10-02T09:22:31Z
122835,කිරි අල,si,Sri Lanka,LK,,Sinhala,Nuwan Wijayaweera,2020-10-02T09:53:32Z
126165,හබරල,si,Sri Lanka,LK,,Sinhala,Nuwan Wijayaweera,2020-10-02T19:11:09Z
124337,ජල වලසුන්,si,Sri Lanka,LK,,Sinhala,Nuwan Wijayaweera,2020-10-02T19:12:48Z
85493,කවචයන්,si,Sri Lanka,LK,,Sinhala,Nuwan Wijayaweera,2020-10-02T19:13:56Z
47125,ආවෘත බීජක,si,Sri Lanka,LK,,Sinhala,Nuwan Wijayaweera,2020-10-03T12:00:10Z
47125,සපුෂ්ප ශාක,si,Sri Lanka,LK,,Sinhala,Nuwan Wijayaweera,2020-10-03T12:03:08Z
121943,පර්ණාංග,si,Sri Lanka,LK,,Sinhala,Nuwan Wijayaweera,2020-10-03T12:13:41Z
121943,මිවන,si,Sri Lanka,LK,,Sinhala,Nuwan Wijayaweera,2020-10-03T12:14:44Z
50863,හරිත ඇල්ගී,si,Sri Lanka,LK,,Sinhala,Nuwan Wijayaweera,2020-10-03T12:18:20Z
57774,රතු ඇල්ගී,si,Sri Lanka,LK,,Sinhala,Nuwan Wijayaweera,2020-10-03T12:20:10Z
67333,බැක්ටීරියා,si,Sri Lanka,LK,,Sinhala,Nuwan Wijayaweera,2020-10-03T13:01:28Z
2,සරජ්ජුකයන්,si,Sri Lanka,LK,,Sinhala,Nuwan Wijayaweera,2020-10-03T13:12:04Z
50623,පැඟිරි කුලය,si,Sri Lanka,LK,,Sinhala,Nuwan Wijayaweera,2020-10-03T13:30:51Z
47122,රනිල කුලය,si,Sri Lanka,LK,,Sinhala,Nuwan Wijayaweera,2020-10-03T13:37:03Z
41944,බිළාල කුලය,si,Sri Lanka,LK,,Sinhala,Nuwan Wijayaweera,2020-10-03T13:48:16Z
846273,මහා බළල්ලු,si,Sri Lanka,LK,,Sinhala,Nuwan Wijayaweera,2020-10-03T13:49:33Z
846179,කුඩා බළල්ලු,si,Sri Lanka,LK,,Sinhala,Nuwan Wijayaweera,2020-10-03T13:51:08Z
41964,සිංහයා/සිංහ ධේනුව,si,Sri Lanka,LK,,Sinhala,Nuwan Wijayaweera,2020-10-03T13:53:27Z
209233,අශ්වයා/වෙළඹ,si,Sri Lanka,LK,,Sinhala,Nuwan Wijayaweera,2020-10-03T14:00:08Z
41946,හඳුන් දිවියා,si,Sri Lanka,LK,,Sinhala,Nuwan Wijayaweera,2020-10-03T14:04:42Z
41961,වල් බළලා,si,Sri Lanka,LK,,Sinhala,Nuwan Wijayaweera,2020-10-03T14:07:05Z
41948,කොළ දිවියා,si,Sri Lanka,LK,,Sinhala,Nuwan Wijayaweera,2020-10-03T14:12:02Z
44175,ඉත්තෑවා,si,Sri Lanka,LK,,Sinhala,Nuwan Wijayaweera,2020-10-03T14:20:26Z
45933,ලේන කුලය,si,Sri Lanka,LK,,Sinhala,Nuwan Wijayaweera,2020-10-03T14:28:31Z
45938,ලේනා,si,Sri Lanka,LK,,Sinhala,Nuwan Wijayaweera,2020-10-03T14:30:45Z
48363,කැළණිතිස්ස,si,Sri Lanka,LK,,Sinhala,Nuwan Wijayaweera,2020-10-04T10:35:21Z
133309,රත්මල්,si,Sri Lanka,LK,,Sinhala,Nuwan Wijayaweera,2020-10-04T10:58:06Z
48872,අඹ,si,Sri Lanka,LK,,Sinhala,Nuwan Wijayaweera,2020-10-04T14:18:54Z
8264,අළු කවුඩා,si,Sri Lanka,LK,,Sinhala,Nuwan Wijayaweera,2020-10-04T14:50:03Z
1036675,වානර උපරි කුලය,si,Sri Lanka,LK,,Sinhala,Nuwan Wijayaweera,2020-10-04T15:02:44Z
43575,ශ්‍රේෂ්ඨ වානර කුලය,si,Sri Lanka,LK,,Sinhala,Nuwan Wijayaweera,2020-10-04T15:05:58Z
43584,මිනිසා/ගැහැණිය,si,Sri Lanka,LK,,Sinhala,Nuwan Wijayaweera,2020-10-04T15:09:31Z
43584,මනුෂ්‍යයා,si,Sri Lanka,LK,,Sinhala,Nuwan Wijayaweera,2020-10-04T15:10:19Z
48867,තාල කුලය,si,Sri Lanka,LK,,Sinhala,Nuwan Wijayaweera,2020-10-04T15:35:09Z
338194,ආසියාතික මී මැස්සා,si,Sri Lanka,LK,,Sinhala,Nuwan Wijayaweera,2020-10-04T15:42:43Z
602301,මී මැස්සා,si,Sri Lanka,LK,,Sinhala,Nuwan Wijayaweera,2020-10-04T15:43:39Z
47219,යුරෝපීය මී මැස්සා,si,Sri Lanka,LK,,Sinhala,Nuwan Wijayaweera,2020-10-04T15:46:14Z
245955,බඹර මැස්සා,si,Sri Lanka,LK,,Sinhala,Nuwan Wijayaweera,2020-10-04T15:48:28Z
245956,දඬුවැල් මැස්සා,si,Sri Lanka,LK,,Sinhala,Nuwan Wijayaweera,2020-10-04T15:49:46Z
356050,කනෙයි මැස්සා,si,Sri Lanka,LK,,Sinhala,Nuwan Wijayaweera,2020-10-04T15:58:36Z
200106,විත රහිත,si,Sri Lanka,LK,,Sinhala,Nuwan Wijayaweera,2020-10-04T15:59:39Z
43698,කෘදන්තයන්,si,Sri Lanka,LK,,Sinhala,Nuwan Wijayaweera,2020-10-04T16:03:38Z
122850,බෝංචි,si,Sri Lanka,LK,,Sinhala,Nuwan Wijayaweera,2020-10-05T13:25:45Z
51737,තක්කාලි,si,Sri Lanka,LK,,Sinhala,Nuwan Wijayaweera,2020-10-05T13:27:34Z
63190,වම්බටු,si,Sri Lanka,LK,,Sinhala,Nuwan Wijayaweera,2020-10-05T13:31:23Z
43328,අශ්වීය කුලය,si,Sri Lanka,LK,,Sinhala,Nuwan Wijayaweera,2020-10-05T14:05:22Z
148030,බූරුවා,si,Sri Lanka,LK,,Sinhala,Nuwan Wijayaweera,2020-10-05T14:07:09Z
76610,කැරට්,si,Sri Lanka,LK,,Sinhala,Nuwan Wijayaweera,2020-10-05T14:12:41Z
54516,ගෝවා,si,Sri Lanka,LK,,Sinhala,Nuwan Wijayaweera,2020-10-05T14:16:38Z
61369,කරවිල,si,Sri Lanka,LK,,Sinhala,Nuwan Wijayaweera,2020-10-05T14:24:28Z
905825,තුඹ කරවිල,si,Sri Lanka,LK,,Sinhala,Nuwan Wijayaweera,2020-10-05T14:26:45Z
48620,අලාබු කුලය,si,Sri Lanka,LK,,Sinhala,Nuwan Wijayaweera,2020-10-05T14:28:15Z
122866,වට්ටක්කා,si,Sri Lanka,LK,,Sinhala,Nuwan Wijayaweera,2020-10-05T14:30:22Z
158190,ලීක්ස්,si,Sri Lanka,LK,,Sinhala,Nuwan Wijayaweera,2020-10-05T14:35:29Z
164869,වැටකොළු,si,Sri Lanka,LK,,Sinhala,Nuwan Wijayaweera,2020-10-05T14:37:03Z
157765,බණ්ඩක්කා,si,Sri Lanka,LK,,Sinhala,Nuwan Wijayaweera,2020-10-05T14:38:29Z
67334,සයනොබැක්ටීරියා,si,Sri Lanka,LK,,Sinhala,Nuwan Wijayaweera,2020-10-05T14:44:15Z
67334,නීල හරිත ඇල්ගී,si,Sri Lanka,LK,,Sinhala,Nuwan Wijayaweera,2020-10-05T14:45:15Z
346168,දඹල,si,Sri Lanka,LK,,Sinhala,Nuwan Wijayaweera,2020-10-05T14:46:56Z
54498,බීට්රූට්,si,Sri Lanka,LK,,Sinhala,Nuwan Wijayaweera,2020-10-05T14:50:15Z
52327,තම්පලා කුලය,si,Sri Lanka,LK,,Sinhala,Nuwan Wijayaweera,2020-10-05T14:52:54Z
54919,පිපිඤ්ඤා,si,Sri Lanka,LK,,Sinhala,Nuwan Wijayaweera,2020-10-05T14:54:32Z
346340,පතෝල,si,Sri Lanka,LK,,Sinhala,Nuwan Wijayaweera,2020-10-05T15:02:37Z
63194,මල් ගෝවා,si,Sri Lanka,LK,,Sinhala,Nuwan Wijayaweera,2020-10-05T15:04:57Z
54522,ග්‍රීන් පීස්,si,Sri Lanka,LK,,Sinhala,Nuwan Wijayaweera,2020-10-05T15:10:47Z
122976,සලාද,si,Sri Lanka,LK,,Sinhala,Nuwan Wijayaweera,2020-10-05T15:15:34Z
52496,ඉඟුරු කුලය,si,Sri Lanka,LK,,Sinhala,Nuwan Wijayaweera,2020-10-05T15:24:02Z
122971,ඉඟුරු,si,Sri Lanka,LK,,Sinhala,Nuwan Wijayaweera,2020-10-05T15:26:24Z
74526,අළු උණහපුළුවා,si,Sri Lanka,LK,,Sinhala,Nuwan Wijayaweera,2020-10-05T15:34:13Z
62811,ගස්ලබු,si,Sri Lanka,LK,,Sinhala,Nuwan Wijayaweera,2020-10-05T15:50:34Z
62811,පැපොල්,si,Sri Lanka,LK,,Sinhala,Nuwan Wijayaweera,2020-10-05T15:51:13Z
62831,අල්ගැට පේර,si,Sri Lanka,LK,,Sinhala,Nuwan Wijayaweera,2020-10-05T15:54:10Z
62859,පේර,si,Sri Lanka,LK,,Sinhala,Nuwan Wijayaweera,2020-10-05T16:01:19Z
62867,පේර ගණය,si,Sri Lanka,LK,,Sinhala,Nuwan Wijayaweera,2020-10-05T16:04:41Z
278605,රඹුටන්,si,Sri Lanka,LK,,Sinhala,Nuwan Wijayaweera,2020-10-05T16:07:13Z
51446,වැල් දොඩම්,si,Sri Lanka,LK,,Sinhala,Nuwan Wijayaweera,2020-10-05T16:09:52Z
58300,දෙළුම්,si,Sri Lanka,LK,,Sinhala,Nuwan Wijayaweera,2020-10-05T16:13:35Z
123001,මැංගුස්,si,Sri Lanka,LK,,Sinhala,Nuwan Wijayaweera,2020-10-05T16:15:13Z
79519,මිදි,si,Sri Lanka,LK,,Sinhala,Nuwan Wijayaweera,2020-10-05T16:16:52Z
431176,ආඩතෝඩා,si,Sri Lanka,LK,,Sinhala,Nuwan Wijayaweera,2020-10-06T13:32:16Z
464610,පාවට්ටා,si,Sri Lanka,LK,,Sinhala,Nuwan Wijayaweera,2020-10-06T13:50:11Z
56932,අග මුල නැති වැල් ගණය,si,Sri Lanka,LK,,Sinhala,Nuwan Wijayaweera,2020-10-06T14:00:50Z
121022,අහු,si,Sri Lanka,LK,,Sinhala,Nuwan Wijayaweera,2020-10-06T14:05:29Z
164333,අක්කපාන,si,Sri Lanka,LK,,Sinhala,Nuwan Wijayaweera,2020-10-06T14:14:49Z
68671,අරළු,si,Sri Lanka,LK,,Sinhala,Nuwan Wijayaweera,2020-10-06T14:19:04Z
162702,අඳු,si,Sri Lanka,LK,,Sinhala,Nuwan Wijayaweera,2020-10-06T14:21:07Z
1036676,අසමෝදගම්,si,Sri Lanka,LK,,Sinhala,Nuwan Wijayaweera,2020-10-06T14:34:30Z
181406,අශෝක,si,Sri Lanka,LK,,Sinhala,Nuwan Wijayaweera,2020-10-06T14:42:12Z
48602,අත්තන,si,Sri Lanka,LK,,Sinhala,Nuwan Wijayaweera,2020-10-06T14:49:20Z
50333,ගඳපාන,si,Sri Lanka,LK,,Sinhala,Nuwan Wijayaweera,2020-10-06T14:52:43Z
51921,නිදිකුම්බා,si,Sri Lanka,LK,,Sinhala,Nuwan Wijayaweera,2020-10-06T14:59:20Z
160759,කටරොළු,si,Sri Lanka,LK,,Sinhala,Nuwan Wijayaweera,2020-10-06T15:09:01Z
160759,නිල් කටරොළු,si,Sri Lanka,LK,,Sinhala,Nuwan Wijayaweera,2020-10-06T15:09:48Z
60879,බිංතඹුරු,si,Sri Lanka,LK,,Sinhala,Nuwan Wijayaweera,2020-10-06T15:20:26Z
962637,ජපන් ජබර,si,Sri Lanka,LK,,Sinhala,Nuwan Wijayaweera,2020-10-06T15:26:48Z
141177,නියඟලා,si,Sri Lanka,LK,,Sinhala,Nuwan Wijayaweera,2020-10-06T15:29:09Z
165230,මහ බෝවිටියා,si,Sri Lanka,LK,,Sinhala,Nuwan Wijayaweera,2020-10-06T15:37:14Z
159049,රිලා පුරුක්,si,Sri Lanka,LK,,Sinhala,Nuwan Wijayaweera,2020-10-06T15:49:45Z
446818,වැටකෙයියා,si,Sri Lanka,LK,,Sinhala,Nuwan Wijayaweera,2020-10-06T16:16:19Z
43367,අග්‍රේෂයෝ,si,Sri Lanka,LK,,Sinhala,Nuwan Wijayaweera,2020-10-06T16:46:51Z
85553,සර්පයන්,si,Sri Lanka,LK,,Sinhala,Nuwan Wijayaweera,2020-10-06T16:54:43Z
30667,පොළඟන්,si,Sri Lanka,LK,,Sinhala,Nuwan Wijayaweera,2020-10-06T16:59:12Z
32080,කොට පිඹුරන්,si,Sri Lanka,LK,,Sinhala,Nuwan Wijayaweera,2020-10-06T17:03:24Z
42043,සුනඛ කුලය,si,Sri Lanka,LK,,Sinhala,Nuwan Wijayaweera,2020-10-07T12:28:34Z
42048,අළු වෘකයා,si,Sri Lanka,LK,,Sinhala,Nuwan Wijayaweera,2020-10-07T12:30:03Z
925140,නරියා,si,Sri Lanka,LK,,Sinhala,Nuwan Wijayaweera,2020-10-07T12:33:14Z
851014,හිවලා,si,Sri Lanka,LK,,Sinhala,Nuwan Wijayaweera,2020-10-07T12:34:20Z
42052,රතු වෘකයා,si,Sri Lanka,LK,,Sinhala,Nuwan Wijayaweera,2020-10-07T12:38:06Z
42045,ඉතියෝපියානු වෘකයා,si,Sri Lanka,LK,,Sinhala,Nuwan Wijayaweera,2020-10-07T12:40:06Z
42069,රතු නරියා,si,Sri Lanka,LK,,Sinhala,Nuwan Wijayaweera,2020-10-07T12:46:27Z
42054,නියමානුකූල නරි ගණය,si,Sri Lanka,LK,,Sinhala,Nuwan Wijayaweera,2020-10-07T12:50:10Z
42044,"වෘකයන්, හිවලුන් සහ මිත්‍ර පාක්ෂිකයන්",si,Sri Lanka,LK,,Sinhala,Nuwan Wijayaweera,2020-10-07T12:51:41Z
74113,ගොනා/එළදෙන,si,Sri Lanka,LK,,Sinhala,Nuwan Wijayaweera,2020-10-07T13:41:00Z
74113,වස්සා/වැස්සි,si,Sri Lanka,LK,,Sinhala,Nuwan Wijayaweera,2020-10-07T13:43:38Z
74113,ගොන් නාම්බා/නෑම්බි,si,Sri Lanka,LK,,Sinhala,Nuwan Wijayaweera,2020-10-07T13:44:41Z
74113,හරකා,si,Sri Lanka,LK,,Sinhala,Nuwan Wijayaweera,2020-10-07T13:45:45Z
81925,මී හරකා,si,Sri Lanka,LK,,Sinhala,Nuwan Wijayaweera,2020-10-07T13:47:34Z
74125,කුළු මී හරකා,si,Sri Lanka,LK,,Sinhala,Nuwan Wijayaweera,2020-10-07T13:48:47Z
42396,ගව ගණය,si,Sri Lanka,LK,,Sinhala,Nuwan Wijayaweera,2020-10-07T13:55:25Z
74113,ගවයා,si,Sri Lanka,LK,,Sinhala,Nuwan Wijayaweera,2020-10-07T13:58:55Z
889089,සෙමරා,si,Sri Lanka,LK,,Sinhala,Nuwan Wijayaweera,2020-10-07T14:00:06Z
74111,ගවරා,si,Sri Lanka,LK,,Sinhala,Nuwan Wijayaweera,2020-10-07T14:02:16Z
568826,ගව උපකුලය,si,Sri Lanka,LK,,Sinhala,Nuwan Wijayaweera,2020-10-07T14:05:46Z
846321,ගවයන් සහ මි හරකුන්,si,Sri Lanka,LK,,Sinhala,Nuwan Wijayaweera,2020-10-07T14:06:39Z
75053,ගෝනා,si,Sri Lanka,LK,,Sinhala,Nuwan Wijayaweera,2020-10-07T14:20:21Z
42158,මුව කුලය,si,Sri Lanka,LK,,Sinhala,Nuwan Wijayaweera,2020-10-07T14:22:23Z
123070,එළුවා,si,Sri Lanka,LK,,Sinhala,Nuwan Wijayaweera,2020-10-07T14:24:17Z
42348,එළු ගණය,si,Sri Lanka,LK,,Sinhala,Nuwan Wijayaweera,2020-10-07T14:25:40Z
846307,එළුවන් සහ බැටළුවන්,si,Sri Lanka,LK,,Sinhala,Nuwan Wijayaweera,2020-10-07T14:31:13Z
42387,බැටළු ගණය,si,Sri Lanka,LK,,Sinhala,Nuwan Wijayaweera,2020-10-07T14:32:14Z
121578,බැටළුවා,si,Sri Lanka,LK,,Sinhala,Nuwan Wijayaweera,2020-10-07T14:34:16Z
846306,දර්ශීය කුරංගයන්,si,Sri Lanka,LK,,Sinhala,Nuwan Wijayaweera,2020-10-07T14:40:00Z
568847,"කුරංගයන්, එළුවන් සහ බැටළුවන්",si,Sri Lanka,LK,,Sinhala,Nuwan Wijayaweera,2020-10-07T14:42:00Z
424850,රෝමන්ථකයෝ,si,Sri Lanka,LK,,Sinhala,Nuwan Wijayaweera,2020-10-07T14:43:32Z
42166,තිත් මුවා,si,Sri Lanka,LK,,Sinhala,Nuwan Wijayaweera,2020-10-07T14:48:29Z
42165,විල් මුවා,si,Sri Lanka,LK,,Sinhala,Nuwan Wijayaweera,2020-10-07T14:51:17Z
32810,බෝදිලිමා,si,Sri Lanka,LK,,Sinhala,Nuwan Wijayaweera,2020-10-07T15:10:35Z
32805,බෝදිලිමුන්,si,Sri Lanka,LK,,Sinhala,Nuwan Wijayaweera,2020-10-07T15:14:16Z
85552,"කටුස්සන්, බෝදිලිමුන්, හූනන් සහ මිත්‍ර පාක්ෂිකයන්",si,Sri Lanka,LK,,Sinhala,Nuwan Wijayaweera,2020-10-07T15:16:10Z
371057,හූනන්,si,Sri Lanka,LK,,Sinhala,Nuwan Wijayaweera,2020-10-07T15:23:57Z
33177,දර්ශීය හූනන්,si,Sri Lanka,LK,,Sinhala,Nuwan Wijayaweera,2020-10-07T15:25:26Z
39392,කබරගොයින් සහ තලගොයින්,si,Sri Lanka,LK,,Sinhala,Nuwan Wijayaweera,2020-10-07T15:27:50Z
39393,කබරගොයින් සහ තලගොයින්,si,Sri Lanka,LK,,Sinhala,Nuwan Wijayaweera,2020-10-07T15:28:49Z
36982,හිකනලුන්,si,Sri Lanka,LK,,Sinhala,Nuwan Wijayaweera,2020-10-07T15:31:05Z
35360,සර්පාක්ෂී කටුස්සන්,si,Sri Lanka,LK,,Sinhala,Nuwan Wijayaweera,2020-10-07T15:35:43Z
39532,ඉබ්බන් සහ කැස්බෑවන්,si,Sri Lanka,LK,,Sinhala,Nuwan Wijayaweera,2020-10-07T15:39:58Z
372234,කැස්බෑවන්,si,Sri Lanka,LK,,Sinhala,Nuwan Wijayaweera,2020-10-07T15:41:41Z
39657,දර්ශීය කැස්බෑවන්,si,Sri Lanka,LK,,Sinhala,Nuwan Wijayaweera,2020-10-07T15:42:35Z
26172,ශල්කමය උරගයින්,si,Sri Lanka,LK,,Sinhala,Nuwan Wijayaweera,2020-10-07T15:47:16Z
26039,කිඹුල් ගෝත්‍රය,si,Sri Lanka,LK,,Sinhala,Nuwan Wijayaweera,2020-10-07T15:50:27Z
26041,කිඹුලන්,si,Sri Lanka,LK,,Sinhala,Nuwan Wijayaweera,2020-10-07T15:51:22Z
26042,දර්ශීය කිඹුලන්,si,Sri Lanka,LK,,Sinhala,Nuwan Wijayaweera,2020-10-07T15:53:48Z
26063,හැල කිඹුලා,si,Sri Lanka,LK,,Sinhala,Nuwan Wijayaweera,2020-10-07T15:55:09Z
26068,ගැට කිඹුලා,si,Sri Lanka,LK,,Sinhala,Nuwan Wijayaweera,2020-10-07T15:57:46Z
40019,ඉබ්බන්,si,Sri Lanka,LK,,Sinhala,Nuwan Wijayaweera,2020-10-07T16:03:47Z
67532,පිඹුරන්,si,Sri Lanka,LK,,Sinhala,Nuwan Wijayaweera,2020-10-07T16:08:12Z
26175,දියගොයන්,si,Sri Lanka,LK,,Sinhala,Nuwan Wijayaweera,2020-10-07T16:11:11Z
32274,දෙපත් නයින්,si,Sri Lanka,LK,,Sinhala,Nuwan Wijayaweera,2020-10-07T16:12:53Z
30403,"නයින්, කරවලුන්, දෙපත් කළුවන් සහ මිත්‍ර පාක්ෂිකයන්",si,Sri Lanka,LK,,Sinhala,Nuwan Wijayaweera,2020-10-07T16:15:05Z
40268,වවුලන්,si,Sri Lanka,LK,,Sinhala,Nuwan Wijayaweera,2020-10-07T16:28:00Z
848324,"සඛුරයන්, මාංශ භක්ෂකයන් සහ මිත්‍ර පාක්ෂිකයන්",si,Sri Lanka,LK,,Sinhala,Nuwan Wijayaweera,2020-10-07T16:29:03Z
43357,කබල්ලෑවන්,si,Sri Lanka,LK,,Sinhala,Nuwan Wijayaweera,2020-10-07T16:34:21Z
152870,"යුග්ම කුර සඛුරයන්, තල්මසුන් සහ මිත්‍ර පාක්ෂිකයන්",si,Sri Lanka,LK,,Sinhala,Nuwan Wijayaweera,2020-10-07T16:40:40Z
43327,විෂම කුර සඛුරයන්,si,Sri Lanka,LK,,Sinhala,Nuwan Wijayaweera,2020-10-07T16:42:02Z
43351,සොඬ ඌරන්ගේ කුලය,si,Sri Lanka,LK,,Sinhala,Nuwan Wijayaweera,2020-10-07T16:44:14Z
43352,සොඬ ඌරන්ගේ ගණය,si,Sri Lanka,LK,,Sinhala,Nuwan Wijayaweera,2020-10-07T16:45:04Z
117293,දිඹියා,si,Sri Lanka,LK,,Sinhala,Nuwan Wijayaweera,2020-10-10T12:33:40Z
52289,දිඹි ගණය,si,Sri Lanka,LK,,Sinhala,Nuwan Wijayaweera,2020-10-10T12:34:58Z
47336,කුහුඹු කුලය,si,Sri Lanka,LK,,Sinhala,Nuwan Wijayaweera,2020-10-10T12:36:51Z
411282,දළ කඩියා,si,Sri Lanka,LK,,Sinhala,Nuwan Wijayaweera,2020-10-10T12:50:02Z
504093,කළු කඩියා,si,Sri Lanka,LK,,Sinhala,Nuwan Wijayaweera,2020-10-10T13:00:26Z
155026,හත්පොලයා,si,Sri Lanka,LK,,Sinhala,Nuwan Wijayaweera,2020-10-10T13:03:41Z
67596,නයි කූඹියා,si,Sri Lanka,LK,,Sinhala,Nuwan Wijayaweera,2020-10-10T13:06:18Z
69100,තෙල් කූඹි සහ මිත්‍ර පාක්ෂිකයන්,si,Sri Lanka,LK,,Sinhala,Nuwan Wijayaweera,2020-10-10T13:14:11Z
47343,රතු කූඹි සහ මිත්‍ර පාක්ෂිකයන්,si,Sri Lanka,LK,,Sinhala,Nuwan Wijayaweera,2020-10-10T13:16:05Z
47342,කොඩයින් සහ මිත්‍ර පාක්ෂිකයන්,si,Sri Lanka,LK,,Sinhala,Nuwan Wijayaweera,2020-10-10T13:18:45Z
55213,කළු කූඹියා,si,Sri Lanka,LK,,Sinhala,Nuwan Wijayaweera,2020-10-10T13:25:17Z
367496,බට ඇටි කුකුළා,si,Sri Lanka,LK,,Sinhala,Nuwan Wijayaweera,2020-10-10T13:28:49Z
1628,ඇටි කුකුළන්ගේ ගණය,si,Sri Lanka,LK,,Sinhala,Nuwan Wijayaweera,2020-10-10T13:30:28Z
1677,ඇටි කුකුළා,si,Sri Lanka,LK,,Sinhala,Nuwan Wijayaweera,2020-10-10T13:31:22Z
1677,ඇටිකුබ්බා,si,Sri Lanka,LK,,Sinhala,Nuwan Wijayaweera,2020-10-10T13:32:41Z
1627,කෝකිල කුලය,si,Sri Lanka,LK,,Sinhala,Nuwan Wijayaweera,2020-10-10T13:34:13Z
204510,කොහා,si,Sri Lanka,LK,,Sinhala,Nuwan Wijayaweera,2020-10-10T13:36:43Z
8026,ගම් කපුටා,si,Sri Lanka,LK,,Sinhala,Nuwan Wijayaweera,2020-10-10T13:46:35Z
8031,කොළඹ කපුටා,si,Sri Lanka,LK,,Sinhala,Nuwan Wijayaweera,2020-10-10T13:47:42Z
8031,කොළඹ කාක්කා,si,Sri Lanka,LK,,Sinhala,Nuwan Wijayaweera,2020-10-10T13:48:20Z
8026,ගම් කාක්කා,si,Sri Lanka,LK,,Sinhala,Nuwan Wijayaweera,2020-10-10T13:51:59Z
13858,ගේ කුරුල්ලා,si,Sri Lanka,LK,,Sinhala,Nuwan Wijayaweera,2020-10-10T13:54:50Z
371705,කුඹලා,si,Sri Lanka,LK,,Sinhala,Nuwan Wijayaweera,2020-10-10T14:17:07Z
123386,ඇඹලයා,si,Sri Lanka,LK,,Sinhala,Nuwan Wijayaweera,2020-10-10T14:23:08Z
41963,කොටියා,si,Sri Lanka,LK,,Sinhala,Nuwan Wijayaweera,2020-10-10T16:36:09Z
346793,කඩියා,si,Sri Lanka,LK,,Sinhala,Nuwan Wijayaweera,2020-10-10T16:45:43Z
204454,මයිනා,si,Sri Lanka,LK,,Sinhala,Nuwan Wijayaweera,2020-10-10T17:46:58Z
7875,කහ කුරුල්ලා,si,Sri Lanka,LK,,Sinhala,Nuwan Wijayaweera,2020-10-10T17:50:30Z
549464,සුදු රෙදි හොරා,si,Sri Lanka,LK,,Sinhala,Nuwan Wijayaweera,2020-10-10T17:56:22Z
41618,උරුළෑවා,si,Sri Lanka,LK,,Sinhala,Nuwan Wijayaweera,2020-10-14T13:15:29Z
41586,කළවැද්දා,si,Sri Lanka,LK,,Sinhala,Nuwan Wijayaweera,2020-10-14T13:18:46Z
925714,උගුඩුවා,si,Sri Lanka,LK,,Sinhala,Nuwan Wijayaweera,2020-10-14T13:21:11Z
925969,හෝතඹුවා,si,Sri Lanka,LK,,Sinhala,Nuwan Wijayaweera,2020-10-14T13:27:13Z
41893,මුගටි කුලය,si,Sri Lanka,LK,,Sinhala,Nuwan Wijayaweera,2020-10-14T13:31:52Z
925977,අළු මුගටියා,si,Sri Lanka,LK,,Sinhala,Nuwan Wijayaweera,2020-10-14T13:33:39Z
925975,බොර මුගටියා,si,Sri Lanka,LK,,Sinhala,Nuwan Wijayaweera,2020-10-14T13:34:44Z
925968,ගල් මුගටියා,si,Sri Lanka,LK,,Sinhala,Nuwan Wijayaweera,2020-10-14T13:38:08Z
925962,ආසියානු මුගටි ගණය,si,Sri Lanka,LK,,Sinhala,Nuwan Wijayaweera,2020-10-14T13:39:22Z
613348,බන්දුල පෙතියා,si,Sri Lanka,LK,,Sinhala,Nuwan Wijayaweera,2020-10-14T13:41:43Z
54328,බඹර ගණය,si,Sri Lanka,LK,,Sinhala,Nuwan Wijayaweera,2020-10-14T13:52:29Z
372739,ශඩ්පා (පාද හයක් සහිත),si,Sri Lanka,LK,,Sinhala,Nuwan Wijayaweera,2020-10-14T14:01:27Z
49556,සියපා (පාද සියයක් සහිත),si,Sri Lanka,LK,,Sinhala,Nuwan Wijayaweera,2020-10-14T14:10:01Z
47735,දහස්පා (පාද දහසක් සහිත),si,Sri Lanka,LK,,Sinhala,Nuwan Wijayaweera,2020-10-14T14:11:24Z
144128,බහුපා (අප්‍රමාණ පාද සහිත),si,Sri Lanka,LK,,Sinhala,Nuwan Wijayaweera,2020-10-14T14:16:05Z
42134,වල් ඌරා,si,Sri Lanka,LK,,Sinhala,Nuwan Wijayaweera,2020-10-14T14:20:21Z
43122,වල් හාවා,si,Sri Lanka,LK,,Sinhala,Nuwan Wijayaweera,2020-10-14T14:24:05Z
41651,වලහා,si,Sri Lanka,LK,,Sinhala,Nuwan Wijayaweera,2020-10-14T14:26:47Z
41651,වලසා,si,Sri Lanka,LK,,Sinhala,Nuwan Wijayaweera,2020-10-14T14:28:04Z
41967,ව්‍යාඝ්‍රයා,si,Sri Lanka,LK,,Sinhala,Nuwan Wijayaweera,2020-10-14T14:32:36Z
45664,ඌරු මීයා,si,Sri Lanka,LK,,Sinhala,Nuwan Wijayaweera,2020-10-14T14:37:22Z
45665,හීන් ඌරු මීයා,si,Sri Lanka,LK,,Sinhala,Nuwan Wijayaweera,2020-10-14T14:38:21Z
41553,නිල් තල්මසා,si,Sri Lanka,LK,,Sinhala,Nuwan Wijayaweera,2020-10-14T14:40:16Z
45984,මහ හම්බාවා,si,Sri Lanka,LK,,Sinhala,Nuwan Wijayaweera,2020-10-14T14:43:16Z
45973,හීන් හම්බාවා,si,Sri Lanka,LK,,Sinhala,Nuwan Wijayaweera,2020-10-14T14:46:56Z
339576,හම්බාවන්,si,Sri Lanka,LK,,Sinhala,Nuwan Wijayaweera,2020-10-14T14:47:55Z
45980,ආසියානු මහා හම්බාවන්,si,Sri Lanka,LK,,Sinhala,Nuwan Wijayaweera,2020-10-14T14:48:58Z
45971,හීන් හම්බාවන්,si,Sri Lanka,LK,,Sinhala,Nuwan Wijayaweera,2020-10-14T14:51:01Z
332614,ලේනුන් සහ හම්බාවන්,si,Sri Lanka,LK,,Sinhala,Nuwan Wijayaweera,2020-10-14T14:52:41Z
339575,ලේනුන්,si,Sri Lanka,LK,,Sinhala,Nuwan Wijayaweera,2020-10-14T14:53:23Z
208726,පතන් සැරියා,si,Sri Lanka,LK,,Sinhala,Nuwan Wijayaweera,2020-10-16T12:11:48Z
20191,පඬුවන් බස්සා,si,Sri Lanka,LK,,Sinhala,Nuwan Wijayaweera,2020-10-16T12:13:15Z
548804,ශ්‍රී ලංකා කොළයුරුවා,si,Sri Lanka,LK,,Sinhala,Nuwan Wijayaweera,2020-10-16T12:17:30Z
311421,රඹවන් කොළයුරුවා,si,Sri Lanka,LK,,Sinhala,Nuwan Wijayaweera,2020-10-16T12:22:37Z
367554,ශ්‍රී ලංකා අළු ගිරවා,si,Sri Lanka,LK,,Sinhala,Nuwan Wijayaweera,2020-10-16T12:28:53Z
196809,සිතිරි මුදුවා,si,Sri Lanka,LK,,Sinhala,Nuwan Wijayaweera,2020-10-16T12:30:22Z
18963,ශ්‍රී ලංකා ගිරාමලිත්තා,si,Sri Lanka,LK,,Sinhala,Nuwan Wijayaweera,2020-10-16T12:31:54Z
133443,කහවන් පිමි-සැරියා,si,Sri Lanka,LK,,Sinhala,Nuwan Wijayaweera,2020-10-16T12:34:18Z
14603,ශ්‍රී ලංකා පීතකන් කොණ්ඩයා,si,Sri Lanka,LK,,Sinhala,Nuwan Wijayaweera,2020-10-16T12:36:02Z
126882,කෝමාරිකා,si,Sri Lanka,LK,,Sinhala,Nuwan Wijayaweera,2020-10-16T12:56:52Z
99234,පතිරණ සාලයා,si,Sri Lanka,LK,,Sinhala,Nuwan Wijayaweera,2020-10-16T13:05:07Z
613715,දුම්බර පෙතියා,si,Sri Lanka,LK,,Sinhala,Nuwan Wijayaweera,2020-10-16T13:11:13Z
613365,බුලත් හපයා,si,Sri Lanka,LK,,Sinhala,Nuwan Wijayaweera,2020-10-16T13:13:52Z
613716,හීත මස්සා,si,Sri Lanka,LK,,Sinhala,Nuwan Wijayaweera,2020-10-16T13:20:36Z
111571,හල් මල් දණ්ඩියා,si,Sri Lanka,LK,,Sinhala,Nuwan Wijayaweera,2020-10-16T13:23:28Z
30449,මුදු කරවලා,si,Sri Lanka,LK,,Sinhala,Nuwan Wijayaweera,2020-10-16T13:25:05Z
41586,රන් හෝතඹුවා,si,Sri Lanka,LK,,Sinhala,Nuwan Wijayaweera,2020-10-16T13:31:21Z
41586,පැණි උගුඩුවා,si,Sri Lanka,LK,,Sinhala,Nuwan Wijayaweera,2020-10-16T13:33:02Z
14866,ශ්‍රී ලංකා සැලළිහිණියා,si,Sri Lanka,LK,,Sinhala,Nuwan Wijayaweera,2020-10-16T13:41:10Z
14865,සැලළිහිණි ගණය,si,Sri Lanka,LK,,Sinhala,Nuwan Wijayaweera,2020-10-16T13:42:22Z
68530,කුණකටුවා,si,Sri Lanka,LK,,Sinhala,Nuwan Wijayaweera,2020-10-16T13:48:20Z
68530,පොළොං තෙලිස්සා,si,Sri Lanka,LK,,Sinhala,Nuwan Wijayaweera,2020-10-16T13:49:52Z
95862,නිදි මාපිලා,si,Sri Lanka,LK,,Sinhala,Nuwan Wijayaweera,2020-10-16T13:51:45Z
27622,මාපිල්ලු,si,Sri Lanka,LK,,Sinhala,Nuwan Wijayaweera,2020-10-16T13:53:04Z
31052,තෙලිස්සෝ,si,Sri Lanka,LK,,Sinhala,Nuwan Wijayaweera,2020-10-16T13:54:40Z
27689,නාග මාපිලා,si,Sri Lanka,LK,,Sinhala,Nuwan Wijayaweera,2020-10-16T13:57:59Z
96224,තෙල් කරවලා,si,Sri Lanka,LK,,Sinhala,Nuwan Wijayaweera,2020-10-16T14:04:29Z
30436,කරවලුන්,si,Sri Lanka,LK,,Sinhala,Nuwan Wijayaweera,2020-10-16T14:05:22Z
96224,මග මරුවා,si,Sri Lanka,LK,,Sinhala,Nuwan Wijayaweera,2020-10-16T14:07:40Z
68529,දෙපත් කළුවා,si,Sri Lanka,LK,,Sinhala,Nuwan Wijayaweera,2020-10-16T14:10:42Z
29832,අහුරුකුක්කා,si,Sri Lanka,LK,,Sinhala,Nuwan Wijayaweera,2020-10-16T14:29:52Z
367500,මූකලන් බස්සා,si,Sri Lanka,LK,,Sinhala,Nuwan Wijayaweera,2020-10-16T14:35:03Z
367500,පිටතඹල උපබස්සා,si,Sri Lanka,LK,,Sinhala,Nuwan Wijayaweera,2020-10-16T14:36:49Z
19350,බකමූණන්,si,Sri Lanka,LK,,Sinhala,Nuwan Wijayaweera,2020-10-16T14:38:48Z
19728,දර්ශීය බකමූණන්,si,Sri Lanka,LK,,Sinhala,Nuwan Wijayaweera,2020-10-16T14:40:09Z
49619,තෝර මාළු ගණය,si,Sri Lanka,LK,,Sinhala,Nuwan Wijayaweera,2020-10-16T14:48:15Z
132369,තෝරා,si,Sri Lanka,LK,,Sinhala,Nuwan Wijayaweera,2020-10-16T14:49:45Z
63743,මෝර මාළු ගණය,si,Sri Lanka,LK,,Sinhala,Nuwan Wijayaweera,2020-10-16T14:52:05Z
551307,මෝරුන්,si,Sri Lanka,LK,,Sinhala,Nuwan Wijayaweera,2020-10-16T14:56:15Z
47720,මුහුදු කූඩැල්ලන්,si,Sri Lanka,LK,,Sinhala,Nuwan Wijayaweera,2020-10-16T15:03:36Z
47720,අට්ටයන්,si,Sri Lanka,LK,,Sinhala,Nuwan Wijayaweera,2020-10-16T15:04:13Z
47720,මුහුදු කැකිරි,si,Sri Lanka,LK,,Sinhala,Nuwan Wijayaweera,2020-10-16T15:04:49Z
201787,දඹලයා,si,Sri Lanka,LK,,Sinhala,Nuwan Wijayaweera,2020-10-16T15:06:18Z
69675,කෙලවල්ලා,si,Sri Lanka,LK,,Sinhala,Nuwan Wijayaweera,2020-10-16T15:12:46Z
69676,කෙලවල්ලා මාළු ගණය,si,Sri Lanka,LK,,Sinhala,Nuwan Wijayaweera,2020-10-16T15:13:44Z
56943,බලයා,si,Sri Lanka,LK,,Sinhala,Nuwan Wijayaweera,2020-10-16T15:15:19Z
56939,බල මාළු ගණය,si,Sri Lanka,LK,,Sinhala,Nuwan Wijayaweera,2020-10-16T15:16:06Z
133530,කුම්බලාවා,si,Sri Lanka,LK,,Sinhala,Nuwan Wijayaweera,2020-10-16T15:21:43Z
91651,කුම්බලාවා මාළු ගණය,si,Sri Lanka,LK,,Sinhala,Nuwan Wijayaweera,2020-10-16T15:22:40Z
89166,තලපත් මාළු ගණය,si,Sri Lanka,LK,,Sinhala,Nuwan Wijayaweera,2020-10-16T15:26:29Z
119719,තලපත්,si,Sri Lanka,LK,,Sinhala,Nuwan Wijayaweera,2020-10-16T15:27:13Z
47231,පරා මාළු ගණය,si,Sri Lanka,LK,,Sinhala,Nuwan Wijayaweera,2020-10-16T15:37:12Z
56767,උදලු මෝරුන්,si,Sri Lanka,LK,,Sinhala,Nuwan Wijayaweera,2020-10-16T15:41:34Z
173412,ගප්පි,si,Sri Lanka,LK,,Sinhala,Nuwan Wijayaweera,2020-10-16T16:15:22Z
613486,දණ්ඩියා,si,Sri Lanka,LK,,Sinhala,Nuwan Wijayaweera,2020-10-16T16:19:46Z
111570,විල්පිට දණ්ඩියා,si,Sri Lanka,LK,,Sinhala,Nuwan Wijayaweera,2020-10-16T16:23:19Z
51911,හාල්මැස්සන්,si,Sri Lanka,LK,,Sinhala,Nuwan Wijayaweera,2020-10-16T16:28:09Z
613707,අසෝක පෙතියා,si,Sri Lanka,LK,,Sinhala,Nuwan Wijayaweera,2020-10-16T16:31:27Z
40917,මා වවුලා,si,Sri Lanka,LK,,Sinhala,Nuwan Wijayaweera,2020-10-16T16:39:35Z
68656,සුදු හඳුන්,si,Sri Lanka,LK,,Sinhala,Nuwan Wijayaweera,2020-10-16T16:58:11Z
442817,රත් හඳුන්,si,Sri Lanka,LK,,Sinhala,Nuwan Wijayaweera,2020-10-16T17:00:22Z
142763,සැවැන්දරා,si,Sri Lanka,LK,,Sinhala,Nuwan Wijayaweera,2020-10-16T17:03:56Z
122777,කුරුඳු,si,Sri Lanka,LK,,Sinhala,Nuwan Wijayaweera,2020-10-16T17:12:14Z
130374,මොණර කුඩුම්බිය,si,Sri Lanka,LK,,Sinhala,Nuwan Wijayaweera,2020-10-16T17:18:43Z
157894,කුප්පමේනිය,si,Sri Lanka,LK,,Sinhala,Nuwan Wijayaweera,2020-10-16T17:20:20Z
76765,කීකිරිඳිය,si,Sri Lanka,LK,,Sinhala,Nuwan Wijayaweera,2020-10-16T17:22:42Z
62944,වැල් පෙනෙල,si,Sri Lanka,LK,,Sinhala,Nuwan Wijayaweera,2020-10-16T17:24:51Z
50616,හෙන්දිරික්කා,si,Sri Lanka,LK,,Sinhala,Nuwan Wijayaweera,2020-10-16T17:27:24Z
56739,එඬරු,si,Sri Lanka,LK,,Sinhala,Nuwan Wijayaweera,2020-10-16T17:30:12Z
862205,හාතවාරිය,si,Sri Lanka,LK,,Sinhala,Nuwan Wijayaweera,2020-10-16T17:35:16Z
283326,මහ හාතවාරිය,si,Sri Lanka,LK,,Sinhala,Nuwan Wijayaweera,2020-10-16T17:36:42Z
484006,හීන් හාතවාරිය,si,Sri Lanka,LK,,Sinhala,Nuwan Wijayaweera,2020-10-16T17:38:14Z
181060,හීං මදුරුතලා,si,Sri Lanka,LK,,Sinhala,Nuwan Wijayaweera,2020-10-16T17:47:57Z
165769,මහ මදුරුතලා,si,Sri Lanka,LK,,Sinhala,Nuwan Wijayaweera,2020-10-16T17:50:32Z
61398,සුවඳ තලා,si,Sri Lanka,LK,,Sinhala,Nuwan Wijayaweera,2020-10-16T17:54:22Z
54570,මිංචි ගණය,si,Sri Lanka,LK,,Sinhala,Nuwan Wijayaweera,2020-10-16T17:59:10Z
48623,"මිංචි, තේක්ක සහ මිත්‍ර පාක්ෂිකයන්",si,Sri Lanka,LK,,Sinhala,Nuwan Wijayaweera,2020-10-16T18:00:07Z
62887,තේක්ක,si,Sri Lanka,LK,,Sinhala,Nuwan Wijayaweera,2020-10-16T18:05:16Z
62892,තේක්ක ගණය,si,Sri Lanka,LK,,Sinhala,Nuwan Wijayaweera,2020-10-16T18:06:19Z
62844,සියඹලා,si,Sri Lanka,LK,,Sinhala,Nuwan Wijayaweera,2020-10-16T18:10:37Z
62855,සියඹලා ගණය,si,Sri Lanka,LK,,Sinhala,Nuwan Wijayaweera,2020-10-16T18:11:26Z
122988,කජු,si,Sri Lanka,LK,,Sinhala,Nuwan Wijayaweera,2020-10-16T18:37:12Z
122989,කජු ගණය,si,Sri Lanka,LK,,Sinhala,Nuwan Wijayaweera,2020-10-16T18:38:05Z
64343,කෝපි ගණය,si,Sri Lanka,LK,,Sinhala,Nuwan Wijayaweera,2020-10-16T18:43:51Z
64342,ඇරබිකා කෝපි,si,Sri Lanka,LK,,Sinhala,Nuwan Wijayaweera,2020-10-16T18:45:32Z
64345,රොබස්ටා කෝපි,si,Sri Lanka,LK,,Sinhala,Nuwan Wijayaweera,2020-10-16T18:46:38Z
123005,තේ,si,Sri Lanka,LK,,Sinhala,Nuwan Wijayaweera,2020-10-16T18:48:04Z
122768,සාදික්කා,si,Sri Lanka,LK,,Sinhala,Nuwan Wijayaweera,2020-10-16T18:55:08Z
122769,සාදික්කා ගණය,si,Sri Lanka,LK,,Sinhala,Nuwan Wijayaweera,2020-10-16T18:55:54Z
71575,සාදික්කා සහ මිත්‍ර පාක්ෂිකයන්,si,Sri Lanka,LK,,Sinhala,Nuwan Wijayaweera,2020-10-16T18:57:07Z
464765,කුඹුක්,si,Sri Lanka,LK,,Sinhala,Nuwan Wijayaweera,2020-10-16T18:59:17Z
415642,බුළු,si,Sri Lanka,LK,,Sinhala,Nuwan Wijayaweera,2020-10-16T19:01:24Z
84370,පිනි ජම්බු,si,Sri Lanka,LK,,Sinhala,Nuwan Wijayaweera,2020-10-16T19:10:45Z
72388,ජම්බු ගණය,si,Sri Lanka,LK,,Sinhala,Nuwan Wijayaweera,2020-10-16T19:12:15Z
166746,රට නෙල්ලි,si,Sri Lanka,LK,,Sinhala,Nuwan Wijayaweera,2020-10-16T19:14:18Z
345585,රතු ජම්බු,si,Sri Lanka,LK,,Sinhala,Nuwan Wijayaweera,2020-10-16T19:37:00Z
84838,වැලි ජම්බු,si,Sri Lanka,LK,,Sinhala,Nuwan Wijayaweera,2020-10-16T19:39:15Z
322878,රට ජම්බු,si,Sri Lanka,LK,,Sinhala,Nuwan Wijayaweera,2020-10-16T19:40:47Z
122770,කරාඹු නැටි,si,Sri Lanka,LK,,Sinhala,Nuwan Wijayaweera,2020-10-16T19:46:48Z
67759,කොත්තමල්ලි,si,Sri Lanka,LK,,Sinhala,Nuwan Wijayaweera,2020-10-16T19:49:47Z
67758,කොත්තමල්ලි ගණය,si,Sri Lanka,LK,,Sinhala,Nuwan Wijayaweera,2020-10-16T19:50:32Z
161251,සූදුරු,si,Sri Lanka,LK,,Sinhala,Nuwan Wijayaweera,2020-10-16T19:52:42Z
122771,උළුහාල්,si,Sri Lanka,LK,,Sinhala,Nuwan Wijayaweera,2020-10-16T19:54:31Z
53052,මහදුරු,si,Sri Lanka,LK,,Sinhala,Nuwan Wijayaweera,2020-10-16T19:57:22Z
53052,මාදුරු,si,Sri Lanka,LK,,Sinhala,Nuwan Wijayaweera,2020-10-16T19:57:50Z
119387,එනසාල්,si,Sri Lanka,LK,,Sinhala,Nuwan Wijayaweera,2020-10-16T20:05:08Z
119387,කරඳමුංගු,si,Sri Lanka,LK,,Sinhala,Nuwan Wijayaweera,2020-10-16T20:05:44Z
118933,කුංකුම,si,Sri Lanka,LK,,Sinhala,Nuwan Wijayaweera,2020-10-16T20:10:01Z
160766,කෝවක්කා,si,Sri Lanka,LK,,Sinhala,Nuwan Wijayaweera,2020-10-16T20:17:30Z
167273,කෝප්ප කොළ,si,Sri Lanka,LK,,Sinhala,Nuwan Wijayaweera,2020-10-16T20:34:06Z
764909,තෙබු,si,Sri Lanka,LK,,Sinhala,Nuwan Wijayaweera,2020-10-16T20:36:18Z
193609,නීරමුල්ලිය,si,Sri Lanka,LK,,Sinhala,Nuwan Wijayaweera,2020-10-16T20:40:09Z
47114,උදරපා (උදරයට පහලින් පේශිමය පාදයක් සහිත),si,Sri Lanka,LK,,Sinhala,Nuwan Wijayaweera,2020-10-17T08:58:33Z
47114,"ගොළුබෙල්ලන්, හම්බෙල්ලන් සහ මිත්‍ර පාක්ෂිකයන්",si,Sri Lanka,LK,,Sinhala,Nuwan Wijayaweera,2020-10-17T08:59:30Z
372759,"බූවල්ලන්, දැල්ලන්, පොතු දැල්ලන් සහ මිත්‍ර පාක්ෂිකයන්",si,Sri Lanka,LK,,Sinhala,Nuwan Wijayaweera,2020-10-17T09:23:09Z
47458,අෂ්ඨපා (පාද අටක් සහිත),si,Sri Lanka,LK,,Sinhala,Nuwan Wijayaweera,2020-10-17T09:25:21Z
47458,බූවල්ලන්,si,Sri Lanka,LK,,Sinhala,Nuwan Wijayaweera,2020-10-17T09:26:11Z
47459,ශීර්ෂපාදිකයන්,si,Sri Lanka,LK,,Sinhala,Nuwan Wijayaweera,2020-10-17T09:32:00Z
47186,දශපා (පාද දහයක් සහිත),si,Sri Lanka,LK,,Sinhala,Nuwan Wijayaweera,2020-10-17T10:15:11Z
342910,ඉස්සන්,si,Sri Lanka,LK,,Sinhala,Nuwan Wijayaweera,2020-10-17T10:19:40Z
42186,ඕළු මුවා,si,Sri Lanka,LK,,Sinhala,Nuwan Wijayaweera,2020-10-17T17:42:27Z
39959,ගල් ඉබ්බා,si,Sri Lanka,LK,,Sinhala,Nuwan Wijayaweera,2020-10-17T17:47:06Z
40106,තාරකා ඉබ්බා,si,Sri Lanka,LK,,Sinhala,Nuwan Wijayaweera,2020-10-17T17:52:19Z
48891,වද ගණය,si,Sri Lanka,LK,,Sinhala,Nuwan Wijayaweera,2020-10-17T17:58:07Z
76593,කලාඳුරු,si,Sri Lanka,LK,,Sinhala,Nuwan Wijayaweera,2020-10-17T18:00:59Z
82306,වදකහ,si,Sri Lanka,LK,,Sinhala,Nuwan Wijayaweera,2020-10-17T18:03:12Z
823710,බඳු වද,si,Sri Lanka,LK,,Sinhala,Nuwan Wijayaweera,2020-10-17T18:06:37Z
560423,කිරි ඉබ්බා,si,Sri Lanka,LK,,Sinhala,Nuwan Wijayaweera,2020-10-17T18:37:11Z
848319,සේපාටිකයන්,si,Sri Lanka,LK,,Sinhala,Nuwan Wijayaweera,2020-10-19T15:05:21Z
848319,පැසිපොව්වන්,si,Sri Lanka,LK,,Sinhala,Nuwan Wijayaweera,2020-10-19T15:06:08Z
848320,කලලබන්ධ ක්ෂීරපායින්,si,Sri Lanka,LK,,Sinhala,Nuwan Wijayaweera,2020-10-19T15:16:43Z
848323,"අග්‍රේෂයන්, කෘදන්තයන් සහ මිත්‍ර පාක්ෂිකයන්",si,Sri Lanka,LK,,Sinhala,Nuwan Wijayaweera,2020-10-19T15:19:43Z
43233,බිජු දමන ක්ෂීරපායින්,si,Sri Lanka,LK,,Sinhala,Nuwan Wijayaweera,2020-10-19T15:28:27Z
53537,මන්දයන් සහ ඈයන්,si,Sri Lanka,LK,,Sinhala,Nuwan Wijayaweera,2020-10-19T15:35:51Z
47102,ඈයන්,si,Sri Lanka,LK,,Sinhala,Nuwan Wijayaweera,2020-10-19T15:38:12Z
43236,තාර හොට ප්ලැටිපසා,si,Sri Lanka,LK,,Sinhala,Nuwan Wijayaweera,2020-10-19T15:42:46Z
43234,ප්ලැටිපස් කුලය,si,Sri Lanka,LK,,Sinhala,Nuwan Wijayaweera,2020-10-19T15:43:38Z
43235,ප්ලැටිපස් ගණය,si,Sri Lanka,LK,,Sinhala,Nuwan Wijayaweera,2020-10-19T15:44:24Z
43237,එකිඩ්නා කුලය,si,Sri Lanka,LK,,Sinhala,Nuwan Wijayaweera,2020-10-19T15:45:51Z
60450,කෛමේරාවන්,si,Sri Lanka,LK,,Sinhala,Nuwan Wijayaweera,2020-10-19T15:53:04Z
797045,නිර්හනුක මත්ස්‍යයන්,si,Sri Lanka,LK,,Sinhala,Nuwan Wijayaweera,2020-10-19T15:55:59Z
797045,විහනුකයෝ,si,Sri Lanka,LK,,Sinhala,Nuwan Wijayaweera,2020-10-19T15:56:36Z
129726,කුන්තිකාවන්,si,Sri Lanka,LK,,Sinhala,Nuwan Wijayaweera,2020-10-19T16:03:11Z
47811,කරිජ්ජවායන්,si,Sri Lanka,LK,,Sinhala,Nuwan Wijayaweera,2020-10-19T16:06:42Z
52319,පැතලි පණුවන්,si,Sri Lanka,LK,,Sinhala,Nuwan Wijayaweera,2020-10-19T16:22:27Z
121726,පැතැල්ලන්,si,Sri Lanka,LK,,Sinhala,Nuwan Wijayaweera,2020-10-19T16:23:40Z
59828,පිළිල ගණය,si,Sri Lanka,LK,,Sinhala,Nuwan Wijayaweera,2020-11-01T15:24:27Z
47563,කනේරු,si,Sri Lanka,LK,,Sinhala,Nuwan Wijayaweera,2020-11-01T15:27:04Z
47564,කනේරු ගණය,si,Sri Lanka,LK,,Sinhala,Nuwan Wijayaweera,2020-11-01T15:27:58Z
277115,කහ කනේරු,si,Sri Lanka,LK,,Sinhala,Nuwan Wijayaweera,2020-11-01T15:34:59Z
272948,කහ කනේරු ගණය,si,Sri Lanka,LK,,Sinhala,Nuwan Wijayaweera,2020-11-01T15:36:06Z
424362,අඳුරු ඉරි-නීලයා,si,Sri Lanka,LK,,Sinhala,Sumedha Milroy,2020-11-08T10:37:57Z
143383,පිළිල රිසියා,si,Sri Lanka,LK,,Sinhala,Sumedha Milroy,2020-11-08T10:41:17Z
322529,හිච්චි තුරිතයා,si,"","",,Sinhala,Sumedha Milroy,2020-11-10T18:25:21Z
335272,ගුමන තුරිතයා,si,"","",,Sinhala,Sumedha Milroy,2020-11-10T18:26:46Z
834233,හිච්චි තෘණ-නීලයා,si,"","",,Sinhala,Sumedha Milroy,2020-11-12T14:26:10Z
146694,පැඟිරි මලවියා,si,"","",,Sinhala,Sumedha Milroy,2020-11-15T11:11:46Z
800982,හීන් තුරිතයා,si,Sri Lanka,LK,,Sinhala,Sumedha Milroy,2020-11-15T12:03:18Z
792383,සුලබ ඉරි-නීලයා,si,"","",,Sinhala,Sumedha Milroy,2020-11-19T11:57:48Z
972891,කැකිරිවරා,si,Sri Lanka,LK,,Sinhala,Asanka Gallege,2021-02-08T02:30:29Z
470636,වෙරළු,si,Sri Lanka,LK,,Sinhala,Asanka Gallege,2021-02-15T10:10:41Z
825289,අප්‍රිකානු වෘකයා,si,"","",https://www.inaturalist.org/taxon_names/2262593/edit,Sinhala,rjq,2021-02-25T02:26:44Z
1218626,මල් කරවලා,si,"","",https://www.inaturalist.org/taxon_names/2425417/edit,Sinhala,,2021-03-08T23:32:16Z
1218626,නිහලුවා,si,"","",https://www.inaturalist.org/taxon_names/2425418/edit,Sinhala,,2021-03-08T23:32:16Z
14813,විල්ලුද නළල් යටිකුරුත්තා,si,Sri Lanka,LK,,Sinhala,Asanka Gallege,2021-04-24T10:03:11Z
547199,ශ්‍රී ලංකා වතසුදු ශාරිකාවා,si,Sri Lanka,LK,,Sinhala,Asanka Gallege,2021-04-24T14:21:45Z
925714,කලවැද්දා,si,"","",,Sinhala,brnhn,2021-06-21T05:32:57Z
41972,වලාකුළු දිවියා,si,"","",,Sinhala,Zane Roskoph,2021-07-30T13:02:01Z
425583,ගල් සියඹලා,si,"","",,Sinhala,Zane Roskoph,2021-08-02T12:13:08Z
112325,අරවානා මාළුවා,si,"","",https://eol.org/pages/994537,Sinhala,Wich’yanan (Jay) Limparungpatthanakij,2021-08-03T13:36:58Z
41644,හිම වලසා,si,"","",,Sinhala,Zane Roskoph,2021-08-11T17:01:24Z
41553,නිල් තල්මහ,si,"","",,Sinhala,Zane Roskoph,2021-08-15T15:21:09Z
1275051,මහ උඳුපියලිය,si,"","",https://www.inaturalist.org/taxon_names/2274032/edit,Sinhala,,2021-08-23T21:45:10Z
1243255,හීන් උඳුපියලිය,si,"","",https://www.inaturalist.org/taxon_names/2274031/edit,Sinhala,,2021-08-23T23:17:47Z
41964,සිංහයා,si,"","",,Sinhala,Zane Roskoph,2021-08-24T12:36:11Z
41964,සිංහ ධේනුව,si,"","",,Sinhala,Zane Roskoph,2021-08-24T12:38:54Z
41967,ව්‍යාග්‍රයා,si,"","",,Sinhala,Zane Roskoph,2021-08-26T16:30:56Z
1278896,ඉන්නල,si,"","",https://www.inaturalist.org/taxon_names/2256848/edit,Sinhala,,2021-09-06T00:04:41Z
980718,පුංචි ලේනා,si,"","",,Sinhala,Bobby McCabe,2021-09-11T18:11:29Z
132366,Peela,si,"","",,Sinhala,Zane Roskoph,2021-09-17T19:21:16Z
132366,Orava,si,"","",,Sinhala,Zane Roskoph,2021-09-17T19:21:27Z
1293231,කට කළු බෝවිටියා,si,"","",https://www.inaturalist.org/taxon_names/2261872/edit,Sinhala,Donald Davesne,2021-10-26T03:12:48Z
1304712,පළා පොළඟා,si,"","",https://www.inaturalist.org/taxon_names/2041370/edit,Sinhala,Tony Iwane,2021-11-08T23:58:49Z
146308,කබර දත්-කැටියා,si,"","",,Sinhala,Zane Roskoph,2021-12-06T17:48:19Z
146308,kabara dath ketiya,si,"","",,Sinhala,Zane Roskoph,2021-12-06T17:48:39Z
173412,Guppy,si,"","",,Sinhala,Zane Roskoph,2021-12-24T00:32:31Z
26637,හාල්දණ්ඩා,si,Sri Lanka,LK,,Sinhala,Pasindu Dilshan Abegunawaradhana,2022-01-29T11:06:44Z
1129150,වික්‍රමසිංහලාගේ හාල්දණ්ඩා,si,Sri Lanka,LK,,Sinhala,Pasindu Dilshan Abegunawaradhana,2022-01-29T11:12:51Z
26654,තුරු හාල්දණ්ඩා,si,Sri Lanka,LK,,Sinhala,Pasindu Dilshan Abegunawaradhana,2022-01-29T11:14:54Z
99189,ශෝකාර්ගේ හාල්දණ්ඩා,si,Sri Lanka,LK,,Sinhala,Pasindu Dilshan Abegunawaradhana,2022-01-29T11:16:19Z
27707,පදුරු මාපිලා,si,Sri Lanka,LK,,Sinhala,Pasindu Dilshan Abegunawaradhana,2022-01-29T11:26:01Z
200842,කහ මාපිලා,si,Sri Lanka,LK,,Sinhala,Pasindu Dilshan Abegunawaradhana,2022-01-29T11:27:03Z
27650,රෑන් මාපිලා,si,Sri Lanka,LK,,Sinhala,Pasindu Dilshan Abegunawaradhana,2022-01-29T11:28:23Z
27207,මල්සරා,si,Sri Lanka,LK,,Sinhala,Pasindu Dilshan Abegunawaradhana,2022-01-29T11:30:52Z
27222,දගර දණ්ඩා,si,Sri Lanka,LK,,Sinhala,Pasindu Dilshan Abegunawaradhana,2022-01-29T11:32:19Z
27965,දියවර්ණයා,si,Sri Lanka,LK,,Sinhala,Pasindu Dilshan Abegunawaradhana,2022-01-29T11:35:04Z
27965,කඩොලා,si,Sri Lanka,LK,,Sinhala,Pasindu Dilshan Abegunawaradhana,2022-01-29T11:35:36Z
27982,මැඩිල්ලන්,si,Sri Lanka,LK,,Sinhala,Pasindu Dilshan Abegunawaradhana,2022-01-29T11:37:22Z
27995,ලේ මැඩිල්ලා,si,Sri Lanka,LK,,Sinhala,Pasindu Dilshan Abegunawaradhana,2022-01-29T11:38:53Z
318635,කුරුන් කරවලා,si,Sri Lanka,LK,,Sinhala,Pasindu Dilshan Abegunawaradhana,2022-01-29T11:41:33Z
27986,කුඩා මැඩිල්ලා,si,Sri Lanka,LK,,Sinhala,Pasindu Dilshan Abegunawaradhana,2022-01-29T11:43:13Z
734592,රාවණාගේ මැඩිල්ලා,si,Sri Lanka,LK,,Sinhala,Pasindu Dilshan Abegunawaradhana,2022-01-29T11:45:37Z
30186,හෙනකදයා,si,Sri Lanka,LK,,Sinhala,Pasindu Dilshan Abegunawaradhana,2022-01-29T11:46:47Z
32205,කොට පිඹුරා,si,Sri Lanka,LK,,Sinhala,Pasindu Dilshan Abegunawaradhana,2022-01-29T11:48:32Z
32150,පිඹුරා,si,Sri Lanka,LK,,Sinhala,Pasindu Dilshan Abegunawaradhana,2022-01-29T11:49:35Z
32378,තුඩුල්ලෝ,si,Sri Lanka,LK,,Sinhala,Pasindu Dilshan Abegunawaradhana,2022-01-29T11:53:00Z
32389,ගෝමර තුඩුල්ලා,si,Sri Lanka,LK,,Sinhala,Pasindu Dilshan Abegunawaradhana,2022-01-29T11:53:51Z
111719,ඉරි තුඩුල්ලා,si,Sri Lanka,LK,,Sinhala,Pasindu Dilshan Abegunawaradhana,2022-01-29T11:55:12Z
111718,එරංග විරාජ්ගේ තුඩුල්ලා,si,Sri Lanka,LK,,Sinhala,Pasindu Dilshan Abegunawaradhana,2022-01-29T11:56:25Z
1129106,ගුණසේකරගේ තුඩුල්ලා,si,Sri Lanka,LK,,Sinhala,Pasindu Dilshan Abegunawaradhana,2022-01-29T11:57:20Z
32380,දෙපත් තුඩුල්ලා,si,Sri Lanka,LK,,Sinhala,Pasindu Dilshan Abegunawaradhana,2022-01-29T11:58:19Z
558939,කළු වකටුල්ලා,si,Sri Lanka,LK,,Sinhala,Pasindu Dilshan Abegunawaradhana,2022-01-29T11:59:44Z
32386,උල්තුඩුල්ලා,si,Sri Lanka,LK,,Sinhala,Pasindu Dilshan Abegunawaradhana,2022-01-29T12:01:26Z
32384,කුවියර්ගේ වල්ගා-ඇබයා,si,Sri Lanka,LK,,Sinhala,Pasindu Dilshan Abegunawaradhana,2022-01-29T12:02:42Z
558940,ඉරි වකටුල්ලා,si,Sri Lanka,LK,,Sinhala,Pasindu Dilshan Abegunawaradhana,2022-01-29T12:03:59Z
32281,දෙපත් නයා,si,Sri Lanka,LK,,Sinhala,Pasindu Dilshan Abegunawaradhana,2022-01-29T12:05:09Z
26182,දියගොයා,si,Sri Lanka,LK,,Sinhala,Pasindu Dilshan Abegunawaradhana,2022-01-29T12:07:33Z
26182,රෙදි නයා,si,Sri Lanka,LK,,Sinhala,Pasindu Dilshan Abegunawaradhana,2022-01-29T12:08:07Z
797715,ගැට රදනකයා,si,Sri Lanka,LK,,Sinhala,Pasindu Dilshan Abegunawaradhana,2022-01-29T12:10:28Z
29674,පන්බරියා,si,Sri Lanka,LK,,Sinhala,Pasindu Dilshan Abegunawaradhana,2022-01-29T12:12:29Z
29574,අළු රදනකයා,si,Sri Lanka,LK,,Sinhala,Pasindu Dilshan Abegunawaradhana,2022-01-29T12:13:42Z
29545,රදනකයන්,si,Sri Lanka,LK,,Sinhala,Pasindu Dilshan Abegunawaradhana,2022-01-29T12:14:26Z
318709,දාර රදනකයා,si,Sri Lanka,LK,,Sinhala,Pasindu Dilshan Abegunawaradhana,2022-01-29T12:15:11Z
29553,කබර රදනකයා,si,Sri Lanka,LK,,Sinhala,Pasindu Dilshan Abegunawaradhana,2022-01-29T12:20:31Z
29209,දත්කැටියා,si,Sri Lanka,LK,,Sinhala,Pasindu Dilshan Abegunawaradhana,2022-01-29T12:21:35Z
29273,අරණි දත්කැටියා,si,Sri Lanka,LK,,Sinhala,Pasindu Dilshan Abegunawaradhana,2022-01-29T12:22:30Z
146308,කබර දත්කැටියා,si,Sri Lanka,LK,,Sinhala,Pasindu Dilshan Abegunawaradhana,2022-01-29T12:24:02Z
64091,වයිරි දත්කැටියා,si,Sri Lanka,LK,,Sinhala,Pasindu Dilshan Abegunawaradhana,2022-01-29T12:26:53Z
1218631,පලාබරියා,si,Sri Lanka,LK,,Sinhala,Pasindu Dilshan Abegunawaradhana,2022-01-29T13:16:00Z
33405,දිවාසැරි හූනන්,si,Sri Lanka,LK,,Sinhala,Pasindu Dilshan Abegunawaradhana,2022-01-29T16:42:49Z
41334,කෙපුළුම් වවුලො,si,Sri Lanka,LK,,Sinhala,Pasindu Dilshan Abegunawaradhana,2022-01-29T16:46:13Z
41378,දික්පිය කෙපුළුම් වවුලා,si,Sri Lanka,LK,,Sinhala,Pasindu Dilshan Abegunawaradhana,2022-01-29T16:47:45Z
41376,රැවුල් කලු කෙපුළුම් වවුලා,si,Sri Lanka,LK,,Sinhala,Pasindu Dilshan Abegunawaradhana,2022-01-29T16:49:13Z
41343,මහ කෙපුළුම් වවුලා,si,Sri Lanka,LK,,Sinhala,Pasindu Dilshan Abegunawaradhana,2022-01-29T16:51:27Z
40715,දෙපාට පත්-නැහැ වවුලා,si,Sri Lanka,LK,,Sinhala,Pasindu Dilshan Abegunawaradhana,2022-01-29T16:52:37Z
40722,මලකහ පත්-නැහැ වවුලා,si,Sri Lanka,LK,,Sinhala,Pasindu Dilshan Abegunawaradhana,2022-01-29T17:18:06Z
40723,කෙස් දිග පත්-නැහැ වවුලා,si,Sri Lanka,LK,,Sinhala,Pasindu Dilshan Abegunawaradhana,2022-01-29T17:19:51Z
40749,මහ පත්-නැහැ වවුලා,si,Sri Lanka,LK,,Sinhala,Pasindu Dilshan Abegunawaradhana,2022-01-29T17:20:57Z
40746,කෙස් කෙටි පත්-නැහැ වවුලා,si,Sri Lanka,LK,,Sinhala,Pasindu Dilshan Abegunawaradhana,2022-01-29T17:21:59Z
41321,කන් දිග බොරු ලේ වවුලා,si,Sri Lanka,LK,,Sinhala,Pasindu Dilshan Abegunawaradhana,2022-01-29T17:24:39Z
41300,මහදිව් රැලි-තොල් වවුලා,si,Sri Lanka,LK,,Sinhala,Pasindu Dilshan Abegunawaradhana,2022-01-29T17:26:01Z
40793,හීන් තල වවුලා,si,Sri Lanka,LK,,Sinhala,Pasindu Dilshan Abegunawaradhana,2022-01-30T14:02:11Z
40792,මහ තල වවුලා,si,Sri Lanka,LK,,Sinhala,Pasindu Dilshan Abegunawaradhana,2022-01-30T14:04:55Z
75044,රත්-දුඹුරු පලා වවුලා,si,Sri Lanka,LK,,Sinhala,Pasindu Dilshan Abegunawaradhana,2022-01-30T14:08:42Z
75010,මහ අශ්ලාඩම් වවුලා,si,Sri Lanka,LK,,Sinhala,Pasindu Dilshan Abegunawaradhana,2022-01-30T14:11:27Z
40654,බොරත් අශ්ලාඩම් වවුලා,si,Sri Lanka,LK,,Sinhala,Pasindu Dilshan Abegunawaradhana,2022-01-30T14:14:04Z
40513,අවර වවුලා,si,Sri Lanka,LK,,Sinhala,Pasindu Dilshan Abegunawaradhana,2022-01-30T14:24:38Z
40462,රත්-බොර කෙහෙල් වවුලා,si,Sri Lanka,LK,,Sinhala,Pasindu Dilshan Abegunawaradhana,2022-01-30T14:26:19Z
40458,විසිතුරු කෙහෙල් වවුලා,si,Sri Lanka,LK,,Sinhala,Pasindu Dilshan Abegunawaradhana,2022-01-30T14:29:07Z
74620,ආසියානු දික්-පිය වවුලා,si,Sri Lanka,LK,,Sinhala,Pasindu Dilshan Abegunawaradhana,2022-01-30T14:31:57Z
40290,බොර වවුලා,si,Sri Lanka,LK,,Sinhala,Pasindu Dilshan Abegunawaradhana,2022-01-30T14:33:38Z
40601,නල-නැහැ වවුලා,si,Sri Lanka,LK,,Sinhala,Pasindu Dilshan Abegunawaradhana,2022-01-30T14:35:18Z
40368,රත්-බොර කොස්ඇට වවුලා,si,Sri Lanka,LK,,Sinhala,Pasindu Dilshan Abegunawaradhana,2022-01-30T14:48:19Z
40367,ඉන්දු කොස්ඇට වවුලා,si,Sri Lanka,LK,,Sinhala,Pasindu Dilshan Abegunawaradhana,2022-01-30T14:50:07Z
40394,හීන් කොස්ඇට වවුලා,si,Sri Lanka,LK,,Sinhala,Pasindu Dilshan Abegunawaradhana,2022-01-30T14:53:15Z
75069,මහ කහ වවුලා,si,Sri Lanka,LK,,Sinhala,Pasindu Dilshan Abegunawaradhana,2022-01-30T14:56:15Z
40432,හීන් කහ වවුලා,si,Sri Lanka,LK,,Sinhala,Pasindu Dilshan Abegunawaradhana,2022-01-30T14:58:06Z
31276,පලා කටුස්සා,si,Sri Lanka,LK,,Sinhala,Pasindu Dilshan Abegunawaradhana,2022-01-30T16:20:57Z
31274,තොල-විසිතුරු කටුස්සා,si,Sri Lanka,LK,,Sinhala,Pasindu Dilshan Abegunawaradhana,2022-01-30T16:23:31Z
31278,දෙසිල්වාගේ කටුස්සා,si,Sri Lanka,LK,,Sinhala,Pasindu Dilshan Abegunawaradhana,2022-01-30T16:24:56Z
31265,සිවුරුහඩලන කටුස්සා,si,Sri Lanka,LK,,Sinhala,Pasindu Dilshan Abegunawaradhana,2022-01-30T16:27:03Z
31285,කළු-කොපුල් කටුස්සා,si,Sri Lanka,LK,,Sinhala,Pasindu Dilshan Abegunawaradhana,2022-01-30T16:28:17Z
539438,කොදු-දැති රහිත කටුස්සා,si,Sri Lanka,LK,,Sinhala,Pasindu Dilshan Abegunawaradhana,2022-01-30T16:29:50Z
539438,පෙතියගොඩගේ කටුස්සා,si,Sri Lanka,LK,,Sinhala,Pasindu Dilshan Abegunawaradhana,2022-01-30T16:30:19Z
31281,ගරා කටුස්සා,si,Sri Lanka,LK,,Sinhala,Pasindu Dilshan Abegunawaradhana,2022-01-30T16:31:16Z
31525,ගැටහොඹු කටුස්සා,si,Sri Lanka,LK,,Sinhala,Pasindu Dilshan Abegunawaradhana,2022-01-30T16:33:52Z
31256,කගමුව අංකටුස්සා,si,Sri Lanka,LK,,Sinhala,Pasindu Dilshan Abegunawaradhana,2022-01-30T16:35:12Z
31255,පෙති අංකටුස්සා,si,Sri Lanka,LK,,Sinhala,Pasindu Dilshan Abegunawaradhana,2022-01-30T16:36:58Z
31259,රළු අංකටුස්සා,si,Sri Lanka,LK,,Sinhala,Pasindu Dilshan Abegunawaradhana,2022-01-30T16:37:55Z
1161466,උකුවෙලගේ රළු අංකටුස්සා,si,Sri Lanka,LK,,Sinhala,Pasindu Dilshan Abegunawaradhana,2022-01-30T16:40:57Z
31213,කදුකර කුරුකටුස්සා,si,Sri Lanka,LK,,Sinhala,Pasindu Dilshan Abegunawaradhana,2022-01-30T16:50:23Z
31213,කුරු බෝදිලියා,si,Sri Lanka,LK,,Sinhala,Pasindu Dilshan Abegunawaradhana,2022-01-30T16:51:11Z
73721,දුම්බර කුරුකටුස්සා,si,Sri Lanka,LK,,Sinhala,Pasindu Dilshan Abegunawaradhana,2022-01-30T16:52:30Z
73721,දුම්බර කුරු බෝදිලියා,si,Sri Lanka,LK,,Sinhala,Pasindu Dilshan Abegunawaradhana,2022-01-30T16:53:05Z
108041,පහතරට පිනුම් කටුස්සා,si,Sri Lanka,LK,,Sinhala,Pasindu Dilshan Abegunawaradhana,2022-01-30T16:57:32Z
108041,වියළි පිනුම් කටුස්සා,si,Sri Lanka,LK,,Sinhala,Pasindu Dilshan Abegunawaradhana,2022-01-30T16:57:54Z
31508,පිනුම් කටුස්සා,si,Sri Lanka,LK,,Sinhala,Pasindu Dilshan Abegunawaradhana,2022-01-30T16:59:53Z
31508,ගොමු තැලිකටුස්සා,si,Sri Lanka,LK,,Sinhala,Pasindu Dilshan Abegunawaradhana,2022-01-30T17:00:12Z
31382,තැලි කටුස්සා,si,Sri Lanka,LK,,Sinhala,Pasindu Dilshan Abegunawaradhana,2022-01-30T17:01:04Z
540208,දේවකගේ තැලි කටුස්සා,si,Sri Lanka,LK,,Sinhala,Pasindu Dilshan Abegunawaradhana,2022-01-30T17:02:08Z
31258,අර්ඩ්ලන්ගේ අංකටුස්සා,si,Sri Lanka,LK,,Sinhala,Pasindu Dilshan Abegunawaradhana,2022-01-31T03:03:53Z
26712,පදුරු හාල්දණ්ඩා,si,Sri Lanka,LK,,Sinhala,Pasindu Dilshan Abegunawaradhana,2022-02-02T18:50:05Z
966796,ලංකා දියබරියා,si,"","",,Sinhala,Sumedha Milroy,2022-02-18T09:40:52Z
731279,රෙදි හොරා,si,"","",,Sinhala,Sumedha Milroy,2022-02-21T04:26:31Z
642466,සිවුරු හොරා,si,"","",,Sinhala,Sumedha Milroy,2022-02-21T04:27:47Z
1369308,කළු වඳුරා,si,"","",https://www.inaturalist.org/taxon_names/2256030/edit,Sinhala,Sean Cozart,2022-03-26T06:24:55Z
365244,ආකායි,si,"","",,Sinhala,,2022-03-27T03:56:51Z
469472,ඇපල්,si,"","",,Sinhala,,2022-03-27T05:06:28Z
1370818,මහ බොරු ලේ වවුලා,si,"","",https://www.inaturalist.org/taxon_names/2879544/edit,Sinhala,Sam Gordon,2022-03-30T01:43:57Z
1370820,බොර කොස්ඇට වවුලා,si,"","",https://www.inaturalist.org/taxon_names/2880464/edit,Sinhala,,2022-03-30T01:45:31Z
1289424,ශ්‍රී ලංකා රතු දෙමලිච්චා,si,"","",https://www.inaturalist.org/taxon_names/2273614/edit,Sinhala,,2022-04-09T20:33:14Z
1289850,දෙමලිච්චා,si,"","",https://www.inaturalist.org/taxon_names/2051620/edit,Sinhala,,2022-04-13T07:56:54Z
1289422,දෙමලිච්චා,si,"","",https://www.inaturalist.org/taxon_names/2265729/edit,Sinhala,,2022-04-13T07:56:59Z
1375470,පරිප්පු,si,"","",https://www.inaturalist.org/taxon_names/2256384/edit,Sinhala,,2022-04-13T08:41:16Z
1394893,පොල්පලා,si,"","",https://www.inaturalist.org/taxon_names/2273870/edit,Sinhala,,2022-06-02T21:41:49Z
85410,කඩුපුල්,si,Sri Lanka,LK,,Sinhala,Madelyn Snyder,2022-06-16T13:06:58Z
1431360,පොදු රැලි-තොල් වවුලා,si,"","",https://www.inaturalist.org/taxon_names/2879555/edit,Sinhala,,2022-12-06T07:28:30Z
1441750,උකුසු බකමූණා,si,"","",https://www.inaturalist.org/taxon_names/2051627/edit,Sinhala,,2023-01-14T20:02:05Z
1441750,උලමා,si,"","",https://www.inaturalist.org/taxon_names/2051629/edit,Sinhala,,2023-01-14T20:02:05Z
41586,සපුමල් කලවැද්දා,si,"","",,Sinhala,Shaveen Madushka,2023-04-11T10:46:46Z
447330,ගොරකා,si,Sri Lanka,LK,,Sinhala,Sumedha Milroy,2023-04-18T04:35:58Z
343866,නමිනං,si,Sri Lanka,LK,,Sinhala,Sumedha Milroy,2023-06-21T10:31:02Z
1367260,මල් රදනකයා,si,"","",https://www.inaturalist.org/taxon_names/2879221/edit,Sinhala,Chris Thawley,2023-10-03T05:42:53Z
1505653,කුසඇළි සයුරුකුස්සා,si,"","",https://www.inaturalist.org/taxon_names/2178505/edit,Sinhala,,2023-10-29T21:08:08Z
1508359,ලේ තිත්තයා,si,"","",https://www.inaturalist.org/taxon_names/2273658/edit,Sinhala,,2023-11-10T03:00:31Z
995125,රාබු,si,"","",https://www.inaturalist.org/taxon_names/2260371/edit,Sinhala,Dmitriy Bochkov,2024-03-27T02:49:06Z
1579705,කරපිංචා,si,"","",https://www.inaturalist.org/taxon_names/2261886/edit,Sinhala,,2024-10-29T16:31:44Z
1600420,නිල් මානෙල්,si,"","",https://www.inaturalist.org/taxon_names/2256841/edit,Sinhala,,2025-01-11T11:00:47Z
