id,vernacularName,language,locality,countryCode,source,lexicon,contributor,created
47157,Gulugufe,und,"","",,Nyanja,John E. Christensen,2018-11-23T08:56:52Z
199580,mbula,und,"","",,Nyanja,Botswanabugs,2021-07-04T14:06:39Z
104499,Chisawasawa,und,"","",http://www.catalogueoflife.org/annual-checklist/details/species/id/10067642/common/103507,Nyanja,,2021-07-13T14:33:16Z
94922,Chisawasawa,und,"","",http://www.catalogueoflife.org/annual-checklist/details/species/id/10066902/common/136535,Nyanja,,2021-07-13T14:33:16Z
114736,Chisawasawa,und,"","",http://www.catalogueoflife.org/annual-checklist/details/species/id/10068316/common/317295,Nyanja,,2021-07-13T14:33:17Z
109578,Chisawasawa,und,"","",http://www.catalogueoflife.org/annual-checklist/details/species/id/10068013/common/100058,Nyanja,,2021-07-13T14:33:17Z
94916,Chisawasawa,und,"","",http://www.catalogueoflife.org/annual-checklist/details/species/id/10066895/common/136572,Nyanja,,2021-07-13T14:33:17Z
114320,Chisawasawa,und,"","",http://www.catalogueoflife.org/annual-checklist/details/species/id/10068275/common/232444,Nyanja,,2021-07-13T14:33:18Z
109572,Chisawasawa,und,"","",http://www.catalogueoflife.org/annual-checklist/details/species/id/10067985/common/100091,Nyanja,,2021-07-13T14:33:18Z
104494,Chisawasawa,und,"","",http://www.catalogueoflife.org/annual-checklist/details/species/id/10067637/common/103537,Nyanja,,2021-07-13T14:33:18Z
113727,Chisawasawa,und,"","",http://www.catalogueoflife.org/annual-checklist/details/species/id/10068163/common/317648,Nyanja,,2021-07-13T14:33:19Z
104505,Chisawasawa,und,"","",http://www.catalogueoflife.org/annual-checklist/details/species/id/10067648/common/103484,Nyanja,operculum_ben,2021-07-13T14:33:19Z
94928,Chisawasawa,und,"","",http://www.catalogueoflife.org/annual-checklist/details/species/id/10066908/common/136497,Nyanja,,2021-07-13T14:33:19Z
93721,Chisawasawa,und,"","",http://www.catalogueoflife.org/annual-checklist/details/species/id/10066756/common/215331,Nyanja,,2021-07-13T14:33:19Z
104500,Chisawasawa,und,"","",http://www.catalogueoflife.org/annual-checklist/details/species/id/10067643/common/103504,Nyanja,,2021-07-13T14:33:20Z
94923,Chisawasawa,und,"","",http://www.catalogueoflife.org/annual-checklist/details/species/id/10066903/common/136528,Nyanja,,2021-07-13T14:33:20Z
112307,Chisawasawa,und,"","",http://www.catalogueoflife.org/annual-checklist/details/species/id/10068119/common/136486,Nyanja,,2021-07-13T14:33:21Z
114321,Chisawasawa,und,"","",http://www.catalogueoflife.org/annual-checklist/details/species/id/10068276/common/232441,Nyanja,,2021-07-13T14:33:21Z
109573,Chisawasawa,und,"","",http://www.catalogueoflife.org/annual-checklist/details/species/id/10067988/common/100082,Nyanja,,2021-07-13T14:33:22Z
104495,Chisawasawa,und,"","",http://www.catalogueoflife.org/annual-checklist/details/species/id/10067638/common/103527,Nyanja,,2021-07-13T14:33:22Z
113729,Chisawasawa,und,"","",http://www.catalogueoflife.org/annual-checklist/details/species/id/10068165/common/317643,Nyanja,,2021-07-13T14:33:22Z
104506,Chisawasawa,und,"","",http://www.catalogueoflife.org/annual-checklist/details/species/id/10067649/common/103479,Nyanja,,2021-07-13T14:33:23Z
104490,Chisawasawa,und,"","",http://www.catalogueoflife.org/annual-checklist/details/species/id/10067633/common/103545,Nyanja,,2021-07-13T14:33:23Z
94642,Chisawasawa,und,"","",http://www.catalogueoflife.org/annual-checklist/details/species/id/10066866/common/331283,Nyanja,,2021-07-13T14:33:23Z
104501,Chisawasawa,und,"","",http://www.catalogueoflife.org/annual-checklist/details/species/id/10067644/common/103494,Nyanja,,2021-07-13T14:33:23Z
94924,Chisawasawa,und,"","",http://www.catalogueoflife.org/annual-checklist/details/species/id/10066904/common/136521,Nyanja,,2021-07-13T14:33:24Z
113210,Chisawasawa,und,"","",http://www.catalogueoflife.org/annual-checklist/details/species/id/10068156/common/317689,Nyanja,,2021-07-13T14:33:25Z
94918,Chisawasawa,und,"","",http://www.catalogueoflife.org/annual-checklist/details/species/id/10066897/common/136567,Nyanja,,2021-07-13T14:33:25Z
114343,Chisawasawa,und,"","",http://www.catalogueoflife.org/annual-checklist/details/species/id/10068279/common/232468,Nyanja,,2021-07-13T14:33:25Z
109574,Chisawasawa,und,"","",http://www.catalogueoflife.org/annual-checklist/details/species/id/10067990/common/100079,Nyanja,,2021-07-13T14:33:26Z
104496,Chisawasawa,und,"","",http://www.catalogueoflife.org/annual-checklist/details/species/id/10067639/common/103519,Nyanja,,2021-07-13T14:33:26Z
114317,Chisawasawa,und,"","",http://www.catalogueoflife.org/annual-checklist/details/species/id/10068272/common/232453,Nyanja,,2021-07-13T14:33:26Z
104510,Chisawasawa,und,"","",http://www.catalogueoflife.org/annual-checklist/details/species/id/10067654/common/103460,Nyanja,,2021-07-13T14:33:27Z
104491,Chisawasawa,und,"","",http://www.catalogueoflife.org/annual-checklist/details/species/id/10067634/common/103548,Nyanja,,2021-07-13T14:33:27Z
94910,Chisawasawa,und,"","",http://www.catalogueoflife.org/annual-checklist/details/species/id/10066889/common/136582,Nyanja,,2021-07-13T14:33:27Z
104502,Chisawasawa,und,"","",http://www.catalogueoflife.org/annual-checklist/details/species/id/10067645/common/103500,Nyanja,,2021-07-13T14:33:28Z
93718,Chisawasawa,und,"","",http://www.catalogueoflife.org/annual-checklist/details/species/id/10066753/common/215343,Nyanja,,2021-07-13T14:33:28Z
113211,Chisawasawa,und,"","",http://www.catalogueoflife.org/annual-checklist/details/species/id/10068157/common/317682,Nyanja,,2021-07-13T14:33:29Z
94919,Chisawasawa,und,"","",http://www.catalogueoflife.org/annual-checklist/details/species/id/10066898/common/136553,Nyanja,,2021-07-13T14:33:30Z
114344,Chisawasawa,und,"","",http://www.catalogueoflife.org/annual-checklist/details/species/id/10068280/common/232464,Nyanja,,2021-07-13T14:33:30Z
109575,Chisawasawa,und,"","",http://www.catalogueoflife.org/annual-checklist/details/species/id/10067993/common/100073,Nyanja,,2021-07-13T14:33:30Z
104497,Chisawasawa,und,"","",http://www.catalogueoflife.org/annual-checklist/details/species/id/10067640/common/103514,Nyanja,,2021-07-13T14:33:31Z
114318,Chisawasawa,und,"","",http://www.catalogueoflife.org/annual-checklist/details/species/id/10068273/common/232450,Nyanja,,2021-07-13T14:33:31Z
104511,Chisawasawa,und,"","",http://www.catalogueoflife.org/annual-checklist/details/species/id/10067655/common/103456,Nyanja,,2021-07-13T14:33:32Z
104492,Chisawasawa,und,"","",http://www.catalogueoflife.org/annual-checklist/details/species/id/10067635/common/103541,Nyanja,,2021-07-13T14:33:32Z
94911,Chisawasawa,und,"","",http://www.catalogueoflife.org/annual-checklist/details/species/id/10066890/common/136588,Nyanja,,2021-07-13T14:33:32Z
104503,Chisawasawa,und,"","",http://www.catalogueoflife.org/annual-checklist/details/species/id/10067646/common/103492,Nyanja,,2021-07-13T14:33:33Z
104599,Chisawasawa,und,"","",http://www.catalogueoflife.org/annual-checklist/details/species/id/10067657/common/325256,Nyanja,,2021-07-13T14:34:00Z
104493,Chisawasawa,und,"","",http://www.catalogueoflife.org/annual-checklist/details/species/id/10067636/common/103533,Nyanja,,2021-07-13T14:34:00Z
94914,Chisawasawa,und,"","",http://www.catalogueoflife.org/annual-checklist/details/species/id/10066893/common/136579,Nyanja,,2021-07-13T14:34:00Z
113212,Chisawasawa,und,"","",http://www.catalogueoflife.org/annual-checklist/details/species/id/10068159/common/317676,Nyanja,,2021-07-13T14:34:01Z
104504,Chisawasawa,und,"","",http://www.catalogueoflife.org/annual-checklist/details/species/id/10067647/common/103488,Nyanja,,2021-07-13T14:34:01Z
94927,Chisawasawa,und,"","",http://www.catalogueoflife.org/annual-checklist/details/species/id/10066907/common/136506,Nyanja,,2021-07-13T14:34:02Z
93720,Chisawasawa,und,"","",http://www.catalogueoflife.org/annual-checklist/details/species/id/10066755/common/215333,Nyanja,,2021-07-13T14:34:02Z
114345,Chisawasawa,und,"","",http://www.catalogueoflife.org/annual-checklist/details/species/id/10068281/common/232458,Nyanja,,2021-07-13T14:34:03Z
109576,Chisawasawa,und,"","",http://www.catalogueoflife.org/annual-checklist/details/species/id/10068000/common/100068,Nyanja,,2021-07-13T14:34:04Z
114319,Chisawasawa,und,"","",http://www.catalogueoflife.org/annual-checklist/details/species/id/10068274/common/232447,Nyanja,,2021-07-13T14:34:04Z
113726,Chisawasawa,und,"","",http://www.catalogueoflife.org/annual-checklist/details/species/id/10068162/common/317651,Nyanja,,2021-07-13T14:34:04Z
98362,Mfufuma,und,"","",http://www.catalogueoflife.org/annual-checklist/details/species/id/10067074/common/91135,Nyanja,,2021-07-13T14:41:55Z
103023,Mcheni,und,"","",http://www.catalogueoflife.org/annual-checklist/details/species/id/10055947/common/225094,Nyanja,,2021-07-13T16:58:42Z
111633,Mcheni,und,"","",http://www.catalogueoflife.org/annual-checklist/details/species/id/10068086/common/208930,Nyanja,,2021-07-13T16:58:42Z
82777,Mcheni,und,"","",http://www.catalogueoflife.org/annual-checklist/details/species/id/10055950/common/225062,Nyanja,,2021-07-13T16:58:42Z
111628,Mcheni,und,"","",http://www.catalogueoflife.org/annual-checklist/details/species/id/10068081/common/208954,Nyanja,,2021-07-13T16:58:43Z
111629,Mcheni,und,"","",http://www.catalogueoflife.org/annual-checklist/details/species/id/10068082/common/208963,Nyanja,,2021-07-13T16:58:43Z
111630,Mcheni,und,"","",http://www.catalogueoflife.org/annual-checklist/details/species/id/10068083/common/208941,Nyanja,,2021-07-13T16:58:43Z
107889,Mphende,und,"","",http://www.catalogueoflife.org/annual-checklist/details/species/id/10067864/common/96868,Nyanja,,2021-07-15T15:05:20Z
107896,Mphende,und,"","",http://www.catalogueoflife.org/annual-checklist/details/species/id/10067875/common/96775,Nyanja,,2021-07-15T15:05:22Z
186271,Mtumbu,und,"","",,Nyanja,Botswanabugs,2021-07-17T18:20:40Z
186271,mtumbwi,und,"","",,Nyanja,Botswanabugs,2021-07-17T18:23:31Z
186271,Mzumba,und,"","",,Nyanja,Botswanabugs,2021-07-17T18:28:55Z
186271,Ntungundwa,und,"","",,Nyanja,Botswanabugs,2021-07-17T18:30:09Z
102692,Vundu,und,"","",,Nyanja,Zane Roskoph,2021-07-19T16:50:47Z
595009,mteme,und,"","",,Nyanja,Botswanabugs,2021-07-28T04:07:01Z
595009,temya,und,"","",,Nyanja,Botswanabugs,2021-07-28T04:07:29Z
595009,mzimbili,und,"","",,Nyanja,Botswanabugs,2021-07-28T04:08:12Z
595009,mzai,und,"","",,Nyanja,Botswanabugs,2021-07-28T04:08:49Z
595009,kabeza,und,"","",,Nyanja,Botswanabugs,2021-07-28T04:09:31Z
595009,maye,und,"","",,Nyanja,Botswanabugs,2021-07-28T04:10:02Z
81500,malambe,und,"","",,Nyanja,Botswanabugs,2021-11-11T16:46:10Z
81500,mkulukumbo,und,"","",,Nyanja,Botswanabugs,2021-11-11T16:46:54Z
81500,mnambe,und,"","",,Nyanja,Botswanabugs,2021-11-11T16:47:27Z
81500,mulambe,und,"","",,Nyanja,Botswanabugs,2021-11-11T16:47:47Z
81500,mbuyu,und,"","",,Nyanja,Botswanabugs,2021-11-11T16:48:13Z
2269,cole,und,"","",,Nyanja,Botswanabugs,2022-01-09T04:59:07Z
1315408,Chisawasawa,und,"","",http://www.catalogueoflife.org/annual-checklist/details/species/id/10085489/common/348972,Nyanja,,2022-03-23T01:03:54Z
99474,Nchenka,und,"","",,Nyanja,Jeremy Gilmore,2022-04-17T17:20:38Z
340245,msewe,und,"","",,Nyanja,Botswanabugs,2022-06-02T09:47:12Z
340245,mgamu,und,"","",,Nyanja,Botswanabugs,2022-06-02T09:47:44Z
81500,mubuyu,und,"","",,Nyanja,Botswanabugs,2022-10-04T03:03:41Z
593974,kapapi,und,"","",,Nyanja,Botswanabugs,2022-10-04T03:09:00Z
582629,sindo,und,"","",,Nyanja,Botswanabugs,2022-10-09T03:25:45Z
582629,nkomotwa,und,"","",,Nyanja,Botswanabugs,2022-10-09T03:26:05Z
582629,mwesandilo,und,"","",,Nyanja,Botswanabugs,2022-10-09T03:26:28Z
582629,mchovwe,und,"","",,Nyanja,Botswanabugs,2022-10-09T03:26:52Z
582629,kobo,und,"","",,Nyanja,Botswanabugs,2022-10-09T03:27:14Z
582629,chilolo,und,"","",,Nyanja,Botswanabugs,2022-10-09T03:27:38Z
582629,chitonto,und,"","",,Nyanja,Botswanabugs,2022-10-09T03:27:58Z
582629,chifundaziche,und,"","",,Nyanja,Botswanabugs,2022-10-09T03:28:28Z
582629,mpunga ziwandachiyawa,und,"","",,Nyanja,Botswanabugs,2022-10-09T03:28:54Z
582629,chikolola,und,"","",,Nyanja,Botswanabugs,2022-10-09T03:29:14Z
595946,mkunku,und,"","",,Nyanja,Botswanabugs,2023-02-09T04:39:27Z
595946,noyafung,und,"","",,Nyanja,Botswanabugs,2023-02-09T04:40:07Z
30851,chipiri,und,"","",,Nyanja,Botswanabugs,2023-05-13T18:47:18Z
517053,chule,und,"","",,Nyanja,Botswanabugs,2023-05-14T02:48:34Z
25002,nasanene,und,"","",,Nyanja,Botswanabugs,2023-05-14T03:15:41Z
340162,chitongolo,und,"","",,Nyanja,Botswanabugs,2023-07-17T16:00:13Z
340162,kalimika,und,"","",,Nyanja,Botswanabugs,2023-07-17T16:01:21Z
340162,mkalanga,und,"","",,Nyanja,Botswanabugs,2023-07-17T16:02:29Z
340162,mbwalankanga,und,"","",,Nyanja,Botswanabugs,2023-07-17T16:03:41Z
340162,mjenjete,und,"","",,Nyanja,Botswanabugs,2023-07-17T16:04:42Z
340162,mkwangu,und,"","",,Nyanja,Botswanabugs,2023-07-17T16:05:30Z
340162,mpalankanga,und,"","",,Nyanja,Botswanabugs,2023-07-17T16:06:51Z
340162,mkalankanga,und,"","",,Nyanja,Botswanabugs,2023-07-17T16:07:55Z
340162,mjelenjete,und,"","",,Nyanja,Botswanabugs,2023-07-17T16:09:02Z
141628,chiyuta,und,"","",,Nyanja,Botswanabugs,2023-07-17T16:19:01Z
141628,mponjela,und,"","",,Nyanja,Botswanabugs,2023-07-17T16:19:51Z
141628,mposa,und,"","",,Nyanja,Botswanabugs,2023-07-17T16:20:48Z
141628,mpouya,und,"","",,Nyanja,Botswanabugs,2023-07-17T16:22:01Z
141628,mpovya,und,"","",,Nyanja,Botswanabugs,2023-07-17T16:23:00Z
141628,mtantanyerere,und,"","",,Nyanja,Botswanabugs,2023-07-17T16:25:27Z
594429,Kalikalula,und,"","",,Nyanja,Botswanabugs,2023-12-20T17:24:36Z
898800,kafifi,und,"","",,Nyanja,Botswanabugs,2023-12-20T17:26:56Z
595952,ntubetube,und,"","",,Nyanja,Botswanabugs,2023-12-20T17:30:05Z
866255,chirima,und,"","",,Nyanja,Botswanabugs,2023-12-20T17:32:29Z
866255,chinyanjuwe,und,"","",,Nyanja,Botswanabugs,2023-12-20T18:05:37Z
866255,mpalankanga,und,"","",,Nyanja,Botswanabugs,2023-12-20T18:06:42Z
866255,chipeta,und,"","",,Nyanja,Botswanabugs,2023-12-20T18:07:25Z
866255,nafungwe,und,"","",,Nyanja,Botswanabugs,2023-12-20T18:08:06Z
866255,chitongololo,und,"","",,Nyanja,Botswanabugs,2023-12-20T18:08:44Z
594421,ngowe,und,"","",,Nyanja,Botswanabugs,2023-12-20T18:12:28Z
557826,chiseyo,und,"","",,Nyanja,Botswanabugs,2023-12-20T18:22:22Z
557826,lichongwe,und,"","",,Nyanja,Botswanabugs,2023-12-20T18:23:02Z
557826,mchezime,und,"","",,Nyanja,Botswanabugs,2023-12-20T18:24:02Z
557826,mtete,und,"","",,Nyanja,Botswanabugs,2023-12-20T18:25:36Z
557826,namalonga,und,"","",,Nyanja,Botswanabugs,2023-12-20T18:26:22Z
594427,mukunku,und,"","",,Nyanja,Botswanabugs,2023-12-20T18:29:25Z
594427,kankande,und,"","",,Nyanja,Botswanabugs,2023-12-20T18:30:17Z
594427,nayula,und,"","",,Nyanja,Botswanabugs,2023-12-20T18:30:51Z
594427,nkundu,und,"","",,Nyanja,Botswanabugs,2023-12-20T18:31:45Z
42405,njati,und,"","",,Nyanja,Botswanabugs,2024-01-12T05:11:46Z
1584750,kafifi,und,"","",https://www.inaturalist.org/taxon_names/3519376/edit,Nyanja,Wynand Uys,2024-10-29T21:42:37Z
338659,msuku,und,"","",,Nyanja,Botswanabugs,2024-11-17T15:55:43Z
338659,mpotopoto,und,"","",,Nyanja,Botswanabugs,2024-11-17T15:57:00Z
99978,Usipa,und,"","",http://www.catalogueoflife.org/annual-checklist/2012/details/species/id/9741333,Nyanja,,2024-12-02T08:34:12Z
103851,Matemba,und,"","",http://www.catalogueoflife.org/annual-checklist/2012/details/species/id/9741333,Nyanja,,2024-12-14T16:40:25Z
103844,Matemba,und,"","",http://www.catalogueoflife.org/annual-checklist/2012/details/species/id/9741333,Nyanja,,2024-12-14T16:40:26Z
612723,Matemba,und,"","",,Nyanja,Zane Roskoph,2024-12-14T16:47:14Z
1473181,mtacha,und,Zambia,ZM,,Nyanja,Botswanabugs,2025-01-26T12:58:39Z
