id,vernacularName,language,locality,countryCode,source,lexicon,contributor,created
47158,Insecta,und,"","",,Extremaduran,John E. Christensen,2017-11-30T22:16:37Z
11901,Andorina,und,"","",,Extremaduran,John E. Christensen,2017-12-22T13:38:51Z
9398,Silgueru,und,"","",,Extremaduran,John E. Christensen,2018-02-14T11:05:59Z
162161,Melón bravíu,und,"","",,Extremaduran,John E. Christensen,2018-11-16T08:49:06Z
891696,Pega,und,"","",,Extremaduran,John E. Christensen,2020-04-30T14:01:44Z
41964,Lión,und,"","",,Extremaduran,Zane Roskoph,2021-08-24T13:08:35Z
