id,vernacularName,language,locality,countryCode,source,lexicon,contributor,created
20978,ᎢᏧᎳ ᎦᏙ ᎠᎹ ᏱᏃ ᎡᎯ,und,"","",,Cherokee,John E. Christensen,2017-12-01T10:13:08Z
47126,ᏗᎦᎪᎯᏗ,und,"","",,Cherokee,John E. Christensen,2017-12-13T15:24:12Z
45933,ᏌᎶᎵ,und,"","",,Cherokee,John E. Christensen,2018-07-12T15:25:38Z
41871,ᏗᎳ,und,"","",,Cherokee,John E. Christensen,2018-10-28T12:52:55Z
12727,ᏴᏩᏁᎬ ᏥᏉᏉ,und,"","",,Cherokee,John E. Christensen,2019-02-02T16:40:49Z
40151,ᎺᎹᎵ,und,"","",,Cherokee,John E. Christensen,2019-02-07T16:27:16Z
119817,inage-tanenu-na,und,"","",,Cherokee,Valerie Anderson,2019-02-12T16:44:06Z
119817,ako-hl,und,"","",,Cherokee,Valerie Anderson,2019-02-12T16:44:24Z
46095,ᐧᐄᓂᔥᒄ,und,"","",,Cherokee,John E. Christensen,2019-03-05T06:30:47Z
47170,ᏭᎾᎩ,und,"","",,Cherokee,John E. Christensen,2019-04-03T13:14:32Z
47927,ᏩᏓᏚᎦ,und,"","",,Cherokee,John E. Christensen,2019-11-11T21:23:08Z
526556,ᏥᏯ,und,"","",,Cherokee,John E. Christensen,2020-06-07T11:39:29Z
50310,ᏚᏯᏍᏗ (duyasdi),und,"","",,Cherokee,Ava,2020-07-09T04:39:58Z
54504,ᎬᏂᎨ ᏎᏘ,und,"","",,Cherokee,Ava,2020-07-09T04:44:15Z
49202,ᎫᏏ,und,"","",,Cherokee,Ava,2020-07-09T12:38:41Z
54854,ᎢᏓᎭ,und,"","",,Cherokee,Ava,2020-07-09T12:50:20Z
4793,ᏦᏍᏙᏩ,und,"","",,Cherokee,Ava,2020-07-09T18:21:59Z
972793,Nakwisiusdi,und,"","",,Cherokee,anneliese merrigan,2020-07-20T21:46:10Z
42158,ᎠᏫ,und,"","",,Cherokee,John E. Christensen,2020-09-26T15:23:04Z
20979,ᏩᎶᏏ,und,"","",,Cherokee,John E. Christensen,2020-12-07T11:29:46Z
41970,ᎠᎺᎵᎨ ᏢᏓᏥ ᎤᏅᏣᏗ,und,"","",,Cherokee,Zane Roskoph,2021-07-30T11:55:32Z
41972,ᎤᎶᎩᎸ ᏢᏓᏥ,und,"","",,Cherokee,Zane Roskoph,2021-07-30T12:50:18Z
42007,ᏢᏓᏥ,und,"","",,Cherokee,Zane Roskoph,2021-08-01T00:42:06Z
41955,ᏢᏓᏥ ᎠᎦᏣᏄᎳ,und,"","",,Cherokee,Zane Roskoph,2021-08-13T11:55:31Z
41964,ᏢᏓᏥ ᎤᏃᏕᎾ,und,"","",,Cherokee,Zane Roskoph,2021-08-24T13:04:51Z
41967,ᏢᏓᏥ ᏧᎶᎸᏗ,und,"","",,Cherokee,Zane Roskoph,2021-08-26T15:02:27Z
47851,ᏧᏍᎦ,und,"","",,Cherokee,Charlie A.,2021-09-08T15:48:41Z
20526,ᎬᎾ ᎤᏔᎾ,und,"","",,Cherokee,Johan Devos,2023-02-28T22:17:50Z
42652,ᏏᏆ ᎤᏤᏣᏍᏗ,und,"","",,Cherokee,theratgod,2023-03-07T12:35:42Z
42408,ᏴᎾᏌ,und,"","",,Cherokee,theratgod,2023-03-07T12:41:13Z
42051,ᏧᎾᏓᏚᏗ,und,"","",,Cherokee,theratgod,2023-03-07T12:43:33Z
43794,ᏙᏯ,und,"","",,Cherokee,theratgod,2023-03-07T12:47:30Z
204114,ᎠᏫ ᎡᏆ,und,"","",,Cherokee,theratgod,2023-03-07T12:50:23Z
47075,ᎩᏯ,und,"","",,Cherokee,theratgod,2023-03-07T12:53:05Z
44026,ᏧᏥ,und,"","",,Cherokee,theratgod,2023-03-07T12:55:47Z
41976,ᎬᎮ,und,"","",,Cherokee,theratgod,2023-03-07T12:58:05Z
46095,ᎣᎦᎾ,und,"","",,Cherokee,theratgod,2023-03-07T13:01:08Z
41777,ᏥᏯ,und,"","",,Cherokee,theratgod,2023-03-07T13:03:00Z
42223,ᎠᏫ,und,"","",,Cherokee,theratgod,2023-03-07T13:05:47Z
45763,ᏎᎵᎦᏍᏉ,und,"","",,Cherokee,theratgod,2023-03-07T13:09:10Z
41663,ᎬᎲᎵ,und,"","",,Cherokee,theratgod,2023-03-07T13:11:51Z
46217,ᎩᏳᎦ,und,"","",,Cherokee,theratgod,2023-03-07T13:12:58Z
42069,ᏧᎳ ᎩᎦᎨ,und,"","",,Cherokee,theratgod,2023-03-07T13:16:50Z
42076,ᏧᎳ ᏌᎪᏂᎨ,und,"","",,Cherokee,theratgod,2023-03-07T13:18:47Z
41880,ᏗᎳ,und,"","",,Cherokee,theratgod,2023-03-07T13:20:24Z
41638,ᏲᎾ,und,"","",,Cherokee,theratgod,2023-03-07T13:23:07Z
46017,ᏌᎶᎵ,und,"","",,Cherokee,theratgod,2023-03-07T13:25:08Z
46020,ᏌᎶᎵ ᏬᏗ,und,"","",,Cherokee,theratgod,2023-03-07T13:26:17Z
46272,ᏕᏩ,und,"","",,Cherokee,theratgod,2023-03-07T13:27:50Z
43111,ᏥᏍᏚ,und,"","",,Cherokee,theratgod,2023-03-07T13:30:04Z
1264432,ᏒᎩ,und,"","",,Cherokee,theratgod,2023-03-07T13:46:37Z
49465,ᎠᏴᏓᏆᎶᏍᎩ,und,"","",,Cherokee,theratgod,2023-03-07T13:50:32Z
40269,ᏣᎹᎭ,und,"","",,Cherokee,theratgod,2023-03-07T13:53:08Z
5097,ᏗᎦᎦᏛᎾᎯᏛ,und,"","",,Cherokee,theratgod,2023-03-07T13:57:56Z
48098,ᎩᎦᎨᏨᏩᎩ,und,"","",,Cherokee,theratgod,2023-03-07T13:59:13Z
52543,ᏧᏩᎩ,und,"","",,Cherokee,theratgod,2023-03-07T14:03:49Z
82306,ᎤᏲᏓᎵ,und,"","",,Cherokee,theratgod,2023-03-07T14:06:27Z
47649,ᎥᎴ,und,"","",,Cherokee,theratgod,2023-03-07T14:07:37Z
81708,ᎤᏍᏆᏙ,und,"","",,Cherokee,theratgod,2023-03-07T14:09:06Z
912622,ᏬᏗᎨᎠᏍᎪᎵ,und,"","",,Cherokee,theratgod,2023-03-07T14:13:51Z
904170,ᎧᏁᏉᏓ,und,"","",,Cherokee,theratgod,2023-03-07T14:15:25Z
54814,ᎤᏙᎳᏂ,und,"","",,Cherokee,theratgod,2023-03-07T14:24:24Z
26159,ᏧᎳᏍᎩ,und,"","",,Cherokee,theratgod,2023-03-08T00:40:45Z
48592,ᏒᎩ,und,"","",,Cherokee,theratgod,2023-03-08T00:41:49Z
55634,ᎤᏩᏍᏗ,und,"","",,Cherokee,theratgod,2023-03-08T00:43:33Z
56033,ᎠᏤᏓ,und,"","",,Cherokee,theratgod,2023-03-08T00:46:45Z
62917,ᏙᎳᏗᏳᏍᏗ,und,"","",,Cherokee,theratgod,2023-03-08T00:48:30Z
75401,ᏩᏥᎦ,und,"","",,Cherokee,theratgod,2023-03-08T00:49:58Z
53034,ᎤᏆᏍᏓᎷᏱᏓ,und,"","",,Cherokee,theratgod,2023-03-08T00:52:10Z
49202,ᎫᏍᏗ,und,"","",,Cherokee,theratgod,2023-03-08T00:54:00Z
84300,ᎪᏒᎦ,und,"","",,Cherokee,theratgod,2023-03-08T00:55:06Z
49186,ᏘᎵ,und,"","",,Cherokee,theratgod,2023-03-08T00:55:41Z
84363,ᎤᏅᎩᏅ,und,"","",,Cherokee,theratgod,2023-03-08T00:58:07Z
5305,ᎠᏬᎯᎵ,und,"","",,Cherokee,theratgod,2023-03-08T00:59:03Z
54770,ᎠᏳᎩᏓ,und,"","",,Cherokee,theratgod,2023-03-08T01:01:34Z
4665,ᎩᎩ,und,"","",,Cherokee,theratgod,2023-03-08T01:02:33Z
12727,ᏥᏍᏉᏉ,und,"","",,Cherokee,theratgod,2023-03-08T01:03:21Z
49662,ᎫᏫᏳᎦᏍᏗ,und,"","",,Cherokee,theratgod,2023-03-08T01:04:22Z
85008,ᎧᎾᎫᏣᏘ,und,"","",,Cherokee,theratgod,2023-03-08T01:06:49Z
82558,ᎢᎾᏓ ᎦᏁᎦ,und,"","",,Cherokee,theratgod,2023-03-08T01:10:53Z
54841,ᏗᎳᎦᎵᏍᎩ ᎡᏆ,und,"","",,Cherokee,theratgod,2023-03-08T01:29:30Z
78939,ᏗᎳᎦᎵᏍᎩ ᎤᏍᏗ,und,"","",,Cherokee,theratgod,2023-03-08T01:30:50Z
54844,ᏗᎵᎦᎵᏍᎩ,und,"","",,Cherokee,theratgod,2023-03-08T01:31:45Z
58316,ᏗᎦᎦᎸᏅᎯᏓ,und,"","",,Cherokee,theratgod,2023-03-08T01:32:50Z
51970,ᎦᎾᏑᏛᎶ,und,"","",,Cherokee,theratgod,2023-03-08T01:34:24Z
85485,ᏚᏯ ᎢᎾᎨᎢ,und,"","",,Cherokee,theratgod,2023-03-08T01:39:17Z
75433,ᎧᏁᏍᎦ ᏬᏗ,und,"","",,Cherokee,theratgod,2023-03-08T01:41:42Z
49219,ᏛᏰᏆ,und,"","",,Cherokee,theratgod,2023-03-08T01:43:13Z
199837,ᏩᎫᎵ,und,"","",,Cherokee,theratgod,2023-03-08T01:46:02Z
6432,ᏩᎴᎳ,und,"","",,Cherokee,theratgod,2023-03-08T01:47:05Z
4956,ᎧᏂᏍᎦᏩ,und,"","",,Cherokee,theratgod,2023-03-08T01:47:57Z
50310,ᏙᏒᎾ ᎢᎾᎨ ᎡᎯ,und,"","",,Cherokee,theratgod,2023-03-08T01:50:27Z
55950,ᎤᏂᎶᏇ,und,"","",,Cherokee,theratgod,2023-03-08T01:52:44Z
55950,ᏧᏂᎶᏇ,und,"","",,Cherokee,theratgod,2023-03-08T01:53:07Z
20307,ᏥᎩᎵ,und,"","",,Cherokee,theratgod,2023-03-08T01:59:00Z
165707,ᏦᎳ ᎠᎦᏴᎵ,und,"","",,Cherokee,theratgod,2023-03-08T02:00:41Z
13632,ᎤᏧᎩ,und,"","",,Cherokee,theratgod,2023-03-08T02:01:30Z
54838,ᎾᎨᎢ,und,"","",,Cherokee,theratgod,2023-03-08T02:02:36Z
11941,ᏦᏯᎦ,und,"","",,Cherokee,theratgod,2023-03-08T02:07:22Z
11901,ᏧᏗᏆᏅᏥ,und,"","",,Cherokee,theratgod,2023-03-08T02:09:56Z
19893,ᎤᎫᎫ,und,"","",,Cherokee,theratgod,2023-03-08T02:10:46Z
59524,ᏔᏆᎵ,und,"","",,Cherokee,theratgod,2023-03-08T02:13:48Z
163219,ᎡᎶᏘᏍᎩ,und,"","",,Cherokee,theratgod,2023-03-08T02:15:50Z
2548,ᏣᎶᎯ,und,"","",,Cherokee,theratgod,2023-03-08T02:17:42Z
54498,ᎩᎦᎨ ᎦᎳᏍᎩ,und,"","",,Cherokee,theratgod,2023-03-08T02:18:39Z
117429,ᎦᏁᏗᏍᎩ,und,"","",,Cherokee,theratgod,2023-03-08T02:21:09Z
1264431,ᏓᎶᏂᎨ ᏥᏍᏕᏥ,und,"","",,Cherokee,theratgod,2023-03-08T02:23:22Z
49587,ᎤᏃᎧ,und,"","",,Cherokee,theratgod,2023-03-08T02:25:09Z
54802,ᎤᏂᏆ,und,"","",,Cherokee,theratgod,2023-03-08T02:28:10Z
128805,ᎧᏩᏯ,und,"","",,Cherokee,theratgod,2023-03-08T02:29:03Z
56088,ᎧᎶᏇᏗ,und,"","",,Cherokee,theratgod,2023-03-08T02:32:32Z
49006,ᏗᎬᏂᎨᎢ,und,"","",,Cherokee,theratgod,2023-03-08T02:33:35Z
59644,ᎦᎴᎩ,und,"","",,Cherokee,theratgod,2023-03-08T02:37:22Z
62741,ᏐᏤᎾ,und,"","",,Cherokee,theratgod,2023-03-09T08:28:57Z
145237,ᎦᏅᎩ,und,"","",,Cherokee,theratgod,2023-03-09T08:31:28Z
319120,ᎤᏂᏍᏕᎴᏍᏗ,und,"","",,Cherokee,theratgod,2023-03-09T08:33:50Z
8229,ᏣᏱᎦ,und,"","",,Cherokee,theratgod,2023-03-09T08:35:04Z
27146,ᎤᎦᏑᎯ,und,"","",,Cherokee,theratgod,2023-03-09T08:38:23Z
82816,ᏗᎾᏓᏍᏓᏍᎩ,und,"","",,Cherokee,theratgod,2023-03-09T08:39:53Z
7428,ᎤᏃᏴ,und,"","",,Cherokee,theratgod,2023-03-09T08:40:56Z
890,ᏛᏗᏍᏗ,und,"","",,Cherokee,theratgod,2023-03-09T08:41:37Z
164415,ᎦᎸᎾ,und,"","",,Cherokee,theratgod,2023-03-09T08:45:13Z
75855,ᎤᏎᎳᏘ,und,"","",,Cherokee,theratgod,2023-03-09T08:45:57Z
39806,ᏓᎦᏏ,und,"","",,Cherokee,theratgod,2023-03-09T08:47:03Z
371063,ᎠᎪᏍᏚᎩᏍᏗ,und,"","",,Cherokee,theratgod,2023-03-09T08:49:36Z
7089,ᏌᏌ,und,"","",,Cherokee,theratgod,2023-03-09T08:50:38Z
54516,ᎣᏍᎨᏫ,und,"","",,Cherokee,theratgod,2023-03-09T08:52:46Z
53271,ᏙᏌᎾ,und,"","",,Cherokee,theratgod,2023-03-09T08:53:36Z
14898,ᏩᏚᏰᎳ,und,"","",,Cherokee,theratgod,2023-03-09T08:55:12Z
5212,ᏔᏬᏗ ᎡᏆ,und,"","",,Cherokee,theratgod,2023-03-09T08:57:58Z
122849,ᏚᏯᏁᏆ,und,"","",,Cherokee,theratgod,2023-03-09T08:59:33Z
54792,ᎪᎯ,und,"","",,Cherokee,theratgod,2023-03-09T09:00:39Z
239653,ᎣᏍᎨᏫ,und,"","",,Cherokee,theratgod,2023-03-09T09:01:45Z
7120,ᏙᎦᏏ,und,"","",,Cherokee,theratgod,2023-03-09T09:02:37Z
51227,ᎤᎫᎫᏍᏙ,und,"","",,Cherokee,theratgod,2023-03-09T09:05:30Z
42048,ᏩᏯ,und,"","",,Cherokee,theratgod,2023-03-09T09:06:53Z
47144,ᎩᎵ,und,"","",,Cherokee,theratgod,2023-03-09T09:07:59Z
9083,ᏙᏧᏩ,und,"","",,Cherokee,theratgod,2023-03-09T09:10:33Z
7513,ᎠᎵᏔᎹ,und,"","",,Cherokee,theratgod,2023-03-09T09:11:17Z
170358,ᏓᎶᏂᎨ ᎤᎾᏍᏕᏥ,und,"","",,Cherokee,theratgod,2023-03-09T09:13:09Z
49187,ᏓᏑᏓᏆᎴᏆ,und,"","",,Cherokee,theratgod,2023-03-23T20:07:53Z
118552,ᏪᏌ,und,"","",,Cherokee,theratgod,2023-03-23T20:10:13Z
81831,ᏄᎦᎸ,und,"","",,Cherokee,theratgod,2023-03-23T20:13:36Z
76158,ᎠᏂᏔᏈ,und,"","",,Cherokee,theratgod,2023-03-23T20:16:44Z
153208,ᎤᏍᏓᏍᏗ,und,"","",,Cherokee,theratgod,2023-03-23T20:17:36Z
4756,ᏑᎵ,und,"","",,Cherokee,theratgod,2023-03-23T20:21:15Z
204114,ᎠᏩ ᎤᏔᎾ,und,"","",,Cherokee,theratgod,2023-03-23T20:22:46Z
6571,ᎠᏂᎪᏍᏓᏯ,und,"","",,Cherokee,theratgod,2023-03-23T20:27:08Z
16602,ᏥᎪᏱᏙᏍᏗ,und,"","",,Cherokee,theratgod,2023-03-23T20:29:36Z
54403,ᎠᏫ ᎦᏁᎪᎢ,und,"","",,Cherokee,theratgod,2023-03-23T20:40:50Z
39682,ᏌᎵᎫᎩ,und,"","",,Cherokee,theratgod,2023-03-23T20:41:20Z
145239,ᏚᏯ,und,"","",,Cherokee,theratgod,2023-03-23T20:42:32Z
505478,ᏥᏓᎦ,und,"","",,Cherokee,theratgod,2023-03-23T20:43:49Z
82358,ᎠᏨᎩ ᎢᎾᎨᎡᎯ,und,"","",,Cherokee,theratgod,2023-03-23T20:44:55Z
19577,ᏓᎳᏍᏙᎬ,und,"","",,Cherokee,theratgod,2023-03-23T20:47:32Z
558446,ᎠᎪᏕᎯ,und,"","",,Cherokee,theratgod,2023-03-23T20:49:45Z
70054,ᎬᎩᏍᏗ,und,"","",,Cherokee,theratgod,2023-03-23T20:50:51Z
63081,ᏣᏄᏏ,und,"","",,Cherokee,theratgod,2023-03-23T20:52:13Z
1965,ᏓᎶᎬ,und,"","",,Cherokee,theratgod,2023-03-23T20:54:22Z
145588,ᏎᎷ ᎤᏂᏥ,und,"","",,Cherokee,theratgod,2023-03-23T20:56:40Z
236979,ᎤᏁᎦᏓ,und,"","",,Cherokee,theratgod,2023-03-23T20:57:25Z
1280,ᎤᎫᏇᎯ,und,"","",,Cherokee,theratgod,2023-03-23T20:58:01Z
27137,ᎤᎦᏑᎯ,und,"","",,Cherokee,theratgod,2023-03-23T20:59:26Z
48448,ᏎᎷ,und,"","",,Cherokee,theratgod,2023-03-23T21:01:22Z
8021,ᎪᎦ,und,"","",,Cherokee,theratgod,2023-03-23T21:02:14Z
47644,ᏥᏍᏆᎸᎾ,und,"","",,Cherokee,theratgod,2023-03-23T21:03:42Z
74113,ᏩᎧ,und,"","",,Cherokee,theratgod,2023-03-23T21:06:18Z
30746,ᎠᏨᏯ ᎤᏦᏅᏗ,und,"","",,Cherokee,theratgod,2023-03-23T21:08:57Z
76538,ᎦᏩᏒᎩ,und,"","",,Cherokee,theratgod,2023-03-23T21:09:44Z
54919,ᎦᎦᎹ,und,"","",,Cherokee,theratgod,2023-03-23T21:10:27Z
122866,ᎤᎾᏤᏥᏗ,und,"","",,Cherokee,theratgod,2023-03-23T21:12:08Z
55425,ᏩᎩᎦ,und,"","",,Cherokee,theratgod,2023-03-23T21:13:13Z
769248,ᎤᏂᏍᏕᎴᏍᏗ,und,"","",,Cherokee,theratgod,2023-03-23T21:26:46Z
47589,ᎤᎫᏇ ᎤᎳᏑᎳ,und,"","",,Cherokee,theratgod,2023-03-23T21:28:04Z
42652,ᎤᏤᏥᏍᏗ,und,"","",,Cherokee,theratgod,2023-03-23T21:29:22Z
83435,ᏌᎵ,und,"","",,Cherokee,theratgod,2023-03-23T21:30:50Z
52911,ᏎᏩᏓ,und,"","",,Cherokee,theratgod,2023-04-21T00:37:01Z
792988,ᏥᏍᏇᏄᏨ,und,"","",,Cherokee,theratgod,2023-04-21T00:37:55Z
17855,ᎨᏉᎬ,und,"","",,Cherokee,theratgod,2023-04-21T00:39:08Z
52672,ᏲᎾ ᎤᏤᏍᏓ,und,"","",,Cherokee,theratgod,2023-04-21T00:40:03Z
14995,ᎤᏥᎹ,und,"","",,Cherokee,theratgod,2023-04-21T00:40:45Z
3665,ᏬᏱ,und,"","",,Cherokee,theratgod,2023-04-21T00:41:29Z
568873,ᏔᏁᏆ,und,"","",,Cherokee,theratgod,2023-04-21T00:42:31Z
209233,ᏐᏈᎵ,und,"","",,Cherokee,theratgod,2023-04-21T00:43:09Z
43329,ᏧᏂᎶᏗ ᏐᏈᎵ,und,"","",,Cherokee,theratgod,2023-04-21T00:43:49Z
72122,ᏥᏍᏚ ᏍᎩᏓᏘ,und,"","",,Cherokee,theratgod,2023-04-21T00:44:31Z
52935,ᎪᎳᎧᎩᏍᏗ,und,"","",,Cherokee,theratgod,2023-04-21T00:46:16Z
4672,ᏌᎾᏩ,und,"","",,Cherokee,theratgod,2023-04-21T00:47:20Z
6912,ᎧᏬᏄ,und,"","",,Cherokee,theratgod,2023-04-21T00:48:22Z
52381,ᏘᎾ,und,"","",,Cherokee,theratgod,2023-04-21T00:49:03Z
36982,ᏣᏁᏅ,und,"","",,Cherokee,theratgod,2023-04-21T00:49:46Z
46341,ᏓᎳᏍᎨᏫ,und,"","",,Cherokee,theratgod,2023-04-21T00:50:18Z
48124,ᏥᎩᎩ,und,"","",,Cherokee,theratgod,2023-04-21T00:50:54Z
77155,ᎠᏂ,und,"","",,Cherokee,theratgod,2023-04-21T00:53:08Z
54806,ᏧᎦᏃᏅ,und,"","",,Cherokee,theratgod,2023-04-21T00:54:13Z
54797,ᎧᎵᏎᏥ,und,"","",,Cherokee,theratgod,2023-04-21T00:58:09Z
53714,ᏫᏏ,und,"","",,Cherokee,theratgod,2023-04-21T00:59:10Z
34,ᎧᎾᏍᎦᏫ,und,"","",,Cherokee,theratgod,2023-04-21T00:59:46Z
256700,ᏔᎳᏚ,und,"","",,Cherokee,theratgod,2023-04-21T01:00:19Z
178028,ᏙᏳᏂᏏ,und,"","",,Cherokee,theratgod,2023-04-21T01:01:13Z
199841,ᎤᏦᏁᏗ,und,"","",,Cherokee,theratgod,2023-04-21T01:01:44Z
56955,ᏅᏓᏗᎧᏂ,und,"","",,Cherokee,theratgod,2023-04-21T01:03:05Z
72912,ᎩᏳᎬ,und,"","",,Cherokee,theratgod,2023-04-21T01:03:41Z
130554,ᎦᎵᏉᎩ ᏧᏯᏍᏚ,und,"","",,Cherokee,theratgod,2023-04-21T01:05:07Z
13270,ᎧᏬᎬ,und,"","",,Cherokee,theratgod,2023-04-21T01:05:43Z
58659,ᏓᎶᎨ,und,"","",,Cherokee,theratgod,2023-04-21T01:06:49Z
58655,ᏧᎵᏍᏓᎾᎵ,und,"","",,Cherokee,theratgod,2023-04-21T01:09:03Z
10243,ᎱᎱ,und,"","",,Cherokee,theratgod,2023-04-21T01:09:35Z
47888,ᏩᎴᎷ ᎤᏂᎦᎴᎩᏍᏗ,und,"","",,Cherokee,theratgod,2023-04-21T01:10:48Z
62941,ᏄᎾ ᎤᏂᎦᎾᏍᏓ,und,"","",,Cherokee,theratgod,2023-04-21T01:11:37Z
82812,ᎤᏍᎦᎢ,und,"","",,Cherokee,theratgod,2023-04-21T01:12:09Z
10094,ᏚᏘ,und,"","",,Cherokee,theratgod,2023-04-21T01:29:37Z
69930,ᎧᏁᏍᎦ,und,"","",,Cherokee,theratgod,2023-04-21T01:30:18Z
53041,ᏧᎫ ᏧᎾᏍᏗ,und,"","",,Cherokee,theratgod,2023-04-21T01:38:30Z
122976,ᎠᎪᏍᏓᎩᏍᏗ,und,"","",,Cherokee,theratgod,2023-04-21T01:42:36Z
223653,ᏩᏁᎩᏓ,und,"","",,Cherokee,theratgod,2023-04-21T01:46:03Z
54793,ᏃᏓᏥ,und,"","",,Cherokee,theratgod,2023-04-21T01:47:56Z
131226,ᎤᏲᏓᎵᏳᏍᏗ,und,"","",,Cherokee,theratgod,2023-04-21T01:48:43Z
53582,ᏥᏳ,und,"","",,Cherokee,theratgod,2023-04-21T01:50:15Z
51874,ᎬᏅᎩᎵᎩ,und,"","",,Cherokee,theratgod,2023-04-21T01:52:21Z
41777,ᏥᏲ,und,"","",,Cherokee,theratgod,2023-04-21T01:53:31Z
81545,ᎤᏂᏥᏯ,und,"","",,Cherokee,theratgod,2023-04-21T01:54:17Z
164974,ᎠᏂᏬᏂᏍᎩ,und,"","",,Cherokee,theratgod,2023-04-21T01:56:19Z
117426,ᏧᏆᎶᎦ ᏤᏆ,und,"","",,Cherokee,theratgod,2023-04-21T01:57:32Z
51062,ᎤᏗᎵᏍᏗ,und,"","",,Cherokee,theratgod,2023-04-21T01:58:05Z
54500,ᏒᎦᏛ ᎢᎾᎨᎠᏁᎵ,und,"","",,Cherokee,theratgod,2023-04-21T01:58:51Z
19765,ᏩᎱᎱ,und,"","",,Cherokee,theratgod,2023-04-21T02:00:04Z
18204,ᏓᎳᎳ,und,"","",,Cherokee,theratgod,2023-04-21T02:00:46Z
906,ᎬᎾ,und,"","",,Cherokee,theratgod,2023-04-21T02:01:26Z
9100,ᏥᎦᏣ,und,"","",,Cherokee,theratgod,2023-04-21T02:02:00Z
41880,ᏗᎵ,und,"","",,Cherokee,theratgod,2023-04-21T02:02:46Z
52735,ᏩᎴᎷ ᎤᏂᏣᎩᏍᏗ,und,"","",,Cherokee,theratgod,2023-04-21T02:03:59Z
58682,ᎤᏂᏒᏙᏂ,und,"","",,Cherokee,theratgod,2023-04-21T02:04:37Z
54801,ᎫᏩ,und,"","",,Cherokee,theratgod,2023-04-21T02:07:07Z
120156,ᏛᎧ,und,"","",,Cherokee,theratgod,2023-04-21T02:10:09Z
78174,ᎠᎼ ᎤᎵᏏ,und,"","",,Cherokee,theratgod,2023-04-21T02:12:13Z
27679,ᏧᏩ,und,"","",,Cherokee,theratgod,2023-04-21T02:13:25Z
873768,ᏦᎳ,und,"","",,Cherokee,theratgod,2023-04-21T02:17:18Z
27800,ᏚᏪᎧ,und,"","",,Cherokee,theratgod,2023-04-21T02:20:06Z
27805,ᏓᎴᏴᏍᎩ,und,"","",,Cherokee,theratgod,2023-04-21T02:20:35Z
1428,ᎫᏇ ᏗᎦᎾᏌᎢ,und,"","",,Cherokee,theratgod,2023-04-21T02:24:26Z
62207,ᎠᎾᏓᏥ,und,"","",,Cherokee,theratgod,2023-04-21T02:25:20Z
47516,ᏧᏂᎶᎸᏗ,und,"","",,Cherokee,theratgod,2023-04-21T02:26:10Z
78259,ᏥᏥ,und,"","",,Cherokee,theratgod,2023-04-21T02:31:19Z
47201,ᎧᎾᏥᏍᏕᏥ,und,"","",,Cherokee,theratgod,2023-04-21T02:32:22Z
47651,ᏙᎯᏥᏆ,und,"","",,Cherokee,theratgod,2023-04-21T02:33:05Z
83204,ᏧᎧ,und,"","",,Cherokee,theratgod,2023-04-21T02:33:48Z
51138,ᎦᏁᏏ,und,"","",,Cherokee,theratgod,2023-04-21T02:34:29Z
121578,ᎤᏃᏕᎾ,und,"","",,Cherokee,theratgod,2023-04-21T02:35:23Z
133354,ᏅᏙᏇᏯ,und,"","",,Cherokee,theratgod,2023-04-21T02:36:07Z
116333,ᎣᏓᎵᎦᎵ,und,"","",,Cherokee,theratgod,2023-04-21T02:36:48Z
116999,ᎧᏅᏧᏩ,und,"","",,Cherokee,theratgod,2023-04-21T02:37:21Z
60301,ᎧᏁᏍᎦ,und,"","",,Cherokee,theratgod,2023-04-21T02:38:06Z
73888,ᎦᎴᎩ,und,"","",,Cherokee,theratgod,2023-04-21T02:39:09Z
13858,ᏥᏍᏆᏯ,und,"","",,Cherokee,theratgod,2023-04-21T02:39:50Z
10227,ᎠᎵᏣᏃᏍᎦ,und,"","",,Cherokee,theratgod,2023-04-21T02:40:34Z
51453,ᎤᏩᎦ,und,"","",,Cherokee,theratgod,2023-04-21T02:43:30Z
53178,ᎪᏍᏓᏂᏍᏗ,und,"","",,Cherokee,theratgod,2023-04-28T20:11:12Z
58961,ᎾᎾ ᎤᏕᏱᏘ,und,"","",,Cherokee,theratgod,2023-04-28T20:12:07Z
167016,ᎠᏣᏗ ᎠᏂᏆᏔ,und,"","",,Cherokee,theratgod,2023-04-28T20:12:57Z
49288,ᎤᏂᏍᏇᏚᎦ,und,"","",,Cherokee,theratgod,2023-04-28T20:15:42Z
144814,ᏥᎩᎵᎵ,und,"","",,Cherokee,theratgod,2023-04-28T20:16:29Z
85327,ᎢᎦᎾᏍᏗ,und,"","",,Cherokee,theratgod,2023-04-28T20:17:09Z
1430521,ᎾᎨᎢ,und,"","",,Cherokee,theratgod,2023-04-28T20:35:06Z
47566,ᎠᏓ ᎬᏂᎯᏛ,und,"","",,Cherokee,theratgod,2023-04-28T20:35:42Z
11867,ᏧᏧ,und,"","",,Cherokee,theratgod,2023-04-28T20:36:58Z
63735,ᏆᏄᎾᏍᏗᎢ,und,"","",,Cherokee,theratgod,2023-04-28T20:37:28Z
54833,ᏔᏯ ᎢᎾᎨᎢ,und,"","",,Cherokee,theratgod,2023-04-28T20:38:08Z
78755,ᏆᎾ,und,"","",,Cherokee,theratgod,2023-04-28T20:38:51Z
47351,ᏔᏯ,und,"","",,Cherokee,theratgod,2023-04-28T20:39:31Z
143859,ᎪᏍᏗᏳᏍᏗ,und,"","",,Cherokee,theratgod,2023-04-28T20:40:35Z
42007,ᏨᏓᏥ,und,"","",,Cherokee,theratgod,2023-04-28T21:06:55Z
63951,ᏎᏗᏳᏍᏗ,und,"","",,Cherokee,theratgod,2023-04-28T21:15:32Z
61324,ᎫᎴᏧᎾᏍᏗ,und,"","",,Cherokee,theratgod,2023-04-28T21:16:13Z
53640,ᏙᎳᏥ,und,"","",,Cherokee,theratgod,2023-04-28T21:18:19Z
47851,ᎠᏓᏯᎯ,und,"","",,Cherokee,theratgod,2023-04-28T21:20:49Z
119269,ᏧᏍᎪ,und,"","",,Cherokee,theratgod,2023-04-28T21:21:29Z
44540,ᏥᏍᏕᏥ,und,"","",,Cherokee,theratgod,2023-04-28T21:25:38Z
167794,ᏧᏂᏦᏴᏍᏗ,und,"","",,Cherokee,theratgod,2023-04-28T21:27:25Z
130539,ᏚᏐᎦ ᏨᏁᏆ,und,"","",,Cherokee,theratgod,2023-04-28T21:28:47Z
54765,ᏆᎶᎦ,und,"","",,Cherokee,theratgod,2023-04-28T21:29:20Z
65979,ᎧᏄᏄ,und,"","",,Cherokee,theratgod,2023-05-13T19:10:19Z
45994,ᏌᎶᎵ,und,"","",,Cherokee,theratgod,2023-05-13T19:14:04Z
62550,ᏧᏦᎵᏛ,und,"","",,Cherokee,theratgod,2023-05-13T19:14:49Z
47544,ᏄᎦᎵ,und,"","",,Cherokee,theratgod,2023-05-13T19:16:53Z
53197,ᏓᎦᎩ,und,"","",,Cherokee,theratgod,2023-05-13T19:18:15Z
48648,ᏎᎼᏂ,und,"","",,Cherokee,theratgod,2023-05-13T19:19:52Z
54795,ᎧᎾᏍᏓᏥ,und,"","",,Cherokee,theratgod,2023-05-13T19:20:49Z
36142,ᏔᏳᎭᎵ,und,"","",,Cherokee,theratgod,2023-05-13T19:21:45Z
78998,ᎦᎾᎦᏥ ᎤᏔᎾ,und,"","",,Cherokee,theratgod,2023-05-13T19:22:25Z
12942,ᏣᏉᎳᏕ,und,"","",,Cherokee,theratgod,2023-05-13T19:25:06Z
230975,ᏙᏌ,und,"","",,Cherokee,theratgod,2023-05-13T19:26:16Z
14801,ᏗᏪᏓᎶᎯ,und,"","",,Cherokee,theratgod,2023-05-13T19:26:50Z
154524,ᏏᎦᏓᏍᎩ,und,"","",,Cherokee,theratgod,2023-05-13T19:27:53Z
60746,ᎠᏂᏍᎩᎾ ᎤᎾᏁᏌᏓ,und,"","",,Cherokee,theratgod,2023-05-13T19:30:19Z
51737,ᎤᏂᏁᎫᎯᏍᏗ,und,"","",,Cherokee,theratgod,2023-05-13T19:31:02Z
53858,ᏄᎾ,und,"","",,Cherokee,theratgod,2023-05-13T19:32:13Z
18463,ᏧᎵᎡᎾ,und,"","",,Cherokee,theratgod,2023-05-13T19:33:27Z
145310,ᏩᏓᎬ,und,"","",,Cherokee,theratgod,2023-05-13T19:34:00Z
127916,ᏧᎯᏥᏆ,und,"","",,Cherokee,theratgod,2023-05-14T14:18:26Z
9528,ᏃᏈᏏ,und,"","",,Cherokee,theratgod,2023-05-14T14:20:41Z
42126,ᏏᏆ,und,"","",,Cherokee,theratgod,2023-05-14T14:21:20Z
39814,ᏓᎦᏏ,und,"","",,Cherokee,theratgod,2023-05-14T14:22:48Z
28339,ᎣᏛᎳᏘᎢ,und,"","",,Cherokee,theratgod,2023-05-14T14:23:28Z
58732,ᎤᎸᏗ,und,"","",,Cherokee,theratgod,2023-05-14T14:24:41Z
130991,ᏔᏆᎵ,und,"","",,Cherokee,theratgod,2023-05-14T14:25:33Z
135556,ᏃᏄ,und,"","",,Cherokee,theratgod,2023-05-14T14:26:14Z
16782,ᏗᎴᏆ,und,"","",,Cherokee,theratgod,2023-05-14T14:27:19Z
53549,ᏧᎩᏅ,und,"","",,Cherokee,theratgod,2023-05-14T14:29:31Z
67772,ᏧᏍᎦ ᏓᎶᏗ,und,"","",,Cherokee,theratgod,2023-05-14T14:30:39Z
79484,ᎠᏍᏋᏁᏓ,und,"","",,Cherokee,theratgod,2023-05-14T14:31:13Z
119994,ᏣᎦᏱ,und,"","",,Cherokee,theratgod,2023-05-14T14:34:10Z
127684,ᏗᎾᏓᏍᏓᏍᎩ ᎤᏂᏁᎦ,und,"","",,Cherokee,theratgod,2023-05-14T14:35:10Z
891704,ᏧᏕᏒᎾᎵ,und,"","",,Cherokee,theratgod,2023-05-14T14:37:10Z
57512,ᎤᏓᎵ,und,"","",,Cherokee,theratgod,2023-05-14T14:39:18Z
128931,ᏆᎷᏏ,und,"","",,Cherokee,theratgod,2023-05-14T14:40:02Z
243399,ᎨᎳᏗ,und,"","",,Cherokee,theratgod,2023-05-14T14:44:44Z
68053,ᎤᏂᏖᎸᎳᏗ,und,"","",,Cherokee,theratgod,2023-05-14T14:45:44Z
68053,ᏖᎸᎳᏗ,und,"","",,Cherokee,theratgod,2023-05-14T14:46:03Z
82529,ᏆᎷᏏ,und,"","",,Cherokee,theratgod,2023-05-14T14:48:34Z
42054,ᏧᎳ,und,"","",,Cherokee,theratgod,2023-05-14T14:49:08Z
332548,ᏎᎷᏉᏯ,und,"","",,Cherokee,theratgod,2023-05-14T14:52:18Z
3454,ᎫᎴᏗᏍᎪᏂᎯ,und,"","",,Cherokee,theratgod,2023-05-14T14:53:56Z
128695,ᏎᎷ ᏉᏯ,und,"","",,Cherokee,Southern Appalachia,2023-11-30T15:15:53Z
116735,ᏐᏨᎾ,und,"","",,Cherokee,Annkatrin Rose,2024-03-14T15:56:00Z
121747,ᎢᎯᏯ,und,"","",,Cherokee,Annkatrin Rose,2024-03-14T16:00:30Z
43584,ᏴᏫ,und,"","",,Cherokee,theratgod,2024-03-20T12:26:37Z
