id,vernacularName,language,locality,countryCode,source,lexicon,contributor,created
47549,Имӓн каваштанвлӓ,und,"","",,Hill Mari,John E. Christensen,2017-12-02T21:14:10Z
48035,Фиалкы цӹреӓн тангыж шӱлӹ,und,"","",,Hill Mari,John E. Christensen,2017-12-12T13:01:40Z
47372,Секвойя,und,"","",,Hill Mari,John E. Christensen,2018-02-08T20:37:12Z
333586,Йӹл,und,"","",,Hill Mari,John E. Christensen,2018-07-11T14:12:00Z
505478,Цӹвӹ,und,"","",,Hill Mari,John E. Christensen,2019-12-18T08:44:37Z
367672,Абиссини сиргек,und,"","",,Hill Mari,Марина Горбунова-Ëлкина,2020-06-29T12:08:10Z
34016,Сандберг фельзума,und,"","",,Hill Mari,Zane Roskoph,2021-08-01T15:27:26Z
34068,Изи Сейшел фельзума,und,"","",,Hill Mari,Zane Roskoph,2021-08-01T15:30:02Z
34075,Кого Сейшел фельзума,und,"","",,Hill Mari,Zane Roskoph,2021-08-01T15:55:25Z
18910,Сейшел шӓргӓшӓн попугай,und,"","",,Hill Mari,Zane Roskoph,2021-08-01T17:40:35Z
539193,Линдберг цӓрӓ сӹнзӓӓн сцинк,und,"","",,Hill Mari,Zane Roskoph,2021-08-02T12:28:35Z
43136,Сарикӓ морен,und,"","",,Hill Mari,Zane Roskoph,2021-08-09T18:37:05Z
339893,Сӹнзӓлыкан тӹшкӓ танагра,und,"","",,Hill Mari,Zane Roskoph,2021-08-09T19:32:11Z
34082,Реюньон тӹрлӹмӹ фельзума,und,"","",,Hill Mari,Zane Roskoph,2021-08-10T11:37:52Z
35347,Тангыж игуана,und,"","",,Hill Mari,Zane Roskoph,2021-08-10T19:50:16Z
3451,Галапагос тыргӓдӹ,und,"","",,Hill Mari,Zane Roskoph,2021-08-11T11:42:49Z
41644,Ош мӧскӓ,und,"","",,Hill Mari,Zane Roskoph,2021-08-11T16:54:20Z
18941,Кеа,und,"","",,Hill Mari,Zane Roskoph,2021-08-12T14:34:05Z
112581,Шигол,und,"","",,Hill Mari,Zane Roskoph,2021-08-14T18:20:15Z
102975,Ошкол,und,"","",,Hill Mari,Zane Roskoph,2021-08-14T18:53:30Z
41964,Арыслан,und,"","",,Hill Mari,Zane Roskoph,2021-08-24T15:04:45Z
540200,У Гвиней вӹд питон,und,"","",,Hill Mari,Zane Roskoph,2021-08-25T14:32:58Z
39453,Гигант варан,und,"","",,Hill Mari,Zane Roskoph,2021-08-27T16:08:11Z
31519,Молох,und,"","",,Hill Mari,Zane Roskoph,2021-08-27T17:39:13Z
53858,пареҥгысаска,und,"","",,Hill Mari,Yann Kemper,2022-11-12T15:02:34Z
53779,умлавондо,und,"","",,Hill Mari,Yann Kemper,2022-11-12T15:03:24Z
17871,ала шиштӹ,und,"","",,Hill Mari,Марина Горбунова-Ëлкина,2022-12-27T00:58:17Z
8088,алагек,und,"","",,Hill Mari,Марина Горбунова-Ëлкина,2022-12-27T00:58:39Z
109062,алангы,und,"","",,Hill Mari,Марина Горбунова-Ëлкина,2022-12-27T00:59:26Z
6990,Алашоэ,und,"","",,Hill Mari,Марина Горбунова-Ëлкина,2022-12-27T00:59:51Z
41850,Ама,und,"","",,Hill Mari,Марина Горбунова-Ëлкина,2022-12-27T01:01:33Z
117055,амашкек,und,"","",,Hill Mari,Марина Горбунова-Ëлкина,2022-12-27T01:02:00Z
116804,амыж кек,und,"","",,Hill Mari,Марина Горбунова-Ëлкина,2022-12-27T01:03:51Z
48419,арашӹнгӓ́вонгы,und,"","",,Hill Mari,Марина Горбунова-Ëлкина,2022-12-27T01:05:09Z
48486,ая́рлӹпӹ,und,"","",,Hill Mari,Марина Горбунова-Ëлкина,2022-12-27T01:06:08Z
5268,ӓмӹрт,und,"","",,Hill Mari,Марина Горбунова-Ëлкина,2022-12-27T01:07:29Z
47118,ӓнгӹремшӹ,und,"","",,Hill Mari,Марина Горбунова-Ëлкина,2022-12-27T01:08:21Z
47118,ӓнгӹремӹш,und,"","",,Hill Mari,Марина Горбунова-Ëлкина,2022-12-27T01:08:35Z
75445,ӓнис,und,"","",,Hill Mari,Марина Горбунова-Ëлкина,2022-12-27T01:09:43Z
117016,ӓпшӓткек,und,"","",,Hill Mari,Марина Горбунова-Ëлкина,2022-12-27T05:47:39Z
117016,Амашкек,und,"","",,Hill Mari,Марина Горбунова-Ëлкина,2022-12-27T05:51:17Z
4627,Якшар шӱӓн тыкты,und,"","",,Hill Mari,Марина Горбунова-Ëлкина,2022-12-27T05:52:06Z
4623,Шимшӱӓн тыкты,und,"","",,Hill Mari,Марина Горбунова-Ëлкина,2022-12-27T05:52:27Z
4621,Ош шӱӓн тыкты,und,"","",,Hill Mari,Марина Горбунова-Ëлкина,2022-12-27T05:52:56Z
4622,Ош нерӓн тыкты,und,"","",,Hill Mari,Марина Горбунова-Ëлкина,2022-12-27T05:55:38Z
4237,Изи вишкӹр,und,"","",,Hill Mari,Марина Горбунова-Ëлкина,2022-12-27T05:55:56Z
4224,Вишкӹр,und,"","",,Hill Mari,Марина Горбунова-Ëлкина,2022-12-27T05:56:15Z
4208,Шуран вишкӹр,und,"","",,Hill Mari,Марина Горбунова-Ëлкина,2022-12-27T05:56:32Z
4209,Якшар шӱӓн вишкӹр,und,"","",,Hill Mari,Марина Горбунова-Ëлкина,2022-12-27T05:56:50Z
4205,Шим вишкӹр,und,"","",,Hill Mari,Марина Горбунова-Ëлкина,2022-12-27T05:57:05Z
4142,Ош тупан альбатрос,und,"","",,Hill Mari,Марина Горбунова-Ëлкина,2022-12-27T05:58:16Z
4144,Шим тупан альбатрос,und,"","",,Hill Mari,Марина Горбунова-Ëлкина,2022-12-27T05:58:37Z
4141,Шим ялан альбатрос,und,"","",,Hill Mari,Марина Горбунова-Ëлкина,2022-12-27T05:58:53Z
67562,Тыкты ганьывлӓ,und,"","",,Hill Mari,Марина Горбунова-Ëлкина,2022-12-27T06:00:54Z
4619,Тыкты йишвлӓ,und,"","",,Hill Mari,Марина Горбунова-Ëлкина,2022-12-27T06:01:15Z
4620,Тыкты,und,"","",,Hill Mari,Марина Горбунова-Ëлкина,2022-12-27T06:02:08Z
67563,Вишкӹр ганьывлӓ,und,"","",,Hill Mari,Марина Горбунова-Ëлкина,2022-12-27T06:02:42Z
4203,Вишкӹр йишвлӓ,und,"","",,Hill Mari,Марина Горбунова-Ëлкина,2022-12-27T06:03:00Z
67526,Альбатрос йишвлӓ,und,"","",,Hill Mari,Марина Горбунова-Ëлкина,2022-12-27T06:05:21Z
67566,Пеликан ганьывлӓ,und,"","",,Hill Mari,Марина Горбунова-Ëлкина,2022-12-27T06:10:21Z
4323,Пеликан йишвлӓ,und,"","",,Hill Mari,Марина Горбунова-Ëлкина,2022-12-27T06:10:37Z
4628,Фрегат йишвлӓ,und,"","",,Hill Mari,Марина Горбунова-Ëлкина,2022-12-27T06:11:25Z
4929,Мыгыльонг йишвлӓ,und,"","",,Hill Mari,Марина Горбунова-Ëлкина,2022-12-27T06:12:32Z
4954,Мыгыльонг,und,"","",,Hill Mari,Марина Горбунова-Ëлкина,2022-12-27T06:14:14Z
4954,Мыгыльшӱ,und,"","",,Hill Mari,Марина Горбунова-Ëлкина,2022-12-27T06:14:26Z
5033,Вӹдӱшкӱж,und,"","",,Hill Mari,Марина Горбунова-Ëлкина,2022-12-27T06:16:33Z
3727,Ибис йишвлӓ,und,"","",,Hill Mari,Марина Горбунова-Ëлкина,2022-12-27T06:17:06Z
3738,Шим вуян ибис,und,"","",,Hill Mari,Марина Горбунова-Ëлкина,2022-12-27T06:17:32Z
3774,Якшар ялан ибис,und,"","",,Hill Mari,Марина Горбунова-Ëлкина,2022-12-27T06:17:50Z
3726,Цӓрлӓнгӹ ганьывлӓ,und,"","",,Hill Mari,Марина Горбунова-Ëлкина,2022-12-27T06:18:21Z
4730,Цӓрлӓнгӹ йишвлӓ,und,"","",,Hill Mari,Марина Горбунова-Ëлкина,2022-12-27T06:18:38Z
4736,Шим цӓрлӓнгӹ,und,"","",,Hill Mari,Марина Горбунова-Ëлкина,2022-12-27T06:22:53Z
4733,Ош цӓрлӓнгӹ,und,"","",,Hill Mari,Марина Горбунова-Ëлкина,2022-12-27T06:23:15Z
4739,Шим нерӓн цӓрлӓнгӹ,und,"","",,Hill Mari,Марина Горбунова-Ëлкина,2022-12-27T06:23:36Z
67569,Фламинго ганьывлӓ,und,"","",,Hill Mari,Марина Горбунова-Ëлкина,2022-12-27T06:25:18Z
4255,Фламинго йишвлӓ,und,"","",,Hill Mari,Марина Горбунова-Ëлкина,2022-12-27T06:26:23Z
73222,Лачокла фламинго,und,"","",,Hill Mari,Марина Горбунова-Ëлкина,2022-12-27T06:27:21Z
6888,Комбы ганьывлӓ,und,"","",,Hill Mari,Марина Горбунова-Ëлкина,2022-12-27T06:28:58Z
6912,Лыды йишвлӓ,und,"","",,Hill Mari,Марина Горбунова-Ëлкина,2022-12-27T06:29:21Z
6921,Эхелян йӱксӹ,und,"","",,Hill Mari,Марина Горбунова-Ëлкина,2022-12-27T06:31:17Z
6916,Мырышы йӱксӹ,und,"","",,Hill Mari,Марина Горбунова-Ëлкина,2022-12-27T06:31:35Z
196538,Изи йӱксӹ,und,"","",,Hill Mari,Марина Горбунова-Ëлкина,2022-12-27T06:31:51Z
7019,Ош лепкӓн комбы,und,"","",,Hill Mari,Марина Горбунова-Ëлкина,2022-12-27T06:32:11Z
7018,Кек комбы,und,"","",,Hill Mari,Марина Горбунова-Ëлкина,2022-12-27T06:33:24Z
7008,Кырык комбы,und,"","",,Hill Mari,Марина Горбунова-Ëлкина,2022-12-27T06:33:57Z
558426,Ош комбы,und,"","",,Hill Mari,Марина Горбунова-Ëлкина,2022-12-27T06:34:12Z
558427,Росс комбы,und,"","",,Hill Mari,Марина Горбунова-Ëлкина,2022-12-27T06:34:33Z
558425,Ош шӱӓн комбы,und,"","",,Hill Mari,Марина Горбунова-Ëлкина,2022-12-27T06:35:06Z
7068,Якшарлыды,und,"","",,Hill Mari,Марина Горбунова-Ëлкина,2022-12-27T06:36:58Z
558439,Когогек лыды,und,"","",,Hill Mari,Марина Горбунова-Ëлкина,2022-12-27T06:37:17Z
123676,Ыжар шылдыран аргек,und,"","",,Hill Mari,Марина Горбунова-Ëлкина,2022-12-27T06:37:34Z
6937,Аргек,und,"","",,Hill Mari,Марина Горбунова-Ëлкина,2022-12-27T06:37:46Z
6937,Шимаргек,und,"","",,Hill Mari,Марина Горбунова-Ëлкина,2022-12-27T06:38:37Z
6930,Кого лыды,und,"","",,Hill Mari,Марина Горбунова-Ëлкина,2022-12-27T06:39:04Z
558429,Ошаргек,und,"","",,Hill Mari,Марина Горбунова-Ëлкина,2022-12-27T06:41:36Z
558438,Саваланер,und,"","",,Hill Mari,Марина Горбунова-Ëлкина,2022-12-27T06:42:37Z
144221,Шим лыды,und,"","",,Hill Mari,Марина Горбунова-Ëлкина,2022-12-27T06:42:58Z
6990,Алалыды,und,"","",,Hill Mari,Марина Горбунова-Ëлкина,2022-12-27T06:43:38Z
67570,Вӓрӓш ганьывлӓ,und,"","",,Hill Mari,Марина Горбунова-Ëлкина,2022-12-27T06:44:38Z
200958,Сексӹ йишвлӓ,und,"","",,Hill Mari,Марина Горбунова-Ëлкина,2022-12-27T06:44:55Z
116999,Сексӹ,und,"","",,Hill Mari,Марина Горбунова-Ëлкина,2022-12-27T06:45:13Z
116999,Колвӓрӓш,und,"","",,Hill Mari,Марина Горбунова-Ëлкина,2022-12-27T06:45:35Z
5067,Вӓрӓш йишвлӓ,und,"","",,Hill Mari,Марина Горбунова-Ëлкина,2022-12-27T06:46:05Z
5267,Якшар ӓмӹрт,und,"","",,Hill Mari,Марина Горбунова-Ëлкина,2022-12-27T06:48:24Z
5268,Шим ӓмӹрт,und,"","",,Hill Mari,Марина Горбунова-Ëлкина,2022-12-27T06:50:06Z
5312,Кужы пачан колгучкыж,und,"","",,Hill Mari,Марина Горбунова-Ëлкина,2022-12-27T06:50:28Z
5309,Ош пачан колгучкыж,und,"","",,Hill Mari,Марина Горбунова-Ëлкина,2022-12-27T06:50:49Z
5309,Ошпач,und,"","",,Hill Mari,Марина Горбунова-Ëлкина,2022-12-27T06:51:00Z
5309,Колгучкыж,und,"","",,Hill Mari,Марина Горбунова-Ëлкина,2022-12-27T06:51:28Z
5305,Ош вуян колгучкыж,und,"","",,Hill Mari,Марина Горбунова-Ëлкина,2022-12-27T06:53:03Z
5304,Ош ӹнгӹжӓӓн колгучкыж,und,"","",,Hill Mari,Марина Горбунова-Ëлкина,2022-12-27T06:53:57Z
5361,Виля качшы кучкыж,und,"","",,Hill Mari,Марина Горбунова-Ëлкина,2022-12-27T06:54:22Z
5242,Кӹшкӹ шӓлӓнгӹ,und,"","",,Hill Mari,Марина Горбунова-Ëлкина,2022-12-27T06:54:42Z
5173,Куп кыльы,und,"","",,Hill Mari,Марина Горбунова-Ëлкина,2022-12-27T06:55:15Z
5173,Йӓргӹльӹ,und,"","",,Hill Mari,Марина Горбунова-Ëлкина,2022-12-27T06:56:21Z
559064,Ныр кыльы,und,"","",,Hill Mari,Марина Горбунова-Ëлкина,2022-12-27T06:56:58Z
5167,Алык кыльы,und,"","",,Hill Mari,Марина Горбунова-Ëлкина,2022-12-27T06:57:12Z
5106,Салдивӓрӓш,und,"","",,Hill Mari,Марина Горбунова-Ëлкина,2022-12-27T06:57:42Z
204472,Шӓлӓнгӹ,und,"","",,Hill Mari,Марина Горбунова-Ëлкина,2022-12-27T06:59:45Z
204472,Шалангы,und,"","",,Hill Mari,Марина Горбунова-Ëлкина,2022-12-27T06:59:56Z
5192,Степь кучкыж,und,"","",,Hill Mari,Марина Горбунова-Ëлкина,2022-12-27T07:01:16Z
5200,Кого шӓлӓнгӹ,und,"","",,Hill Mari,Марина Горбунова-Ëлкина,2022-12-27T07:01:33Z
201035,Кӹршӱнгӹш,und,"","",,Hill Mari,Марина Горбунова-Ëлкина,2022-12-27T07:01:47Z
4637,Кыргельӹ йишвлӓ,und,"","",,Hill Mari,Марина Горбунова-Ëлкина,2022-12-27T07:03:39Z
472766,Калявӓрӓш,und,"","",,Hill Mari,Марина Горбунова-Ëлкина,2022-12-27T07:05:03Z
4641,Изи вӓрӓш,und,"","",,Hill Mari,Марина Горбунова-Ëлкина,2022-12-27T07:05:21Z
4643,Кыргельӹ,und,"","",,Hill Mari,Марина Горбунова-Ëлкина,2022-12-27T07:05:44Z
573,Цӹвӹ ганьывлӓ,und,"","",,Hill Mari,Марина Горбунова-Ëлкина,2022-12-27T07:09:19Z
574,Кӹдӹр йишвлӓ,und,"","",,Hill Mari,Марина Горбунова-Ëлкина,2022-12-27T07:10:53Z
931,Ош мызы,und,"","",,Hill Mari,Марина Горбунова-Ëлкина,2022-12-27T07:26:43Z
1026,Сузы,und,"","",,Hill Mari,Марина Горбунова-Ëлкина,2022-12-27T07:27:20Z
1289697,Кӹдӹр,und,"","",,Hill Mari,Марина Горбунова-Ëлкина,2022-12-27T07:28:36Z
1289696,Кавкази кӹдӹр,und,"","",,Hill Mari,Марина Горбунова-Ëлкина,2022-12-27T07:29:01Z
558443,Мызы,und,"","",,Hill Mari,Марина Горбунова-Ëлкина,2022-12-27T07:29:21Z
574,Фазан йишвлӓ,und,"","",,Hill Mari,Марина Горбунова-Ëлкина,2022-12-27T07:29:48Z
846,Кеклик,und,"","",,Hill Mari,Марина Горбунова-Ëлкина,2022-12-27T07:31:27Z
831,Ирмызы,und,"","",,Hill Mari,Марина Горбунова-Ëлкина,2022-12-27T07:31:50Z
804,Выльдырцан,und,"","",,Hill Mari,Марина Горбунова-Ëлкина,2022-12-27T07:34:02Z
804,Выльдырцы,und,"","",,Hill Mari,Марина Горбунова-Ëлкина,2022-12-27T07:34:13Z
4,Тыртня ганьывлӓ,und,"","",,Hill Mari,Марина Горбунова-Ëлкина,2022-12-27T07:34:57Z
23,Тыртня йишвлӓ,und,"","",,Hill Mari,Марина Горбунова-Ëлкина,2022-12-27T07:35:18Z
144289,Ош тыртня,und,"","",,Hill Mari,Марина Горбунова-Ëлкина,2022-12-27T07:36:33Z
508048,Канада тыртня,und,"","",,Hill Mari,Марина Горбунова-Ëлкина,2022-12-27T07:37:07Z
508057,Даури тыртня,und,"","",,Hill Mari,Марина Горбунова-Ëлкина,2022-12-27T07:43:48Z
41,Луды тыртня,und,"","",,Hill Mari,Марина Горбунова-Ëлкина,2022-12-27T07:45:01Z
26,Шим тыртня,und,"","",,Hill Mari,Марина Горбунова-Ëлкина,2022-12-27T07:45:29Z
39,Япони тыртня,und,"","",,Hill Mari,Марина Горбунова-Ëлкина,2022-12-27T07:45:47Z
443,Кӓрш,und,"","",,Hill Mari,Марина Горбунова-Ëлкина,2022-12-27T07:46:09Z
201282,Куп цӹвӹ,und,"","",,Hill Mari,Марина Горбунова-Ëлкина,2022-12-27T07:46:27Z
482,Вӹдцӹвӹ,und,"","",,Hill Mari,Марина Горбунова-Ëлкина,2022-12-27T07:46:42Z
4574,Якана йишвлӓ,und,"","",,Hill Mari,Марина Горбунова-Ëлкина,2022-12-27T07:58:35Z
71325,Алавӹтельӹ йишвлӓ,und,"","",,Hill Mari,Марина Горбунова-Ëлкина,2022-12-27T08:22:52Z
4857,Кӹшедӹк,und,"","",,Hill Mari,Марина Горбунова-Ëлкина,2022-12-27T08:24:09Z
4875,Луды кӹшедӹк,und,"","",,Hill Mari,Марина Горбунова-Ëлкина,2022-12-27T08:26:05Z
3835,Курмызак йишвлӓ,und,"","",,Hill Mari,Марина Горбунова-Ëлкина,2022-12-27T08:26:37Z
3931,Курмызак,und,"","",,Hill Mari,Марина Горбунова-Ëлкина,2022-12-27T08:26:59Z
3911,Изи йымынтӓгӓ,und,"","",,Hill Mari,Марина Горбунова-Ëлкина,2022-12-27T08:28:43Z
3914,Япони йымынтӓгӓ,und,"","",,Hill Mari,Марина Горбунова-Ëлкина,2022-12-27T08:29:36Z
3921,Ази йымынтӓгӓ,und,"","",,Hill Mari,Марина Горбунова-Ëлкина,2022-12-27T08:29:54Z
318836,Йымынтӓгӓ,und,"","",,Hill Mari,Марина Горбунова-Ëлкина,2022-12-27T08:30:23Z
144496,Америка йымынтӓгӓ,und,"","",,Hill Mari,Марина Горбунова-Ëлкина,2022-12-27T08:30:43Z
3896,Йӱрлӹквӹтельӹ,und,"","",,Hill Mari,Марина Горбунова-Ëлкина,2022-12-27T08:31:15Z
339593,Трактан,und,"","",,Hill Mari,Марина Горбунова-Ëлкина,2022-12-27T08:31:36Z
4342,Колшӹре йишвлӓ,und,"","",,Hill Mari,Марина Горбунова-Ëлкина,2022-12-27T08:32:04Z
4370,Шим пачан колшӹре,und,"","",,Hill Mari,Марина Горбунова-Ëлкина,2022-12-27T08:32:37Z
4356,Симсӹ колшӹре,und,"","",,Hill Mari,Марина Горбунова-Ëлкина,2022-12-27T08:32:55Z
4368,Тангыж колшӹре,und,"","",,Hill Mari,Марина Горбунова-Ëлкина,2022-12-27T08:33:15Z
4399,Луды шылдыран колшӹре,und,"","",,Hill Mari,Марина Горбунова-Ëлкина,2022-12-27T08:33:29Z
144510,Колшӹре,und,"","",,Hill Mari,Марина Горбунова-Ëлкина,2022-12-27T08:33:48Z
144502,Бонапарт колшӹре,und,"","",,Hill Mari,Марина Горбунова-Ëлкина,2022-12-27T08:41:09Z
144500,Китай колшӹре,und,"","",,Hill Mari,Марина Горбунова-Ëлкина,2022-12-27T08:41:30Z
144517,Мӱлӓндӹ лоштыш тангыж колшӹре,und,"","",,Hill Mari,Марина Горбунова-Ëлкина,2022-12-27T08:42:11Z
144512,Изи колшӹре,und,"","",,Hill Mari,Марина Горбунова-Ëлкина,2022-12-27T08:43:14Z
144511,Кӹрӓн вуян колшӹре,und,"","",,Hill Mari,Марина Горбунова-Ëлкина,2022-12-27T08:43:35Z
4555,Ош колшӹре,und,"","",,Hill Mari,Марина Горбунова-Ëлкина,2022-12-27T08:43:53Z
4557,Ошалгы-якшар колшӹре,und,"","",,Hill Mari,Марина Горбунова-Ëлкина,2022-12-27T08:45:50Z
4540,Шылдырдымы гагарка,und,"","",,Hill Mari,Марина Горбунова-Ëлкина,2022-12-27T08:46:22Z
2708,Кӓдӹ ганьывлӓ,und,"","",,Hill Mari,Марина Горбунова-Ëлкина,2022-12-27T08:47:15Z
2715,Кӓдӹ йишвлӓ,und,"","",,Hill Mari,Марина Горбунова-Ëлкина,2022-12-27T08:47:34Z
3017,Кӓдӹ,und,"","",,Hill Mari,Марина Горбунова-Ëлкина,2022-12-27T08:48:03Z
122767,Тонышы кӓдӹ,und,"","",,Hill Mari,Марина Горбунова-Ëлкина,2022-12-27T08:48:21Z
3033,Ӱлдӹк кӓдӹ,und,"","",,Hill Mari,Марина Горбунова-Ëлкина,2022-12-27T08:49:32Z
3015,Кӹрӓн кӓдӹ,und,"","",,Hill Mari,Марина Горбунова-Ëлкина,2022-12-27T08:49:54Z
3048,Когогӓды,und,"","",,Hill Mari,Марина Горбунова-Ëлкина,2022-12-27T08:50:19Z
3072,Шим кӓдӹ,und,"","",,Hill Mari,Марина Горбунова-Ëлкина,2022-12-27T08:50:40Z
2938,Тыргӓдӹ,und,"","",,Hill Mari,Марина Горбунова-Ëлкина,2022-12-27T08:51:32Z
2927,Кого тыргӓдӹ,und,"","",,Hill Mari,Марина Горбунова-Ëлкина,2022-12-27T08:51:59Z
2969,Шӓргӓшӓн тыргӓдӹ,und,"","",,Hill Mari,Марина Горбунова-Ëлкина,2022-12-27T08:52:18Z
2935,Кӹтӹк пачан тыргӓдӹ,und,"","",,Hill Mari,Марина Горбунова-Ëлкина,2022-12-27T08:52:38Z
3424,Япони ыжар кӓдӹ,und,"","",,Hill Mari,Марина Горбунова-Ëлкина,2022-12-27T08:53:16Z
1623,Куку ганьывлӓ,und,"","",,Hill Mari,Марина Горбунова-Ëлкина,2022-12-27T08:53:47Z
1627,Куку йишвлӓ,und,"","",,Hill Mari,Марина Горбунова-Ëлкина,2022-12-27T08:54:11Z
1907,Куку,und,"","",,Hill Mari,Марина Горбунова-Ëлкина,2022-12-27T08:54:48Z
19350,Тымана ганьывлӓ,und,"","",,Hill Mari,Марина Горбунова-Ëлкина,2022-12-27T08:56:02Z
19728,Тымана йишвлӓ,und,"","",,Hill Mari,Марина Горбунова-Ëлкина,2022-12-27T08:56:51Z
204559,Шӱӓн шӱшкӓн тымана,und,"","",,Hill Mari,Марина Горбунова-Ëлкина,2022-12-27T09:00:29Z
144586,Шӱӓн чевер шӱшкӓн тымана,und,"","",,Hill Mari,Марина Горбунова-Ëлкина,2022-12-27T09:00:46Z
144588,Япони шӱшкӓн тымана,und,"","",,Hill Mari,Марина Горбунова-Ëлкина,2022-12-27T09:01:02Z
20244,Шӱшкӓн тымана,und,"","",,Hill Mari,Марина Горбунова-Ëлкина,2022-12-27T09:01:21Z
20059,Ӱнгӹ,und,"","",,Hill Mari,Марина Горбунова-Ëлкина,2022-12-27T09:01:37Z
144594,Ош тымана,und,"","",,Hill Mari,Марина Горбунова-Ëлкина,2022-12-27T09:01:55Z
72965,Кол качшы ӱнгӹ,und,"","",,Hill Mari,Марина Горбунова-Ëлкина,2022-12-27T09:04:11Z
19998,Изитымана,und,"","",,Hill Mari,Марина Горбунова-Ëлкина,2022-12-27T09:04:46Z
20359,Пырташтымана,und,"","",,Hill Mari,Марина Горбунова-Ëлкина,2022-12-27T09:05:02Z
20307,Пӹлӹшӓн тымана,und,"","",,Hill Mari,Марина Горбунова-Ëлкина,2022-12-27T09:05:21Z
20315,Алык тымана,und,"","",,Hill Mari,Марина Горбунова-Ëлкина,2022-12-27T09:05:37Z
67573,Шырлачы ганьывлӓ,und,"","",,Hill Mari,Марина Горбунова-Ëлкина,2022-12-27T09:06:15Z
19376,Лачокла шырлачы йишвлӓ,und,"","",,Hill Mari,Марина Горбунова-Ëлкина,2022-12-27T09:06:37Z
19404,Кого шырлачы,und,"","",,Hill Mari,Марина Горбунова-Ëлкина,2022-12-27T09:07:11Z
19410,Шырлачы,und,"","",,Hill Mari,Марина Горбунова-Ëлкина,2022-12-27T09:07:27Z
6544,Вӹрзи йишвлӓ,und,"","",,Hill Mari,Марина Горбунова-Ëлкина,2022-12-27T09:08:03Z
6638,Шим вӹрзи,und,"","",,Hill Mari,Марина Горбунова-Ëлкина,2022-12-27T09:09:22Z
5562,Колибри йишвлӓ,und,"","",,Hill Mari,Марина Горбунова-Ëлкина,2022-12-27T09:10:00Z
20716,Трогон йишвлӓ,und,"","",,Hill Mari,Марина Горбунова-Ëлкина,2022-12-27T09:10:30Z
20715,Трогон ганьывлӓ,und,"","",,Hill Mari,Марина Горбунова-Ëлкина,2022-12-27T09:10:52Z
20811,Ошалгы-якшар пачан Ази трогон,und,"","",,Hill Mari,Марина Горбунова-Ëлкина,2022-12-27T09:11:20Z
2114,Ыжар карак ганьывлӓ,und,"","",,Hill Mari,Марина Горбунова-Ëлкина,2022-12-27T09:12:24Z
2314,Коллоэц кек йишвлӓ,und,"","",,Hill Mari,Марина Горбунова-Ëлкина,2022-12-27T09:12:51Z
2599,Коллоэц кек,und,"","",,Hill Mari,Марина Горбунова-Ëлкина,2022-12-27T09:13:06Z
2556,Кого ала коллоэц кек,und,"","",,Hill Mari,Марина Горбунова-Ëлкина,2022-12-27T09:13:26Z
2662,Изи ала коллоэц кек,und,"","",,Hill Mari,Марина Горбунова-Ëлкина,2022-12-27T09:13:44Z
2183,Мӱкшкек йишвлӓ,und,"","",,Hill Mari,Марина Горбунова-Ëлкина,2022-12-27T09:14:17Z
2245,Ыжар мӱкшкек,und,"","",,Hill Mari,Марина Горбунова-Ëлкина,2022-12-27T09:14:31Z
2191,Мӱкшкек,und,"","",,Hill Mari,Марина Горбунова-Ëлкина,2022-12-27T09:14:46Z
2191,Мӱкшлоец,und,"","",,Hill Mari,Марина Горбунова-Ëлкина,2022-12-27T09:14:56Z
2262,Ыжар карак йишвлӓ,und,"","",,Hill Mari,Марина Горбунова-Ëлкина,2022-12-27T09:15:13Z
2266,Ыжар карак,und,"","",,Hill Mari,Марина Горбунова-Ëлкина,2022-12-27T09:16:12Z
17550,Шиштӹ ганьывлӓ,und,"","",,Hill Mari,Марина Горбунова-Ëлкина,2022-12-27T09:17:31Z
17599,Шиштӹ йишвлӓ,und,"","",,Hill Mari,Марина Горбунова-Ëлкина,2022-12-27T09:17:47Z
792977,Изи ала шиштӹ,und,"","",,Hill Mari,Марина Горбунова-Ëлкина,2022-12-27T09:18:53Z
17943,Ош тупан шиштӹ,und,"","",,Hill Mari,Марина Горбунова-Ëлкина,2022-12-27T09:19:17Z
17867,Сири шиштӹ,und,"","",,Hill Mari,Марина Горбунова-Ëлкина,2022-12-27T09:19:48Z
17942,Ош шылдыран шиштӹ,und,"","",,Hill Mari,Марина Горбунова-Ëлкина,2022-12-27T09:20:11Z
17835,Кергӹ,und,"","",,Hill Mari,Марина Горбунова-Ëлкина,2022-12-27T09:20:28Z
144243,Чӹнгшӹ,und,"","",,Hill Mari,Марина Горбунова-Ëлкина,2022-12-27T09:20:45Z
144243,Ыжар шиштӹ,und,"","",,Hill Mari,Марина Горбунова-Ëлкина,2022-12-27T09:20:53Z
7251,Орави ганьывлӓ,und,"","",,Hill Mari,Марина Горбунова-Ëлкина,2022-12-27T09:21:38Z
7284,Тьыри йишвлӓ,und,"","",,Hill Mari,Марина Горбунова-Ëлкина,2022-12-27T09:22:31Z
7367,Степь тьыри,und,"","",,Hill Mari,Марина Горбунова-Ëлкина,2022-12-27T09:22:53Z
7368,Монголи тьыри,und,"","",,Hill Mari,Марина Горбунова-Ëлкина,2022-12-27T09:23:05Z
558524,Ош шылдыран тьыри,und,"","",,Hill Mari,Марина Горбунова-Ëлкина,2022-12-27T09:23:40Z
7370,Шим тьыри,und,"","",,Hill Mari,Марина Горбунова-Ëлкина,2022-12-27T09:23:56Z
578093,Изи тьыри,und,"","",,Hill Mari,Марина Горбунова-Ëлкина,2022-12-27T09:24:31Z
546379,Луды тьыри,und,"","",,Hill Mari,Марина Горбунова-Ëлкина,2022-12-27T09:24:55Z
578607,Упшан тьыри,und,"","",,Hill Mari,Марина Горбунова-Ëлкина,2022-12-27T09:25:12Z
7347,Тьыри,und,"","",,Hill Mari,Марина Горбунова-Ëлкина,2022-12-27T09:25:35Z
516899,Япони тьыри,und,"","",,Hill Mari,Марина Горбунова-Ëлкина,2022-12-27T09:25:52Z
7350,Инди тьыри,und,"","",,Hill Mari,Марина Горбунова-Ëлкина,2022-12-27T09:26:07Z
7350,Шуран тьыри,und,"","",,Hill Mari,Марина Горбунова-Ëлкина,2022-12-27T09:26:22Z
11853,Цӹгӓк йишвлӓ,und,"","",,Hill Mari,Марина Горбунова-Ëлкина,2022-12-27T09:27:05Z
11941,Ляркӓ,und,"","",,Hill Mari,Марина Горбунова-Ëлкина,2022-12-27T09:27:49Z
11858,Ош лепкӓн цӹгӓк,und,"","",,Hill Mari,Марина Горбунова-Ëлкина,2022-12-27T09:28:06Z
11901,"Сола цӹгӓк,",und,"","",,Hill Mari,Марина Горбунова-Ëлкина,2022-12-27T09:28:24Z
64705,Льыртык,und,"","",,Hill Mari,Марина Горбунова-Ëлкина,2022-12-27T09:28:39Z
11867,Кого цӹгӓк,und,"","",,Hill Mari,Марина Горбунова-Ëлкина,2022-12-27T09:29:03Z
71339,Вӹтлӓнгӹ йишвлӓ,und,"","",,Hill Mari,Марина Горбунова-Ëлкина,2022-12-27T09:29:27Z
13695,Ош вӹтлӓнгӹ,und,"","",,Hill Mari,Марина Горбунова-Ëлкина,2022-12-27T09:29:49Z
339962,Камчатка вӹтлӓнгӹ,und,"","",,Hill Mari,Марина Горбунова-Ëлкина,2022-12-27T09:30:04Z
13702,Япони вӹтлӓнгӹ,und,"","",,Hill Mari,Марина Горбунова-Ëлкина,2022-12-27T09:30:22Z
13687,Сарикӓ вуян вӹтлӓнгӹ,und,"","",,Hill Mari,Марина Горбунова-Ëлкина,2022-12-27T09:30:44Z
545896,Изи сарикӓ вуян вӹтлӓнгӹ,und,"","",,Hill Mari,Марина Горбунова-Ëлкина,2022-12-27T09:30:59Z
204545,Сарикӓ вӹтлӓнгӹ,und,"","",,Hill Mari,Марина Горбунова-Ëлкина,2022-12-27T09:31:24Z
425967,Сарикӓ лепкӓн вӹтлӓнгӹ,und,"","",,Hill Mari,Марина Горбунова-Ëлкина,2022-12-27T09:31:44Z
143439,Шим вуян вӹтлӓнгӹ,und,"","",,Hill Mari,Марина Горбунова-Ëлкина,2022-12-27T09:31:55Z
513055,Ыжар вуян вӹтлӓнгӹ,und,"","",,Hill Mari,Марина Горбунова-Ëлкина,2022-12-27T09:32:22Z
145207,Беринги вӹтлӓнгӹ,und,"","",,Hill Mari,Марина Горбунова-Ëлкина,2022-12-27T09:32:43Z
13688,Кырык вӹтлӓнгӹ,und,"","",,Hill Mari,Марина Горбунова-Ëлкина,2022-12-27T09:33:03Z
14556,Бӱльбӱль йишвлӓ,und,"","",,Hill Mari,Марина Горбунова-Ëлкина,2022-12-27T09:34:35Z
204524,Шим бӱльбӱль,und,"","",,Hill Mari,Марина Горбунова-Ëлкина,2022-12-27T09:35:30Z
180354,Кож кӓзӓля йишвлӓ,und,"","",,Hill Mari,Марина Горбунова-Ëлкина,2022-12-27T09:35:56Z
793469,Сарикӓ вуян кож кӓзӓля,und,"","",,Hill Mari,Марина Горбунова-Ëлкина,2022-12-27T09:37:19Z
117097,Якшар вуян кож кӓзӓля,und,"","",,Hill Mari,Марина Горбунова-Ëлкина,2022-12-27T09:37:33Z
7423,Цӹлдӹр йишвлӓ,und,"","",,Hill Mari,Марина Горбунова-Ëлкина,2022-12-27T09:37:52Z
7429,Цӹлдӹр,und,"","",,Hill Mari,Марина Горбунова-Ëлкина,2022-12-27T09:38:10Z
7429,Упшан лагы,und,"","",,Hill Mari,Марина Горбунова-Ëлкина,2022-12-27T09:39:42Z
7432,Амур цӹлдӹр,und,"","",,Hill Mari,Марина Горбунова-Ëлкина,2022-12-27T09:40:40Z
7640,Куплагы йишвлӓ,und,"","",,Hill Mari,Марина Горбунова-Ëлкина,2022-12-27T09:54:01Z
7647,Куплагы,und,"","",,Hill Mari,Марина Горбунова-Ëлкина,2022-12-27T09:54:17Z
7647,Вӹдлагы,und,"","",,Hill Mari,Марина Горбунова-Ëлкина,2022-12-27T09:54:29Z
7642,Кӹрӓн куплагы,und,"","",,Hill Mari,Марина Горбунова-Ëлкина,2022-12-27T09:54:54Z
15977,Лагы йишвлӓ,und,"","",,Hill Mari,Марина Горбунова-Ëлкина,2022-12-27T09:56:20Z
201194,Сибирь лагы,und,"","",,Hill Mari,Марина Горбунова-Ëлкина,2022-12-27T10:25:51Z
13018,Ала лагы,und,"","",,Hill Mari,Марина Горбунова-Ëлкина,2022-12-27T10:33:00Z
12878,Свэнсон лагы,und,"","",,Hill Mari,Марина Горбунова-Ëлкина,2022-12-27T10:33:55Z
12770,Симсӹ лагы,und,"","",,Hill Mari,Марина Горбунова-Ëлкина,2022-12-27T10:34:12Z
12726,Ош мӹшкӹрӓн лагы,und,"","",,Hill Mari,Марина Горбунова-Ëлкина,2022-12-27T10:34:28Z
145086,Шим логерӓн лагы,und,"","",,Hill Mari,Марина Горбунова-Ëлкина,2022-12-27T10:36:22Z
12740,Шӱӓшӓн лагы,und,"","",,Hill Mari,Марина Горбунова-Ëлкина,2022-12-27T10:36:34Z
145087,Кӹрӓн лагы,und,"","",,Hill Mari,Марина Горбунова-Ëлкина,2022-12-27T10:36:58Z
12716,Шим лагы,und,"","",,Hill Mari,Марина Горбунова-Ëлкина,2022-12-27T10:37:16Z
203819,Якшар логерӓн лагы,und,"","",,Hill Mari,Марина Горбунова-Ëлкина,2022-12-27T10:37:34Z
203818,Науманн лагы,und,"","",,Hill Mari,Марина Горбунова-Ëлкина,2022-12-27T10:37:53Z
12707,Пӹзӹлмӹ лагы,und,"","",,Hill Mari,Марина Горбунова-Ëлкина,2022-12-27T10:38:11Z
12749,Изи лагы,und,"","",,Hill Mari,Марина Горбунова-Ëлкина,2022-12-27T10:39:04Z
12748,Мырызы лагы,und,"","",,Hill Mari,Марина Горбунова-Ëлкина,2022-12-27T10:39:24Z
12735,Кого лагы,und,"","",,Hill Mari,Марина Горбунова-Ëлкина,2022-12-27T10:39:38Z
12704,Арашӹнгӓлоэц йишвлӓ,und,"","",,Hill Mari,Марина Горбунова-Ëлкина,2022-12-27T10:41:25Z
12987,Сибирь арашӹнгӓлоэц,und,"","",,Hill Mari,Марина Горбунова-Ëлкина,2022-12-27T22:27:23Z
512431,Кымда нерӓн арашӹнгӓлоэц,und,"","",,Hill Mari,Марина Горбунова-Ëлкина,2022-12-27T22:27:38Z
204512,Ала арашӹнгӓлоэц,und,"","",,Hill Mari,Марина Горбунова-Ëлкина,2022-12-27T22:27:54Z
13133,Ош шӱӓн арашӹнгӓлоэц,und,"","",,Hill Mari,Марина Горбунова-Ëлкина,2022-12-27T22:40:47Z
13128,Япони арашӹнгӓлоэц,und,"","",,Hill Mari,Марина Горбунова-Ëлкина,2022-12-27T22:42:56Z
13113,Изи арашӹнгӓлоэц,und,"","",,Hill Mari,Марина Горбунова-Ëлкина,2022-12-27T22:43:16Z
13258,Симсӹ арашӹнгӓлоэц,und,"","",,Hill Mari,Марина Горбунова-Ëлкина,2022-12-27T22:43:30Z
13094,Чӓкчем,und,"","",,Hill Mari,Марина Горбунова-Ëлкина,2022-12-27T22:43:52Z
145057,Япони чӓкчем,und,"","",,Hill Mari,Марина Горбунова-Ëлкина,2022-12-27T22:44:07Z
13075,Шӹжвӹк,und,"","",,Hill Mari,Марина Горбунова-Ëлкина,2022-12-27T22:44:46Z
145064,Якшар шӱӓн шӹжвӹк,und,"","",,Hill Mari,Марина Горбунова-Ëлкина,2022-12-27T22:45:29Z
13071,Кечӹгек,und,"","",,Hill Mari,Марина Горбунова-Ëлкина,2022-12-27T22:45:56Z
145060,Симсӹ шӹжвӹк,und,"","",,Hill Mari,Марина Горбунова-Ëлкина,2022-12-27T22:46:14Z
210941,Симсӹпач,und,"","",,Hill Mari,Марина Горбунова-Ëлкина,2022-12-27T22:46:29Z
210941,Симсӹ пачан чӓкчем,und,"","",,Hill Mari,Марина Горбунова-Ëлкина,2022-12-27T22:46:40Z
13196,Ош шӱӓн шӹжвӹк,und,"","",,Hill Mari,Марина Горбунова-Ëлкина,2022-12-27T22:47:03Z
145026,Сир шӹжвӹк,und,"","",,Hill Mari,Марина Горбунова-Ëлкина,2022-12-27T22:47:29Z
73225,Якшар тупан тылгек,und,"","",,Hill Mari,Марина Горбунова-Ëлкина,2022-12-27T22:48:28Z
523153,Сӧдӧй вуян тылгек,und,"","",,Hill Mari,Марина Горбунова-Ëлкина,2022-12-27T22:48:47Z
13000,Шим тылгек,und,"","",,Hill Mari,Марина Горбунова-Ëлкина,2022-12-27T22:49:14Z
12992,Тылгек,und,"","",,Hill Mari,Марина Горбунова-Ëлкина,2022-12-27T22:49:30Z
12993,Сибирь тылгек,und,"","",,Hill Mari,Марина Горбунова-Ëлкина,2022-12-27T22:49:48Z
73224,Якшар мӹшкӹрӓн тылгек,und,"","",,Hill Mari,Марина Горбунова-Ëлкина,2022-12-27T22:55:04Z
12908,Ӱдӹмгек,und,"","",,Hill Mari,Марина Горбунова-Ëлкина,2022-12-27T22:55:18Z
12907,Кого ӱдӹмгек,und,"","",,Hill Mari,Марина Горбунова-Ëлкина,2022-12-27T22:55:43Z
201192,Шим вуян ӱдӹмгек,und,"","",,Hill Mari,Марина Горбунова-Ëлкина,2022-12-27T22:56:01Z
201193,Сибирь шим вуян ӱдӹмгек,und,"","",,Hill Mari,Марина Горбунова-Ëлкина,2022-12-27T22:56:17Z
55371,Африка шим вуян ӱдӹмгек,und,"","",,Hill Mari,Марина Горбунова-Ëлкина,2022-12-27T22:56:43Z
12910,Шим ӱдӹмгек,und,"","",,Hill Mari,Марина Горбунова-Ëлкина,2022-12-27T22:57:17Z
12822,Сиргек,und,"","",,Hill Mari,Марина Горбунова-Ëлкина,2022-12-27T22:57:52Z
12828,Шим шӱӓн сиргек,und,"","",,Hill Mari,Марина Горбунова-Ëлкина,2022-12-27T22:58:06Z
12830,Ала сиргек,und,"","",,Hill Mari,Марина Горбунова-Ëлкина,2022-12-27T22:58:19Z
12825,Испани сиргек,und,"","",,Hill Mari,Марина Горбунова-Ëлкина,2022-12-27T22:58:34Z
979835,Якшар пачан сиргек,und,"","",,Hill Mari,Марина Горбунова-Ëлкина,2022-12-27T22:59:03Z
12842,Пустыня сиргек,und,"","",,Hill Mari,Марина Горбунова-Ëлкина,2022-12-27T22:59:41Z
12837,Куштышы сиргек,und,"","",,Hill Mari,Марина Горбунова-Ëлкина,2022-12-27T22:59:54Z
12831,Шим сиргек,und,"","",,Hill Mari,Марина Горбунова-Ëлкина,2022-12-27T23:00:08Z
68507,Симсӹгек,und,"","",,Hill Mari,Марина Горбунова-Ëлкина,2022-12-27T23:00:32Z
116858,Кымдапач,und,"","",,Hill Mari,Марина Горбунова-Ëлкина,2022-12-27T23:01:24Z
116938,Цӹрцӹккек,und,"","",,Hill Mari,Марина Горбунова-Ëлкина,2022-12-27T23:01:50Z
1289502,Япони цӹрцӹккек,und,"","",,Hill Mari,Марина Горбунова-Ëлкина,2022-12-27T23:02:07Z
117187,Маньчжури амыжгек,und,"","",,Hill Mari,Марина Горбунова-Ëлкина,2022-12-27T23:03:09Z
116791,Инди амыжгек,und,"","",,Hill Mari,Марина Горбунова-Ëлкина,2022-12-27T23:03:28Z
204455,Амыжгек,und,"","",,Hill Mari,Марина Горбунова-Ëлкина,2022-12-27T23:05:05Z
793194,Кӹжгӹ нерӓн амыжгек,und,"","",,Hill Mari,Марина Горбунова-Ëлкина,2022-12-27T23:05:46Z
117049,Покшал Ази амашкек,und,"","",,Hill Mari,Марина Горбунова-Ëлкина,2022-12-27T23:06:09Z
117022,Кӹрӓн амашкек,und,"","",,Hill Mari,Марина Горбунова-Ëлкина,2022-12-27T23:06:25Z
117024,Инди амашкек,und,"","",,Hill Mari,Марина Горбунова-Ëлкина,2022-12-27T23:06:39Z
117047,Кӹжгӹ нерӓн амашкек,und,"","",,Hill Mari,Марина Горбунова-Ëлкина,2022-12-27T23:07:41Z
117054,Ыжар амашкек,und,"","",,Hill Mari,Марина Горбунова-Ëлкина,2022-12-27T23:08:58Z
117009,Сахалин амашкек,und,"","",,Hill Mari,Марина Горбунова-Ëлкина,2022-12-27T23:09:29Z
117036,Ыжар пачан амашкек,und,"","",,Hill Mari,Марина Горбунова-Ëлкина,2022-12-27T23:10:16Z
144925,Сарикӓ мӹшкӹрӓн амашкек,und,"","",,Hill Mari,Марина Горбунова-Ëлкина,2022-12-27T23:10:44Z
200978,Пандашан кӹсиӓ йишвлӓ,und,"","",,Hill Mari,Марина Горбунова-Ëлкина,2022-12-27T23:12:11Z
117000,Пандашан кӹсиӓ,und,"","",,Hill Mari,Марина Горбунова-Ëлкина,2022-12-27T23:12:34Z
7264,Кужы пачан кӹсиӓ йишвлӓ,und,"","",,Hill Mari,Марина Горбунова-Ëлкина,2022-12-27T23:14:18Z
7278,Кужы пачан кӹсиӓ,und,"","",,Hill Mari,Марина Горбунова-Ëлкина,2022-12-27T23:23:51Z
13547,Кӹсиӓ йишвлӓ,und,"","",,Hill Mari,Марина Горбунова-Ëлкина,2022-12-27T23:26:20Z
144809,Шим вуян кӹсиӓ,und,"","",,Hill Mari,Марина Горбунова-Ëлкина,2022-12-27T23:26:40Z
144812,Кӹрӓн вуян кӹсиӓ,und,"","",,Hill Mari,Марина Горбунова-Ëлкина,2022-12-27T23:26:57Z
144822,Луды вуян кӹсиӓ,und,"","",,Hill Mari,Марина Горбунова-Ëлкина,2022-12-27T23:27:13Z
144830,Упшан кӹсиӓ,und,"","",,Hill Mari,Марина Горбунова-Ëлкина,2022-12-27T23:27:30Z
203153,Кӹсиӓ,und,"","",,Hill Mari,Марина Горбунова-Ëлкина,2022-12-27T23:27:45Z
513973,Бухара кӹсиӓ,und,"","",,Hill Mari,Марина Горбунова-Ëлкина,2022-12-27T23:28:06Z
144851,Ош кӹсиӓ,und,"","",,Hill Mari,Марина Горбунова-Ëлкина,2022-12-27T23:28:33Z
14799,Цуня йишвлӓ,und,"","",,Hill Mari,Марина Горбунова-Ëлкина,2022-12-27T23:28:48Z
14824,Цуня,und,"","",,Hill Mari,Марина Горбунова-Ëлкина,2022-12-27T23:29:02Z
14814,Шим вуян цуня,und,"","",,Hill Mari,Марина Горбунова-Ëлкина,2022-12-27T23:29:19Z
14837,Шӓлӓн цуня,und,"","",,Hill Mari,Марина Горбунова-Ëлкина,2022-12-27T23:30:27Z
7448,Вуйжырнер йишвлӓ,und,"","",,Hill Mari,Марина Горбунова-Ëлкина,2022-12-27T23:32:06Z
7450,Вуйжырнер,und,"","",,Hill Mari,Марина Горбунова-Ëлкина,2022-12-27T23:32:38Z
7462,Кӹтӹк парнян вуйжырнер,und,"","",,Hill Mari,Марина Горбунова-Ëлкина,2022-12-27T23:32:52Z
17438,Ошсӹнзӓ йишвлӓ,und,"","",,Hill Mari,Марина Горбунова-Ëлкина,2022-12-27T23:33:11Z
980262,Япони ошсӹнзӓ,und,"","",,Hill Mari,Марина Горбунова-Ëлкина,2022-12-27T23:33:28Z
71343,Царамак йишвлӓ,und,"","",,Hill Mari,Марина Горбунова-Ëлкина,2022-12-27T23:33:58Z
204556,Царамак,und,"","",,Hill Mari,Марина Горбунова-Ëлкина,2022-12-27T23:34:21Z
204556,Нарынзыгек,und,"","",,Hill Mari,Марина Горбунова-Ëлкина,2022-12-27T23:34:33Z
204556,Котилу-пилу,und,"","",,Hill Mari,Марина Горбунова-Ëлкина,2022-12-27T23:34:44Z
204556,Ӹжӹвӹр,und,"","",,Hill Mari,Марина Горбунова-Ëлкина,2022-12-27T23:35:04Z
7867,Шим вуян царамак,und,"","",,Hill Mari,Марина Горбунова-Ëлкина,2022-12-27T23:35:37Z
12015,Шапренгӹ йишвлӓ,und,"","",,Hill Mari,Марина Горбунова-Ëлкина,2022-12-27T23:35:59Z
12051,Япони шапренгӹ,und,"","",,Hill Mari,Марина Горбунова-Ëлкина,2022-12-27T23:36:42Z
12038,Шапренгӹ,und,"","",,Hill Mari,Марина Горбунова-Ëлкина,2022-12-27T23:37:03Z
12042,Хыла шапренгӹ,und,"","",,Hill Mari,Марина Горбунова-Ëлкина,2022-12-27T23:37:16Z
12021,Сибирь шапренгӹ,und,"","",,Hill Mari,Марина Горбунова-Ëлкина,2022-12-27T23:37:40Z
12052,Инди шапренгӹ,und,"","",,Hill Mari,Марина Горбунова-Ëлкина,2022-12-27T23:38:16Z
12035,Кужы пачан шапренгӹ,und,"","",,Hill Mari,Марина Горбунова-Ëлкина,2022-12-27T23:38:47Z
559070,Луды шапренгӹ,und,"","",,Hill Mari,Марина Горбунова-Ëлкина,2022-12-27T23:40:22Z
12054,Шим лепкӓн шапренгӹ,und,"","",,Hill Mari,Марина Горбунова-Ëлкина,2022-12-27T23:41:01Z
12043,Ишкӹ пачан шапренгӹ,und,"","",,Hill Mari,Марина Горбунова-Ëлкина,2022-12-27T23:41:23Z
12039,Якшар вуян шапренгӹ,und,"","",,Hill Mari,Марина Горбунова-Ëлкина,2022-12-27T23:41:42Z
71318,Дронго йишвлӓ,und,"","",,Hill Mari,Марина Горбунова-Ëлкина,2022-12-27T23:42:28Z
8277,Шим дронго,und,"","",,Hill Mari,Марина Горбунова-Ëлкина,2022-12-27T23:42:57Z
7823,Карак йишвлӓ,und,"","",,Hill Mari,Марина Горбунова-Ëлкина,2022-12-27T23:44:05Z
8088,Кыпшыльы,und,"","",,Hill Mari,Марина Горбунова-Ëлкина,2022-12-27T23:44:44Z
72785,Симсӹ алагек,und,"","",,Hill Mari,Марина Горбунова-Ëлкина,2022-12-27T23:45:01Z
891696,Шагыртем,und,"","",,Hill Mari,Марина Горбунова-Ëлкина,2022-12-27T23:45:29Z
891696,Шагыртен,und,"","",,Hill Mari,Марина Горбунова-Ëлкина,2022-12-27T23:45:48Z
8502,Монголи алагек,und,"","",,Hill Mari,Марина Горбунова-Ëлкина,2022-12-27T23:46:14Z
204552,Ронгыж,und,"","",,Hill Mari,Марина Горбунова-Ëлкина,2022-12-27T23:46:32Z
8029,Шимкарак,und,"","",,Hill Mari,Марина Горбунова-Ëлкина,2022-12-27T23:47:17Z
8026,Кого нерӓн карак,und,"","",,Hill Mari,Марина Горбунова-Ëлкина,2022-12-27T23:47:33Z
8010,Курныгучкыж,und,"","",,Hill Mari,Марина Горбунова-Ëлкина,2022-12-27T23:47:49Z
8010,Шим курныгучкыж,und,"","",,Hill Mari,Марина Горбунова-Ëлкина,2022-12-27T23:48:00Z
8010,Курныж,und,"","",,Hill Mari,Марина Горбунова-Ëлкина,2022-12-27T23:48:16Z
8010,Курмыж,und,"","",,Hill Mari,Марина Горбунова-Ëлкина,2022-12-27T23:48:28Z
144757,Лудыгарак,und,"","",,Hill Mari,Марина Горбунова-Ëлкина,2022-12-27T23:48:47Z
14841,Шӹнгӹртӹш йишвлӓ,und,"","",,Hill Mari,Марина Горбунова-Ëлкина,2022-12-27T23:49:15Z
204454,Лачокла майна,und,"","",,Hill Mari,Марина Горбунова-Ëлкина,2022-12-27T23:49:45Z
547201,Изи шӹнгӹртӹш,und,"","",,Hill Mari,Марина Горбунова-Ëлкина,2022-12-27T23:50:10Z
145102,Китай шӹнгӹртӹш,und,"","",,Hill Mari,Марина Горбунова-Ëлкина,2022-12-27T23:51:08Z
145108,Ошалгы-якшар шӹнгӹртӹш,und,"","",,Hill Mari,Марина Горбунова-Ëлкина,2022-12-27T23:52:06Z
547179,Луды шӹнгӹртӹш,und,"","",,Hill Mari,Марина Горбунова-Ëлкина,2022-12-27T23:52:21Z
14850,Лачокла шӹнгӹртӹш,und,"","",,Hill Mari,Марина Горбунова-Ëлкина,2022-12-27T23:52:38Z
559249,Алык орави йишвлӓ,und,"","",,Hill Mari,Марина Горбунова-Ëлкина,2022-12-27T23:53:02Z
9195,Алык орави,und,"","",,Hill Mari,Марина Горбунова-Ëлкина,2022-12-27T23:54:29Z
9195,Шурнывач,und,"","",,Hill Mari,Марина Горбунова-Ëлкина,2022-12-27T23:54:45Z
9195,Изигек,und,"","",,Hill Mari,Марина Горбунова-Ëлкина,2022-12-27T23:55:00Z
9210,Ош калпакан алык орави,und,"","",,Hill Mari,Марина Горбунова-Ëлкина,2022-12-27T23:55:14Z
9211,Якшар нерӓн алык орави,und,"","",,Hill Mari,Марина Горбунова-Ëлкина,2022-12-27T23:55:36Z
9193,Кырык алык орави,und,"","",,Hill Mari,Марина Горбунова-Ëлкина,2022-12-27T23:56:01Z
9226,Годлевски алык орави,und,"","",,Hill Mari,Марина Горбунова-Ëлкина,2022-12-27T23:56:32Z
9216,Якшар пӹлӹшӓн алык орави,und,"","",,Hill Mari,Марина Горбунова-Ëлкина,2022-12-27T23:56:49Z
9223,Янковски алык орави,und,"","",,Hill Mari,Марина Горбунова-Ëлкина,2022-12-27T23:57:10Z
9217,Луды алык орави,und,"","",,Hill Mari,Марина Горбунова-Ëлкина,2022-12-27T23:59:47Z
9218,Сӧрӓн шӱӓн алык орави,und,"","",,Hill Mari,Марина Горбунова-Ëлкина,2022-12-28T00:00:25Z
9225,Тайга алык орави,und,"","",,Hill Mari,Марина Горбунова-Ëлкина,2022-12-28T00:00:45Z
9197,Изи алык орави,und,"","",,Hill Mari,Марина Горбунова-Ëлкина,2022-12-28T00:02:04Z
9187,Сарикӓ халан алык орави,und,"","",,Hill Mari,Марина Горбунова-Ëлкина,2022-12-28T00:02:19Z
9207,Сарикӓ логерӓн алык орави,und,"","",,Hill Mari,Марина Горбунова-Ëлкина,2022-12-28T00:02:33Z
9212,Сарикӓ алык орави,und,"","",,Hill Mari,Марина Горбунова-Ëлкина,2022-12-28T00:02:48Z
9203,Шим вуян алык орави,und,"","",,Hill Mari,Марина Горбунова-Ëлкина,2022-12-28T00:03:02Z
9215,Якшар вуян алык орави,und,"","",,Hill Mari,Марина Горбунова-Ëлкина,2022-12-28T00:03:16Z
9224,Япони сарикӓ алык орави,und,"","",,Hill Mari,Марина Горбунова-Ëлкина,2022-12-28T00:03:44Z
9199,Симсӹ алык орави,und,"","",,Hill Mari,Марина Горбунова-Ëлкина,2022-12-28T00:04:41Z
9201,Амыж алык орави,und,"","",,Hill Mari,Марина Горбунова-Ëлкина,2022-12-28T00:05:11Z
9981,Саванна алык орави,und,"","",,Hill Mari,Марина Горбунова-Ëлкина,2022-12-28T00:05:45Z
10227,Индиго алык орави,und,"","",,Hill Mari,Марина Горбунова-Ëлкина,2022-12-28T00:06:02Z
9176,Ош халан зонотрихи,und,"","",,Hill Mari,Марина Горбунова-Ëлкина,2022-12-28T00:06:48Z
9185,Шим халан зонотрихи,und,"","",,Hill Mari,Марина Горбунова-Ëлкина,2022-12-28T00:07:07Z
10094,Луды юнко,und,"","",,Hill Mari,Марина Горбунова-Ëлкина,2022-12-28T00:07:23Z
117059,Поран кек,und,"","",,Hill Mari,Марина Горбунова-Ëлкина,2022-12-28T00:07:36Z
9079,Алавирӹк йишвлӓ,und,"","",,Hill Mari,Марина Горбунова-Ëлкина,2022-12-28T00:08:25Z
10070,Пимба,und,"","",,Hill Mari,Марина Горбунова-Ëлкина,2022-12-28T00:08:38Z
10069,Алавирӹк,und,"","",,Hill Mari,Марина Горбунова-Ëлкина,2022-12-28T00:10:06Z
9613,Гималай кырык алавирӹк,und,"","",,Hill Mari,Марина Горбунова-Ëлкина,2022-12-28T00:10:19Z
9614,Сибирь кырык алавирӹк,und,"","",,Hill Mari,Марина Горбунова-Ëлкина,2022-12-28T00:11:18Z
9617,Америка кырык алавирӹк,und,"","",,Hill Mari,Марина Горбунова-Ëлкина,2022-12-28T00:12:14Z
10411,Важыкнер,und,"","",,Hill Mari,Марина Горбунова-Ëлкина,2022-12-28T00:12:48Z
10423,Ош шылдыран важыкнер,und,"","",,Hill Mari,Марина Горбунова-Ëлкина,2022-12-28T00:13:02Z
145360,Ыжарвирӹк,und,"","",,Hill Mari,Марина Горбунова-Ëлкина,2022-12-28T00:13:58Z
145361,Китай ыжарвирӹк,und,"","",,Hill Mari,Марина Горбунова-Ëлкина,2022-12-28T00:16:22Z
145300,Куги кӓзӓля,und,"","",,Hill Mari,Марина Горбунова-Ëлкина,2022-12-28T00:16:40Z
145303,Кӓзӓля,und,"","",,Hill Mari,Марина Горбунова-Ëлкина,2022-12-28T00:17:21Z
9398,Цӓцӓля,und,"","",,Hill Mari,Марина Горбунова-Ëлкина,2022-12-28T00:17:40Z
558633,Кырык куги кӓзӓля,und,"","",,Hill Mari,Марина Горбунова-Ëлкина,2022-12-28T00:19:04Z
9462,Имниӧрш,und,"","",,Hill Mari,Марина Горбунова-Ëлкина,2022-12-28T00:19:23Z
497049,Луды имниӧрш,und,"","",,Hill Mari,Марина Горбунова-Ëлкина,2022-12-28T00:19:44Z
355816,Уссури имниӧрш,und,"","",,Hill Mari,Марина Горбунова-Ëлкина,2022-12-28T00:19:53Z
9801,Кӹжгӹнер,und,"","",,Hill Mari,Марина Горбунова-Ëлкина,2022-12-28T00:20:45Z
10534,Изи шим вуян кӹжгӹнер,und,"","",,Hill Mari,Марина Горбунова-Ëлкина,2022-12-28T00:21:00Z
10535,Кого шим вуян кӹжгӹнер,und,"","",,Hill Mari,Марина Горбунова-Ëлкина,2022-12-28T00:21:22Z
10220,Арчa кӹжгӹнер,und,"","",,Hill Mari,Марина Горбунова-Ëлкина,2022-12-28T00:21:55Z
145292,Монголи имниӧрш,und,"","",,Hill Mari,Марина Горбунова-Ëлкина,2022-12-28T00:22:10Z
558596,Кужы пачан имниӧрш,und,"","",,Hill Mari,Марина Горбунова-Ëлкина,2022-12-28T00:22:22Z
13685,Орави йишвлӓ,und,"","",,Hill Mari,Марина Горбунова-Ëлкина,2022-12-28T00:22:36Z
13866,Саксаул орави,und,"","",,Hill Mari,Марина Горбунова-Ëлкина,2022-12-28T00:22:50Z
13858,Орави,und,"","",,Hill Mari,Марина Горбунова-Ëлкина,2022-12-28T00:23:05Z
13854,Шим онган орави,und,"","",,Hill Mari,Марина Горбунова-Ëлкина,2022-12-28T00:23:19Z
793321,Сӧрӓн орави,und,"","",,Hill Mari,Марина Горбунова-Ëлкина,2022-12-28T00:23:36Z
13851,Ныр орави,und,"","",,Hill Mari,Марина Горбунова-Ëлкина,2022-12-28T00:23:50Z
204544,Лым орави,und,"","",,Hill Mari,Марина Горбунова-Ëлкина,2022-12-28T00:24:04Z
735066,Ӓрлӓн,und,"","",,Hill Mari,Марина Горбунова-Ëлкина,2022-12-28T00:26:46Z
43698,Ньымыштшывлӓ,und,"","",,Hill Mari,Марина Горбунова-Ëлкина,2022-12-28T00:27:03Z
43698,Ньымыштшы йӓнвлӓ,und,"","",,Hill Mari,Марина Горбунова-Ëлкина,2022-12-28T00:27:19Z
870764,Ындыр ганьывлӓ,und,"","",,Hill Mari,Марина Горбунова-Ëлкина,2022-12-28T00:28:57Z
43791,Ындыр йишвлӓ,und,"","",,Hill Mari,Марина Горбунова-Ëлкина,2022-12-28T00:29:33Z
44027,Гофер йишвлӓ,und,"","",,Hill Mari,Марина Горбунова-Ëлкина,2022-12-28T00:30:21Z
846211,Хути йишвлӓ,und,"","",,Hill Mari,Марина Горбунова-Ëлкина,2022-12-28T00:30:44Z
71389,Агути йишвлӓ,und,"","",,Hill Mari,Марина Горбунова-Ëлкина,2022-12-28T00:31:19Z
43835,Пакарана йишвлӓ,und,"","",,Hill Mari,Марина Горбунова-Ëлкина,2022-12-28T00:31:37Z
43909,Нутри йишвлӓ,und,"","",,Hill Mari,Марина Горбунова-Ëлкина,2022-12-28T00:32:54Z
55986,Ӓрлӓн йишвлӓ,und,"","",,Hill Mari,Марина Горбунова-Ëлкина,2022-12-28T00:33:39Z
44185,Каля йишвлӓ,und,"","",,Hill Mari,Марина Горбунова-Ëлкина,2022-12-28T00:33:56Z
71382,Незомиид йишвлӓ,und,"","",,Hill Mari,Марина Горбунова-Ëлкина,2022-12-28T00:34:23Z
870778,Каля ганьывлӓ,und,"","",,Hill Mari,Марина Горбунова-Ëлкина,2022-12-28T00:34:54Z
129411,Ур ганьывлӓ,und,"","",,Hill Mari,Марина Горбунова-Ëлкина,2022-12-28T00:35:29Z
43734,Аплодонти йишвлӓ,und,"","",,Hill Mari,Марина Горбунова-Ëлкина,2022-12-28T00:36:23Z
71385,Ургаля йишвлӓ,und,"","",,Hill Mari,Марина Горбунова-Ëлкина,2022-12-28T00:36:40Z
45933,Ур йишвлӓ,und,"","",,Hill Mari,Марина Горбунова-Ëлкина,2022-12-28T00:37:19Z
43128,Луды морен,und,"","",,Hill Mari,Марина Горбунова-Ëлкина,2022-12-28T01:20:46Z
43117,Морен,und,"","",,Hill Mari,Марина Горбунова-Ëлкина,2022-12-28T01:28:31Z
43131,Антилопа морен,und,"","",,Hill Mari,Марина Горбунова-Ëлкина,2022-12-28T01:28:53Z
43132,Американ ош морен,und,"","",,Hill Mari,Марина Горбунова-Ëлкина,2022-12-28T01:49:48Z
43126,Арктика морен,und,"","",,Hill Mari,Марина Горбунова-Ëлкина,2022-12-28T01:50:06Z
43127,Тундра морен,und,"","",,Hill Mari,Марина Горбунова-Ëлкина,2022-12-28T01:51:25Z
55908,Ош морен,und,"","",,Hill Mari,Марина Горбунова-Ëлкина,2022-12-28T01:51:52Z
43130,Калифорни морен,und,"","",,Hill Mari,Марина Горбунова-Ëлкина,2022-12-28T01:52:23Z
43129,Каллот морен,und,"","",,Hill Mari,Марина Горбунова-Ëлкина,2022-12-28T01:52:39Z
57560,Кап морен,und,"","",,Hill Mari,Марина Горбунова-Ëлкина,2022-12-28T01:53:12Z
544267,Шим морен,und,"","",,Hill Mari,Марина Горбунова-Ëлкина,2022-12-28T01:53:56Z
43125,Тӹшкӓ морен,und,"","",,Hill Mari,Марина Горбунова-Ëлкина,2022-12-28T01:54:12Z
74505,Ошма морен,und,"","",,Hill Mari,Марина Горбунова-Ëлкина,2022-12-28T01:54:26Z
43138,Толай морен,und,"","",,Hill Mari,Марина Горбунова-Ëлкина,2022-12-28T01:54:40Z
43118,Брума морен,und,"","",,Hill Mari,Марина Горбунова-Ëлкина,2022-12-28T01:54:52Z
43133,Кечӹвӓл китай морен,und,"","",,Hill Mari,Марина Горбунова-Ëлкина,2022-12-28T01:55:06Z
43144,Корей морен,und,"","",,Hill Mari,Марина Горбунова-Ëлкина,2022-12-28T01:55:19Z
43143,Корсика морен,und,"","",,Hill Mari,Марина Горбунова-Ëлкина,2022-12-28T01:55:33Z
43119,Гранада морен,und,"","",,Hill Mari,Марина Горбунова-Ëлкина,2022-12-28T01:55:54Z
43123,Манчжури морен,und,"","",,Hill Mari,Марина Горбунова-Ëлкина,2022-12-28T01:56:11Z
43124,Кыйыр пачан морен,und,"","",,Hill Mari,Марина Горбунова-Ëлкина,2022-12-28T01:56:31Z
43137,Эфиопи кырык морен,und,"","",,Hill Mari,Марина Горбунова-Ëлкина,2022-12-28T01:56:45Z
43145,Ош пачан морен,und,"","",,Hill Mari,Марина Горбунова-Ëлкина,2022-12-28T01:57:13Z
43135,Эфиопи морен,und,"","",,Hill Mari,Марина Горбунова-Ëлкина,2022-12-28T01:57:59Z
43121,Хайнань морен,und,"","",,Hill Mari,Марина Горбунова-Ëлкина,2022-12-28T02:00:00Z
43122,Шим шӱӓн морен,und,"","",,Hill Mari,Марина Горбунова-Ëлкина,2022-12-28T02:00:28Z
43140,Бирма морен,und,"","",,Hill Mari,Марина Горбунова-Ëлкина,2022-12-28T02:01:18Z
43142,Китай морен,und,"","",,Hill Mari,Марина Горбунова-Ëлкина,2022-12-28T02:01:39Z
43141,Ярканд морен,und,"","",,Hill Mari,Марина Горбунова-Ëлкина,2022-12-28T02:02:01Z
43139,Япон морен,und,"","",,Hill Mari,Марина Горбунова-Ëлкина,2022-12-28T02:02:27Z
74503,Абиссин морен,und,"","",,Hill Mari,Марина Горбунова-Ëлкина,2022-12-28T02:02:52Z
60307,ваштыраш шуды,und,"","",,Hill Mari,Марина Горбунова-Ëлкина,2022-12-28T02:06:15Z
5085,вӓрӓш,und,"","",,Hill Mari,Марина Горбунова-Ëлкина,2022-12-28T02:07:37Z
51822,вӓтӹгӹне,und,"","",,Hill Mari,Марина Горбунова-Ëлкина,2022-12-28T02:08:22Z
18448,Шокшыгек,und,"","",,Hill Mari,Марина Горбунова-Ëлкина,2022-12-28T03:15:56Z
68763,вишньопка,und,"","",,Hill Mari,Марина Горбунова-Ëлкина,2022-12-28T04:35:40Z
68763,вишнёпка,und,"","",,Hill Mari,Марина Горбунова-Ëлкина,2022-12-28T04:35:47Z
47213,вырди лӹпӹ,und,"","",,Hill Mari,Марина Горбунова-Ëлкина,2022-12-28T04:39:28Z
1289388,Рубин вуян кож кӓзӓля,und,"","",https://www.inaturalist.org/taxon_names/3191465/edit,Hill Mari,,2023-02-14T21:41:45Z
20526,Африка страус,und,"","",,Hill Mari,Johan Devos,2023-02-28T22:50:12Z
1455922,Изи тыргӓдӹ,und,"","",https://www.inaturalist.org/taxon_names/3191357/edit,Hill Mari,,2023-03-08T06:23:42Z
47793,Важынкапшангывлӓ,und,"","",,Hill Mari,Boris Eliseev,2023-05-05T11:19:10Z
72516,Ош мӹшкӹрӓн вӹрзи,und,"","",https://www.inaturalist.org/taxon_names/3191384/edit,Hill Mari,Donald Davesne,2023-10-29T11:53:41Z
1506142,Гейглин сиргек,und,"","",https://www.inaturalist.org/taxon_names/2152719/edit,Hill Mari,,2023-10-30T23:53:03Z
1506149,Монголи лым орави,und,"","",https://www.inaturalist.org/taxon_names/3192054/edit,Hill Mari,Donald Davesne,2023-10-31T00:20:48Z
1578961,Уала кӓрш,und,"","",https://www.inaturalist.org/taxon_names/3191020/edit,Hill Mari,,2024-10-23T22:12:49Z
1579015,Алавӓрӓш,und,"","",https://www.inaturalist.org/taxon_names/3190758/edit,Hill Mari,Sean Cozart,2024-10-24T23:42:42Z
1579015,Цӹвӹвӓрӓш,und,"","",https://www.inaturalist.org/taxon_names/3191108/edit,Hill Mari,Sean Cozart,2024-10-24T23:42:43Z
1584594,Сӧдӧй цӓцӓля,und,"","",https://www.inaturalist.org/taxon_names/3192036/edit,Hill Mari,,2024-10-29T11:48:38Z
1578721,Даури цӓнгӓ,und,"","",https://www.inaturalist.org/taxon_names/3191975/edit,Hill Mari,,2024-11-04T17:22:20Z
336399,Цӓнгӓ,und,"","",https://www.inaturalist.org/taxon_names/3191974/edit,Hill Mari,,2024-11-17T14:29:27Z
1558607,Африка саванна морен,und,"","",https://www.inaturalist.org/taxon_names/3192173/edit,Hill Mari,,2024-12-17T08:41:25Z
