id,vernacularName,language,locality,countryCode,source,lexicon,contributor,created
40151,Spoviecha,und,"","",,Bavarian,John E. Christensen,2017-12-02T21:45:05Z
3,Vegl,und,"","",,Bavarian,John E. Christensen,2018-03-20T07:00:54Z
54327,Huanaus,und,"","",,Bavarian,John E. Christensen,2018-10-30T10:02:12Z
47125,Bedecktsama,und,"","",,Bavarian,John E. Christensen,2019-04-27T09:44:30Z
41964,Löwe,und,"","",,Bavarian,Zane Roskoph,2021-08-24T12:11:56Z
41964,Léwe,und,"","",,Bavarian,Zane Roskoph,2021-08-24T12:12:14Z
42407,Wisent,und,"","",,Bavarian,Zane Roskoph,2021-08-25T12:49:34Z
130796,Sibirische Tiger,und,"","",,Bavarian,Zane Roskoph,2021-08-26T14:51:38Z
