id,vernacularName,language,locality,countryCode,source,lexicon,contributor,created
464118,Kawa,fa,"","",http://www.catalogueoflife.org/annual-checklist/2012/details/species/id/10057978/common/215775,Persian,Ken-ichi Ueda,2015-05-16T03:06:55Z
53597,نرگس,fa,"","",,Persian,elham,2015-06-25T03:52:17Z
56027,نرگس,fa,"","",,Persian,elham,2015-06-25T03:55:14Z
52134,پشه,fa,"","",,Persian,elham,2015-06-25T04:08:35Z
49664,چنار,fa,"","",,Persian,elham,2015-06-25T04:17:59Z
47903,کاکتوس,fa,"","",,Persian,elham,2015-06-25T04:21:37Z
47126,گیاهان,fa,"","",,Persian,elham,2015-06-25T04:33:56Z
42241,گاوان,fa,"","",,Persian,elham,2015-06-25T04:36:47Z
121578,گوسفند,fa,"","",,Persian,elham,2015-06-25T04:40:54Z
47219,زنبور عسل,fa,"","",,Persian,elham,2015-06-25T04:41:59Z
144757,کلاغ ابلق,fa,"","",,Persian,elham,2015-06-25T04:44:00Z
47336,مورچه,fa,"","",,Persian,elham,2015-06-25T04:46:42Z
1,حیوانات,fa,"","",,Persian,elham,2015-06-25T04:51:10Z
1,جانوران,fa,"","",,Persian,elham,2015-06-25T04:51:19Z
194623,لجن خوار,fa,"","",,Persian,elham,2015-06-25T04:52:56Z
42069,روباه سرخ,fa,"","",,Persian,elham,2015-06-25T05:01:26Z
42069,روباه معمولی,fa,"","",,Persian,elham,2015-06-25T05:03:08Z
13858,گنجشک خانگی,fa,"","",,Persian,elham,2015-06-25T05:05:07Z
13858,گنجشک معمولی,fa,"","",,Persian,elham,2015-06-25T05:06:51Z
13858,گنجشک شهری,fa,"","",,Persian,elham,2015-06-25T05:06:49Z
123070,بز,fa,"","",,Persian,elham,2015-06-25T05:15:36Z
47336,مور,fa,"","",,Persian,elham,2015-06-25T05:29:37Z
184884,بال داران,fa,"","",,Persian,elham,2015-06-25T05:35:41Z
47822,مگس,fa,"","",,Persian,elham,2015-06-25T09:26:09Z
47125,گیاهان گل دار,fa,"","",,Persian,elham,2015-06-25T15:10:35Z
58612,ماهی قرمز,fa,"","",,Persian,elham,2015-06-26T08:24:35Z
58612,ماهی طلایی,fa,"","",,Persian,elham,2015-06-26T08:25:30Z
58612,ماهی گلی,fa,"","",,Persian,elham,2015-06-26T08:27:00Z
58612,ماهی حوض,fa,"","",,Persian,elham,2015-06-26T08:26:46Z
68763,آلبالو,fa,"","",,Persian,elham,2015-06-26T09:05:33Z
48448,جواری,fa,"","",,Persian,elham,2015-06-26T09:18:21Z
47561,کاج,fa,"","",,Persian,elham,2015-06-26T16:05:09Z
52345,پیچکیان,fa,"","",,Persian,elham,2015-06-26T16:17:39Z
59561,نیلوفر پیچ,fa,"","",,Persian,elham,2015-06-26T16:21:20Z
2715,کبوتر,fa,"","",,Persian,elham,2015-06-27T02:23:07Z
2715,کفتر,fa,"","",,Persian,elham,2015-06-27T02:23:02Z
2715,کوتر,fa,"","",,Persian,elham,2015-06-27T02:24:38Z
2715,کپتر,fa,"","",,Persian,elham,2015-06-27T02:25:12Z
58300,انار,fa,"","",,Persian,elham,2015-06-27T04:20:49Z
47544,تمشک,fa,"","",,Persian,elham,2015-06-27T04:29:46Z
54525,گوش ماهی,fa,"","",,Persian,elham,2015-06-27T06:22:56Z
47584,دوکفه ای ها,fa,"","",,Persian,elham,2015-06-27T06:27:18Z
47584,تبرپایان,fa,"","",,Persian,elham,2015-06-27T06:29:01Z
47583,چروک صدف سانان,fa,"","",,Persian,elham,2015-06-27T06:31:47Z
3,پرنده,fa,"","",,Persian,elham,2015-06-27T08:02:49Z
3,مرغ,fa,"","",,Persian,elham,2015-06-27T08:06:29Z
1199,طاووس,fa,"","",,Persian,elham,2015-06-27T08:19:26Z
41636,خرس,fa,"","",,Persian,elham,2015-06-27T08:27:22Z
41964,شیر,fa,"","",,Persian,elham,2015-06-27T08:35:48Z
47144,سگ,fa,"","",,Persian,elham,2015-06-27T08:42:49Z
42219,دندان تهی,fa,"","",,Persian,elham,2015-06-27T08:54:39Z
47224,پروانه وارها,fa,"","",,Persian,elham,2015-06-27T09:35:41Z
47157,پولک بالان,fa,"","",,Persian,elham,2015-06-27T09:39:58Z
47157,پروانه سانان,fa,"","",,Persian,elham,2015-06-27T09:40:05Z
47157,بال پولک داران,fa,"","",,Persian,elham,2015-06-27T09:42:29Z
47157,فلس داران,fa,"","",,Persian,elham,2015-06-27T09:42:42Z
47157,پروانه ها,fa,"","",,Persian,elham,2015-06-27T09:44:43Z
47157,پروانگان,fa,"","",,Persian,elham,2015-06-27T09:47:12Z
47157,بال پولکی ها,fa,"","",,Persian,elham,2015-06-27T09:48:33Z
48508,کاهی بالان,fa,"","",,Persian,elham,2015-06-27T09:49:37Z
48112,آخوندک,fa,"","",,Persian,elham,2015-06-27T13:19:37Z
48112,فال بین,fa,"","",,Persian,elham,2015-06-27T13:20:18Z
48112,قاطرکش,fa,"","",,Persian,elham,2015-06-27T13:22:30Z
6888,غازسانان,fa,"","",,Persian,elham,2015-06-27T13:48:58Z
6922,انس,fa,"","",,Persian,elham,2015-06-27T13:49:56Z
6930,مرغابی سرسبز,fa,"","",,Persian,elham,2015-06-27T13:52:53Z
6912,اردکیان,fa,"","",,Persian,elham,2015-06-27T13:53:20Z
6930,اردک سرسبز,fa,"","",,Persian,elham,2015-06-27T13:55:30Z
126638,سنبل,fa,"","",,Persian,elham,2015-06-27T14:24:46Z
879,مرغ جنگلی,fa,"","",,Persian,elham,2015-06-28T02:32:38Z
882,مرغ جنگلی سرخ,fa,"","",,Persian,elham,2015-06-28T02:34:44Z
574,قرقاولان,fa,"","",,Persian,elham,2015-06-28T02:35:38Z
574,تذروان,fa,"","",,Persian,elham,2015-06-28T02:36:09Z
573,ماکیان سانان,fa,"","",,Persian,elham,2015-06-28T02:37:05Z
1426,مرغ شاخدار,fa,"","",,Persian,elham,2015-06-28T02:40:32Z
1278,بلدرچین بر جدید,fa,"","",,Persian,elham,2015-06-28T02:41:14Z
2017,مرغ پابزرگ,fa,"","",,Persian,elham,2015-06-28T02:42:53Z
2043,گوش خراشان,fa,"","",,Persian,elham,2015-06-28T02:42:46Z
3938,مرغ ریگ سرخ,fa,"","",,Persian,elham,2015-06-28T02:45:45Z
144481,چارخو تاسمانی,fa,"","",,Persian,elham,2015-06-28T02:51:20Z
144480,چارخو دم سیاه,fa,"","",,Persian,elham,2015-06-28T02:54:06Z
1204,طاووس هندی,fa,"","",,Persian,elham,2015-06-28T03:46:24Z
122767,کبوتر اهلی,fa,"","",,Persian,elham,2015-06-28T03:52:35Z
50619,لاله واژگون,fa,"","",,Persian,elham,2015-06-28T04:13:40Z
43583,انسان,fa,"","",,Persian,elham,2015-06-28T04:18:38Z
43327,تک سم سانان,fa,"","",,Persian,elham,2015-06-28T16:14:47Z
43328,اسبیان,fa,"","",,Persian,elham,2015-06-28T16:17:20Z
43329,ستوران,fa,"","",,Persian,elham,2015-06-28T16:18:25Z
43333,گورخر آسیایی,fa,"","",,Persian,elham,2015-06-29T02:13:10Z
846,کبک چوکار,fa,"","",,Persian,elham,2015-08-06T05:13:24Z
29489,مار درفشی,fa,"","",,Persian,Parham Beyhaghi,2016-06-23T04:22:00Z
70647,قورباغه درختی خاوری,fa,"","",,Persian,Parham Beyhaghi,2016-07-07T19:20:52Z
23798,قورباغه درختی,fa,"","",,Persian,Parham Beyhaghi,2016-07-08T07:47:12Z
23798,قورباغه درختی ساویگنی,fa,"","",,Persian,Parham Beyhaghi,2016-07-08T10:42:39Z
505478,مرغ خانگی,fa,"","",,Persian,elham,2016-08-31T01:28:55Z
31553,آگامای صخره ای پولک درشت,fa,"","",,Persian,Parham Beyhaghi,2016-10-04T17:16:13Z
31553,آگامای صخره ای سر زرد,fa,"","",,Persian,Parham Beyhaghi,2016-10-04T17:16:58Z
31469,آگامای سروزغی راه راه,fa,"","",,Persian,Parham Beyhaghi,2016-10-05T17:59:17Z
31469,آگامای سروزغی آراسته,fa,"","",,Persian,Parham Beyhaghi,2016-10-05T17:59:45Z
146549,مار موش خوار پارسی,fa,"","",,Persian,Parham Beyhaghi,2016-10-06T17:10:48Z
27723,سمندر تاجدار جنوبی,fa,"","",,Persian,Parham Beyhaghi,2016-12-11T19:02:22Z
39972,لاک پشت برکه ای خزری,fa,"","",,Persian,Parham Beyhaghi,2016-12-22T14:54:29Z
70529,وزغ تالشی,fa,"","",,Persian,Parham Beyhaghi,2017-03-09T09:22:26Z
70529,وزغ ایچوالد,fa,"","",,Persian,Parham Beyhaghi,2017-03-09T09:23:05Z
67020,قورباغه جنگلی,fa,"","",,Persian,Parham Beyhaghi,2017-03-09T09:25:45Z
67020,قورباغه جنگلی هیرکانی,fa,"","",,Persian,Parham Beyhaghi,2017-03-09T09:26:49Z
134985,قورباغه پا دراز ایرانی,fa,"","",,Persian,Parham Beyhaghi,2017-03-09T09:51:32Z
134985,قورباغه جنگلی پا دراز,fa,"","",,Persian,Parham Beyhaghi,2017-03-09T09:54:51Z
51890,گل نازیان,fa,"","",,Persian,elham,2017-05-09T14:52:35Z
1231,قرقاول لیدی آمهرست,fa,"","",,Persian,elham,2017-05-10T06:32:05Z
1200,طاووس سبز,fa,"","",,Persian,elham,2017-05-10T06:42:51Z
502,مرغ مرداب,fa,"","",,Persian,elham,2017-05-10T06:52:11Z
475028,طاووسک,fa,"","",,Persian,elham,2017-05-10T06:58:53Z
475028,طاووس گیلان,fa,"","",,Persian,elham,2017-05-10T06:59:24Z
181682,چنار خاوری,fa,"","",,Persian,elham,2017-05-10T07:13:19Z
49292,سرو,fa,"","",,Persian,elham,2017-05-10T07:21:33Z
47375,کاج سانان,fa,"","",,Persian,elham,2017-05-10T07:23:20Z
48448,ذرت,fa,"","",,Persian,elham,2017-05-10T07:25:24Z
49320,علف فرشیان,fa,"","",,Persian,elham,2017-05-10T07:35:40Z
47366,میخک سانان,fa,"","",,Persian,elham,2017-05-10T07:36:47Z
49995,مگس گلزار,fa,"","",,Persian,elham,2017-05-10T07:50:38Z
118552,گربه,fa,"","",,Persian,elham,2017-05-24T14:25:46Z
118552,گربه خانگی,fa,"","",,Persian,elham,2017-05-24T14:26:30Z
47158,حشره,fa,"","",,Persian,elham,2017-05-24T14:46:28Z
47158,حشره ها,fa,"","",,Persian,elham,2017-05-24T14:47:20Z
47158,حشرات,fa,"","",,Persian,elham,2017-05-24T14:48:16Z
47744,نیم بالان,fa,"","",,Persian,elham,2017-05-27T06:13:30Z
30920,افعی کوهستانی لطیفی,fa,"","",,Persian,Parham Beyhaghi,2017-08-25T17:44:47Z
100324,ارمیاس ایرانی,fa,"","",,Persian,Parham Beyhaghi,2017-08-26T17:48:47Z
64078,سوسن مار,fa,"","",,Persian,Parham Beyhaghi,2017-08-26T18:43:53Z
33495,گکوی دم کلفت بیابانی,fa,"","",,Persian,Parham Beyhaghi,2017-08-26T18:49:30Z
558443,سیاه خروس فندقی,fa,"","",,Persian,elham,2017-08-30T03:07:33Z
558438,نوک پهن,fa,"","",,Persian,elham,2017-08-30T03:46:24Z
485176,ویگئون آمریکایی,fa,"","",,Persian,elham,2017-08-30T04:47:17Z
33577,گکوی دم پخ بدریاگا,fa,"","",,Persian,Parham Beyhaghi,2017-09-17T04:12:49Z
31456,آگامای سر وزغی خاکستری,fa,"","",,Persian,Parham Beyhaghi,2017-09-17T05:17:02Z
41641,خرس قهوه‌ای,fa,"","",,Persian,Bobby McCabe,2017-10-10T01:24:48Z
539597,سوسمار سنگی خزری,fa,"","",,Persian,Parham Beyhaghi,2017-10-11T04:48:37Z
144849,چرخ ریسک سرآبی,fa,"","",,Persian,Parham Beyhaghi,2017-10-14T19:43:41Z
567865,گرگ ایرانی,fa,"","",,Persian,Bobby McCabe,2017-10-24T00:16:53Z
602700,گکوی کوتوله چابهار,fa,"","",,Persian,Parham Beyhaghi,2017-11-29T06:26:11Z
47549,خارپوستان,fa,"","",,Persian,John E. Christensen,2017-12-02T21:28:25Z
47373,سرخ‌چوب,fa,"","",,Persian,John E. Christensen,2017-12-04T16:14:54Z
47208,قاب‌بالان,fa,"","",,Persian,John E. Christensen,2017-12-22T08:28:22Z
41955,یوزپلنگ,fa,"","",,Persian,Bobby McCabe,2018-01-10T04:36:35Z
135062,وزغ بی گوش ایرانی,fa,"","",,Persian,Parham Beyhaghi,2018-01-16T17:47:47Z
20978,دوزیستان,fa,"","",,Persian,Parham Beyhaghi,2018-01-16T20:45:13Z
42073,شاه‌روباه,fa,"","",,Persian,Bobby McCabe,2018-01-18T22:42:21Z
204454,مرغ مین,fa,"","",,Persian,John E. Christensen,2018-02-18T16:37:35Z
26063,گاندو,fa,"","",,Persian,Bobby McCabe,2018-04-04T14:40:16Z
540174,گکوی کرگدنی,fa,"","",,Persian,Parham Beyhaghi,2018-04-13T19:00:52Z
540174,گکوی عنکبوتی میزون,fa,"","",,Persian,Parham Beyhaghi,2018-04-13T19:01:51Z
491869,پایتون مشبک,fa,"","",,Persian,Bobby McCabe,2018-05-08T04:15:04Z
606957,پلنگ ایرانی,fa,"","",,Persian,Bobby McCabe,2018-05-19T17:54:34Z
146203,آگامای صخره ای سر زرد,fa,"","",,Persian,Parham Beyhaghi,2018-05-25T04:45:30Z
31365,آگامای چابک,fa,"","",,Persian,Parham Beyhaghi,2018-05-25T05:26:10Z
246130,صدف های مغزی,fa,"","",,Persian,elham,2018-09-05T05:53:14Z
73927,افعی شاخدار دم عنکبوتی,fa,"","",,Persian,Parham Beyhaghi,2019-01-27T08:56:32Z
30992,افعی شاخ دار ایرانی,fa,"","",,Persian,Parham Beyhaghi,2019-01-30T09:21:39Z
99036,گکوی انگشت خمیده کیابی,fa,"","",,Persian,Parham Beyhaghi,2019-10-10T15:42:44Z
505478,مرغ,fa,"","",,Persian,John E. Christensen,2019-11-19T14:13:11Z
2245,زنبورخوار گلو خرمایی,fa,"","",,Persian,Parham Beyhaghi,2019-11-30T11:46:49Z
486053,عنکبوت تور قیفی زمانی,fa,"","",,Persian,Parham Beyhaghi,2019-12-01T20:36:08Z
716875,عقرب زرد دوریا,fa,"","",,Persian,Parham Beyhaghi,2019-12-01T22:07:00Z
73753,سوسمار سنگی دفیلیپی,fa,"","",,Persian,Parham Beyhaghi,2019-12-12T04:51:40Z
114323,آگامای استپی,fa,"","",,Persian,Parham Beyhaghi,2019-12-23T20:16:26Z
995030,زيره كوهی,fa,"","",,Persian,Andrés Ramírez-Barrera,2020-01-08T21:46:01Z
979724,گنجشک گلو زرد,fa,"","",https://www.inaturalist.org/taxon_names/1443327/edit,Persian,,2020-01-16T00:19:01Z
131236,ویروس ها,fa,"","",,Persian,James K. Douch,2020-02-23T03:03:00Z
130796,ببرِ مازندران‬‎,fa,"","",https://www.inaturalist.org/taxon_names/1100585/edit,Persian,,2020-03-28T23:10:21Z
42157,Jornufa,fa,"","",,Persian,Dewald du Plessis,2020-04-24T15:04:51Z
560469,روباه پاسفید,fa,"","",,Persian,Bobby McCabe,2020-05-18T16:11:14Z
539602,سوسمار سنگی شائه کل,fa,"","",,Persian,Parham Beyhaghi,2020-10-01T16:55:39Z
891696,زاغی,fa,"","",,Persian,Parham Beyhaghi,2020-11-03T16:05:49Z
558890,ارمیاس کپه داغ,fa,"","",,Persian,Parham Beyhaghi,2020-11-03T16:06:20Z
157765,بامیه,fa,"","",,Persian,Johan Devos,2020-12-20T20:36:37Z
44576,جرذ بني,fa,"","",,Persian,Марина Горбунова-Ëлкина,2021-01-12T18:06:18Z
69320,مورچه فرعون,fa,"","",,Persian,Johan Devos,2021-01-23T17:03:42Z
27104,مار دستی,fa,"","",,Persian,HassanMoradi,2021-02-08T13:36:26Z
492101,لاله واژگون ایرانی,fa,"","",,Persian,Bobby McCabe,2021-05-14T17:44:18Z
108103,Sag Mahi Angora,fa,"","",http://www.catalogueoflife.org/annual-checklist/details/species/id/10061660/common/73814,Persian,,2021-07-09T12:44:59Z
98114,Sagmahi-e-jooibari,fa,"","",http://www.catalogueoflife.org/annual-checklist/details/species/id/10058308/common/17709,Persian,,2021-07-09T12:50:20Z
617935,Sagmahi-e-jooibari,fa,"","",http://www.catalogueoflife.org/annual-checklist/details/species/id/10061674/common/3507,Persian,,2021-07-09T12:50:20Z
611541,Siklid Hormuz,fa,"","",http://www.catalogueoflife.org/annual-checklist/details/species/id/10067568/common/326153,Persian,,2021-07-12T12:12:04Z
611541,Siklid Irani,fa,"","",http://www.catalogueoflife.org/annual-checklist/details/species/id/10067568/common/326154,Persian,,2021-07-12T12:12:14Z
446042,Gorbeh Mahi Kordestan,fa,"","",http://www.catalogueoflife.org/annual-checklist/details/species/id/10081780/common/74190,Persian,,2021-07-12T12:15:22Z
620924,Gorbeh Mahi Jonub,fa,"","",http://www.catalogueoflife.org/annual-checklist/details/species/id/10081813/common/74127,Persian,,2021-07-12T12:16:11Z
446213,Soleimani,fa,"","",http://www.catalogueoflife.org/annual-checklist/details/species/id/10060042/common/341351,Persian,,2021-07-12T12:26:21Z
612621,Shum,fa,"","",http://www.catalogueoflife.org/annual-checklist/details/species/id/10059085/common/14763,Persian,,2021-07-12T12:30:25Z
96728,Shamshiri,fa,"","",http://www.catalogueoflife.org/annual-checklist/details/species/id/10059092/common/14754,Persian,,2021-07-12T12:32:55Z
96728,Mahi Sibeli,fa,"","",http://www.catalogueoflife.org/annual-checklist/details/species/id/10059092/common/14752,Persian,,2021-07-12T12:33:05Z
96839,Mar Mahi,fa,"","",http://www.catalogueoflife.org/annual-checklist/details/species/id/10077110/common/268816,Persian,,2021-07-12T15:33:26Z
347021,Mar Mahi,fa,"","",http://www.catalogueoflife.org/annual-checklist/details/species/id/10084546/common/18015,Persian,,2021-07-12T15:33:26Z
112581,Esbele,fa,"","",http://www.catalogueoflife.org/annual-checklist/details/species/id/10081697/common/84416,Persian,iSea,2021-07-13T15:05:17Z
446482,Esbele,fa,"","",http://www.catalogueoflife.org/annual-checklist/details/species/id/10081705/common/84301,Persian,,2021-07-13T15:05:17Z
112581,Esbele Europaiye,fa,"","",http://www.catalogueoflife.org/annual-checklist/details/species/id/10081697/common/84415,Persian,iSea,2021-07-13T15:05:31Z
112581,Esbeleh,fa,"","",http://www.catalogueoflife.org/annual-checklist/details/species/id/10081697/common/84414,Persian,iSea,2021-07-13T15:05:41Z
112581,Gorba-mahi,fa,"","",http://www.catalogueoflife.org/annual-checklist/details/species/id/10081697/common/84409,Persian,iSea,2021-07-13T15:05:51Z
112581,Mahi-e Sebili,fa,"","",http://www.catalogueoflife.org/annual-checklist/details/species/id/10081697/common/84403,Persian,iSea,2021-07-13T15:05:59Z
102975,Boluga,fa,"","",http://www.catalogueoflife.org/annual-checklist/details/species/id/10053457/common/230143,Persian,operculum_ben,2021-07-13T15:18:30Z
102975,Fil Mahi,fa,"","",http://www.catalogueoflife.org/annual-checklist/details/species/id/10053457/common/230128,Persian,operculum_ben,2021-07-13T15:18:41Z
102975,Mahi-e Kaviar,fa,"","",http://www.catalogueoflife.org/annual-checklist/details/species/id/10053457/common/230103,Persian,operculum_ben,2021-07-13T15:18:55Z
93186,Mahi-e Kaviar,fa,"","",http://www.catalogueoflife.org/annual-checklist/details/species/id/10053447/common/175245,Persian,,2021-07-13T15:18:56Z
93188,Mahi-e Kaviar,fa,"","",http://www.catalogueoflife.org/annual-checklist/details/species/id/10053449/common/175203,Persian,,2021-07-13T15:18:56Z
93192,Mahi-e Kaviar,fa,"","",http://www.catalogueoflife.org/annual-checklist/details/species/id/10053453/common/174947,Persian,,2021-07-13T15:18:56Z
102975,Phillmahi,fa,"","",http://www.catalogueoflife.org/annual-checklist/details/species/id/10053457/common/230090,Persian,operculum_ben,2021-07-13T15:19:07Z
84996,Kooseh,fa,"","",http://www.catalogueoflife.org/annual-checklist/details/species/id/10055550/common/130062,Persian,Wich’yanan (Jay) Limparungpatthanakij,2021-07-13T16:52:16Z
48156,Sevideh,fa,"","",http://www.catalogueoflife.org/annual-checklist/details/species/id/10071449/common/135151,Persian,iSea,2021-07-14T18:12:59Z
48156,Sibey,fa,"","",http://www.catalogueoflife.org/annual-checklist/details/species/id/10071449/common/135155,Persian,iSea,2021-07-14T18:13:12Z
48156,Sibeyak,fa,"","",http://www.catalogueoflife.org/annual-checklist/details/species/id/10071449/common/135156,Persian,iSea,2021-07-14T18:13:24Z
48156,Soof-e-maamooli,fa,"","",http://www.catalogueoflife.org/annual-checklist/details/species/id/10071449/common/135162,Persian,iSea,2021-07-14T18:13:37Z
48156,Suf,fa,"","",http://www.catalogueoflife.org/annual-checklist/details/species/id/10071449/common/135169,Persian,iSea,2021-07-14T18:13:50Z
48156,Suf-e Ma'muli,fa,"","",http://www.catalogueoflife.org/annual-checklist/details/species/id/10071449/common/135170,Persian,iSea,2021-07-14T18:14:03Z
128274,Fytofag,fa,"","",http://www.catalogueoflife.org/annual-checklist/details/species/id/10059694/common/257251,Persian,Wich’yanan (Jay) Limparungpatthanakij,2021-07-15T15:26:55Z
128274,Kopur Noqreai,fa,"","",http://www.catalogueoflife.org/annual-checklist/details/species/id/10059694/common/257248,Persian,Wich’yanan (Jay) Limparungpatthanakij,2021-07-15T15:27:04Z
128274,Phytophague,fa,"","",http://www.catalogueoflife.org/annual-checklist/details/species/id/10059694/common/257244,Persian,Wich’yanan (Jay) Limparungpatthanakij,2021-07-15T15:27:13Z
112273,Gorgak,fa,"","",http://www.catalogueoflife.org/annual-checklist/details/species/id/10060962/common/340964,Persian,,2021-07-15T17:33:42Z
752746,Golparak,fa,"","",,Persian,Zane Roskoph,2021-07-15T19:33:34Z
113155,Azad Mahi Volga,fa,"","",http://www.catalogueoflife.org/annual-checklist/details/species/id/10078754/common/232517,Persian,,2021-07-16T12:28:10Z
113155,Mahi Ziba,fa,"","",http://www.catalogueoflife.org/annual-checklist/details/species/id/10078754/common/232506,Persian,,2021-07-16T12:28:25Z
98461,Safid Mahi,fa,"","",http://www.catalogueoflife.org/annual-checklist/details/species/id/10078597/common/6332,Persian,Victor HOYEAU,2021-07-16T12:28:35Z
113155,Safid Mahi,fa,"","",http://www.catalogueoflife.org/annual-checklist/details/species/id/10078754/common/232501,Persian,,2021-07-16T12:28:35Z
84996,Sag Mahi,fa,"","",,Persian,Zane Roskoph,2021-07-16T16:43:19Z
49587,Bas Dehanbozorg,fa,"","",http://www.catalogueoflife.org/annual-checklist/details/species/id/10069306/common/103639,Persian,Victor HOYEAU,2021-07-16T19:47:39Z
49587,Khorshid Mahi Baleh Kuchak,fa,"","",http://www.catalogueoflife.org/annual-checklist/details/species/id/10069306/common/103615,Persian,Victor HOYEAU,2021-07-16T19:47:48Z
47516,Ghezelalla-e-Rangin Kaman,fa,"","",http://www.catalogueoflife.org/annual-checklist/details/species/id/10078654/common/19196,Persian,,2021-07-19T12:26:26Z
47516,Mahi Qezel Ala,fa,"","",http://www.catalogueoflife.org/annual-checklist/details/species/id/10078654/common/19183,Persian,,2021-07-19T12:26:36Z
47516,Qezel Ala,fa,"","",,Persian,Zane Roskoph,2021-07-19T12:26:58Z
47516,Qezel Ala Ranginkaman,fa,"","",http://www.catalogueoflife.org/annual-checklist/details/species/id/10078654/common/19166,Persian,,2021-07-19T12:27:09Z
446173,Solimani,fa,"","",,Persian,Zane Roskoph,2021-07-19T19:54:43Z
446173,Sos mahi,fa,"","",,Persian,Zane Roskoph,2021-07-19T19:55:03Z
446173,سس ماهي,fa,"","",,Persian,Zane Roskoph,2021-07-19T19:55:22Z
446173,سليماني,fa,"","",,Persian,Zane Roskoph,2021-07-19T19:56:45Z
446173,Soleimani,fa,"","",,Persian,Zane Roskoph,2021-07-19T19:57:08Z
99786,مارماهی برقی,fa,"","",,Persian,Zane Roskoph,2021-07-29T02:39:20Z
41970,جگوار,fa,"","",,Persian,Zane Roskoph,2021-07-30T11:59:15Z
41972,پلنگ ابری,fa,"","",,Persian,Zane Roskoph,2021-07-30T12:52:01Z
74753,پلنگ ابری سوندا,fa,"","",,Persian,Zane Roskoph,2021-07-30T13:14:55Z
50873,کوسه سفید بزرگ,fa,"","",,Persian,Zane Roskoph,2021-07-30T13:52:07Z
84996,گاوکوسه,fa,"","",,Persian,Zane Roskoph,2021-07-30T14:45:27Z
42007,شیر کوهی,fa,"","",,Persian,Zane Roskoph,2021-08-01T00:51:43Z
30472,شاه کبرا,fa,"","",,Persian,Zane Roskoph,2021-08-02T18:15:04Z
187006,جراح‌ماهی سوهال,fa,"","",,Persian,Zane Roskoph,2021-08-03T13:21:39Z
52188,کوسه‌نهنگ,fa,"","",,Persian,Zane Roskoph,2021-08-03T13:54:13Z
52188,کوسه نهنگی,fa,"","",,Persian,Zane Roskoph,2021-08-03T14:19:28Z
52458,جراح‌ماهی دم‌زرد,fa,"","",,Persian,Zane Roskoph,2021-08-03T15:45:11Z
52458,جراح دم‌زرد,fa,"","",,Persian,Zane Roskoph,2021-08-03T15:51:32Z
345909,تیرماهی گورخری چینی,fa,"","",,Persian,Zane Roskoph,2021-08-03T19:17:30Z
54536,اژدهای دریایی علفی,fa,"","",,Persian,Zane Roskoph,2021-08-05T13:21:08Z
49105,اژدهای دریایی برگدار,fa,"","",,Persian,Zane Roskoph,2021-08-05T13:25:42Z
371890,آناناس‌ماهی,fa,"","",,Persian,Zane Roskoph,2021-08-05T17:22:11Z
102896,فرشته‌ماهی شیپوری,fa,"","",,Persian,Zane Roskoph,2021-08-05T17:52:28Z
56072,ماهی ماندارین,fa,"","",,Persian,Zane Roskoph,2021-08-09T13:23:44Z
41676,گربه دم‌حلقه‌ای,fa,"","",,Persian,Zane Roskoph,2021-08-09T15:07:39Z
40441,خفاش زرد کهتر,fa,"","",,Persian,Zane Roskoph,2021-08-10T11:21:33Z
40892,روباه پرنده موریسی,fa,"","",,Persian,Zane Roskoph,2021-08-10T11:30:31Z
331121,لیموی کی,fa,"","",,Persian,Zane Roskoph,2021-08-10T12:18:17Z
123356,بالنگ,fa,"","",,Persian,Zane Roskoph,2021-08-10T12:38:12Z
122812,لیمو انگشتی استرالیایی,fa,"","",,Persian,Zane Roskoph,2021-08-10T13:03:44Z
765432,یوزو,fa,"","",,Persian,Zane Roskoph,2021-08-10T13:07:49Z
35324,ایگوآنای زمینی گالاپاگوس,fa,"","",,Persian,Zane Roskoph,2021-08-10T19:05:27Z
98346,ایگوانای گالاپاگوسی صورتی,fa,"","",,Persian,Zane Roskoph,2021-08-10T19:13:31Z
35325,ایگوآنای زمینی برینگتون,fa,"","",,Persian,Zane Roskoph,2021-08-10T19:16:59Z
35347,ایگوانای دریایی,fa,"","",,Persian,Zane Roskoph,2021-08-10T19:28:15Z
144516,کاکایی گدازه,fa,"","",,Persian,Zane Roskoph,2021-08-11T11:53:47Z
4564,کاکایی دم‌چلچله‌ای,fa,"","",,Persian,Zane Roskoph,2021-08-11T12:28:52Z
367474,یلوه گالاپاگوس,fa,"","",,Persian,Zane Roskoph,2021-08-11T15:04:53Z
3802,قنات شمالی,fa,"","",,Persian,Zane Roskoph,2021-08-11T15:41:19Z
41644,خرس قطبی,fa,"","",,Persian,Zane Roskoph,2021-08-11T16:10:30Z
93029,بلنی گالاپاگوس,fa,"","",,Persian,Zane Roskoph,2021-08-11T17:42:50Z
95018,دوشیزه‌ماهی گالاپاگوس,fa,"","",,Persian,Zane Roskoph,2021-08-11T18:10:31Z
102715,کوسه سرگاوی گالاپاگوس,fa,"","",,Persian,Zane Roskoph,2021-08-11T18:22:31Z
41738,شیر دریایی گالاپاگوس,fa,"","",,Persian,Zane Roskoph,2021-08-11T19:15:43Z
41724,پلنگ دریایی,fa,"","",,Persian,Zane Roskoph,2021-08-11T19:23:56Z
54699,لپتسپرمم اسکپاریوم,fa,"","",,Persian,Zane Roskoph,2021-08-12T12:55:17Z
34200,گکوهای سبز,fa,"","",,Persian,Zane Roskoph,2021-08-12T14:15:50Z
73927,افعی شاخدار دم‌عنکبوتی,fa,"","",,Persian,Zane Roskoph,2021-08-12T14:20:46Z
34201,جکوی سبز ولینگتون,fa,"","",,Persian,Zane Roskoph,2021-08-12T14:25:09Z
18941,کیا,fa,"","",,Persian,Zane Roskoph,2021-08-12T14:41:56Z
394900,صدف لبه‌سبز,fa,"","",,Persian,Zane Roskoph,2021-08-12T15:49:59Z
84260,خاره‌چسب پاسیاه,fa,"","",,Persian,Zane Roskoph,2021-08-13T11:22:57Z
147527,یوزپلنگ آسیایی,fa,"","",,Persian,Zane Roskoph,2021-08-13T11:40:53Z
41955,یوز,fa,"","",,Persian,Zane Roskoph,2021-08-13T11:58:50Z
606958,یوزپلنگ جنوب شرقی آفریقا,fa,"","",,Persian,Zane Roskoph,2021-08-13T12:43:38Z
606960,یوزپلنگ شمال‌شرقی آفریقا,fa,"","",,Persian,Zane Roskoph,2021-08-13T12:50:27Z
147526,یوزپلنگ شمال‌غربی آفریقا,fa,"","",,Persian,Zane Roskoph,2021-08-13T12:55:59Z
41747,فک خزدار گالاپاگوس,fa,"","",https://www.inaturalist.org/taxon_names/2641231/edit,Persian,,2021-08-14T06:59:44Z
112581,گربه ماهي,fa,"","",,Persian,Zane Roskoph,2021-08-14T18:04:55Z
112581,گربه ماهي روگاهي,fa,"","",,Persian,Zane Roskoph,2021-08-14T18:05:22Z
112581,اسبله,fa,"","",,Persian,Zane Roskoph,2021-08-14T18:08:42Z
102975,فیل‌ماهی,fa,"","",,Persian,Zane Roskoph,2021-08-14T18:48:00Z
102975,فیل ماهی,fa,"","",,Persian,Zane Roskoph,2021-08-14T18:48:20Z
102975,فيل ماهي,fa,"","",,Persian,Zane Roskoph,2021-08-14T19:04:46Z
41553,نهنگ آبی,fa,"","",,Persian,Zane Roskoph,2021-08-15T14:50:08Z
41553,نهنگ ابی,fa,"","",,Persian,Zane Roskoph,2021-08-15T14:50:30Z
41570,نهنگ شکار اطلس شمالی,fa,"","",,Persian,Zane Roskoph,2021-08-15T17:08:57Z
41461,نهنگ سفید,fa,"","",,Persian,Zane Roskoph,2021-08-15T18:07:56Z
41461,نهنگ بلوگا,fa,"","",,Persian,Zane Roskoph,2021-08-15T18:08:43Z
41461,قناری‌های دریا,fa,"","",,Persian,Zane Roskoph,2021-08-15T18:09:07Z
70057,سوسک زبان‌گنجشک,fa,"","",,Persian,Zane Roskoph,2021-08-17T23:43:47Z
153003,تمشک شمالی,fa,"","",,Persian,Zane Roskoph,2021-08-18T16:20:44Z
493695,کارد ماهی شبح سیاه,fa,"","",,Persian,Zane Roskoph,2021-08-19T14:31:01Z
74831,پلنگ برفی,fa,"","",,Persian,Zane Roskoph,2021-08-25T11:38:55Z
42407,ویسنت,fa,"","",,Persian,Zane Roskoph,2021-08-25T12:56:36Z
42407,گاو میش کوهان‌دار اروپایی,fa,"","",,Persian,Zane Roskoph,2021-08-25T12:56:50Z
27376,مار قرمز,fa,"","",,Persian,Zane Roskoph,2021-08-25T15:05:15Z
30630,مار مرجانی آریزونا,fa,"","",,Persian,Zane Roskoph,2021-08-25T15:10:50Z
30494,مار مرجانی تگزاس,fa,"","",,Persian,Zane Roskoph,2021-08-25T15:18:31Z
42052,گرگ سرخ,fa,"","",,Persian,Zane Roskoph,2021-08-25T15:28:23Z
41967,ببر,fa,"","",,Persian,Zane Roskoph,2021-08-26T15:12:26Z
130799,ببر سوماترایی,fa,"","",,Persian,Zane Roskoph,2021-08-26T16:55:00Z
130799,ببر سوماترا,fa,"","",,Persian,Zane Roskoph,2021-08-26T16:55:22Z
130799,ببر بالی,fa,"","",,Persian,Zane Roskoph,2021-08-26T17:14:33Z
130799,ببر جاوه,fa,"","",,Persian,Zane Roskoph,2021-08-27T11:38:43Z
130793,ببر بنگال,fa,"","",,Persian,Zane Roskoph,2021-08-27T12:22:38Z
130793,ببر مالایایی,fa,"","",,Persian,Zane Roskoph,2021-08-27T13:51:06Z
130793,ببر هندوچین,fa,"","",,Persian,Zane Roskoph,2021-08-27T14:06:49Z
130793,ببر جنوب چین,fa,"","",,Persian,Zane Roskoph,2021-08-27T14:30:26Z
27677,پروتیوس,fa,"","",,Persian,Zane Roskoph,2021-08-27T15:04:02Z
53491,مار زنگی پشت الماسی شرقی,fa,"","",,Persian,Zane Roskoph,2021-08-27T15:23:03Z
130796,ببر مازندران,fa,"","",,Persian,Zane Roskoph,2021-08-27T15:35:43Z
130796,ببر هیرکانی,fa,"","",,Persian,Zane Roskoph,2021-08-27T15:36:35Z
39453,بزمجه بزرگ,fa,"","",,Persian,Zane Roskoph,2021-08-27T16:05:34Z
31519,شیطان خاردار,fa,"","",,Persian,Zane Roskoph,2021-08-27T17:35:05Z
197859,گرگ مکزیکی,fa,"","",,Persian,Zane Roskoph,2021-08-27T17:45:19Z
101561,فیل ماهی پیتر,fa,"","",,Persian,Zane Roskoph,2021-08-28T17:04:43Z
358414,فرشته ماهی شعله,fa,"","",,Persian,Zane Roskoph,2021-08-28T23:44:49Z
97309,Zomorrod-mahi-e-domjaroobi,fa,"","",http://www.catalogueoflife.org/annual-checklist/details/species/id/10076200/common/125871,Persian,,2021-08-29T00:02:32Z
97309,زمردماهی دم‌جارویی,fa,"","",,Persian,Zane Roskoph,2021-08-29T00:04:30Z
153280,Gish-e-bozorg,fa,"","",http://www.catalogueoflife.org/annual-checklist/details/species/id/10069945/common/133317,Persian,Wich’yanan (Jay) Limparungpatthanakij,2021-08-29T12:43:45Z
106222,Biah,fa,"","",http://www.catalogueoflife.org/annual-checklist/2012/details/species/id/9741333,Persian,,2021-09-01T12:28:25Z
46140,سنجاب پرنده پشمالو,fa,"","",,Persian,Bobby McCabe,2021-09-11T23:00:09Z
116523,گریال,fa,"","",,Persian,Zane Roskoph,2021-09-13T15:56:52Z
49601,Korshid-mahi-e-oghyanoosi,fa,"","",http://www.catalogueoflife.org/annual-checklist/2012/details/species/id/9741333,Persian,Victor HOYEAU,2021-09-19T15:37:34Z
196936,Badkonak-mahi-e-ghahvahei,fa,"","",http://www.catalogueoflife.org/annual-checklist/2012/details/species/id/9741333,Persian,,2021-10-16T16:23:12Z
97441,Gorbeh-kooseh-e-lakkedar,fa,"","",http://www.catalogueoflife.org/annual-checklist/2012/details/species/id/9741333,Persian,,2021-12-04T03:39:12Z
1316874,Kapour -e- dandandar-e-Farsi,fa,"","",http://www.catalogueoflife.org/annual-checklist/details/species/id/10062973/common/151507,Persian,,2022-03-15T23:23:48Z
1315512,Kopur Rndandar Genu,fa,"","",http://www.catalogueoflife.org/annual-checklist/details/species/id/10062975/common/151464,Persian,,2022-03-15T23:41:59Z
469472,سیب,fa,"","",,Persian,,2022-03-27T05:00:08Z
51607,( gol-e barfi) گل برفی,fa,"","",,Persian,nalagtus,2022-05-02T10:39:40Z
568727,آهوی ایرانی,fa,"","",,Persian,Iman Amini,2022-07-16T12:50:01Z
41963,پلنگ,fa,"","",,Persian,Iman Amini,2022-07-16T13:40:35Z
85553,مار,fa,"","",,Persian,Iman Amini,2022-07-16T16:30:26Z
851014,شغال طلایی,fa,"","",,Persian,Iman Amini,2022-08-18T22:03:12Z
851014,شغال زرد,fa,"","",,Persian,Iman Amini,2022-08-18T22:03:52Z
60218,انجیر معمولی,fa,"","",,Persian,Iman Amini,2022-09-03T12:19:42Z
1416278,سياه ماهي,fa,"","",http://www.catalogueoflife.org/annual-checklist/details/species/id/10059090/common/14755,Persian,,2022-09-20T20:25:56Z
1416323,سياه ماهي,fa,"","",http://www.catalogueoflife.org/annual-checklist/details/species/id/10059104/common/14715,Persian,,2022-09-20T20:25:59Z
820841,باردلنگ، جوسیخ,fa,"","",,Persian,Kai-Philipp Schablewski,2022-10-12T13:55:42Z
48867,نخل,fa,"","",,Persian,John E. Christensen,2022-11-02T10:47:08Z
1431269,ول حفار کردی,fa,"","",https://www.inaturalist.org/taxon_names/2392081/edit,Persian,,2022-12-06T06:37:36Z
56327,خزه شاخدار,fa,"","",,Persian,cybermgs,2023-01-25T17:55:14Z
1453016,وزغ رنگارنگ,fa,"","",https://www.inaturalist.org/taxon_names/816380/edit,Persian,,2023-02-24T17:26:38Z
569428,راسو,fa,"","",,Persian,Azamat A. Totikov,2023-02-26T09:31:11Z
42309,تیزشاخ عربی,fa,"","",,Persian,Iman Amini,2023-02-26T17:59:39Z
42309,غزال تیزشاخ عربی,fa,"","",,Persian,Iman Amini,2023-02-26T18:01:15Z
20524,شترمرغ,fa,"","",,Persian,Johan Devos,2023-02-28T21:46:28Z
1455922,قمری خانگی,fa,"","",https://www.inaturalist.org/taxon_names/743584/edit,Persian,,2023-03-08T06:23:40Z
1455922,یاکریم,fa,"","",https://www.inaturalist.org/taxon_names/743585/edit,Persian,,2023-03-08T06:23:40Z
1081666,روباه سرخ ترکمنی,fa,"","",,Persian,Iman Amini,2023-03-12T16:09:02Z
55884,نسترن,fa,"","",,Persian,Iman Amini,2023-03-12T16:14:04Z
491355,نسترن کرک‌دار,fa,"","",,Persian,Iman Amini,2023-03-12T16:15:18Z
1462644,وزغ زیتونی,fa,"","",https://www.inaturalist.org/taxon_names/908661/edit,Persian,,2023-04-03T20:10:32Z
831,کبک چیل,fa,"","",,Persian,Iman Amini,2023-04-04T13:20:30Z
4733,لک‌لک سفید,fa,"","",,Persian,Iman Amini,2023-04-04T13:23:12Z
204519,ماهی خورک سینه سفید,fa,"","",,Persian,Vahid_Ashrafi,2023-05-02T01:42:02Z
60275,گندم‌نیا,fa,"","",,Persian,Ashley Tuffin,2023-05-19T15:28:20Z
1474448,ارژن,fa,"","",https://www.inaturalist.org/taxon_names/2606810/edit,Persian,,2023-06-18T02:39:48Z
1269296,گنجشک برفی افغانستانی,fa,"","",https://www.inaturalist.org/taxon_names/2631339/edit,Persian,Donald Davesne,2023-10-31T00:00:45Z
1474881,زل‌آلای رنگین‌کمان باخا کالیفرنیا,fa,"","",https://www.inaturalist.org/taxon_names/2625366/edit,Persian,Sean Cozart,2023-12-24T16:51:11Z
787528,پنیرباد,fa,Iran,IR,,Persian,Ahmad HB,2024-04-21T08:42:14Z
79105,سیلن هرز، قلیانک بزرگ، کشکول، سیلن مزرعه روی,fa,"","",,Persian,ibrahim_hirory,2024-04-26T15:53:48Z
63352,موچچه، موچه,fa,"Chahar Mahall and Bakhtiari, IR","",,Persian,MRN,2024-05-03T14:56:14Z
63352,مککو ، مکو,fa,"Kerman, IR","",,Persian,MRN,2024-05-03T14:57:11Z
63352,ترتیزک وحشی، شاهی وحشی,fa,"","",,Persian,MRN,2024-05-03T15:00:44Z
897510,دماوندی,fa,"","",,Persian,MRN,2024-05-03T15:26:01Z
158357,یاسمن صخره ای,fa,"","",,Persian,MRN,2024-05-03T16:08:33Z
514472,گل آتشین,fa,"","",,Persian,MRN,2024-05-03T17:14:04Z
514472,گل آتشین عربی,fa,"","",,Persian,MRN,2024-05-03T17:15:29Z
862966,تمشکین عشق آبادی,fa,"","",,Persian,MRN,2024-05-03T18:23:38Z
924476,فراسیون آستاراخانی,fa,"","",,Persian,MRN,2024-05-03T18:47:57Z
924476,فراسیون بنفش,fa,"","",,Persian,MRN,2024-05-03T18:49:52Z
1101345,پیاز ریزگل,fa,"","",,Persian,MRN,2024-05-07T04:50:39Z
1101345,والک سوری,fa,"","",,Persian,MRN,2024-05-07T04:55:07Z
1101345,ورکواز,fa,"Lorestan, IR","",,Persian,MRN,2024-05-07T04:56:10Z
490501,شقایق کفشدوزکی,fa,"","",,Persian,MRN,2024-05-07T05:41:45Z
495953,چشم زمین,fa,"","",,Persian,MRN,2024-05-07T07:44:49Z
1474468,بابونه سرخ میان,fa,"","",,Persian,MRN,2024-05-07T14:57:12Z
831096,کلاه میرحسن دم عقربی,fa,"","",,Persian,MRN,2024-05-07T14:59:39Z
199175,خارسنبل لبه مودار,fa,"","",,Persian,MRN,2024-05-07T16:47:33Z
199175,خارسنبل,fa,"","",,Persian,MRN,2024-05-07T16:48:40Z
894995,خارسنبل,fa,"","",,Persian,MRN,2024-05-07T16:55:48Z
894995,خارسنبل خوراکی، خارسنبل خوراکي,fa,"","",,Persian,MRN,2024-05-07T16:57:16Z
894995,خارسنبل پارسی,fa,"","",,Persian,MRN,2024-05-07T16:59:58Z
1003510,پیاز بیابانی,fa,"","",,Persian,MRN,2024-05-07T18:38:07Z
1003510,پیاز، پیاز وحشی,fa,"","",,Persian,MRN,2024-05-07T18:41:25Z
514637,زرده شاه تره,fa,"","",,Persian,MRN,2024-05-07T19:18:39Z
514637,شقایق شاه تره ای,fa,"","",,Persian,MRN,2024-05-07T19:21:54Z
885957,شمعدانی وحشی چشم سیاه، سوزنک چشم سیاه,fa,"","",,Persian,MRN,2024-05-08T04:29:17Z
334898,سوزن چوپان، شمعدانی وحشی، سوزنک,fa,"","",,Persian,MRN,2024-05-08T04:37:51Z
334898,دوه دابانی,fa,"Bilehsavar, AR, IR","",,Persian,MRN,2024-05-08T04:43:06Z
334898,سوزنک غده دار,fa,"","",,Persian,MRN,2024-05-08T04:49:05Z
971307,زول,fa,"Chahar Mahall and Bakhtiari, IR","",,Persian,MRN,2024-05-08T05:53:48Z
971307,بوقناق,fa,"","",,Persian,MRN,2024-05-08T06:02:51Z
1550913,زول خراسانی,fa,"","",,Persian,MRN,2024-05-08T06:08:48Z
1550913,اناریجه,fa,"","",,Persian,MRN,2024-05-08T06:10:34Z
1425391,جگن معلق، جگن آویزان,fa,"","",,Persian,MRN,2024-05-08T12:09:43Z
170053,ماستونک، گیس‌چسبک,fa,"","",,Persian,MRN,2024-05-08T21:23:34Z
1528324,گون سرخ گل,fa,"","",,Persian,MRN,2024-05-10T18:52:13Z
1552396,توق,fa,"","",,Persian,MRN,2024-05-16T14:11:22Z
1101702,سنبله‌ای ارغوانی، سنبله‌ای بادکنکی، اولیله,fa,"","",,Persian,MRN,2024-05-18T05:33:49Z
577580,آویشنک,fa,"","",,Persian,MRN,2024-05-18T05:44:05Z
1007843,عروس صحرایی,fa,"","",,Persian,MRN,2024-05-19T08:00:05Z
1554049,اسپرسی گسترده,fa,"","",,Persian,MRN,2024-05-25T04:32:09Z
902473,اشترجاج,fa,"","",,Persian,MRN,2024-06-26T04:26:55Z
1091292,کسیترن,fa,"","",,Persian,MRN,2024-06-26T09:24:28Z
976723,ناخنک،  سینه کفتری,fa,"","",,Persian,MRN,2024-06-27T06:45:20Z
55717,مریم نخودی طناز,fa,"","",,Persian,MRN,2024-08-02T12:13:54Z
55976,علف تب بر,fa,"","",,Persian,MRN,2024-08-03T18:01:36Z
55976,غافث کنفی,fa,"","",,Persian,MRN,2024-08-03T18:02:29Z
1391028,تلکا,fa,"","",,Persian,MRN,2024-08-05T15:59:52Z
118409,نسترن زرد،  رز زرد ایرانی، رز زرد,fa,"","",,Persian,MRN,2024-08-07T08:15:29Z
536570,شانه ونوس قفقازی,fa,"","",,Persian,MRN,2024-08-22T16:03:46Z
493019,شانه ونوس ستاره ای,fa,"","",,Persian,MRN,2024-08-22T16:04:44Z
492970,جاشیر,fa,"","",,Persian,MRN,2024-08-31T17:39:39Z
829112,بارهنگ شور خوشه ای,fa,"","",,Persian,MRN,2024-09-02T11:21:02Z
1571386,بشقابی شمالی، بشقابی جنگلی,fa,"","",,Persian,Kai-Philipp Schablewski,2024-09-03T17:45:12Z
1571294,سلمه، سلمک، سلمکی,fa,"","",https://www.inaturalist.org/taxon_names/3645993/edit,Persian,,2024-09-04T11:53:27Z
1571294,سلمکی ساقه سفید,fa,"","",https://www.inaturalist.org/taxon_names/3645994/edit,Persian,,2024-09-04T11:53:27Z
181691,کاج تهران، کاج الدار,fa,"","",,Persian,MRN,2024-11-17T05:36:32Z
1431644,دو پای کوچک,fa,"","",https://www.inaturalist.org/taxon_names/1860396/edit,Persian,,2024-12-11T12:16:09Z
191024,زالزالک گرجی,fa,"","",,Persian,MRN,2024-12-27T12:41:52Z
450229,زالزالک، زالزالک شرقی,fa,"","",,Persian,MRN,2024-12-27T12:46:19Z
773665,زالزالک، زالزالک زرد,fa,"","",,Persian,MRN,2024-12-27T12:53:16Z
191019,زالزالک، زالزالک مدیترانه ای,fa,"","",,Persian,MRN,2024-12-27T13:17:33Z
191018,زالزالک ارغوانی، زالزالک روسی، زالزالک خونین,fa,"","",,Persian,MRN,2024-12-28T07:02:01Z
947990,زالزالک ارغوانی، زالزالک قفقازی,fa,"","",,Persian,MRN,2024-12-28T07:09:06Z
1110450,زالزالک ارغوانی، زالزالک کردستانی,fa,"","",,Persian,MRN,2024-12-28T07:10:53Z
1110667,زالزالک ارغوانی، زالزالک سکرانی,fa,"","",,Persian,MRN,2024-12-28T07:12:34Z
866279,زالزالک ارغوانی، زالزالک سونگاری,fa,"","",,Persian,MRN,2024-12-28T07:15:03Z
789268,زالزالک سیاه، زالزالک پنج هسته، سیاه ولیک,fa,"","",,Persian,MRN,2024-12-28T07:27:11Z
938730,زالزالک قرمز، زالزالک ایروانی,fa,"","",,Persian,MRN,2024-12-28T07:33:35Z
1281667,زالزالک ترکمنی,fa,"","",,Persian,MRN,2024-12-28T07:35:28Z
900802,زالزالک ارغوانی، زالزالک ارمنستانی,fa,"","",,Persian,MRN,2024-12-28T07:49:08Z
1437486,زالزالک دورگ ارمنی، زالزالک ارمنی,fa,"","",,Persian,MRN,2024-12-28T07:52:49Z
1437510,زالزالک دورگ سینایی، زالزالک سینایی,fa,"","",,Persian,MRN,2024-12-28T07:55:06Z
475319,زالزالک چینی، زالزالک شانه ای,fa,"","",,Persian,MRN,2024-12-28T08:00:40Z
1437505,شبه زالزالک، دورگ شبه زالزالک,fa,"","",,Persian,MRN,2024-12-28T08:07:18Z
1596562,زالزالک زاگرسی,fa,"","",,Persian,MRN,2024-12-28T08:08:54Z
1367002,ازگیل,fa,"","",,Persian,MRN,2024-12-28T08:19:31Z
51147,زالزالک قرمز، زالزالک تک هسته، سرخ ولیک، سرخه ولیک,fa,"","",,Persian,MRN,2024-12-28T08:52:48Z
1164024,زالزالک قرمز، زالزالک ترکستانی,fa,"","",,Persian,MRN,2024-12-28T08:54:04Z
143914,زالزالک قرمز، زالزالک برگ ریز، سرخه ولیک، شال ولیک، سرخ ولیک,fa,"","",,Persian,MRN,2024-12-28T08:58:45Z
1437499,زالزالک قرمز، زالزالک پایک دار، زالزالک دمگل بلند,fa,"","",,Persian,MRN,2024-12-28T09:12:06Z
1350463,زالزالک قرمز، زالزالک دورگ کج خامه,fa,"","",,Persian,MRN,2024-12-28T09:26:16Z
897475,زالزالک خونین، زالزالک آلتایی,fa,"","",,Persian,MRN,2024-12-28T10:54:00Z
1277457,زالزالک سیاه,fa,"","",,Persian,MRN,2024-12-28T12:02:23Z
773664,زالزالک، زالزالک شرقی زیرگونه قره باغی، زالزالک قره باغی,fa,"","",,Persian,MRN,2024-12-28T12:26:24Z
926346,شکرتیغال چندکامه، شکرتیغال چندجنسی,fa,"","",,Persian,MRN,2024-12-29T19:43:25Z
926327,شکرتیغال سبزواری,fa,"","",,Persian,MRN,2024-12-29T21:57:37Z
926310,شکرتیغال آراراتی,fa,"","",,Persian,MRN,2024-12-30T08:03:12Z
926331,شکرتیغال مشهدی,fa,"","",,Persian,MRN,2024-12-30T08:04:38Z
509611,شکرتیغال شرقی,fa,"","",,Persian,MRN,2024-12-30T08:05:55Z
162202,شکرتیغال نیش دار,fa,"","",,Persian,MRN,2024-12-30T08:09:35Z
926458,شکرتیغال پارسی، شکرتیغال شاخدار,fa,"","",,Persian,MRN,2024-12-31T06:47:41Z
926442,شکرتیغال دورنگ,fa,"","",,Persian,MRN,2024-12-31T06:49:02Z
926329,شکرتیغال تنومند,fa,"","",,Persian,MRN,2024-12-31T08:41:18Z
926311,شکرتیغال اباذری,fa,"","",,Persian,MRN,2024-12-31T11:26:23Z
926423,شکرتیغال بلوچستانی,fa,"","",,Persian,MRN,2025-01-01T13:41:09Z
926380,شکرتیغال بومهنی,fa,"","",,Persian,MRN,2025-01-02T06:25:02Z
926322,شکرتیغال شیرازی,fa,"","",,Persian,MRN,2025-01-02T06:34:55Z
926433,شکرتیغال تخت جمشیدی,fa,"","",,Persian,MRN,2025-01-02T06:36:15Z
634710,شکرتیغال بوته ای,fa,"","",,Persian,MRN,2025-01-02T06:40:53Z
926314,شکرتیغال آیشی,fa,"","",,Persian,MRN,2025-01-02T06:42:53Z
926448,شکرتیغال آبی کپه,fa,"","",,Persian,MRN,2025-01-02T06:44:30Z
926361,شکرتیغال نیزه واری,fa,"","",,Persian,MRN,2025-01-02T06:46:16Z
926384,شکرتیغال لاله زاری,fa,"","",,Persian,MRN,2025-01-02T06:48:03Z
926392,شکرتیغال کازرونی,fa,"","",,Persian,MRN,2025-01-02T06:54:15Z
926389,شکرتیغال کرمانشاهی,fa,"","",,Persian,MRN,2025-01-02T06:56:06Z
926397,شکرتیغال یزدی,fa,"","",,Persian,MRN,2025-01-02T07:00:23Z
926390,شکرتیغال کرجی,fa,"","",,Persian,MRN,2025-01-02T07:07:56Z
926481,شکرتیغال افغانی,fa,"","",,Persian,MRN,2025-01-02T07:10:22Z
926473,شکرتیغال ارمنی,fa,"","",,Persian,MRN,2025-01-02T07:12:23Z
926469,شکرتیغال آوجی,fa,"","",,Persian,MRN,2025-01-02T07:15:55Z
926467,شکرتیغال بختیاری,fa,"","",,Persian,MRN,2025-01-02T07:18:15Z
926465,شکرتیغال بارزی,fa,"","",,Persian,MRN,2025-01-02T08:19:56Z
926451,شکرتیغال خراسانی,fa,"","",,Persian,MRN,2025-01-02T08:26:28Z
926446,شکرتیغال داغستانی,fa,"","",,Persian,MRN,2025-01-02T08:30:00Z
926438,شکرتیغال اکباتانی,fa,"","",,Persian,MRN,2025-01-02T08:41:37Z
926435,شکرتیغال ایلامی,fa,"","",,Persian,MRN,2025-01-02T08:45:03Z
926432,شکرتیغال شاخ پشمی,fa,"","",,Persian,MRN,2025-01-02T08:58:19Z
926422,شکرتیغال غوری,fa,"","",,Persian,MRN,2025-01-02T09:06:16Z
926399,شکرتیغال ایرانشهری,fa,"","",,Persian,MRN,2025-01-02T09:11:19Z
926388,شکرتیغال خوانساری,fa,"","",,Persian,MRN,2025-01-02T09:14:50Z
926385,شکرتیغال کردستانی,fa,"","",,Persian,MRN,2025-01-02T09:17:22Z
926385,Kordestan globe Thistle,fa,"","",,Persian,MRN,2025-01-02T09:21:00Z
926387,شکرتیغال خوزستانی,fa,"","",,Persian,MRN,2025-01-02T09:23:10Z
926382,شکرتیغال لاری,fa,"","",,Persian,MRN,2025-01-02T09:25:36Z
926378,شکرتیغال موته ای، شکرتیغال نقش سفید,fa,"","",,Persian,MRN,2025-01-02T09:57:14Z
926395,شکرتیغال قندهاری,fa,"","",,Persian,MRN,2025-01-02T10:11:22Z
509616,شکرتیغال سوزنی,fa,"","",,Persian,MRN,2025-01-02T11:18:56Z
926347,شکرتیغال الوان,fa,"","",,Persian,MRN,2025-01-02T11:36:23Z
926354,شکرتیغال برگ چرمی، شکرتیغال برگ ضخیم,fa,"","",,Persian,MRN,2025-01-02T12:05:49Z
926350,شکرتیغال گل ریز,fa,"","",,Persian,MRN,2025-01-02T12:17:01Z
926343,شکرتیغال بلندقد,fa,"","",,Persian,MRN,2025-01-02T12:44:26Z
860756,شکرتیغال مسلح,fa,"","",,Persian,MRN,2025-01-03T09:03:03Z
900604,سرخار,fa,"","",,Persian,MRN,2025-01-03T09:13:22Z
1107061,شکرتیغال موصلی,fa,"","",,Persian,MRN,2025-01-03T09:53:42Z
926414,شکرتیغال فلس کرکی,fa,"","",,Persian,MRN,2025-01-03T10:33:25Z
1598898,شکرتیغال فلس کرکی زیرگونه پرسپولیسی، شکرتیغال پرسپولیسی,fa,"","",,Persian,MRN,2025-01-03T10:39:43Z
926457,شکرتیغال شاخ خمیده,fa,"","",,Persian,MRN,2025-01-03T10:57:50Z
830942,کلاه میرحسن گچدوست، کلاه میرحسن گرزنی,fa,"","",,Persian,MRN,2025-01-09T22:07:52Z
1151129,مریم گلی کارواندری،  مورتلخ,fa,"","",,Persian,MRN,2025-01-11T20:49:23Z
1600645,گلرنگ وحشی، گلرنگ زرد، خارخرون، خار زرده,fa,"","",https://www.inaturalist.org/taxon_names/3668723/edit,Persian,,2025-01-12T04:20:50Z
877964,سریش طناز,fa,"","",,Persian,MRN,2025-01-16T09:14:37Z
