id,vernacularName,language,locality,countryCode,source,lexicon,contributor,created
114853,Samaruc,und,"","",,Valencian,Duarte Frade,2014-01-08T08:28:20Z
472766,Xoriguer,und,"Comunidad Valenciana, ES","",,Valencian,Daniel Morón Martín,2021-05-05T20:50:18Z
4555,Gavina rosada,und,"","",,Valencian,Zane Roskoph,2021-08-11T12:10:07Z
520160,esteperola cap de gat,und,"Valencia, VC, ES","",,Valencian,Montse Almaraz-Rodríguez,2024-11-19T12:09:58Z
1149895,ensopeguera d’Irta,und,"Valencia, VC, ES","",,Valencian,Montse Almaraz-Rodríguez,2024-11-19T14:50:31Z
765396,sabuquero,und,"Comunidad Valenciana, ES","",,Valencian,Montse Almaraz-Rodríguez,2024-11-21T09:13:00Z
