id,vernacularName,language,locality,countryCode,source,lexicon,contributor,created
170883,ދޮންކެޔޮ,und,"","",,Divehi,John E. Christensen,2017-12-20T15:50:31Z
75445,ދަމުއި,und,"","",,Divehi,John E. Christensen,2018-04-23T20:41:27Z
70054,ކަރާ,und,"","",,Divehi,John E. Christensen,2018-12-24T10:45:54Z
82814,ނެލަންބޯ ނުސިފޭރާ,und,"","",,Divehi,John E. Christensen,2019-05-05T10:41:12Z
157765,ބާމިޔާ,und,"","",,Divehi,Johan Devos,2020-12-20T20:34:30Z
102636,Hindhu dhidhamas,und,"","",http://www.catalogueoflife.org/annual-checklist/details/species/id/10069841/common/192939,Divehi,Donald Davesne,2021-07-20T16:10:05Z
113200,Hikaa,und,"","",http://www.catalogueoflife.org/annual-checklist/details/species/id/10076553/common/152113,Divehi,,2021-07-27T16:23:17Z
94025,Hikaa,und,"","",http://www.catalogueoflife.org/annual-checklist/details/species/id/10076146/common/200004,Divehi,,2021-07-27T16:23:17Z
102580,Hikaa,und,"","",http://www.catalogueoflife.org/annual-checklist/details/species/id/10076406/common/171782,Divehi,,2021-07-27T16:23:18Z
102040,Hikaa,und,"","",http://www.catalogueoflife.org/annual-checklist/details/species/id/10076341/common/59402,Divehi,Donald Davesne,2021-07-27T16:23:18Z
113980,Hikaa,und,"","",http://www.catalogueoflife.org/annual-checklist/details/species/id/10076599/common/94179,Divehi,,2021-07-27T16:23:19Z
94027,Hikaa,und,"","",http://www.catalogueoflife.org/annual-checklist/details/species/id/10076148/common/199961,Divehi,,2021-07-27T16:23:19Z
108076,Hikaa,und,"","",http://www.catalogueoflife.org/annual-checklist/details/species/id/10076475/common/125472,Divehi,,2021-07-27T16:23:20Z
102051,Hikaa,und,"","",http://www.catalogueoflife.org/annual-checklist/details/species/id/10076357/common/59192,Divehi,,2021-07-27T16:23:20Z
95813,Hikaa,und,"","",http://www.catalogueoflife.org/annual-checklist/details/species/id/10076153/common/125326,Divehi,Donald Davesne,2021-07-27T16:23:21Z
110971,Hikaa,und,"","",http://www.catalogueoflife.org/annual-checklist/details/species/id/10076525/common/156960,Divehi,,2021-07-27T16:23:21Z
102080,Hikaa,und,"","",http://www.catalogueoflife.org/annual-checklist/details/species/id/10076392/common/58693,Divehi,lwnrngr,2021-07-27T16:23:21Z
95819,Hikaa,und,"","",http://www.catalogueoflife.org/annual-checklist/details/species/id/10076159/common/125233,Divehi,,2021-07-27T16:23:22Z
110972,Hikaa,und,"","",http://www.catalogueoflife.org/annual-checklist/details/species/id/10076526/common/156942,Divehi,,2021-07-27T16:23:22Z
98503,Hikaa,und,"","",http://www.catalogueoflife.org/annual-checklist/details/species/id/10076285/common/142158,Divehi,,2021-07-27T16:23:23Z
111000,Hikaa,und,"","",http://www.catalogueoflife.org/annual-checklist/details/species/id/10076536/common/228961,Divehi,,2021-07-27T16:23:23Z
102579,Hikaa,und,"","",http://www.catalogueoflife.org/annual-checklist/details/species/id/10076405/common/171841,Divehi,Donald Davesne,2021-07-27T16:23:23Z
100036,Hikaa,und,"","",http://www.catalogueoflife.org/annual-checklist/details/species/id/10076318/common/81473,Divehi,,2021-07-27T16:23:24Z
97167,Alanaasi bibee,und,"","",http://www.catalogueoflife.org/annual-checklist/details/species/id/10069767/common/30590,Divehi,,2021-07-27T17:45:33Z
49641,Dhunfaiy mas,und,"","",http://www.catalogueoflife.org/annual-checklist/details/species/id/10066719/common/55529,Divehi,,2021-07-28T13:20:11Z
424818,Dhunfaiy mas,und,"","",http://www.catalogueoflife.org/annual-checklist/details/species/id/10066720/common/55474,Divehi,,2021-07-28T13:20:12Z
154461,Ven funna,und,"","",http://www.catalogueoflife.org/annual-checklist/details/species/id/10068455/common/171093,Divehi,,2021-07-28T23:37:08Z
424219,Ven funna,und,"","",http://www.catalogueoflife.org/annual-checklist/details/species/id/10068428/common/178339,Divehi,,2021-07-28T23:37:09Z
96996,Raiy faana,und,"","",http://www.catalogueoflife.org/annual-checklist/details/species/id/10073045/common/60891,Divehi,,2021-07-29T00:46:55Z
49639,Raiy faana,und,"","",http://www.catalogueoflife.org/annual-checklist/details/species/id/10073047/common/60797,Divehi,,2021-07-29T00:46:56Z
52466,Kalhu rondu,und,"","",http://www.catalogueoflife.org/annual-checklist/details/species/id/10084945/common/200488,Divehi,,2021-07-29T02:02:29Z
154282,ބިސް ރޮނޑު,und,"","",,Divehi,Zane Roskoph,2021-07-29T03:42:46Z
53669,Vaalan rondu,und,"","",,Divehi,Zane Roskoph,2021-07-30T11:40:30Z
53669,ވާލަން ރޮނޑު,und,"","",,Divehi,Zane Roskoph,2021-07-30T11:45:28Z
196702,Reendhoo funna,und,"","",http://www.catalogueoflife.org/annual-checklist/details/species/id/10068460/common/171067,Divehi,,2021-07-30T12:27:27Z
50873,ފެމުނު މިޔަރު,und,"","",,Divehi,Zane Roskoph,2021-07-30T13:50:39Z
123269,ނޫކާޅު,und,"","",,Divehi,Zane Roskoph,2021-07-30T18:46:28Z
97154,ހިންދުކޮކާ ބިބީ,und,"","",,Divehi,Zane Roskoph,2021-07-30T18:50:56Z
52188,ފެހުރިހި,und,"","",,Divehi,Zane Roskoph,2021-08-03T13:52:44Z
52451,Ran geri,und,"","",http://www.catalogueoflife.org/annual-checklist/details/species/id/10066695/common/8240,Divehi,,2021-08-03T16:17:44Z
196489,Dhidha funna,und,"","",http://www.catalogueoflife.org/annual-checklist/details/species/id/10071773/common/201688,Divehi,,2021-08-03T18:01:27Z
106696,Dhidha funna,und,"","",http://www.catalogueoflife.org/annual-checklist/details/species/id/10071775/common/201665,Divehi,Victor HOYEAU,2021-08-03T18:01:28Z
196489,ފަރި ދިދަފުންނަ,und,"","",,Divehi,Zane Roskoph,2021-08-03T18:02:43Z
106696,ދިދަފުންނަ,und,"","",,Divehi,Zane Roskoph,2021-08-03T18:08:29Z
614292,ޑިނގާ ފުންނަ,und,"","",,Divehi,Zane Roskoph,2021-08-05T18:11:32Z
614292,Funna,und,"","",,Divehi,Zane Roskoph,2021-08-05T18:14:52Z
127711,ހުއިފަތު ބޮއްމަސް,und,"","",,Divehi,Zane Roskoph,2021-08-11T23:43:42Z
1015342,Hikaa,und,"","",http://www.catalogueoflife.org/annual-checklist/details/species/id/10076402/common/58548,Divehi,,2021-08-16T02:36:03Z
130793,ރޯޔަލް ބެންގާލް ޓައިގަރ,und,"","",,Divehi,Zane Roskoph,2021-08-27T12:21:12Z
181024,ބުރެކި,und,"","",,Divehi,Zane Roskoph,2021-08-28T23:55:39Z
119419,Gaaviha mas,und,"","",http://www.catalogueoflife.org/annual-checklist/2012/details/species/id/9741333,Divehi,,2021-09-12T20:27:45Z
121375,Gaaviha mas,und,"","",http://www.catalogueoflife.org/annual-checklist/2012/details/species/id/9741333,Divehi,,2021-09-12T20:27:45Z
153191,Ven,und,"","",,Divehi,Zane Roskoph,2021-09-13T12:57:22Z
204597,Muraka mas,und,"","",http://www.catalogueoflife.org/annual-checklist/2012/details/species/id/9741333,Divehi,,2021-09-13T13:04:55Z
447758,Muraka mas,und,"","",http://www.catalogueoflife.org/annual-checklist/2012/details/species/id/9741333,Divehi,,2021-09-13T13:04:55Z
341863,Muraka mas,und,"","",http://www.catalogueoflife.org/annual-checklist/2012/details/species/id/9741333,Divehi,Kitty Maurey,2021-09-13T13:04:56Z
119717,Muraka mas,und,"","",http://www.catalogueoflife.org/annual-checklist/2012/details/species/id/9741333,Divehi,,2021-09-13T13:04:57Z
424314,Muraka mas,und,"","",http://www.catalogueoflife.org/annual-checklist/2012/details/species/id/9741333,Divehi,Alec Cowles,2021-09-13T13:04:57Z
83879,Thumbi,und,"","",,Divehi,Zane Roskoph,2021-09-15T23:35:42Z
83318,Fuh kudhi koli,und,"","",http://www.catalogueoflife.org/annual-checklist/2012/details/species/id/9741333,Divehi,,2021-09-29T00:39:37Z
124906,Fuh kudhi koli,und,"","",http://www.catalogueoflife.org/annual-checklist/2012/details/species/id/9741333,Divehi,Wich’yanan (Jay) Limparungpatthanakij,2021-09-29T00:39:37Z
121197,Gaa boa,und,"","",http://www.catalogueoflife.org/annual-checklist/2012/details/species/id/9741333,Divehi,,2021-10-10T18:56:08Z
47578,Gaa boa,und,"","",http://www.catalogueoflife.org/annual-checklist/2012/details/species/id/9741333,Divehi,,2021-10-10T18:56:09Z
67658,Gaa boa,und,"","",http://www.catalogueoflife.org/annual-checklist/2012/details/species/id/9741333,Divehi,,2021-10-10T18:56:09Z
132687,Gaa boa,und,"","",http://www.catalogueoflife.org/annual-checklist/2012/details/species/id/9741333,Divehi,,2021-10-10T18:56:09Z
196936,Koli,und,"","",,Divehi,Zane Roskoph,2021-10-16T16:20:05Z
49498,Rondu,und,"","",,Divehi,Zane Roskoph,2021-10-17T14:34:52Z
105059,Hikaa,und,"","",,Divehi,Zane Roskoph,2021-12-04T14:03:10Z
122514,Reedhoo kalhu-oh,und,"","",http://www.catalogueoflife.org/annual-checklist/2012/details/species/id/9741333,Divehi,Donald Davesne,2021-12-06T00:42:49Z
1315394,Muraka mas,und,"","",http://www.catalogueoflife.org/annual-checklist/2012/details/species/id/9741333,Divehi,,2021-12-07T22:18:31Z
1316129,Muraka mas,und,"","",http://www.catalogueoflife.org/annual-checklist/2012/details/species/id/9741333,Divehi,,2021-12-07T22:22:12Z
1316764,Muraka mas,und,"","",http://www.catalogueoflife.org/annual-checklist/2012/details/species/id/9741333,Divehi,,2022-02-18T00:09:13Z
