id,vernacularName,language,locality,countryCode,source,lexicon,contributor,created
135283,Pangau,und,"","",,Wawa,Zane Roskoph,2021-07-27T18:18:50Z
52456,Kau kameta,und,"","",,Wawa,Zane Roskoph,2021-08-01T13:45:47Z
123227,Mita,und,"","",,Wawa,Zane Roskoph,2021-08-03T12:10:12Z
52451,Lulu mera,und,"","",,Wawa,Zane Roskoph,2021-08-03T16:23:53Z
153280,Turiu,und,"","",,Wawa,Zane Roskoph,2021-08-29T12:46:22Z
97004,Kau mamera,und,"","",,Wawa,Zane Roskoph,2021-10-09T16:44:59Z
52464,Papameta,und,"","",,Wawa,Zane Roskoph,2021-10-17T14:09:33Z
47251,Taranu,und,"","",,Wawa,Zane Roskoph,2021-10-17T23:40:54Z
471636,Kase,und,"","",,Wawa,Zane Roskoph,2021-12-04T14:42:09Z
52299,Ama kolikoli,und,"","",,Wawa,Zane Roskoph,2024-12-01T19:24:59Z
