id,vernacularName,language,locality,countryCode,source,lexicon,contributor,created
84298,Divlji kesten,und,"","",,Bosnian,John E. Christensen,2017-11-28T16:31:42Z
47549,Bodljokošci,und,"","",,Bosnian,John E. Christensen,2017-12-02T21:03:31Z
18874,Papiga,und,"","",,Bosnian,John E. Christensen,2017-12-15T07:47:50Z
47118,Pauk,und,"","",,Bosnian,John E. Christensen,2017-12-29T16:42:01Z
47120,Zglavkari,und,"","",,Bosnian,John E. Christensen,2018-01-18T15:51:00Z
2,Hordati,und,"","",,Bosnian,John E. Christensen,2018-01-22T07:11:31Z
83204,Buha,und,"","",,Bosnian,John E. Christensen,2018-02-10T13:26:34Z
42134,Divlja svinja,und,"","",,Bosnian,John E. Christensen,2018-02-13T08:00:29Z
3,Ptice,und,"","",,Bosnian,John E. Christensen,2018-03-20T07:03:04Z
45933,Vjeverica,und,"","",,Bosnian,John E. Christensen,2018-07-12T15:26:43Z
63573,Smrča,und,"","",,Bosnian,John E. Christensen,2018-12-16T09:38:26Z
77965,Kamilica,und,"","",,Bosnian,John E. Christensen,2018-12-21T14:44:10Z
40151,Sisari,und,"","",,Bosnian,John E. Christensen,2019-02-07T18:19:40Z
47170,Gljive,und,"","",,Bosnian,John E. Christensen,2019-04-03T13:16:50Z
47125,Cvjetnica,und,"","",,Bosnian,John E. Christensen,2019-04-27T09:47:44Z
85553,Zmija,und,"","",,Bosnian,John E. Christensen,2019-04-28T07:09:31Z
505478,Kokoška,und,"","",,Bosnian,John E. Christensen,2019-10-05T14:36:59Z
131236,virusa,und,"","",,Bosnian,James K. Douch,2020-02-23T01:49:29Z
47114,Puževi,und,"","",,Bosnian,John E. Christensen,2020-04-24T14:42:40Z
20979,Žaba,und,"","",,Bosnian,John E. Christensen,2020-12-07T08:22:49Z
157765,Bamija,und,"","",,Bosnian,Johan Devos,2020-12-20T20:31:59Z
68235,Poluhordati,und,"","",,Bosnian,John E. Christensen,2021-01-01T15:59:20Z
47516,Kalifornijska pastrmka,und,"","",,Bosnian,Zane Roskoph,2021-07-29T22:53:38Z
41970,Jaguar,und,"","",,Bosnian,Zane Roskoph,2021-07-30T11:55:06Z
50873,Velika bijela ajkula,und,"","",,Bosnian,Zane Roskoph,2021-07-30T13:49:23Z
84996,Zambezi ajkula,und,"","",,Bosnian,Zane Roskoph,2021-07-30T14:43:41Z
42007,Puma,und,"","",,Bosnian,Zane Roskoph,2021-08-01T00:40:56Z
56072,Mandarinka,und,"","",,Bosnian,Zane Roskoph,2021-08-09T13:22:25Z
709635,Perunika,und,"","",,Bosnian,Zane Roskoph,2021-08-10T16:16:26Z
41644,Polarni medvjed,und,"","",,Bosnian,Zane Roskoph,2021-08-11T16:05:57Z
41955,Gepard,und,"","",,Bosnian,Zane Roskoph,2021-08-13T11:55:09Z
112581,Som,und,"","",,Bosnian,Zane Roskoph,2021-08-14T18:02:48Z
41553,Plavi kit,und,"","",,Bosnian,Zane Roskoph,2021-08-15T14:45:00Z
41964,Lav,und,"","",,Bosnian,Zane Roskoph,2021-08-24T13:03:26Z
74831,snježni leopard,und,"","",,Bosnian,Zane Roskoph,2021-08-25T11:31:28Z
130796,Sibirski tigar,und,"","",,Bosnian,Zane Roskoph,2021-08-26T13:46:45Z
41967,Tigar,und,"","",,Bosnian,Zane Roskoph,2021-08-26T15:01:17Z
27677,Čovječija ribica,und,"","",,Bosnian,Zane Roskoph,2021-08-27T14:59:14Z
469472,jabuka,und,"","",,Bosnian,,2022-03-27T04:17:40Z
774753,Morski ježevi,und,"","",,Bosnian,John E. Christensen,2022-04-01T11:55:16Z
47119,Paučnjaci,und,Croatia,HR,,Bosnian,Marino Linić,2022-05-24T10:29:45Z
26036,Gmazovi,und,Croatia,HR,,Bosnian,Marino Linić,2022-05-24T10:41:47Z
85493,Rakovi,und,Croatia | Bosnia and Herzegovina | Serbia,"HR,BA,RS",,Bosnian,Marino Linić,2022-05-24T10:48:03Z
49556,Strige,und,Croatia,HR,,Bosnian,Marino Linić,2022-05-24T10:54:05Z
50867,Osoliki pauk,und,Croatia,HR,,Bosnian,Marino Linić,2022-05-24T10:55:35Z
35710,Krška gušterica,und,Croatia | Bosnia and Herzegovina,"HR,BA",,Bosnian,Marino Linić,2022-05-24T13:37:41Z
74009,Bjelica,und,Croatia | Serbia | Bosnia and Herzegovina,"HR,RS,BA",,Bosnian,Marino Linić,2022-05-24T13:41:50Z
39532,Kornjače,und,Croatia | Bosnia and Herzegovina | Serbia,"HR,BA,RS",,Bosnian,Marino Linić,2022-05-24T13:52:53Z
47178,Zrakoperke,und,Croatia,HR,,Bosnian,Marino Linić,2022-05-24T13:56:12Z
144128,Stonoge,und,Croatia,HR,,Bosnian,Marino Linić,2022-05-24T14:02:10Z
184884,Krilaši,und,Croatia,HR,,Bosnian,Marino Linić,2022-05-24T14:05:53Z
52628,Pauk križar,und,Croatia,HR,,Bosnian,Marino Linić,2022-05-24T14:47:07Z
47534,Žarnjaci,und,Croatia,HR,,Bosnian,Marino Linić,2022-05-24T14:52:49Z
481959,Zvjezdače i zmijače,und,Croatia,HR,,Bosnian,Marino Linić,2022-05-24T14:59:30Z
48836,Zmijače,und,Croatia,HR,,Bosnian,Marino Linić,2022-05-24T15:07:56Z
50873,Velika bijela psina,und,Croatia,HR,,Bosnian,Marino Linić,2022-06-11T18:00:59Z
505478,Domaća kokoš,und,Croatia,HR,,Bosnian,Marino Linić,2022-06-13T16:51:05Z
47124,Dikotiledone,und,"","",,Bosnian,John E. Christensen,2022-09-16T13:52:32Z
1,Životinje,und,"","",,Bosnian,John E. Christensen,2022-10-03T11:40:41Z
12038,Rusi svračak,und,Croatia,HR,,Bosnian,Marino Linić,2022-11-04T15:58:21Z
43997,Barska nutrija,und,Croatia,HR,,Bosnian,Marino Linić,2022-11-08T16:44:03Z
2938,Divlja grlica,und,Croatia,HR,,Bosnian,Marino Linić,2022-11-15T17:08:32Z
57278,Žljezdasti pajasen,und,Croatia,HR,,Bosnian,Marino Linić,2022-11-15T19:28:13Z
55858,Crveni drijen,und,Croatia,HR,,Bosnian,Marino Linić,2022-11-15T21:35:21Z
734806,Žućkastozeleni žednjak,und,Croatia,HR,,Bosnian,Marino Linić,2022-11-15T21:47:57Z
47851,Hrast,und,Croatia,HR,,Bosnian,Marino Linić,2022-11-27T14:12:17Z
47217,Orhideje,und,Croatia | Bosnia and Herzegovina,"HR,BA",,Bosnian,Marino Linić,2022-12-03T23:07:17Z
48894,Štipavci,und,Croatia,HR,,Bosnian,Marino Linić,2022-12-14T20:27:24Z
67771,Sjeverno-američka stjenica,und,Croatia,HR,,Bosnian,Marino Linić,2022-12-14T21:50:21Z
98411,Glavočić korčulanski,und,Croatia,HR,,Bosnian,Marino Linić,2022-12-15T04:51:16Z
4270,Veliki vranac,und,Croatia,HR,,Bosnian,Marino Linić,2022-12-26T10:57:30Z
472766,Vjetruša,und,Croatia,HR,,Bosnian,Marino Linić,2022-12-26T10:59:20Z
979813,Mali vranac,und,Croatia,HR,,Bosnian,Marino Linić,2022-12-26T11:04:06Z
9398,Češljugar,und,Croatia,HR,,Bosnian,Marino Linić,2022-12-26T11:04:39Z
14824,Brgljez,und,Croatia,HR,,Bosnian,Marino Linić,2022-12-26T11:05:00Z
2599,Vodomar,und,Croatia,HR,,Bosnian,Marino Linić,2022-12-26T11:05:19Z
147298,Mali pjegavac,und,Croatia,HR,,Bosnian,Marino Linić,2022-12-31T13:15:49Z
123629,Veliki pjegavac,und,Croatia,HR,,Bosnian,Marino Linić,2022-12-31T13:17:11Z
145360,Zelendur,und,Croatia,HR,,Bosnian,Marino Linić,2022-12-31T13:21:08Z
12748,Drozd cikelj,und,Croatia,HR,,Bosnian,Marino Linić,2022-12-31T13:21:53Z
13688,Gorska pastirica,und,Croatia,HR,,Bosnian,Marino Linić,2022-12-31T13:22:27Z
144455,Velika bijela čaplja,und,Croatia,HR,,Bosnian,Marino Linić,2022-12-31T13:28:01Z
13851,Poljski vrabac,und,Croatia,HR,,Bosnian,Marino Linić,2022-12-31T13:28:51Z
12971,Siva muharica,und,Croatia,HR,,Bosnian,Marino Linić,2022-12-31T13:30:16Z
9801,Batokljun,und,Croatia,HR,,Bosnian,Marino Linić,2022-12-31T13:30:46Z
56162,Crni sljez,und,Croatia,HR,,Bosnian,Marino Linić,2022-12-31T13:33:42Z
211194,Vaskularne biljke,und,Croatia,HR,,Bosnian,Marino Linić,2022-12-31T13:43:05Z
201192,Crnoglavi batić,und,Croatia,HR,,Bosnian,Marino Linić,2023-01-05T18:37:11Z
12908,Smeđoglavi batić,und,Croatia,HR,,Bosnian,Marino Linić,2023-01-05T18:37:38Z
145363,Palčić,und,Croatia,HR,,Bosnian,Marino Linić,2023-01-05T18:38:12Z
13141,Modrokos,und,Croatia,HR,,Bosnian,Marino Linić,2023-01-05T18:38:53Z
5309,Orao štekavac,und,Croatia,HR,,Bosnian,Marino Linić,2023-01-05T18:39:26Z
204545,Žuta pastirica,und,Croatia,HR,,Bosnian,Marino Linić,2023-01-05T18:47:22Z
170271,Prstasta konopljika,und,Croatia,HR,,Bosnian,Marino Linić,2023-01-05T18:49:19Z
125849,Hrast medunac,und,Croatia,HR,,Bosnian,Marino Linić,2023-01-05T18:50:00Z
82689,Planika,und,Croatia,HR,,Bosnian,Marino Linić,2023-01-05T18:51:48Z
82903,Crvena tetivika,und,Croatia,HR,,Bosnian,Marino Linić,2023-01-05T18:54:31Z
464801,Uskolisna perunika,und,Croatia,HR,,Bosnian,Marino Linić,2023-01-12T23:49:26Z
47779,Žuta perunika,und,Croatia,HR,,Bosnian,Marino Linić,2023-01-12T23:50:02Z
424147,Obična gatalinka,und,Croatia,HR,,Bosnian,Marino Linić,2023-01-13T00:24:02Z
148030,Domaći magarac,und,Croatia,HR,,Bosnian,Marino Linić,2023-01-18T23:52:14Z
47144,Domaći pas,und,Croatia,HR,,Bosnian,Marino Linić,2023-01-18T23:53:05Z
122970,Čičoka,und,Croatia,HR,,Bosnian,Marino Linić,2023-01-26T10:25:19Z
12735,Drozd imelaš,und,Croatia,HR,,Bosnian,Marino Linić,2023-02-05T22:22:10Z
4981,Gak,und,Croatia,HR,,Bosnian,Marino Linić,2023-02-05T22:23:01Z
7106,Patka mandarinka,und,Croatia,HR,,Bosnian,Marino Linić,2023-02-05T22:23:51Z
42184,Obična srna,und,Croatia,HR,,Bosnian,Marino Linić,2023-02-11T02:52:28Z
43793,Europski dabar,und,Croatia,HR,,Bosnian,Marino Linić,2023-02-11T02:55:43Z
42161,Jelen lopatar,und,Croatia,HR,,Bosnian,Marino Linić,2023-02-11T02:56:23Z
1431273,Šumska voluharica,und,Croatia,HR,,Bosnian,Marino Linić,2023-02-11T02:56:56Z
209233,Domaći konj,und,Croatia,HR,,Bosnian,Marino Linić,2023-02-11T03:00:56Z
43151,Europski kunić,und,Croatia,HR,,Bosnian,Marino Linić,2023-02-11T03:01:45Z
41800,Kuna bjelica,und,Croatia,HR,,Bosnian,Marino Linić,2023-02-11T03:02:24Z
118552,Domaća mačka,und,Croatia,HR,,Bosnian,Marino Linić,2023-02-11T03:02:48Z
43128,Europski zec,und,Croatia,HR,,Bosnian,Marino Linić,2023-02-11T03:03:35Z
116804,Trstenjak rogožar,und,Croatia,HR,,Bosnian,Marino Linić,2023-02-11T03:05:54Z
558438,Patka žličarka,und,Croatia,HR,,Bosnian,Marino Linić,2023-02-11T03:06:43Z
61781,Šareni debeloglavac,und,Croatia,HR,,Bosnian,Marino Linić,2023-02-11T04:48:20Z
130398,Šahovnica,und,Croatia,HR,,Bosnian,Marino Linić,2023-02-11T04:49:13Z
82591,Zlatinjak,und,Croatia,HR,,Bosnian,Marino Linić,2023-02-11T04:50:16Z
82904,Bodljikava veprina,und,Croatia,HR,,Bosnian,Marino Linić,2023-02-11T04:52:09Z
54491,Obična lijeska,und,Croatia,HR,,Bosnian,Marino Linić,2023-02-18T21:47:17Z
78592,Japanski ljepljivac,und,Croatia,HR,,Bosnian,Marino Linić,2023-02-18T23:30:55Z
20526,Noj,und,"","",,Bosnian,Johan Devos,2023-02-28T22:16:31Z
4951,Čaplja danguba,und,Croatia,HR,,Bosnian,Marino Linić,2023-03-04T13:17:20Z
1273318,Zelena krastača,und,Croatia,HR,,Bosnian,Marino Linić,2023-03-13T14:41:07Z
47603,Maslačak,und,Croatia,HR,,Bosnian,Marino Linić,2023-04-08T18:04:39Z
1477722,Krška sedlarka,und,Croatia,HR,,Bosnian,Marino Linić,2023-09-20T14:00:08Z
411086,Čaplja govedarica,und,"","",https://www.inaturalist.org/taxon_names/3238523/edit,Bosnian,Iván Reséndiz Cruz,2024-11-03T09:37:34Z
336399,Čavka,und,"","",https://www.inaturalist.org/taxon_names/3190360/edit,Bosnian,,2024-11-17T14:29:25Z
