id,vernacularName,language,locality,countryCode,source,lexicon,contributor,created
888341,Kelyot,und,"","",,Kipsigis,brnhn,2020-11-20T21:44:12Z
132925,Serwendetii,und,"","",,Kipsigis,Tammo Reichgelt,2022-07-20T14:10:44Z
441345,Mututuriet,und,"","",,Kipsigis,Tammo Reichgelt,2022-07-20T15:07:35Z
582302,Kisengwet,und,"","",,Kipsigis,Tammo Reichgelt,2022-07-20T15:31:28Z
582302,Bisingwet,und,"","",,Kipsigis,Tammo Reichgelt,2022-07-20T15:34:20Z
146808,Tabarariet,und,"","",,Kipsigis,Tammo Reichgelt,2022-07-20T15:42:50Z
146808,Labororiet,und,"","",,Kipsigis,Tammo Reichgelt,2022-07-20T15:43:03Z
152137,Larabat,und,"","",,Kipsigis,Tammo Reichgelt,2022-07-20T15:47:25Z
507100,Lito,und,"","",,Kipsigis,Tammo Reichgelt,2022-07-20T15:50:56Z
184346,Porowet Ap Teta,und,"","",,Kipsigis,Tammo Reichgelt,2022-07-20T19:24:53Z
342721,Kiptablelet,und,"","",,Kipsigis,Tammo Reichgelt,2022-07-20T19:40:36Z
589548,Ketit Ap Teita,und,"","",,Kipsigis,Tammo Reichgelt,2022-07-20T20:06:29Z
582852,Kuserwet,und,"","",,Kipsigis,Tammo Reichgelt,2022-07-21T02:03:07Z
48598,Batkanet,und,"","",,Kipsigis,Tammo Reichgelt,2022-07-21T02:11:02Z
590768,Museset,und,"","",,Kipsigis,Tammo Reichgelt,2022-07-21T19:40:54Z
590768,Kaavagariet,und,"","",,Kipsigis,Tammo Reichgelt,2022-07-21T19:41:05Z
584493,Kenchaiyet,und,"","",,Kipsigis,Tammo Reichgelt,2022-07-21T20:06:54Z
1588634,Borowet-Abiteta,und,"","",https://www.inaturalist.org/taxon_names/3047704/edit,Kipsigis,,2024-11-12T10:17:37Z
