id,vernacularName,language,locality,countryCode,source,lexicon,contributor,created
47115,Molusku,und,"","",,Euskara,John E. Christensen,2017-12-08T10:08:06Z
52764,zolda,und,"","",,Euskara,Bodo Nuñez Oberg,2018-07-21T16:41:18Z
125440,Lizarra,und,"","",,Euskara,Javier Peralta de Andrés,2020-01-27T09:21:21Z
4733,Zikoina zuri,und,"","",,Euskara,Javier Peralta de Andrés,2020-06-10T15:01:41Z
774894,orrazi-iratzea,und,"","",,Euskara,Pablo de la Fuente Brun,2020-09-04T17:31:55Z
348288,Foraminifero,und,"","",,Euskara,Alessandro G.,2021-03-18T23:46:02Z
