id,vernacularName,language,locality,countryCode,source,lexicon,contributor,created
47257,Wahoo,und,"","","FA Bisby, YR Roskov, MA Ruggiero, TM Orrell, LE Paglinawan, PW Brewer, N Bailly, J van Hertum, eds (2007). Species 2000 & ITIS Catalogue of Life: 2007 Annual Checklist Taxonomic Classification. CD-ROM; Species 2000: Reading, U.K.",Misima-paneati,Cédric de Foucault,2008-05-21T23:18:16Z
49639,Ulibelila,und,"","",,Misima-paneati,Zane Roskoph,2021-07-29T00:51:14Z
52451,Awanak,und,"","",,Misima-paneati,Zane Roskoph,2021-08-03T16:21:23Z
52451,Togoleli,und,"","",,Misima-paneati,Zane Roskoph,2021-08-03T16:21:44Z
47257,Kibukibu,und,"","",,Misima-paneati,Zane Roskoph,2021-09-20T00:39:09Z
471636,Unanatokite,und,"","",http://www.catalogueoflife.org/annual-checklist/2012/details/species/id/9741333,Misima-paneati,Wich’yanan (Jay) Limparungpatthanakij,2021-12-04T14:43:19Z
