id,vernacularName,language,locality,countryCode,source,lexicon,contributor,created
509307,Pepega,und,"","",,Chamorro,James Ojascastro,2016-10-03T13:18:31Z
189051,Mapunyao,und,"","",,Chamorro,James Ojascastro,2016-10-04T10:38:25Z
510457,Potupot,und,"","",,Chamorro,James Ojascastro,2016-10-14T02:31:34Z
504651,Otot,und,"","",,Chamorro,James Ojascastro,2016-10-17T06:04:01Z
504035,Yoga,und,"","",,Chamorro,James Ojascastro,2016-10-18T02:08:50Z
471230,Alom,und,"","",,Chamorro,James Ojascastro,2016-10-18T03:26:25Z
511065,Chopak,und,"","",,Chamorro,James Ojascastro,2016-10-18T03:30:23Z
510930,Agatelang,und,"","",,Chamorro,James Ojascastro,2016-10-18T03:47:23Z
504034,Gausali,und,"","",,Chamorro,James Ojascastro,2016-10-18T06:40:22Z
122796,Donni sali,und,"","",,Chamorro,James Ojascastro,2016-11-19T07:42:44Z
363481,nanaso,und,"","",,Chamorro,James Ojascastro,2016-12-05T09:02:57Z
138579,Håyun lågu,und,"","",,Chamorro,Corey Lange,2017-04-10T03:17:15Z
193311,Ufa hålom tåno',und,"","",,Chamorro,Corey Lange,2017-05-16T18:55:59Z
504339,Langiti,und,"","",,Chamorro,James Ojascastro,2017-05-31T16:04:29Z
425741,Fagot,und,"","",,Chamorro,James Ojascastro,2017-05-31T16:05:23Z
425757,Lalaha,und,"","",,Chamorro,James Ojascastro,2017-05-31T16:08:28Z
509162,Banago,und,"","",,Chamorro,James Ojascastro,2017-06-04T23:24:56Z
47447,Tangantangan,und,"","",,Chamorro,James Ojascastro,2017-06-11T23:25:03Z
528817,pupulon aniti,und,"","",,Chamorro,James Ojascastro,2017-06-15T14:24:16Z
343875,Ifit,und,"","",,Chamorro,James Ojascastro,2017-06-29T19:37:37Z
485345,Tagete,und,"","",,Chamorro,James Ojascastro,2017-06-30T14:37:54Z
485345,Hodda,und,"","",,Chamorro,James Ojascastro,2017-06-30T14:38:22Z
503865,Nunu,und,"","",,Chamorro,James Ojascastro,2017-06-30T14:39:48Z
139168,Gaogao,und,"","",,Chamorro,James Ojascastro,2017-06-30T17:36:15Z
510928,Paipai,und,"","",,Chamorro,James Ojascastro,2017-07-01T21:55:49Z
363301,Hamlag,und,"","",,Chamorro,James Ojascastro,2017-07-05T00:26:29Z
360351,Amahadyan,und,"","",,Chamorro,James Ojascastro,2017-07-05T00:36:16Z
360351,Amahatyan,und,"","",,Chamorro,James Ojascastro,2017-07-05T00:36:46Z
552070,Pengua,und,"","",,Chamorro,James Ojascastro,2017-07-05T00:39:52Z
62821,Talisai,und,"","",,Chamorro,James Ojascastro,2017-07-05T00:48:20Z
159698,Da'ok,und,"","",,Chamorro,James Ojascastro,2017-07-05T01:01:38Z
14946,Sali,und,"","",,Chamorro,James Ojascastro,2017-07-05T01:08:21Z
8007,Aga,und,"","",,Chamorro,James Ojascastro,2017-07-05T01:09:34Z
136153,Fadang,und,"","",,Chamorro,James Ojascastro,2017-07-05T01:18:54Z
136153,Fandang,und,"","",,Chamorro,James Ojascastro,2017-07-05T01:19:23Z
136153,Fadan,und,"","",,Chamorro,James Ojascastro,2017-07-05T01:19:57Z
48865,niyog,und,"","",,Chamorro,James Ojascastro,2017-07-05T01:22:11Z
48865,niyok,und,"","",,Chamorro,James Ojascastro,2017-07-05T01:22:46Z
84150,Pahong,und,"","",,Chamorro,James Ojascastro,2017-07-05T02:11:47Z
70026,Kafu,und,"","",,Chamorro,James Ojascastro,2017-07-05T02:14:07Z
70026,Fatsao,und,"","",,Chamorro,James Ojascastro,2017-07-05T02:14:32Z
343758,Chi'ute,und,"","",,Chamorro,James Ojascastro,2017-07-05T02:16:02Z
62888,Gagu,und,"","",,Chamorro,James Ojascastro,2017-07-05T03:38:19Z
62888,Gago,und,"","",,Chamorro,James Ojascastro,2017-07-05T03:38:48Z
132923,Gulos,und,"","",,Chamorro,James Ojascastro,2017-07-05T17:02:29Z
136213,Fadan,und,"","",,Chamorro,James Ojascastro,2017-07-05T17:08:29Z
136213,Fadang,und,"","",,Chamorro,James Ojascastro,2017-07-05T17:16:33Z
425825,Lalanyok,und,"","",,Chamorro,James Ojascastro,2017-07-05T18:21:14Z
425825,Lalanyog,und,"","",,Chamorro,James Ojascastro,2017-07-05T18:22:07Z
62859,Abas,und,"","",,Chamorro,James Ojascastro,2017-07-05T19:37:28Z
278899,Nonak,und,"","",,Chamorro,James Ojascastro,2017-07-05T19:45:35Z
278899,Nonag,und,"","",,Chamorro,James Ojascastro,2017-07-05T19:46:15Z
122099,Kulales,und,"","",,Chamorro,James Ojascastro,2017-07-05T21:39:39Z
2787,Totot,und,"","",,Chamorro,James Ojascastro,2017-07-05T21:41:10Z
17540,Canario,und,"","",,Chamorro,James Ojascastro,2017-07-05T21:43:56Z
549370,Berenghenas hålom tåno',und,"","",,Chamorro,James Ojascastro,2017-07-06T02:15:26Z
549374,Katot,und,"","",,Chamorro,James Ojascastro,2017-07-06T02:17:31Z
472136,Tsatsa,und,"","",,Chamorro,James Ojascastro,2017-07-06T02:18:37Z
549373,Ahgaga,und,"","",,Chamorro,James Ojascastro,2017-07-06T02:19:41Z
138579,Trongkon guåfi,und,"","",,Chamorro,James Ojascastro,2017-07-06T02:22:57Z
160745,Gulalen,und,"","",,Chamorro,James Ojascastro,2017-07-06T15:44:19Z
169500,Saigon,und,"","",,Chamorro,James Ojascastro,2017-07-06T16:54:25Z
370011,Raguar,und,"","",,Chamorro,James Ojascastro,2017-07-06T16:55:54Z
552389,Atoto,und,"","",,Chamorro,James Ojascastro,2017-07-07T15:47:04Z
62942,Fofegau,und,"","",,Chamorro,James Ojascastro,2017-07-07T16:08:39Z
62942,Fofgu,und,"","",,Chamorro,James Ojascastro,2017-07-07T16:08:59Z
62942,Fofgu-sabana,und,"","",,Chamorro,James Ojascastro,2017-07-07T16:09:39Z
425336,Pugua machena,und,"","",,Chamorro,James Ojascastro,2017-07-07T20:56:47Z
243723,Dukduk,und,"","",,Chamorro,James Ojascastro,2017-07-12T19:55:07Z
243723,Dugdug,und,"","",,Chamorro,James Ojascastro,2017-07-12T19:56:20Z
8093,Chichirikan Tinian,und,"","",,Chamorro,James Ojascastro,2017-07-12T22:07:54Z
552387,Luluhot,und,"","",,Chamorro,James Ojascastro,2017-08-03T16:00:11Z
40925,Fanihi,und,"","",,Chamorro,James Ojascastro,2017-08-03T16:03:15Z
569800,Gaogao uchan,und,"","",,Chamorro,James Ojascastro,2017-11-03T10:01:12Z
366267,Panao,und,"","",,Chamorro,James Ojascastro,2017-11-21T18:19:51Z
511114,Aploghating,und,"","",,Chamorro,James Ojascastro,2017-12-06T03:38:05Z
70027,Lemai,und,"","",,Chamorro,James Ojascastro,2018-02-23T17:24:06Z
435,Ko'ko',und,"","",,Chamorro,Bobby McCabe,2018-05-07T14:01:16Z
553615,Sumac-lada,und,"","",,Chamorro,James Ojascastro,2018-07-20T16:43:58Z
504341,tupun'ayuyu,und,"","",,Chamorro,James Ojascastro,2019-10-25T14:10:46Z
73578,Nosa Luta,und,"","",,Chamorro,Andria Kroner,2020-01-03T15:23:50Z
12403,Egigi,und,"","",,Chamorro,Andria Kroner,2020-01-03T15:28:21Z
52459,Ababang amariyu,und,"","",http://www.catalogueoflife.org/annual-checklist/details/species/id/10066716/common/55603,Chamorro,,2021-08-03T13:06:49Z
52457,Ababang amariyu,und,"","",http://www.catalogueoflife.org/annual-checklist/details/species/id/10069740/common/31127,Chamorro,max kirsch,2021-08-03T13:06:50Z
67836,Atot,und,"","",,Chamorro,Zane Roskoph,2021-08-24T11:54:11Z
106222,Liguan,und,"","",,Chamorro,Zane Roskoph,2021-09-01T17:15:07Z
132366,Ugupao,und,"","",http://www.catalogueoflife.org/annual-checklist/2012/details/species/id/9741333,Chamorro,,2021-09-17T19:10:19Z
132366,Hugupao,und,"","",,Chamorro,Zane Roskoph,2021-09-17T19:10:47Z
47257,Saowarag-tosun,und,"","",http://www.catalogueoflife.org/annual-checklist/2012/details/species/id/9741333,Chamorro,,2021-09-20T00:07:32Z
47257,Tosun,und,"","",,Chamorro,Zane Roskoph,2021-09-20T00:08:00Z
47251,Halu,und,"","",http://www.catalogueoflife.org/annual-checklist/2012/details/species/id/9741333,Chamorro,Wich’yanan (Jay) Limparungpatthanakij,2021-10-17T22:30:04Z
47251,Alu,und,"","",,Chamorro,Zane Roskoph,2021-10-17T22:30:36Z
552390,Gapit atayake,und,"","",,Chamorro,James Ojascastro,2022-01-10T03:05:40Z
552390,Gapit atayaki,und,"","",,Chamorro,James Ojascastro,2022-01-10T03:06:09Z
1483774,Mwelel piut,und,"","",https://www.inaturalist.org/taxon_names/930680/edit,Chamorro,,2023-07-21T01:43:28Z
121022,Lada,und,Mariana Islands,"",,Chamorro,islandfletch,2025-01-11T03:20:24Z
