id,vernacularName,language,locality,countryCode,source,lexicon,contributor,created
112204,Gari,und,"","",http://www.catalogueoflife.org/annual-checklist/details/species/id/10083413/common/20363,jula,,2012-10-24T17:08:58Z
112204,Gari,und,"","",http://www.catalogueoflife.org/annual-checklist/details/species/id/10083413/common/20363,Jula,,2020-04-28T06:03:14Z
102742,Faanan,und,"","",http://www.catalogueoflife.org/annual-checklist/details/species/id/10066252/common/233237,Jula,,2021-07-15T14:16:09Z
493799,Sajigɛ,und,"","",,Jula,Zane Roskoph,2021-09-11T20:38:32Z
1397550,kankaliba,und,"","",,Jula,Botswanabugs,2023-11-09T10:20:33Z
