id,vernacularName,language,locality,countryCode,source,lexicon,contributor,created
3,ХӀинчӀ,und,"","",,Avar,John E. Christensen,2017-12-22T21:49:48Z
42134,Хъабан,und,"","",,Avar,John E. Christensen,2018-02-13T08:07:51Z
45933,Гвангва,und,"","",,Avar,John E. Christensen,2018-07-12T15:23:16Z
47144,Гьой,und,"","",,Avar,Марина Горбунова-Ëлкина,2022-11-17T19:11:47Z
8010,Нухъа,und,"","",,Avar,Марина Горбунова-Ëлкина,2022-11-17T19:12:48Z
8010,Чӏегӏергъеду,und,"","",,Avar,Марина Горбунова-Ëлкина,2022-11-17T19:13:09Z
8029,ЦIумагъеду,und,"","",,Avar,Марина Горбунова-Ëлкина,2022-11-17T19:16:20Z
20059,Кеторуз,und,"","",,Avar,Марина Горбунова-Ëлкина,2022-11-17T19:17:16Z
20059,Байгъут,und,"","",,Avar,Марина Горбунова-Ëлкина,2022-11-17T19:17:38Z
41852,Рожамак,und,"","",,Avar,Марина Горбунова-Ëлкина,2022-12-13T11:53:36Z
5106,Хъергъу,und,"","",,Avar,Марина Горбунова-Ëлкина,2022-12-27T00:25:30Z
144757,Гъеду,und,"","",,Avar,Марина Горбунова-Ëлкина,2023-02-12T15:30:35Z
42048,БацӀ,und,"","",,Avar,Марина Горбунова-Ëлкина,2023-03-10T18:32:42Z
43128,ГӀанкӀ,und,"","",,Avar,Марина Горбунова-Ëлкина,2024-01-16T07:24:46Z
42134,Болъён,und,"","",,Avar,Марина Горбунова-Ëлкина,2024-01-16T07:25:32Z
1268423,Цакьу,und,"","",,Avar,Марина Горбунова-Ëлкина,2024-01-16T07:26:20Z
42161,Гьинта,und,"","",,Avar,Марина Горбунова-Ëлкина,2024-01-16T07:27:23Z
41964,ГъалбацӀ,und,"","",,Avar,Марина Горбунова-Ëлкина,2024-01-16T07:28:31Z
42069,Цер,und,"","",,Avar,Марина Горбунова-Ëлкина,2024-01-16T07:29:06Z
41641,Ци,und,"","",,Avar,Марина Горбунова-Ëлкина,2024-01-16T07:32:40Z
41979,Гьели,und,"","",,Avar,Марина Горбунова-Ëлкина,2024-01-16T07:33:08Z
851014,ГӀангур,und,"","",,Avar,Марина Горбунова-Ëлкина,2024-01-16T07:34:45Z
123070,ЦӀцӀе,und,"","",,Avar,Марина Горбунова-Ëлкина,2024-01-16T07:35:49Z
118552,Кето,und,"","",,Avar,Марина Горбунова-Ëлкина,2024-01-16T08:22:49Z
209233,Чу,und,"","",,Avar,Марина Горбунова-Ëлкина,2024-01-16T08:23:54Z
13847,Къадако,und,"","",,Avar,Марина Горбунова-Ëлкина,2024-01-16T08:24:39Z
148030,ХӀама,und,"","",,Avar,Марина Горбунова-Ëлкина,2024-01-16T08:26:12Z
324492,Болъон,und,"","",,Avar,Марина Горбунова-Ëлкина,2024-01-16T08:26:52Z
1026,ГӀанса,und,"","",,Avar,Марина Горбунова-Ëлкина,2024-01-16T08:28:14Z
122767,Микки,und,"","",,Avar,Марина Горбунова-Ëлкина,2024-01-16T08:29:15Z
524794,Гургур,und,"","",,Avar,Марина Горбунова-Ëлкина,2024-01-16T08:30:28Z
505478,ГӀанкӀу,und,"","",,Avar,Марина Горбунова-Ëлкина,2024-01-16T08:31:06Z
11853,Милъиршо,und,"","",,Avar,Марина Горбунова-Ëлкина,2024-01-16T08:33:04Z
6921,ХӀанкъва,und,"","",,Avar,Марина Горбунова-Ëлкина,2024-01-16T08:36:50Z
1204,ТӀавус,und,"","",,Avar,Марина Горбунова-Ëлкина,2024-01-16T08:40:30Z
804,ЧӀороло,und,"","",,Avar,Марина Горбунова-Ëлкина,2024-01-16T08:41:39Z
14850,ЧӀегӀерхӀинчӀ,und,"","",,Avar,Марина Горбунова-Ëлкина,2024-01-16T08:42:43Z
13075,Булбул,und,"","",,Avar,Марина Горбунова-Ëлкина,2024-01-16T08:51:01Z
21359,Къверкъ,und,"","",,Avar,Марина Горбунова-Ëлкина,2024-01-16T09:51:06Z
85553,Борохь,und,"","",,Avar,Марина Горбунова-Ëлкина,2024-01-16T09:51:39Z
61267,Сонсо,und,"","",,Avar,Марина Горбунова-Ëлкина,2024-01-16T09:52:29Z
61267,жунжра,und,"","",,Avar,Марина Горбунова-Ëлкина,2024-01-16T09:52:48Z
52134,КӀкӀара,und,"","",,Avar,Марина Горбунова-Ëлкина,2024-01-16T09:53:09Z
84718,Мугъурхьа,und,"","",,Avar,Марина Горбунова-Ëлкина,2024-01-16T09:53:40Z
47336,ЦӀунцӀра,und,"","",,Avar,Марина Горбунова-Ëлкина,2024-01-16T09:54:38Z
47118,Къорола,und,"","",,Avar,Марина Горбунова-Ëлкина,2024-01-16T09:57:06Z
63081,Гуренж,und,"","",,Avar,Марина Горбунова-Ëлкина,2024-01-16T09:57:46Z
630955,Най,und,"","",,Avar,Марина Горбунова-Ëлкина,2024-01-16T09:58:10Z
47178,ЧчугӀа,und,"","",,Avar,Марина Горбунова-Ëлкина,2024-01-16T09:59:01Z
48894,ИчӀкӀал,und,"","",,Avar,Марина Горбунова-Ëлкина,2024-01-16T09:59:46Z
47821,НикӀкӀ,und,"","",,Avar,Марина Горбунова-Ëлкина,2024-01-16T10:00:19Z
47821,лоло,und,"","",,Avar,Марина Горбунова-Ëлкина,2024-01-16T10:00:32Z
47821,неца,und,"","",,Avar,Марина Горбунова-Ëлкина,2024-01-16T10:00:40Z
39532,Щурункъверкъ,und,"","",,Avar,Марина Горбунова-Ëлкина,2024-01-16T10:01:01Z
31975,ТӀогьилборохь,und,"","",,Avar,Марина Горбунова-Ëлкина,2024-01-16T23:03:27Z
6638,Бибичу,und,"","",,Avar,Марина Горбунова-Ëлкина,2024-01-16T23:04:33Z
6638,диргва,und,"","",,Avar,Марина Горбунова-Ëлкина,2024-01-16T23:04:58Z
48112,АрбуригарцӀ,und,"","",,Avar,Марина Горбунова-Ëлкина,2024-01-16T23:05:54Z
48112,гӀурччинцарагьой,und,"","",,Avar,Марина Горбунова-Ëлкина,2024-01-16T23:06:09Z
524795,АштархангӀанкӀу,und,"","",,Avar,Марина Горбунова-Ëлкина,2024-01-16T23:06:53Z
42184,БагӀнас,und,"","",,Avar,Марина Горбунова-Ëлкина,2024-01-16T23:07:42Z
20059,Беццаруз,und,"","",,Avar,Марина Горбунова-Ëлкина,2024-01-16T23:08:17Z
47158,БагӀардакъ,und,"","",,Avar,Марина Горбунова-Ëлкина,2024-01-16T23:08:59Z
43341,Гаргадан,und,"","",,Avar,Марина Горбунова-Ëлкина,2024-01-16T23:09:31Z
43341,каркадан,und,"","",,Avar,Марина Горбунова-Ëлкина,2024-01-16T23:09:48Z
74383,Гвангъа,und,"","",,Avar,Марина Горбунова-Ëлкина,2024-01-16T23:10:13Z
52775,Гозна,und,"","",,Avar,Марина Горбунова-Ëлкина,2024-01-16T23:10:40Z
52775,жогъна,und,"","",,Avar,Марина Горбунова-Ëлкина,2024-01-16T23:10:47Z
4324,Гозогъарт,und,"","",,Avar,Марина Горбунова-Ëлкина,2024-01-16T23:11:11Z
144757,Гъсогъедо,und,"","",,Avar,Марина Горбунова-Ëлкина,2024-01-16T23:11:41Z
40268,ГӀункӀхӀинчӀ,und,"","",,Avar,Марина Горбунова-Ëлкина,2024-01-16T23:12:35Z
40268,къохьолъалкӀач,und,"","",,Avar,Марина Горбунова-Ëлкина,2024-01-16T23:13:20Z
40355,Диргъва,und,"","",,Avar,Марина Горбунова-Ëлкина,2024-01-16T23:14:00Z
145303,ЖужукӀ,und,"","",,Avar,Марина Горбунова-Ëлкина,2024-01-16T23:14:34Z
145303,жиржирал,und,"","",,Avar,Марина Горбунова-Ëлкина,2024-01-16T23:14:40Z
47903,ЗазигъветӀ,und,"","",,Avar,Марина Горбунова-Ëлкина,2024-01-16T23:15:32Z
49567,Зузудиро,und,"","",,Avar,Марина Горбунова-Ëлкина,2024-01-16T23:45:22Z
7284,Ихдала,und,"","",,Avar,Марина Горбунова-Ëлкина,2024-01-16T23:46:41Z
7284,пурцихӀинчӀ,und,"","",,Avar,Марина Горбунова-Ëлкина,2024-01-16T23:47:05Z
14850,ИшкӀакӀо,und,"","",,Avar,Марина Горбунова-Ëлкина,2024-01-16T23:48:43Z
14850,сиргъич,und,"","",,Avar,Марина Горбунова-Ëлкина,2024-01-16T23:48:50Z
26504,КангӀборохь,und,"","",,Avar,Марина Горбунова-Ëлкина,2024-01-16T23:49:27Z
8010,Кьерхач,und,"","",,Avar,Марина Горбунова-Ëлкина,2024-01-16T23:50:07Z
4020,Кьерхахъан,und,"","",,Avar,Марина Горбунова-Ëлкина,2024-01-16T23:50:42Z
2266,Лъарагъеду,und,"","",,Avar,Марина Горбунова-Ëлкина,2024-01-16T23:51:15Z
42134,Лъункари,und,"","",,Avar,Марина Горбунова-Ëлкина,2024-01-16T23:53:13Z
52788,НугӀ,und,"","",,Avar,Марина Горбунова-Ëлкина,2024-01-16T23:54:20Z
4857,НукӀускӀатӀахӀ,und,"","",,Avar,Марина Горбунова-Ëлкина,2024-01-16T23:55:25Z
43838,НухрагӀункӀкӀ,und,"","",,Avar,Марина Горбунова-Ëлкина,2024-01-16T23:57:23Z
144757,Нухъа,und,"","",,Avar,Марина Горбунова-Ëлкина,2024-01-16T23:58:47Z
144757,чӀегӀергъедо,und,"","",,Avar,Марина Горбунова-Ëлкина,2024-01-16T23:59:05Z
41644,Ошкуй,und,"","",,Avar,Марина Горбунова-Ëлкина,2024-01-16T23:59:32Z
418784,Ракьула,und,"","",,Avar,Марина Горбунова-Ëлкина,2024-01-17T00:01:22Z
20969,Феф,und,"","",,Avar,Марина Горбунова-Ëлкина,2024-01-17T00:02:38Z
20969,эфэф,und,"","",,Avar,Марина Горбунова-Ëлкина,2024-01-17T00:02:47Z
20969,эпъэпъ,und,"","",,Avar,Марина Горбунова-Ëлкина,2024-01-17T00:03:01Z
20969,гьудгьуд,und,"","",,Avar,Марина Горбунова-Ëлкина,2024-01-17T00:03:09Z
52381,ХаринацӀ,und,"","",,Avar,Марина Горбунова-Ëлкина,2024-01-17T00:04:10Z
43793,Хундуз,und,"","",,Avar,Марина Горбунова-Ëлкина,2024-01-17T00:04:59Z
57659,ХӀатӀалчӀахӀ,und,"","",,Avar,Марина Горбунова-Ëлкина,2024-01-17T00:09:47Z
577,ХӀубайра,und,"","",,Avar,Марина Горбунова-Ëлкина,2024-01-17T00:10:43Z
577,гӀанса,und,"","",,Avar,Марина Горбунова-Ëлкина,2024-01-17T00:11:00Z
577,гӀансахӀинчӀ,und,"","",,Avar,Марина Горбунова-Ëлкина,2024-01-17T00:11:22Z
891696,Хъамалгъеду,und,"","",,Avar,Марина Горбунова-Ëлкина,2024-01-17T00:12:18Z
43128,ЦӀахӀилгӀанкӀ,und,"","",,Avar,Марина Горбунова-Ëлкина,2024-01-17T00:13:14Z
53248,ЦӀицӀидулеб оцхӀутӀ,und,"","",,Avar,Марина Горбунова-Ëлкина,2024-01-17T00:14:28Z
19410,ЩвантӀ,und,"","",,Avar,Марина Горбунова-Ëлкина,2024-01-17T00:17:51Z
19410,цӀцӀебечӀ,und,"","",,Avar,Марина Горбунова-Ëлкина,2024-01-17T00:18:08Z
1579015,Хъарчигъа,und,"","",https://www.inaturalist.org/taxon_names/3190744/edit,Avar,Sean Cozart,2024-10-24T23:42:39Z
336399,ЧӀегӀерхӀинчӀ,und,"","",https://www.inaturalist.org/taxon_names/3543625/edit,Avar,Donald Davesne,2024-11-17T14:29:27Z
336399,чавка,und,"","",https://www.inaturalist.org/taxon_names/3543629/edit,Avar,Donald Davesne,2024-11-17T14:29:27Z
