id,vernacularName,language,locality,countryCode,source,lexicon,contributor,created
170883,Gyoijhom,und,"","",,Zhuang,John E. Christensen,2017-12-20T15:47:50Z
47336,Moed,und,"","",,Zhuang,John E. Christensen,2018-11-02T13:16:04Z
47157,Mbaj,und,"","",,Zhuang,John E. Christensen,2018-11-23T09:06:41Z
40151,Doenghduz nyamhcij,und,"","",,Zhuang,John E. Christensen,2019-02-07T16:03:30Z
505478,Gaeq,und,"","",,Zhuang,John E. Christensen,2020-01-03T08:11:11Z
41964,Saeceij,und,"","",,Zhuang,Zane Roskoph,2021-08-24T15:31:31Z
41967,Guk,und,"","",,Zhuang,Zane Roskoph,2021-08-26T16:42:18Z
