id,vernacularName,language,locality,countryCode,source,lexicon,contributor,created
2,ქორდიანები,ka,"","",,Georgian,John E. Christensen,2017-11-30T13:13:58Z
47549,კანეკლიანები,ka,"","",,Georgian,John E. Christensen,2017-12-02T21:34:47Z
49187,წაბლი,ka,"","",,Georgian,John E. Christensen,2017-12-17T11:12:35Z
47903,კაქტუსისებრნი,ka,"","",,Georgian,John E. Christensen,2017-12-19T12:54:52Z
47158,მწერები,ka,"","",,Georgian,John E. Christensen,2017-12-23T10:45:37Z
43793,თახვი,ka,"","",,Georgian,John E. Christensen,2017-12-30T15:23:53Z
20978,ამფიბიები,ka,"","",,Georgian,John E. Christensen,2018-01-07T09:27:29Z
26036,ქვეწარმავლები,ka,"","",,Georgian,John E. Christensen,2018-01-12T14:27:49Z
311249,ხავსისნაირნი,ka,"","",,Georgian,John E. Christensen,2018-02-03T08:15:48Z
83204,რწყილები,ka,"","",,Georgian,John E. Christensen,2018-02-10T13:31:26Z
53052,დიდი კამა,ka,"","",,Georgian,John E. Christensen,2018-02-15T09:15:49Z
123880,დიატომეები,ka,"","",,Georgian,John E. Christensen,2018-03-02T13:44:59Z
54327,ონავარი,ka,"","",,Georgian,John E. Christensen,2018-03-20T09:54:46Z
61905,ლავანდი,ka,"","",,Georgian,John E. Christensen,2018-05-09T07:37:08Z
53195,კოკომჟავა,ka,"","",,Georgian,John E. Christensen,2018-05-15T08:30:28Z
52649,სარაცენიასებრნი,ka,"","",,Georgian,John E. Christensen,2018-06-25T18:16:29Z
53022,ხვართქლა,ka,"","",,Georgian,John E. Christensen,2018-07-10T14:11:42Z
51935,დროზერა,ka,"","",,Georgian,John E. Christensen,2018-07-22T11:39:41Z
53030,გოქშო,ka,"","",,Georgian,John E. Christensen,2018-10-24T09:17:40Z
58321,საპინდუსისებრნი,ka,"","",,Georgian,John E. Christensen,2018-10-29T16:56:48Z
47336,ჭიანჭველასებრნი,ka,"","",,Georgian,John E. Christensen,2018-11-01T16:28:18Z
47821,მაწუხელასებრნი,ka,"","",,Georgian,John E. Christensen,2018-11-08T15:48:45Z
371057,გეკონისებრნი,ka,"","",,Georgian,John E. Christensen,2018-12-10T16:32:38Z
77965,სამკურნალო გვირილა,ka,"","",,Georgian,John E. Christensen,2018-12-21T14:46:03Z
57983,ზეთის მზესუმზირა,ka,"","",,Georgian,John E. Christensen,2018-12-23T15:23:37Z
123070,შინაური თხა,ka,"","",,Georgian,John E. Christensen,2018-12-30T16:05:57Z
42241,ძროხისებრნი,ka,"","",,Georgian,John E. Christensen,2019-01-30T16:18:14Z
336711,ხახვისთავა,ka,"","",,Georgian,John E. Christensen,2019-02-03T13:27:58Z
47119,ობობასნაირნი,ka,"","",,Georgian,John E. Christensen,2019-02-13T20:01:08Z
47217,ჯადვარისებრნი,ka,"","",,Georgian,John E. Christensen,2019-03-15T10:46:34Z
43444,მაკაკი,ka,"","",,Georgian,John E. Christensen,2019-05-08T12:12:51Z
43367,პრიმატები,ka,"","",,Georgian,John E. Christensen,2019-05-11T11:15:02Z
48874,თუთუბოსებრნი,ka,"","",,Georgian,John E. Christensen,2019-05-29T12:26:00Z
5179,კაკაჩა,ka,"","",,Georgian,John E. Christensen,2019-09-05T13:54:27Z
54704,ტორფის ხავსები,ka,"","",,Georgian,John E. Christensen,2019-09-26T10:57:42Z
505478,ქათამი,ka,"","",,Georgian,John E. Christensen,2019-12-05T14:13:40Z
48386,ფხიჯასებრნი,ka,"","",,Georgian,John E. Christensen,2020-02-12T15:26:44Z
47561,ფიჭვი,ka,"","",,Georgian,John E. Christensen,2020-02-29T11:41:07Z
48160,ხახვისთავა,ka,"","",,Georgian,John E. Christensen,2020-04-29T17:12:58Z
15302,ბაღის ასპუჭაკა,ka,"","",,Georgian,SEI,2020-05-28T09:45:32Z
48536,ნიუკასებრნი,ka,"","",,Georgian,John E. Christensen,2020-07-03T13:14:08Z
41766,ლომვეშაპი,ka,"","",,Georgian,Bobby McCabe,2020-08-22T19:00:34Z
42158,ირმისებრნი,ka,"","",,Georgian,John E. Christensen,2020-09-26T15:25:12Z
4270,დიდი ჩვამა,ka,"","",,Georgian,John E. Christensen,2020-10-30T09:19:06Z
558634,ჩიტბატონა,ka,"","",,Georgian,Марина Горбунова-Ëлкина,2020-11-06T19:07:32Z
204512,ჭრელი მემატლია,ka,"","",,Georgian,Марина Горбунова-Ëлкина,2020-11-07T18:32:17Z
13071,ბულბული,ka,"","",,Georgian,Марина Горбунова-Ëлкина,2020-11-07T19:12:30Z
13071,იისფერგულა,ka,"","",,Georgian,Марина Горбунова-Ëлкина,2020-11-07T19:12:41Z
13071,კურკურა,ka,"","",,Georgian,Марина Горбунова-Ëлкина,2020-11-07T19:13:05Z
13071,ცისფერგულა,ka,"","",,Georgian,Марина Горбунова-Ëлкина,2020-11-07T19:13:21Z
7347,მინდვრის ტოროლა,ka,"","",,Georgian,Марина Горбунова-Ëлкина,2020-11-07T19:19:43Z
10069,მთიულა,ka,"","",,Georgian,Марина Горбунова-Ëлкина,2020-11-07T19:43:50Z
48040,მაჩიტასებრნი,ka,"","",,Georgian,John E. Christensen,2020-11-19T17:36:56Z
41829,ჭრელტყავა,ka,"","",,Georgian,Марина Горбунова-Ëлкина,2020-12-11T23:51:22Z
119450,მანანასებრნი,ka,"","",,Georgian,John E. Christensen,2021-02-26T15:11:56Z
47170,სოკოები,ka,"","",,Georgian,Sandro,2021-03-08T13:56:10Z
204588,ნიყვი,ka,"","",,Georgian,Sandro,2021-03-08T13:59:51Z
47555,ურთხელი,ka,"","",,Georgian,Ksneli,2021-03-16T22:40:45Z
69819,კვიდო,ka,"","",,Georgian,Ksneli,2021-03-16T22:45:34Z
48257,ცრუცუგა,ka,"","",,Georgian,Ksneli,2021-03-16T22:46:43Z
133240,იაპონური ბაძგი,ka,"","",,Georgian,Ksneli,2021-03-16T23:01:59Z
410938,რცხილაფოთლიანი ძელქვა,ka,"","",,Georgian,Ksneli,2021-03-17T19:39:29Z
52345,ხვართქლასებრნი,ka,"","",,Georgian,John E. Christensen,2021-03-29T18:28:07Z
99786,ელექტრული გველთევზა,ka,"","",https://eol.org/pages/206595,Georgian,,2021-07-29T03:06:06Z
47516,ცისარტყელა კალმახი,ka,"","",,Georgian,Zane Roskoph,2021-07-29T23:05:33Z
41970,იაგუარი,ka,"","",,Georgian,Zane Roskoph,2021-07-30T12:06:05Z
50873,თეთრი ზვიგენი,ka,"","",,Georgian,Zane Roskoph,2021-07-30T13:59:50Z
26061,კუბური ნიანგი,ka,"","",,Georgian,Zane Roskoph,2021-07-30T15:19:53Z
42007,პუმა,ka,"","",,Georgian,Zane Roskoph,2021-08-01T01:02:13Z
30472,სამეფო კობრა,ka,"","",,Georgian,Zane Roskoph,2021-08-02T18:23:44Z
52188,ვეშაპისებრი ზვიგენი,ka,"","",,Georgian,Zane Roskoph,2021-08-03T13:58:57Z
94494,არაპაიმა,ka,"","",https://eol.org/pages/204868,Georgian,Cole Gaerber,2021-08-09T14:34:03Z
331121,ლაიმი,ka,"","",,Georgian,Zane Roskoph,2021-08-10T12:22:32Z
35324,კონოლოფი,ka,"","",https://eol.org/pages/454869,Georgian,,2021-08-10T19:07:05Z
35347,ზღვის ხვლიკი,ka,"","",https://eol.org/pages/46559659,Georgian,,2021-08-10T19:30:50Z
4555,თეთრი თოლია,ka,"","",https://eol.org/pages/45509269,Georgian,,2021-08-11T12:21:27Z
41644,თეთრი დათვი,ka,"","",https://eol.org/pages/46559143,Georgian,,2021-08-11T16:30:12Z
41724,ზღვის ლეოპარდი,ka,"","",https://eol.org/pages/46559181,Georgian,,2021-08-11T19:25:13Z
147527,აზიური ავაზა,ka,"","",https://eol.org/pages/1252905,Georgian,,2021-08-13T11:44:29Z
41955,ავაზა,ka,"","",,Georgian,Zane Roskoph,2021-08-13T12:06:10Z
41955,გეპარდი,ka,"","",,Georgian,Zane Roskoph,2021-08-13T12:06:39Z
566267,სოლდატოვის ლოქო,ka,"","",https://eol.org/pages/613256,Georgian,,2021-08-14T18:15:04Z
85882,ელექტრული ლოქო,ka,"","",https://eol.org/pages/5096,Georgian,,2021-08-14T18:15:04Z
112581,ლოქო,ka,"","",https://eol.org/pages/46581838,Georgian,iSea,2021-08-14T18:15:04Z
112581,ღლავი,ka,"","",,Georgian,Zane Roskoph,2021-08-14T18:15:25Z
88976,სვია (თევზების გვარი),ka,"","",https://eol.org/pages/46561183,Georgian,,2021-08-14T18:50:52Z
53779,სვია,ka,"","",https://eol.org/pages/595013,Georgian,Li Jianong,2021-08-14T18:50:52Z
102975,სვია,ka,"","",,Georgian,Zane Roskoph,2021-08-14T18:52:44Z
41553,ლურჯი ვეშაპი,ka,"","",https://eol.org/pages/46559433,Georgian,,2021-08-15T14:58:35Z
41570,ჩრდილოური სადა ვეშაპი,ka,"","",https://eol.org/pages/46559421,Georgian,Victor HOYEAU,2021-08-15T17:20:05Z
41461,თეთრი ვეშაპი,ka,"","",https://eol.org/pages/46559337,Georgian,,2021-08-15T19:03:33Z
451972,ალპური მიხაკი,ka,"","",,Georgian,Zane Roskoph,2021-08-17T02:16:02Z
546745,Serpentin-Hauswurz,ka,"","",,Georgian,Zane Roskoph,2021-08-17T02:20:52Z
41964,ლომი,ka,"","",,Georgian,Zane Roskoph,2021-08-24T12:43:48Z
74831,ირბისი,ka,"","",,Georgian,Zane Roskoph,2021-08-25T11:45:28Z
42407,დომბა,ka,"","",,Georgian,Zane Roskoph,2021-08-25T13:51:35Z
42052,წითური მგელი,ka,"","",,Georgian,Zane Roskoph,2021-08-25T15:32:42Z
130796,ამურის ვეფხვი,ka,"","",,Georgian,Zane Roskoph,2021-08-26T14:01:52Z
41967,ვეფხვი,ka,"","",,Georgian,Zane Roskoph,2021-08-26T16:04:40Z
130799,სუმატრის ვეფხვი,ka,"","",,Georgian,Zane Roskoph,2021-08-26T16:59:06Z
130799,ბალის ვეფხვი,ka,"","",,Georgian,Zane Roskoph,2021-08-26T17:24:09Z
130793,ბენგალური ვეფხვი,ka,"","",,Georgian,Zane Roskoph,2021-08-27T12:28:16Z
31519,მოლოქი,ka,"","",,Georgian,Zane Roskoph,2021-08-27T17:37:15Z
365244,აქაი,ka,"","",,Georgian,,2022-03-27T03:49:52Z
469472,ვაშლის,ka,"","",,Georgian,,2022-03-27T04:29:54Z
47533,მარჯნის პოლიპები,ka,"","",,Georgian,John E. Christensen,2022-04-01T11:49:28Z
51607,თეთრყვავილა,ka,"","",,Georgian,nalagtus,2022-05-02T10:33:05Z
48867,პალმები,ka,"","",,Georgian,John E. Christensen,2022-11-02T10:48:29Z
136329,წიწვოვნები,ka,"","",,Georgian,John E. Christensen,2022-11-02T10:56:45Z
4672,ალალი,ka,"","",,Georgian,Марина Горбунова-Ëлкина,2022-11-17T19:08:13Z
41852,სამურავი,ka,"","",,Georgian,Марина Горбунова-Ëлкина,2022-12-13T12:07:50Z
53582,ლირიოდენდრონი,ka,"","",,Georgian,John E. Christensen,2022-12-23T14:08:22Z
109062,ქორჭილა,ka,"","",,Georgian,Марина Горбунова-Ëлкина,2022-12-27T01:27:39Z
8088,ჩხიკვი,ka,"","",,Georgian,Марина Горбунова-Ëлкина,2022-12-27T01:40:08Z
17871,დიდი ჭრელი კოდალა,ka,"","",,Georgian,Марина Горбунова-Ëлкина,2022-12-27T04:34:36Z
5268,შავი ძერა,ka,"","",,Georgian,Марина Горбунова-Ëлкина,2022-12-27T05:22:55Z
75445,კამა,ka,"","",,Georgian,Марина Горбунова-Ëлкина,2022-12-27T05:36:15Z
43128,რუხი კურდღელი,ka,"","",,Georgian,Марина Горбунова-Ëлкина,2022-12-28T01:23:47Z
558429,იხვინჯა,ka,"","",,Georgian,Марина Горбунова-Ëлкина,2022-12-30T03:46:19Z
558429,ჭახჭახა-იხვინჯა,ka,"","",,Georgian,Марина Горбунова-Ëлкина,2022-12-30T03:50:19Z
558429,ჭახჭახა იხვი,ka,"","",,Georgian,Марина Горбунова-Ëлкина,2022-12-30T03:50:24Z
558429,ან იხვინჯა,ka,"","",,Georgian,Марина Горбунова-Ëлкина,2022-12-30T03:50:28Z
47564,ოლეანდრე,ka,"","",,Georgian,John E. Christensen,2023-01-03T12:44:46Z
47604,რთულყვავილოვანნი,ka,"","",,Georgian,John E. Christensen,2023-01-30T13:47:22Z
71297,ვეშაპთავა ყანჩა,ka,"","",,Georgian,John E. Christensen,2023-01-31T12:38:01Z
1446127,აჭარული მაყვალი,ka,"","",,Georgian,Johan Devos,2023-02-01T21:15:37Z
144757,რუხი ყვავი,ka,"","",,Georgian,Марина Горбунова-Ëлкина,2023-02-12T15:36:23Z
20524,სირაქლემა,ka,"","",,Georgian,Johan Devos,2023-02-28T21:29:24Z
20526,აფრიკული სირაქლემა,ka,"","",,Georgian,Johan Devos,2023-02-28T22:38:08Z
42048,მგელი,ka,"","",,Georgian,Марина Горбунова-Ëлкина,2023-03-10T18:43:28Z
50151,აკანთო,ka,"","",,Georgian,John E. Christensen,2023-05-11T15:27:25Z
1455922,სენეგალური გვრიტი,ka,"","",,Georgian,K. L.,2023-10-19T12:26:13Z
6930,გარეული იხვი,ka,"","",,Georgian,K. L.,2023-10-19T12:36:41Z
4954,რუხი ყანჩა,ka,"","",,Georgian,K. L.,2023-10-19T12:41:03Z
12716,შავი შაშვი,ka,"","",,Georgian,K. L.,2023-10-19T12:46:55Z
13858,სახლის ბეღურა,ka,"","",,Georgian,K. L.,2023-10-19T12:51:13Z
3017,გარეული მტრედი,ka,"","",,Georgian,K. L.,2023-10-19T12:58:32Z
482,მელოტა,ka,"","",,Georgian,K. L.,2023-10-19T13:05:21Z
891696,კაჭკაჭი,ka,"","",,Georgian,K. L.,2023-10-19T13:08:44Z
12749,თეთრწარბა შაშვი,ka,"","",,Georgian,K. L.,2024-02-02T07:43:57Z
12749,ფრთაჟღალი შაშვი,ka,"","",,Georgian,K. L.,2024-02-02T07:45:25Z
52504,ყაყაჩო,ka,"","",,Georgian,K. L.,2024-02-02T07:51:46Z
47332,ყაყაჩოსებრნი,ka,"","",,Georgian,K. L.,2024-02-02T07:53:29Z
10070,ნიბლია,ka,"","",,Georgian,K. L.,2024-02-02T07:59:41Z
10070,სკვინჩა,ka,"","",,Georgian,K. L.,2024-02-02T08:07:52Z
9195,ჩვეულებრივი გრატა,ka,"","",,Georgian,K. L.,2024-02-02T08:15:15Z
559249,გრატასებრნი,ka,"","",,Georgian,K. L.,2024-02-02T08:16:17Z
5163,ბოლობეჭედა,ka,"","",,Georgian,K. L.,2024-02-02T08:22:31Z
7278,თოხიტარა,ka,"","",,Georgian,K. L.,2024-02-02T08:25:47Z
78352,პარნასურა,ka,"","",,Georgian,K. L.,2024-02-02T08:28:50Z
4691,ბარი,ka,"","",,Georgian,K. L.,2024-02-02T08:31:20Z
4691,გავაზი,ka,"","",,Georgian,K. L.,2024-02-02T08:32:33Z
4641,წითელფეხა შავარდენი,ka,"","",,Georgian,K. L.,2024-02-02T08:34:28Z
4684,წითელთავა შავარდენი,ka,"","",,Georgian,K. L.,2024-02-02T08:36:41Z
6544,ნამგალასებრნი,ka,"","",,Georgian,K. L.,2024-02-02T08:39:15Z
4643,მარჯანი,ka,"","",,Georgian,K. L.,2024-02-02T08:40:53Z
73344,წითელფრთიანი კოჭობურა,ka,"","",,Georgian,K. L.,2024-02-02T08:43:55Z
41944,კატისებრნი,ka,"","",,Georgian,K. L.,2024-02-02T08:48:45Z
27853,კავკასიური სალამანდრა,ka,"","",,Georgian,K. L.,2024-02-02T08:51:41Z
40023,ხმელთაშუაზღვეთის კუ,ka,"","",,Georgian,K. L.,2024-02-02T08:54:09Z
56228,ალპური ხარაბუზა,ka,"","",,Georgian,K. L.,2024-02-02T08:56:47Z
546910,დეკა,ka,"","",,Georgian,K. L.,2024-02-02T09:02:27Z
6937,ჭიკვარა,ka,"","",,Georgian,K. L.,2024-02-02T09:13:01Z
144523,სომხური თოლია,ka,"","",,Georgian,K. L.,2024-02-02T09:41:30Z
4389,კასპიური თოლია,ka,"","",,Georgian,K. L.,2024-02-02T09:44:16Z
4342,თოლიასებრნი,ka,"","",,Georgian,K. L.,2024-02-02T09:48:23Z
5106,მიმინო,ka,"","",,Georgian,K. L.,2024-02-02T09:52:15Z
12707,რუხთავა შაშვი,ka,"","",,Georgian,K. L.,2024-02-02T09:53:57Z
47157,ქერცლფრთიანები,ka,"","",,Georgian,K. L.,2024-02-02T09:59:33Z
966787,ჩვეულებრივი ანკარა,ka,"","",,Georgian,Феодор Басилашвили,2024-05-20T04:04:59Z
56235,ნაღველასებრნი,ka,"","",,Georgian,Beka Sukhitashvili,2024-08-05T19:12:38Z
47126,მცენარეები,ka,"","",,Georgian,Beka Sukhitashvili,2024-08-30T21:17:34Z
55770,ზაფრანა,ka,"","",,Georgian,Beka Sukhitashvili,2024-08-31T19:18:47Z
955816,ალუჩა,ka,"","",,Georgian,Nicolas Schwab,2024-09-23T09:49:16Z
55837,ტყემალი,ka,"","",,Georgian,Nicolas Schwab,2024-09-23T09:49:57Z
1579015,ქორი,ka,"","",https://www.inaturalist.org/taxon_names/3190774/edit,Georgian,Sean Cozart,2024-10-24T23:42:43Z
