id,vernacularName,language,locality,countryCode,source,lexicon,contributor,created
595009,mukolo,und,"","",,Lunda,Botswanabugs,2021-07-28T04:12:11Z
348763,muzeze,und,"","",South African National Biodiversity Institute. 2021. Botanical Database of Southern Africa (BODATSA) [offline dataset]. http://newposa.sanbi.org [Note that these data are not available at this URL as of 2021],Lunda,Ken-ichi Ueda,2021-10-21T20:18:19Z
340236,mwala,und,"","",South African National Biodiversity Institute. 2021. Botanical Database of Southern Africa (BODATSA) [offline dataset]. http://newposa.sanbi.org [Note that these data are not available at this URL as of 2021],Lunda,Ken-ichi Ueda,2021-10-21T20:18:19Z
340236,mwande,und,"","",South African National Biodiversity Institute. 2021. Botanical Database of Southern Africa (BODATSA) [offline dataset]. http://newposa.sanbi.org [Note that these data are not available at this URL as of 2021],Lunda,Ken-ichi Ueda,2021-10-21T20:18:19Z
336810,nyakafunji,und,"","",South African National Biodiversity Institute. 2021. Botanical Database of Southern Africa (BODATSA) [offline dataset]. http://newposa.sanbi.org [Note that these data are not available at this URL as of 2021],Lunda,Ken-ichi Ueda,2021-10-21T20:18:20Z
2269,samunkambu,und,"","",,Lunda,Botswanabugs,2022-01-09T05:01:18Z
946507,Mulumbulumbu,und,"","",,Lunda,Botswanabugs,2022-03-10T15:09:40Z
593974,mutata,und,"","",,Lunda,Botswanabugs,2022-10-04T03:12:27Z
340164,mukuku,und,"","",,Lunda,Botswanabugs,2022-10-04T03:18:01Z
42093,kunwidi,und,"","",,Lunda,Botswanabugs,2023-01-04T19:22:48Z
603601,musengu,und,"","",,Lunda,Botswanabugs,2024-07-01T16:23:26Z
338659,kabofa,und,"","",,Lunda,Botswanabugs,2024-11-17T15:52:19Z
