id,vernacularName,language,locality,countryCode,source,lexicon,contributor,created
123227,Baronang,und,"","",,Makassarese,Zane Roskoph,2021-08-03T11:59:22Z
97441,Mangiwang peke,und,"","",http://www.catalogueoflife.org/annual-checklist/2012/details/species/id/9741333,Makassarese,,2021-12-04T03:34:55Z
93987,Bale belang,und,"","",http://www.catalogueoflife.org/annual-checklist/2012/details/species/id/9741333,Makassarese,,2021-12-04T16:36:45Z
122514,Ciko-ciko,und,"","",http://www.catalogueoflife.org/annual-checklist/2012/details/species/id/9741333,Makassarese,,2021-12-06T00:33:59Z
121661,Buntala atanruk,und,"","",http://www.catalogueoflife.org/annual-checklist/2012/details/species/id/9741333,Makassarese,,2021-12-28T15:27:51Z
