id,vernacularName,language,locality,countryCode,source,lexicon,contributor,created
340245,umganu,und,"","",,Tonga,Botswanabugs,2020-01-13T07:38:57Z
340245,tsula,und,"","",,Tonga,Botswanabugs,2020-01-13T07:39:37Z
340245,tsua,und,"","",,Tonga,Botswanabugs,2020-01-13T07:40:10Z
638466,chahuma,und,"","",,Tonga,Botswanabugs,2020-01-16T14:19:18Z
431592,Makusa,und,"","",,Tonga,Botswanabugs,2021-04-11T03:44:14Z
431592,Mukonje,und,"","",,Tonga,Botswanabugs,2021-04-11T03:44:58Z
546792,Musombo,und,"","",,Tonga,Botswanabugs,2021-04-11T03:48:35Z
546792,Mukonje,und,"","",,Tonga,Botswanabugs,2021-04-11T03:49:11Z
42149,Imvwuvwu,und,"","",,Tonga,Botswanabugs,2021-05-29T16:42:09Z
42149,Civwubwe,und,"","",,Tonga,Botswanabugs,2021-05-29T16:43:01Z
101344,Chidochi,und,"","",http://www.catalogueoflife.org/annual-checklist/details/species/id/10067249/common/328762,Tonga,,2021-07-13T14:22:31Z
94922,Chigong'o chandembera,und,"","",http://www.catalogueoflife.org/annual-checklist/details/species/id/10066902/common/136538,Tonga,,2021-07-13T14:36:05Z
107310,Chigong'u,und,"","",http://www.catalogueoflife.org/annual-checklist/details/species/id/10067829/common/91189,Tonga,,2021-07-13T14:36:20Z
107316,Chigong'u,und,"","",http://www.catalogueoflife.org/annual-checklist/details/species/id/10067835/common/91153,Tonga,,2021-07-13T14:36:20Z
94915,Chigong'u,und,"","",http://www.catalogueoflife.org/annual-checklist/details/species/id/10066894/common/136569,Tonga,,2021-07-13T14:36:21Z
94922,Chigong'u,und,"","",http://www.catalogueoflife.org/annual-checklist/details/species/id/10066902/common/136537,Tonga,,2021-07-13T14:36:21Z
98755,Chigong'u,und,"","",http://www.catalogueoflife.org/annual-checklist/details/species/id/10067066/common/330949,Tonga,,2021-07-13T14:36:21Z
94922,Chigong'u wa blue,und,"","",http://www.catalogueoflife.org/annual-checklist/details/species/id/10066902/common/136536,Tonga,,2021-07-13T14:36:51Z
98362,Chigong'u wa blue,und,"","",http://www.catalogueoflife.org/annual-checklist/details/species/id/10067074/common/91140,Tonga,,2021-07-13T14:36:51Z
107316,Chakhuta,und,"","",http://www.catalogueoflife.org/annual-checklist/details/species/id/10067835/common/91155,Tonga,,2021-07-13T14:42:16Z
98378,Chakhuta,und,"","",http://www.catalogueoflife.org/annual-checklist/details/species/id/10067096/common/91034,Tonga,,2021-07-13T14:42:16Z
98962,Chakhuta,und,"","",http://www.catalogueoflife.org/annual-checklist/details/species/id/10067201/common/38879,Tonga,,2021-07-13T14:42:16Z
106339,Chakhuta,und,"","",http://www.catalogueoflife.org/annual-checklist/details/species/id/10067747/common/232577,Tonga,,2021-07-13T14:42:17Z
107310,Chakhuta,und,"","",http://www.catalogueoflife.org/annual-checklist/details/species/id/10067829/common/91190,Tonga,,2021-07-13T14:42:17Z
98362,Chakhuta,und,"","",http://www.catalogueoflife.org/annual-checklist/details/species/id/10067074/common/91141,Tonga,,2021-07-13T14:42:18Z
107312,Chakhuta,und,"","",http://www.catalogueoflife.org/annual-checklist/details/species/id/10067831/common/91177,Tonga,,2021-07-13T14:42:18Z
98363,Chakhuta,und,"","",http://www.catalogueoflife.org/annual-checklist/details/species/id/10067076/common/91126,Tonga,,2021-07-13T14:42:18Z
103868,Chikoku,und,"","",http://www.catalogueoflife.org/annual-checklist/details/species/id/10067593/common/198469,Tonga,,2021-07-13T14:45:30Z
107043,Chibang'ombi,und,"","",http://www.catalogueoflife.org/annual-checklist/details/species/id/10067827/common/233050,Tonga,,2021-07-13T15:33:21Z
186271,Musanta,und,"","",,Tonga,Botswanabugs,2021-07-17T18:26:05Z
191883,Mululu,und,"","",,Tonga,Botswanabugs,2021-07-23T23:09:04Z
582626,Bulimbo,und,"","",,Tonga,Botswanabugs,2021-07-24T13:34:21Z
582626,Mukompe,und,"","",,Tonga,Botswanabugs,2021-07-24T13:34:55Z
633065,Babani,und,"","",,Tonga,Botswanabugs,2021-07-24T13:37:59Z
633065,Mukuku,und,"","",,Tonga,Botswanabugs,2021-07-24T13:38:38Z
431080,Mushendewabosokwe,und,"","",,Tonga,Botswanabugs,2021-07-24T13:45:51Z
321502,Kwibu,und,"","",,Tonga,Botswanabugs,2021-07-24T13:57:38Z
595009,ntamba,und,"","",,Tonga,Botswanabugs,2021-07-28T03:45:28Z
126238,Siila,und,"","",,Tonga,Botswanabugs,2021-07-28T18:32:55Z
505821,Mbwabwa,und,"","",,Tonga,Botswanabugs,2021-08-13T18:23:00Z
488493,Kabongobongo,und,"","",,Tonga,Botswanabugs,2021-08-13T19:42:47Z
141634,Momba,und,"","",,Tonga,Botswanabugs,2021-08-14T17:45:05Z
582629,Mugompe,und,"","",,Tonga,Botswanabugs,2021-08-20T13:44:21Z
582637,Mupopo,und,"","",,Tonga,Botswanabugs,2021-08-20T13:55:19Z
582637,Siachimvwa,und,"","",,Tonga,Botswanabugs,2021-08-20T13:55:56Z
340136,shonga,und,"","",South African National Biodiversity Institute. 2021. Botanical Database of Southern Africa (BODATSA) [offline dataset]. http://newposa.sanbi.org [Note that these data are not available at this URL as of 2021],Tonga,Ken-ichi Ueda,2021-10-21T20:41:54Z
597939,um Ogo,und,"","",South African National Biodiversity Institute. 2021. Botanical Database of Southern Africa (BODATSA) [offline dataset]. http://newposa.sanbi.org [Note that these data are not available at this URL as of 2021],Tonga,Ken-ichi Ueda,2021-10-21T20:41:54Z
342724,Mukorongwe,und,"","",South African National Biodiversity Institute. 2021. Botanical Database of Southern Africa (BODATSA) [offline dataset]. http://newposa.sanbi.org [Note that these data are not available at this URL as of 2021],Tonga,Ken-ichi Ueda,2021-10-21T20:41:55Z
342724,ngizi,und,"","",South African National Biodiversity Institute. 2021. Botanical Database of Southern Africa (BODATSA) [offline dataset]. http://newposa.sanbi.org [Note that these data are not available at this URL as of 2021],Tonga,Ken-ichi Ueda,2021-10-21T20:41:55Z
337799,nului,und,"","",South African National Biodiversity Institute. 2021. Botanical Database of Southern Africa (BODATSA) [offline dataset]. http://newposa.sanbi.org [Note that these data are not available at this URL as of 2021],Tonga,Ken-ichi Ueda,2021-10-21T20:41:55Z
340244,nembenembe,und,"","",South African National Biodiversity Institute. 2021. Botanical Database of Southern Africa (BODATSA) [offline dataset]. http://newposa.sanbi.org [Note that these data are not available at this URL as of 2021],Tonga,Ken-ichi Ueda,2021-10-21T20:41:55Z
582302,maamba,und,"","",South African National Biodiversity Institute. 2021. Botanical Database of Southern Africa (BODATSA) [offline dataset]. http://newposa.sanbi.org [Note that these data are not available at this URL as of 2021],Tonga,Ken-ichi Ueda,2021-10-21T20:41:56Z
582302,mienu,und,"","",South African National Biodiversity Institute. 2021. Botanical Database of Southern Africa (BODATSA) [offline dataset]. http://newposa.sanbi.org [Note that these data are not available at this URL as of 2021],Tonga,Ken-ichi Ueda,2021-10-21T20:41:56Z
135389,mgupa,und,"","",South African National Biodiversity Institute. 2021. Botanical Database of Southern Africa (BODATSA) [offline dataset]. http://newposa.sanbi.org [Note that these data are not available at this URL as of 2021],Tonga,Ken-ichi Ueda,2021-10-21T20:41:56Z
598569,kunukila mpati,und,"","",South African National Biodiversity Institute. 2021. Botanical Database of Southern Africa (BODATSA) [offline dataset]. http://newposa.sanbi.org [Note that these data are not available at this URL as of 2021],Tonga,Ken-ichi Ueda,2021-10-21T20:41:57Z
55854,zaba-zaba,und,"","",South African National Biodiversity Institute. 2021. Botanical Database of Southern Africa (BODATSA) [offline dataset]. http://newposa.sanbi.org [Note that these data are not available at this URL as of 2021],Tonga,Ken-ichi Ueda,2021-10-21T20:41:57Z
468861,kabwele,und,"","",South African National Biodiversity Institute. 2021. Botanical Database of Southern Africa (BODATSA) [offline dataset]. http://newposa.sanbi.org [Note that these data are not available at this URL as of 2021],Tonga,Ken-ichi Ueda,2021-10-21T20:41:57Z
162381,muchila bwende,und,"","",South African National Biodiversity Institute. 2021. Botanical Database of Southern Africa (BODATSA) [offline dataset]. http://newposa.sanbi.org [Note that these data are not available at this URL as of 2021],Tonga,Ken-ichi Ueda,2021-10-21T20:41:58Z
584570,chisokwechamuganu,und,"","",South African National Biodiversity Institute. 2021. Botanical Database of Southern Africa (BODATSA) [offline dataset]. http://newposa.sanbi.org [Note that these data are not available at this URL as of 2021],Tonga,Ken-ichi Ueda,2021-10-21T20:41:58Z
76857,kambumbu,und,"","",South African National Biodiversity Institute. 2021. Botanical Database of Southern Africa (BODATSA) [offline dataset]. http://newposa.sanbi.org [Note that these data are not available at this URL as of 2021],Tonga,Ken-ichi Ueda,2021-10-21T20:41:58Z
162412,kampinupinu,und,"","",South African National Biodiversity Institute. 2021. Botanical Database of Southern Africa (BODATSA) [offline dataset]. http://newposa.sanbi.org [Note that these data are not available at this URL as of 2021],Tonga,Ken-ichi Ueda,2021-10-21T20:41:59Z
208777,musizyamaula,und,"","",South African National Biodiversity Institute. 2021. Botanical Database of Southern Africa (BODATSA) [offline dataset]. http://newposa.sanbi.org [Note that these data are not available at this URL as of 2021],Tonga,Ken-ichi Ueda,2021-10-21T20:41:59Z
428367,isi-msasati,und,"","",South African National Biodiversity Institute. 2021. Botanical Database of Southern Africa (BODATSA) [offline dataset]. http://newposa.sanbi.org [Note that these data are not available at this URL as of 2021],Tonga,Ken-ichi Ueda,2021-10-21T20:41:59Z
428367,msasati,und,"","",South African National Biodiversity Institute. 2021. Botanical Database of Southern Africa (BODATSA) [offline dataset]. http://newposa.sanbi.org [Note that these data are not available at this URL as of 2021],Tonga,Ken-ichi Ueda,2021-10-21T20:42:00Z
585955,chivumu,und,"","",South African National Biodiversity Institute. 2021. Botanical Database of Southern Africa (BODATSA) [offline dataset]. http://newposa.sanbi.org [Note that these data are not available at this URL as of 2021],Tonga,Ken-ichi Ueda,2021-10-21T20:42:00Z
585956,chulokila,und,"","",South African National Biodiversity Institute. 2021. Botanical Database of Southern Africa (BODATSA) [offline dataset]. http://newposa.sanbi.org [Note that these data are not available at this URL as of 2021],Tonga,Ken-ichi Ueda,2021-10-21T20:42:00Z
507292,mukowe,und,"","",South African National Biodiversity Institute. 2021. Botanical Database of Southern Africa (BODATSA) [offline dataset]. http://newposa.sanbi.org [Note that these data are not available at this URL as of 2021],Tonga,Ken-ichi Ueda,2021-10-21T20:42:01Z
585959,muzunda,und,"","",South African National Biodiversity Institute. 2021. Botanical Database of Southern Africa (BODATSA) [offline dataset]. http://newposa.sanbi.org [Note that these data are not available at this URL as of 2021],Tonga,Ken-ichi Ueda,2021-10-21T20:42:01Z
340304,mutombe,und,"","",South African National Biodiversity Institute. 2021. Botanical Database of Southern Africa (BODATSA) [offline dataset]. http://newposa.sanbi.org [Note that these data are not available at this URL as of 2021],Tonga,Ken-ichi Ueda,2021-10-21T20:42:01Z
340173,murorongwe,und,"","",South African National Biodiversity Institute. 2021. Botanical Database of Southern Africa (BODATSA) [offline dataset]. http://newposa.sanbi.org [Note that these data are not available at this URL as of 2021],Tonga,Ken-ichi Ueda,2021-10-21T20:42:01Z
141177,matalamanda,und,"","",South African National Biodiversity Institute. 2021. Botanical Database of Southern Africa (BODATSA) [offline dataset]. http://newposa.sanbi.org [Note that these data are not available at this URL as of 2021],Tonga,Ken-ichi Ueda,2021-10-21T20:42:02Z
141177,Nyamahlokane,und,"","",South African National Biodiversity Institute. 2021. Botanical Database of Southern Africa (BODATSA) [offline dataset]. http://newposa.sanbi.org [Note that these data are not available at this URL as of 2021],Tonga,Ken-ichi Ueda,2021-10-21T20:42:02Z
599494,ngiri,und,"","",South African National Biodiversity Institute. 2021. Botanical Database of Southern Africa (BODATSA) [offline dataset]. http://newposa.sanbi.org [Note that these data are not available at this URL as of 2021],Tonga,Ken-ichi Ueda,2021-10-21T20:42:02Z
586670,mtungbabala,und,"","",South African National Biodiversity Institute. 2021. Botanical Database of Southern Africa (BODATSA) [offline dataset]. http://newposa.sanbi.org [Note that these data are not available at this URL as of 2021],Tonga,Ken-ichi Ueda,2021-10-21T20:42:03Z
81491,mvumuti,und,"","",South African National Biodiversity Institute. 2021. Botanical Database of Southern Africa (BODATSA) [offline dataset]. http://newposa.sanbi.org [Note that these data are not available at this URL as of 2021],Tonga,Ken-ichi Ueda,2021-10-21T20:42:03Z
81491,namutengwa,und,"","",South African National Biodiversity Institute. 2021. Botanical Database of Southern Africa (BODATSA) [offline dataset]. http://newposa.sanbi.org [Note that these data are not available at this URL as of 2021],Tonga,Ken-ichi Ueda,2021-10-21T20:42:03Z
81491,namuzungula,und,"","",South African National Biodiversity Institute. 2021. Botanical Database of Southern Africa (BODATSA) [offline dataset]. http://newposa.sanbi.org [Note that these data are not available at this URL as of 2021],Tonga,Ken-ichi Ueda,2021-10-21T20:42:04Z
340120,mumbu,und,"","",South African National Biodiversity Institute. 2021. Botanical Database of Southern Africa (BODATSA) [offline dataset]. http://newposa.sanbi.org [Note that these data are not available at this URL as of 2021],Tonga,Ken-ichi Ueda,2021-10-21T20:42:04Z
60295,mupunganini,und,"","",South African National Biodiversity Institute. 2021. Botanical Database of Southern Africa (BODATSA) [offline dataset]. http://newposa.sanbi.org [Note that these data are not available at this URL as of 2021],Tonga,Ken-ichi Ueda,2021-10-21T20:42:04Z
426476,sanimarumbi,und,"","",South African National Biodiversity Institute. 2021. Botanical Database of Southern Africa (BODATSA) [offline dataset]. http://newposa.sanbi.org [Note that these data are not available at this URL as of 2021],Tonga,Ken-ichi Ueda,2021-10-21T20:42:05Z
428173,sirungulu,und,"","",South African National Biodiversity Institute. 2021. Botanical Database of Southern Africa (BODATSA) [offline dataset]. http://newposa.sanbi.org [Note that these data are not available at this URL as of 2021],Tonga,Ken-ichi Ueda,2021-10-21T20:42:05Z
340253,umThomboti,und,"","",South African National Biodiversity Institute. 2021. Botanical Database of Southern Africa (BODATSA) [offline dataset]. http://newposa.sanbi.org [Note that these data are not available at this URL as of 2021],Tonga,Ken-ichi Ueda,2021-10-21T20:42:05Z
336810,mugosi,und,"","",South African National Biodiversity Institute. 2021. Botanical Database of Southern Africa (BODATSA) [offline dataset]. http://newposa.sanbi.org [Note that these data are not available at this URL as of 2021],Tonga,Ken-ichi Ueda,2021-10-21T20:42:06Z
336810,nyapini,und,"","",South African National Biodiversity Institute. 2021. Botanical Database of Southern Africa (BODATSA) [offline dataset]. http://newposa.sanbi.org [Note that these data are not available at this URL as of 2021],Tonga,Ken-ichi Ueda,2021-10-21T20:42:06Z
362174,umnungwana,und,"","",South African National Biodiversity Institute. 2021. Botanical Database of Southern Africa (BODATSA) [offline dataset]. http://newposa.sanbi.org [Note that these data are not available at this URL as of 2021],Tonga,Ken-ichi Ueda,2021-10-21T20:42:06Z
792926,Konkomona,und,"","",,Tonga,Botswanabugs,2021-11-02T12:07:33Z
111451,nsato,und,"","",,Tonga,Botswanabugs,2021-11-05T18:14:19Z
86007,inkala,und,"","",,Tonga,Botswanabugs,2021-11-08T01:41:15Z
14051,Katiiti,und,"","",,Tonga,Botswanabugs,2021-11-12T06:34:25Z
549967,Muswezu,und,"","",,Tonga,Botswanabugs,2021-11-16T12:25:51Z
549967,Soswe,und,"","",,Tonga,Botswanabugs,2021-11-16T12:26:29Z
781529,Chonzwe mpati,und,"","",,Tonga,Botswanabugs,2021-11-16T12:33:46Z
42339,muzilawa,und,"","",,Tonga,Botswanabugs,2021-11-20T04:34:00Z
42157,indya buluba,und,"","",,Tonga,Botswanabugs,2021-11-26T09:36:18Z
160868,ibbuyu,und,"","",,Tonga,Botswanabugs,2022-01-11T13:50:36Z
160868,Muteezi,und,"","",,Tonga,Botswanabugs,2022-01-11T13:55:36Z
426116,Mukunza,und,"","",,Tonga,Botswanabugs,2022-05-25T05:35:10Z
340245,muongo,und,"","",,Tonga,Botswanabugs,2022-06-02T09:50:20Z
68227,mubwekeke,und,"","",,Tonga,Botswanabugs,2022-06-16T02:57:24Z
592162,musekesa,und,"","",,Tonga,Botswanabugs,2022-06-16T03:00:33Z
45929,mpile,und,"","",,Tonga,Botswanabugs,2022-07-04T03:53:28Z
43117,sulwe,und,"","",,Tonga,Botswanabugs,2022-07-06T03:25:29Z
5231,hungwe,und,"","",,Tonga,Botswanabugs,2022-07-06T03:46:18Z
5231,jungwe,und,"","",,Tonga,Botswanabugs,2022-07-06T03:46:50Z
5231,tjuungwe,und,"","",,Tonga,Botswanabugs,2022-07-06T03:47:40Z
340173,mungindu,und,"","",,Tonga,Botswanabugs,2022-10-04T03:00:40Z
81500,ibbuyu,und,"","",,Tonga,Botswanabugs,2022-10-04T03:03:04Z
593974,bwazi,und,"","",,Tonga,Botswanabugs,2022-10-04T03:08:10Z
340164,mukuyu,und,"","",,Tonga,Botswanabugs,2022-10-04T03:19:35Z
42093,suntwe,und,"","",,Tonga,Botswanabugs,2023-01-04T19:21:00Z
1424120,inkanga,und,"","",https://www.inaturalist.org/taxon_names/2852449/edit,Tonga,,2023-01-15T06:34:25Z
1424120,nkanga,und,"","",https://www.inaturalist.org/taxon_names/2852450/edit,Tonga,,2023-01-15T06:34:25Z
340243,Muzwamalowa,und,"","",,Tonga,Botswanabugs,2023-06-17T11:36:30Z
340243,Muzwa malowa,und,"","",,Tonga,Botswanabugs,2023-06-17T11:37:16Z
340243,muzwangazi,und,"","",,Tonga,Botswanabugs,2023-06-17T11:38:19Z
340243,muzwa ngazi,und,"","",,Tonga,Botswanabugs,2023-06-17T11:38:54Z
1428,Nkhanga,und,"","",,Tonga,Botswanabugs,2024-01-31T10:11:27Z
131532,Palu tavake,und,"","",http://www.catalogueoflife.org/annual-checklist/2012/details/species/id/9741333,Tonga,,2024-12-01T17:25:12Z
