id,vernacularName,language,locality,countryCode,source,lexicon,contributor,created
56006,Sigankorv,und,"","",,Veps,John E. Christensen,2018-05-02T08:14:24Z
43042,Neglik,und,"","",,Veps,John E. Christensen,2018-05-24T15:38:35Z
233598,Järeboi,und,"","",,Veps,John E. Christensen,2019-10-06T20:16:16Z
505478,Kana,und,"","",,Veps,John E. Christensen,2020-01-02T13:35:41Z
41553,Sinine kit,und,"","",,Veps,Zane Roskoph,2021-08-15T15:42:31Z
153003,Murašk,und,"","",,Veps,Zane Roskoph,2021-08-18T16:11:15Z
41964,Lev,und,"","",,Veps,Zane Roskoph,2021-08-24T15:29:14Z
42407,Zubr,und,"","",,Veps,Zane Roskoph,2021-08-25T14:05:11Z
41967,Tigr,und,"","",,Veps,Zane Roskoph,2021-08-26T16:38:49Z
41852,Hahm,und,"","",,Veps,Марина Горбунова-Ëлкина,2022-12-13T12:03:14Z
203153,tijäine,und,"","",,Veps,Марина Горбунова-Ëлкина,2022-12-22T21:46:16Z
203153,tijaine,und,"","",,Veps,Марина Горбунова-Ëлкина,2022-12-22T21:46:30Z
41850,Sagarm,und,"","",,Veps,Марина Горбунова-Ëлкина,2022-12-27T04:53:28Z
75445,Ukrop,und,"","",,Veps,Марина Горбунова-Ëлкина,2022-12-27T05:39:24Z
47604,Puzuänikoižed,und,"","",,Veps,John E. Christensen,2023-01-30T13:51:11Z
42048,Händikaz,und,"","",,Veps,Марина Горбунова-Ëлкина,2023-03-10T18:44:11Z
42048,Hahk händikaz,und,"","",,Veps,Марина Горбунова-Ëлкина,2023-03-10T18:44:20Z
42048,Järgeline händikaz,und,"","",,Veps,Марина Горбунова-Ëлкина,2023-03-10T18:44:27Z
