id,vernacularName,language,locality,countryCode,source,lexicon,contributor,created
56006,Белокрыльник,und,"","",,Ingush,John E. Christensen,2018-05-02T08:15:01Z
51884,Нитт,und,"","",,Ingush,John E. Christensen,2018-05-11T20:00:25Z
569428,Шурткъа,und,"","",,Ingush,John E. Christensen,2018-07-05T06:45:10Z
47336,Зунгаташ,und,"","",,Ingush,John E. Christensen,2018-11-01T16:25:00Z
6930,Акхабоабашк,und,"","",,Ingush,John E. Christensen,2018-12-14T15:05:46Z
5068,Аьрзеш,und,"","",,Ingush,John E. Christensen,2019-02-12T20:37:27Z
48486,Доадолгаш,und,"","",,Ingush,John E. Christensen,2019-02-25T19:04:37Z
43444,Макак,und,"","",,Ingush,John E. Christensen,2019-05-08T12:12:00Z
43011,ЗIийна,und,"","",,Ingush,John E. Christensen,2019-10-19T15:27:25Z
505478,Котам,und,"","",,Ingush,John E. Christensen,2019-12-05T11:28:34Z
41964,Лом,und,"","",,Ingush,Zane Roskoph,2021-08-24T13:16:13Z
74831,ЦӀокълом,und,"","",,Ingush,Zane Roskoph,2021-08-25T11:43:21Z
41967,ЦӀокъ,und,"","",,Ingush,Zane Roskoph,2021-08-26T15:25:42Z
130793,КӀай цӀокъ,und,"","",,Ingush,Zane Roskoph,2021-08-27T12:27:11Z
41850,Хишк,und,"","",,Ingush,Марина Горбунова-Ëлкина,2022-12-27T04:39:02Z
75445,Нарсий аьрхI,und,"","",,Ingush,Марина Горбунова-Ëлкина,2022-12-27T05:26:27Z
144757,Сира къайг,und,"","",,Ingush,Марина Горбунова-Ëлкина,2023-02-12T15:32:37Z
42048,Борз,und,"","",,Ingush,Марина Горбунова-Ëлкина,2023-03-10T18:39:19Z
