id,vernacularName,language,locality,countryCode,source,lexicon,contributor,created
42134,Sân-chû,und,"","",,Hakka Chinese,John E. Christensen,2018-02-13T08:10:39Z
122976,Fú-mak,und,"","",,Hakka Chinese,John E. Christensen,2018-02-23T10:36:38Z
333586,Chhùng-hièn,und,"","",,Hakka Chinese,John E. Christensen,2018-07-11T14:08:41Z
47157,Yòng-ya̍p-é,und,"","",,Hakka Chinese,John E. Christensen,2018-11-23T08:54:19Z
371057,Piak-sà,und,"","",,Hakka Chinese,John E. Christensen,2018-12-10T16:32:19Z
40151,Sṳ̍t-nen thung-vu̍t,und,"","",,Hakka Chinese,John E. Christensen,2019-02-07T16:22:07Z
505478,Kiê-é,und,"","",,Hakka Chinese,John E. Christensen,2019-11-26T12:52:26Z
41955,Lia̍p-pau,und,"","",,Hakka Chinese,Zane Roskoph,2021-08-13T12:01:41Z
41964,Sṳ̂-é,und,"","",,Hakka Chinese,Zane Roskoph,2021-08-24T13:11:56Z
130796,Sî-pak-li-â Fú,und,"","",,Hakka Chinese,Zane Roskoph,2021-08-26T13:57:34Z
41967,Lo-fú,und,"","",,Hakka Chinese,Zane Roskoph,2021-08-26T15:22:27Z
