id,vernacularName,language,locality,countryCode,source,lexicon,contributor,created
486156,Negla da vadrets,und,"","",,Rumantsch (Vallader),Karsten Rohweder,2020-01-28T06:08:12Z
483187,Viola pennada,und,"Graubünden, CH","",,Rumantsch (Vallader),Karsten Rohweder,2020-06-01T21:19:04Z
122335,barber brün,und,"","",,Rumantsch (Vallader),Nicolas Schwab,2024-06-27T01:04:44Z
122334,barber amar,und,"","",,Rumantsch (Vallader),Nicolas Schwab,2024-06-27T01:06:29Z
48445,bovist,und,"","",,Rumantsch (Vallader),Nicolas Schwab,2024-06-27T01:07:29Z
48702,bulai,und,"","",,Rumantsch (Vallader),Nicolas Schwab,2024-06-27T01:08:42Z
124085,bulai d’vuolp,und,"","",,Rumantsch (Vallader),Nicolas Schwab,2024-06-27T01:09:30Z
63401,bulai parasol,und,"","",,Rumantsch (Vallader),Nicolas Schwab,2024-06-27T01:09:54Z
352462,bulai sbarüffà,und,"","",,Rumantsch (Vallader),Nicolas Schwab,2024-06-27T01:10:24Z
553907,bulai-stria,und,"","",,Rumantsch (Vallader),Nicolas Schwab,2024-06-27T01:10:59Z
361640,camarigl,und,"","",,Rumantsch (Vallader),Nicolas Schwab,2024-06-27T01:12:10Z
497251,camarigl tampriv,und,"","",,Rumantsch (Vallader),Nicolas Schwab,2024-06-27T01:12:34Z
47347,chantarel,und,"","",,Rumantsch (Vallader),Nicolas Schwab,2024-06-27T01:13:30Z
54121,craterel muot,und,"","",,Rumantsch (Vallader),Nicolas Schwab,2024-06-27T01:14:11Z
118259,dulicher,und,"","",,Rumantsch (Vallader),Nicolas Schwab,2024-06-27T01:14:40Z
54594,fagl impudent,und,"","",,Rumantsch (Vallader),Nicolas Schwab,2024-06-27T01:15:10Z
48494,lateragl,und,"","",,Rumantsch (Vallader),Nicolas Schwab,2024-06-27T01:15:47Z
118240,musserun,und,"","",,Rumantsch (Vallader),Nicolas Schwab,2024-06-27T01:16:17Z
48424,mutschigner,und,"","",,Rumantsch (Vallader),Nicolas Schwab,2024-06-27T01:16:43Z
49449,ruschla füersa,und,"","",,Rumantsch (Vallader),Nicolas Schwab,2024-06-27T01:18:03Z
55574,s-charplinà,und,"","",,Rumantsch (Vallader),Nicolas Schwab,2024-06-27T01:18:26Z
64076,s-chagliöl,und,"","",,Rumantsch (Vallader),Nicolas Schwab,2024-06-27T01:19:00Z
801144,sfarinuossa,und,"","",,Rumantsch (Vallader),Nicolas Schwab,2024-06-27T01:19:33Z
53283,strofari,und,"","",,Rumantsch (Vallader),Nicolas Schwab,2024-06-27T01:19:59Z
48769,zuorpler,und,"","",,Rumantsch (Vallader),Nicolas Schwab,2024-06-27T01:20:40Z
47392,chalamer,und,"","",,Rumantsch (Vallader),Nicolas Schwab,2024-06-27T01:21:13Z
54625,padriöl,und,"","",,Rumantsch (Vallader),Nicolas Schwab,2024-06-27T01:21:53Z
