id,vernacularName,language,locality,countryCode,source,lexicon,contributor,created
859135,lunkere,und,"Northern Territory, AU","",,Arrernte Dialects,Samantha,2019-02-03T01:15:26Z
1096416,Tjilka-tjilka,und,Australia,AU,,Arrernte Dialects,Ralph Foster,2020-06-07T08:04:41Z
446971,Kampur#arpa,und,"","",,Arrernte Dialects,Ralph Foster,2020-06-07T09:21:25Z
188884,artetye,und,"","",,Arrernte Dialects,Will Cornwell,2023-06-30T02:33:49Z
64128,apere,und,"","",,Arrernte Dialects,Will Cornwell,2023-06-30T02:42:07Z
135846,atywekekwerle,und,"","",,Arrernte Dialects,Will Cornwell,2023-06-30T02:47:49Z
132351,aywerte,und,"","",,Arrernte Dialects,Will Cornwell,2023-06-30T02:52:52Z
58392,ingkwe,und,"","",,Arrernte Dialects,Will Cornwell,2023-06-30T02:55:53Z
1475656,ankere-ankere,und,Australia,AU,,Arrernte Dialects,Will Cornwell,2023-06-30T03:06:24Z
1357030,irlpe-marnte,und,Australia,AU,,Arrernte Dialects,Will Cornwell,2023-06-30T03:21:01Z
1084217,alpare,und,Australia,AU,,Arrernte Dialects,Will Cornwell,2023-06-30T03:24:31Z
551475,arrethe,und,"","",,Arrernte Dialects,Will Cornwell,2023-06-30T03:43:29Z
57883,kwepe-kwepe,und,"","",,Arrernte Dialects,Will Cornwell,2023-06-30T06:36:19Z
1025033,yame,und,Australia,AU,,Arrernte Dialects,Will Cornwell,2023-06-30T06:53:46Z
1025033,irtennge,und,"","",,Arrernte Dialects,Will Cornwell,2023-06-30T06:54:15Z
1025033,arlatyeye,und,"","",,Arrernte Dialects,Will Cornwell,2023-06-30T06:54:48Z
447221,irrkwarteke,und,"","",,Arrernte Dialects,Charlie A.,2023-09-01T21:15:33Z
