id,vernacularName,language,locality,countryCode,source,lexicon,contributor,created
484270,!Húru,und,"Gordonia, NC, ZA","",,|Xam,Dewald du Plessis,2020-03-16T09:07:24Z
55747,|Khū:,und,"","",,|Xam,Dewald du Plessis,2020-03-16T09:08:28Z
48112,"|Kággen, |Kă:ggĭ, |Kákkaken, |Kăkkĭ",und,"Northern Cape, ZA","",,|Xam,Dewald du Plessis,2020-03-16T09:13:57Z
53765,||Kerri-si !kau,und,"Northern Cape, ZA","",,|Xam,Dewald du Plessis,2020-04-07T11:13:58Z
48112,"||Kángdoro, ||Kánndoro",und,"Northern Cape, ZA","",,|Xam,Dewald du Plessis,2020-11-11T13:29:45Z
48112,||Ka||karrasi,und,"Northern Cape, ZA","",,|Xam,Dewald du Plessis,2020-11-11T13:36:24Z
142929,||Ka||karrasi,und,"Northern Cape, ZA","",,|Xam,Dewald du Plessis,2020-11-11T13:37:24Z
421796,||Ka||karrasi,und,"","",,|Xam,Dewald du Plessis,2020-11-11T13:37:56Z
47158,||Ka||karrasi,und,"Northern Cape, ZA","",,|Xam,Dewald du Plessis,2020-11-11T13:45:33Z
142929,"||Gŏ, ||Kŏ||kórosi",und,"Northern Cape, ZA","",,|Xam,Dewald du Plessis,2020-11-11T14:43:08Z
421796,"||Gŏ, ||Kŏ||kórosi",und,"","",,|Xam,Dewald du Plessis,2020-11-11T14:43:38Z
48894,"!Kăna, !Kańna, =Kā:ra, !Kárra, !Kenna:ng, Kuküku |khê:",und,"Gordonia, NC, ZA","",,|Xam,Dewald du Plessis,2021-10-18T17:38:23Z
418212,"=Kā:ra, !Kařřa",und,"Gordonia, NC, ZA","",,|Xam,Dewald du Plessis,2021-10-19T20:33:25Z
668022,"=Kā:ra, !Kařřa",und,"Gordonia, NC, ZA","",,|Xam,Dewald du Plessis,2021-10-19T20:41:46Z
