id,vernacularName,language,locality,countryCode,source,lexicon,contributor,created
47192,tatangqurhnaq,und,"","",,Yup'ik,cassi saari,2018-08-06T19:40:38Z
47192,tsengqułektat,und,"","",,Yup'ik,cassi saari,2018-08-06T19:41:12Z
8335,neqaiq,und,"","",,Yup'ik,raymie,2019-05-18T12:23:46Z
8010,tulukaruq,und,"","",,Yup'ik,raymie,2019-05-18T12:24:41Z
8335,kisirallerr,und,"","",,Yup'ik,raymie,2019-05-18T12:25:48Z
931,aqezgiq,und,"","",,Yup'ik,raymie,2019-05-18T12:27:38Z
6917,qugyuk,und,"","",,Yup'ik,raymie,2019-05-18T12:28:32Z
6917,qugsuk,und,"","",,Yup'ik,raymie,2019-05-18T12:29:02Z
508048,qut'raaq,und,"","",,Yup'ik,raymie,2019-05-18T12:30:20Z
508048,quchillgaq,und,"","",,Yup'ik,raymie,2019-05-18T12:31:11Z
144821,chikepiipiiq,und,"","",,Yup'ik,raymie,2019-05-18T12:32:40Z
144821,chikepiipiir,und,"","",,Yup'ik,raymie,2019-05-18T12:33:25Z
11935,equgmelngaq,und,"","",,Yup'ik,raymie,2019-05-18T12:34:24Z
4449,teqirayuli,und,"","",,Yup'ik,raymie,2019-05-18T12:35:52Z
4449,teqiyaaraq,und,"","",,Yup'ik,raymie,2019-05-18T12:36:42Z
7030,Qengaallek,und,"","",,Yup'ik,raymie,2020-11-30T18:04:42Z
7170,Allgiar,und,"","",,Yup'ik,raymie,2020-11-30T18:06:08Z
158725,Caiggluut,und,"","",,Yup'ik,dronsse,2022-07-19T20:41:37Z
163815,Tayarut,und,"Alaska, US","",,Yup'ik,Johann,2023-08-08T18:46:36Z
77422,Tayarum iluraa,und,"Alaska, US","",,Yup'ik,Johann,2023-08-08T18:48:18Z
56224,Allngiguat,und,"Alaska, US","",,Yup'ik,Johann,2023-08-08T18:52:32Z
61067,Tappernaq,und,"Alaska, US","",,Yup'ik,wilderbombyx,2023-12-30T22:38:42Z
107572,iqalluk,und,"","",,Yup'ik,andrewm77,2024-10-06T19:24:07Z
69922,sayak,und,"","",,Yup'ik,andrewm77,2024-10-06T19:38:52Z
217590,imarpinraq,und,"","",,Yup'ik,andrewm77,2024-10-06T19:39:42Z
54191,taryaqvak,und,"","",,Yup'ik,andrewm77,2024-10-06T19:41:11Z
43794,paluqtaq,und,"","",,Yup'ik,andrewm77,2024-10-06T19:42:08Z
104813,manignaq,und,"","",,Yup'ik,andrewm77,2024-10-06T19:47:51Z
522193,tuntuvak,und,"","",,Yup'ik,andrewm77,2024-10-06T19:49:46Z
53692,uqurliq,und,"","",,Yup'ik,andrewm77,2024-10-06T19:51:25Z
9771,ayugiugiq,und,"","",,Yup'ik,andrewm77,2024-10-06T19:52:58Z
42069,kaviaq,und,"","",,Yup'ik,andrewm77,2024-10-06T19:59:34Z
7047,kep'alek,und,"","",,Yup'ik,andrewm77,2024-10-06T20:07:18Z
7047,allgirneq,und,"","",,Yup'ik,andrewm77,2024-10-06T20:08:01Z
54191,tarsarpaq,und,"","",,Yup'ik,andrewm77,2024-10-06T20:09:47Z
53692,qakiiyaq,und,"","",,Yup'ik,andrewm77,2024-10-06T20:11:42Z
47516,talariiq,und,"","",,Yup'ik,andrewm77,2024-10-07T01:19:15Z
96858,cungartak,und,"","",,Yup'ik,andrewm77,2024-10-07T01:30:23Z
145240,kuikaman'ayaaq,und,"","",,Yup'ik,andrewm77,2024-10-07T01:32:49Z
1264432,imarmiutaq,und,"","",,Yup'ik,andrewm77,2024-10-07T01:38:10Z
3941,qiuracetaaq,und,"","",,Yup'ik,andrewm77,2024-10-07T01:39:09Z
58721,quarnaq,und,"","",,Yup'ik,andrewm77,2024-10-07T01:44:24Z
116999,angllurayuli,und,"","",,Yup'ik,andrewm77,2024-10-07T01:46:43Z
1289698,egtuk,und,"","",,Yup'ik,andrewm77,2024-10-07T01:50:00Z
1289698,egtuuk,und,"","",,Yup'ik,andrewm77,2024-10-07T01:50:20Z
68077,iqalluyagaq,und,"","",,Yup'ik,andrewm77,2024-10-07T01:51:58Z
110661,cev'eq,und,"","",,Yup'ik,andrewm77,2024-11-19T01:28:42Z
