id,vernacularName,language,locality,countryCode,source,lexicon,contributor,created
912444,konok,und,"","",,Pohnpeian,James Ojascastro,2019-07-26T05:21:52Z
40926,Pwehk,und,"Pohnpei, FM","",,Pohnpeian,Bradley Rentz,2024-11-21T09:35:10Z
14946,Sioahk,und,"","",,Pohnpeian,Bradley Rentz,2024-11-21T09:38:45Z
19117,Serehd,und,"","",,Pohnpeian,Bradley Rentz,2024-11-21T09:40:21Z
12403,Pwiliet,und,"","",,Pohnpeian,Bradley Rentz,2024-11-21T09:42:21Z
726882,Pwiliet,und,"","",,Pohnpeian,Bradley Rentz,2024-11-21T09:43:01Z
4314,Sihk,und,"","",,Pohnpeian,Bradley Rentz,2024-11-21T09:45:30Z
480359,Kutoahr,und,"","",,Pohnpeian,Bradley Rentz,2024-11-22T00:53:31Z
8123,Likepisir,und,Federated States of Micronesia,FM,,Pohnpeian,Bradley Rentz,2024-11-22T01:05:45Z
116807,Limwehdi,und,"","",,Pohnpeian,Bradley Rentz,2024-11-22T01:12:26Z
17447,Tiht,und,"","",,Pohnpeian,Bradley Rentz,2024-11-22T01:15:25Z
732600,Tiht,und,"","",,Pohnpeian,Bradley Rentz,2024-11-22T01:15:50Z
13943,Likedipwahpwa,und,"","",,Pohnpeian,Bradley Rentz,2024-11-22T01:21:00Z
