id,vernacularName,language,locality,countryCode,source,lexicon,contributor,created
340245,tololokwo,und,"","",,Tugen,Botswanabugs,2020-01-13T07:42:41Z
133588,Ortuet,und,"","",,Tugen,brnhn,2020-11-17T21:30:12Z
1243278,Tamingetwo,und,"","",,Tugen,Tammo Reichgelt,2022-07-20T15:01:06Z
441345,Knaget,und,"","",,Tugen,Tammo Reichgelt,2022-07-20T15:08:35Z
507100,Lito,und,"","",,Tugen,Tammo Reichgelt,2022-07-20T15:52:27Z
467985,Siriko,und,"","",,Tugen,Tammo Reichgelt,2022-07-20T15:57:42Z
467985,Sorichon,und,"","",,Tugen,Tammo Reichgelt,2022-07-20T15:57:50Z
184346,Birirwet,und,"","",,Tugen,Tammo Reichgelt,2022-07-20T19:29:02Z
342721,Ekaburu,und,"","",,Tugen,Tammo Reichgelt,2022-07-20T19:44:46Z
342721,Kakabuiwo,und,"","",,Tugen,Tammo Reichgelt,2022-07-20T19:44:58Z
430893,Nagarida,und,"","",,Tugen,Tammo Reichgelt,2022-07-20T19:57:12Z
430893,Koleonik,und,"","",,Tugen,Tammo Reichgelt,2022-07-20T19:57:22Z
186043,Chebosiewa,und,"","",,Tugen,Tammo Reichgelt,2022-07-20T20:01:02Z
589548,Monongwe,und,"","",,Tugen,Tammo Reichgelt,2022-07-20T20:08:45Z
589548,Yubuluswa,und,"","",,Tugen,Tammo Reichgelt,2022-07-20T20:08:54Z
210929,Janbe,und,"","",,Tugen,Tammo Reichgelt,2022-07-21T02:20:48Z
584493,Gerriss,und,"","",,Tugen,Tammo Reichgelt,2022-07-21T20:07:24Z
428367,Musomboriet,und,"","",,Tugen,Tammo Reichgelt,2022-07-21T20:13:39Z
1046695,Kipchelele,und,"","",,Tugen,Tammo Reichgelt,2022-10-24T12:12:47Z
