id,vernacularName,language,locality,countryCode,source,lexicon,contributor,created
52543,Ucikhéʔtaʔ,und,"","",,Tuscarora,Sequoia Janirella Wrens,2019-03-22T03:16:25Z
54779,Runehnúreʔ,und,"","",,Tuscarora,Sequoia Janirella Wrens,2019-03-22T03:30:37Z
53387,Tikaciʔruratkwaráyeʔ,und,"","",,Tuscarora,Sequoia Janirella Wrens,2019-03-22T03:36:40Z
54785,Cúheʔ,und,"","",,Tuscarora,Sequoia Janirella Wrens,2019-03-22T03:38:37Z
54788,Yukyeshaciqáke,und,"","",,Tuscarora,Sequoia Janirella Wrens,2019-03-22T04:00:02Z
