id,vernacularName,language,locality,countryCode,source,lexicon,contributor,created
113735,Saranga,und,"","",http://www.catalogueoflife.org/annual-checklist/details/species/id/10078391/common/47111,Bikol,,2019-09-14T14:12:07Z
52731,Saranga,und,"","",http://www.catalogueoflife.org/annual-checklist/details/species/id/10071820/common/126612,Bikol,,2019-09-14T14:12:07Z
108076,Maringyan,und,"","",http://www.catalogueoflife.org/annual-checklist/details/species/id/10076475/common/125495,Bikol,,2021-07-13T12:58:45Z
102055,Maringyan,und,"","",http://www.catalogueoflife.org/annual-checklist/details/species/id/10076361/common/59141,Bikol,,2021-07-13T12:58:46Z
97311,Maringyan,und,"","",http://www.catalogueoflife.org/annual-checklist/details/species/id/10076202/common/125785,Bikol,,2021-07-13T12:58:46Z
103436,Maringyan,und,"","",http://www.catalogueoflife.org/annual-checklist/details/species/id/10076421/common/191153,Bikol,,2021-07-13T12:58:46Z
52508,Maringyan,und,"","",http://www.catalogueoflife.org/annual-checklist/details/species/id/10076322/common/200236,Bikol,,2021-07-13T12:58:50Z
94021,Maringyan,und,"","",http://www.catalogueoflife.org/annual-checklist/details/species/id/10076142/common/200060,Bikol,,2021-07-13T12:58:50Z
102580,Maringyan,und,"","",http://www.catalogueoflife.org/annual-checklist/details/species/id/10076406/common/171765,Bikol,,2021-07-13T12:58:50Z
97672,Maringyan,und,"","",http://www.catalogueoflife.org/annual-checklist/details/species/id/10076228/common/165230,Bikol,,2021-07-13T12:58:50Z
113981,Maringyan,und,"","",http://www.catalogueoflife.org/annual-checklist/details/species/id/10076600/common/94088,Bikol,,2021-07-13T12:58:51Z
82355,Maringyan,und,"","",http://www.catalogueoflife.org/annual-checklist/details/species/id/10076203/common/125640,Bikol,,2021-07-13T12:58:51Z
108081,Maringyan,und,"","",http://www.catalogueoflife.org/annual-checklist/details/species/id/10076480/common/125392,Bikol,,2021-07-13T12:58:52Z
113209,Maringyan,und,"","",http://www.catalogueoflife.org/annual-checklist/details/species/id/10076562/common/151958,Bikol,,2021-07-13T12:58:52Z
102056,Maringyan,und,"","",http://www.catalogueoflife.org/annual-checklist/details/species/id/10076362/common/59071,Bikol,,2021-07-13T12:58:52Z
81498,Maringyan,und,"","",http://www.catalogueoflife.org/annual-checklist/details/species/id/10076455/common/192624,Bikol,,2021-07-13T12:58:52Z
102037,Maringyan,und,"","",http://www.catalogueoflife.org/annual-checklist/details/species/id/10076338/common/59454,Bikol,operculum_ben,2021-07-13T12:58:53Z
95827,Maringyan,und,"","",http://www.catalogueoflife.org/annual-checklist/details/species/id/10076169/common/125120,Bikol,,2021-07-13T12:58:53Z
102898,Maringyan,und,"","",http://www.catalogueoflife.org/annual-checklist/details/species/id/10076407/common/200589,Bikol,,2021-07-13T12:58:53Z
98501,Maringyan,und,"","",http://www.catalogueoflife.org/annual-checklist/details/species/id/10076283/common/142220,Bikol,,2021-07-13T12:58:54Z
58467,Maringyan,und,"","",http://www.catalogueoflife.org/annual-checklist/details/species/id/10076606/common/93898,Bikol,,2021-07-13T12:58:54Z
97312,Maringyan,und,"","",http://www.catalogueoflife.org/annual-checklist/details/species/id/10076204/common/228907,Bikol,lwnrngr,2021-07-13T12:58:55Z
102075,Maringyan,und,"","",http://www.catalogueoflife.org/annual-checklist/details/species/id/10076383/common/58799,Bikol,,2021-07-13T12:58:55Z
63597,Maringyan,und,"","",http://www.catalogueoflife.org/annual-checklist/details/species/id/10076469/common/36360,Bikol,Wich’yanan (Jay) Limparungpatthanakij,2021-07-13T12:58:56Z
102038,Maringyan,und,"","",http://www.catalogueoflife.org/annual-checklist/details/species/id/10076339/common/59418,Bikol,,2021-07-13T12:58:56Z
95831,Maringyan,und,"","",http://www.catalogueoflife.org/annual-checklist/details/species/id/10076173/common/125029,Bikol,,2021-07-13T12:58:56Z
102899,Maringyan,und,"","",http://www.catalogueoflife.org/annual-checklist/details/species/id/10076408/common/200543,Bikol,,2021-07-13T12:58:56Z
98503,Maringyan,und,"","",http://www.catalogueoflife.org/annual-checklist/details/species/id/10076285/common/142167,Bikol,,2021-07-13T12:58:57Z
97649,Maringyan,und,"","",http://www.catalogueoflife.org/annual-checklist/details/species/id/10076205/common/165501,Bikol,,2021-07-13T12:58:58Z
67963,Maringyan,und,"","",http://www.catalogueoflife.org/annual-checklist/details/species/id/10076593/common/94313,Bikol,,2021-07-13T12:58:58Z
107302,Maringyan,und,"","",http://www.catalogueoflife.org/annual-checklist/details/species/id/10076470/common/269880,Bikol,,2021-07-13T12:58:59Z
102044,Maringyan,und,"","",http://www.catalogueoflife.org/annual-checklist/details/species/id/10076349/common/59323,Bikol,,2021-07-13T12:58:59Z
97307,Maringyan,und,"","",http://www.catalogueoflife.org/annual-checklist/details/species/id/10076195/common/126038,Bikol,,2021-07-13T12:58:59Z
103426,Maringyan,und,"","",http://www.catalogueoflife.org/annual-checklist/details/species/id/10076411/common/191295,Bikol,,2021-07-13T12:59:00Z
52323,Maringyan,und,"","",http://www.catalogueoflife.org/annual-checklist/details/species/id/10076294/common/142023,Bikol,,2021-07-13T12:59:00Z
187552,Maringyan,und,"","",http://www.catalogueoflife.org/annual-checklist/details/species/id/10075700/common/46051,Bikol,,2021-07-13T12:59:00Z
97667,Maringyan,und,"","",http://www.catalogueoflife.org/annual-checklist/details/species/id/10076223/common/165292,Bikol,,2021-07-13T12:59:01Z
113978,Maringyan,und,"","",http://www.catalogueoflife.org/annual-checklist/details/species/id/10076596/common/94241,Bikol,,2021-07-13T12:59:02Z
102080,Maringyan,und,"","",http://www.catalogueoflife.org/annual-checklist/details/species/id/10076392/common/58674,Bikol,lwnrngr,2021-07-13T12:59:02Z
108074,Maringyan,und,"","",http://www.catalogueoflife.org/annual-checklist/details/species/id/10076473/common/125568,Bikol,,2021-07-13T12:59:03Z
102045,Maringyan,und,"","",http://www.catalogueoflife.org/annual-checklist/details/species/id/10076351/common/59257,Bikol,Wich’yanan (Jay) Limparungpatthanakij,2021-07-13T12:59:03Z
97308,Maringyan,und,"","",http://www.catalogueoflife.org/annual-checklist/details/species/id/10076196/common/125927,Bikol,,2021-07-13T12:59:03Z
103431,Maringyan,und,"","",http://www.catalogueoflife.org/annual-checklist/details/species/id/10076416/common/191236,Bikol,,2021-07-13T12:59:04Z
100036,Maringyan,und,"","",http://www.catalogueoflife.org/annual-checklist/details/species/id/10076318/common/81453,Bikol,,2021-07-13T12:59:04Z
94016,Maringyan,und,"","",http://www.catalogueoflife.org/annual-checklist/details/species/id/10076137/common/200144,Bikol,,2021-07-13T12:59:05Z
97671,Maringyan,und,"","",http://www.catalogueoflife.org/annual-checklist/details/species/id/10076227/common/165250,Bikol,,2021-07-13T12:59:05Z
113980,Maringyan,und,"","",http://www.catalogueoflife.org/annual-checklist/details/species/id/10076599/common/94153,Bikol,,2021-07-13T12:59:06Z
102579,Maringyan,und,"","",http://www.catalogueoflife.org/annual-checklist/details/species/id/10076405/common/171827,Bikol,Donald Davesne,2021-07-13T12:59:06Z
52188,Butanding,und,"","",http://www.catalogueoflife.org/annual-checklist/details/species/id/10065883/common/332088,Bikol,,2021-07-13T18:45:45Z
52188,Botanding,und,"","",http://www.catalogueoflife.org/annual-checklist/details/species/id/10065883/common/332089,Bikol,,2021-07-13T18:45:56Z
100124,Kugtung,und,"","",http://www.catalogueoflife.org/annual-checklist/details/species/id/10073089/common/44078,Bikol,,2021-07-15T12:23:55Z
109744,Kugtung,und,"","",http://www.catalogueoflife.org/annual-checklist/details/species/id/10073363/common/200978,Bikol,,2021-07-15T12:23:56Z
97004,Kugtung,und,"","",http://www.catalogueoflife.org/annual-checklist/details/species/id/10073054/common/60514,Bikol,,2021-07-15T12:23:56Z
100127,Kugtung,und,"","",http://www.catalogueoflife.org/annual-checklist/details/species/id/10073147/common/41597,Bikol,,2021-07-15T12:23:56Z
96990,Kugtung,und,"","",http://www.catalogueoflife.org/annual-checklist/details/species/id/10073038/common/61273,Bikol,,2021-07-15T12:23:57Z
100088,Kugtung,und,"","",http://www.catalogueoflife.org/annual-checklist/details/species/id/10073110/common/43339,Bikol,,2021-07-15T12:23:57Z
109745,Kugtung,und,"","",http://www.catalogueoflife.org/annual-checklist/details/species/id/10073364/common/200870,Bikol,,2021-07-15T12:23:57Z
97007,Kugtung,und,"","",http://www.catalogueoflife.org/annual-checklist/details/species/id/10073057/common/60316,Bikol,,2021-07-15T12:23:58Z
100130,Kugtung,und,"","",http://www.catalogueoflife.org/annual-checklist/details/species/id/10073150/common/41469,Bikol,,2021-07-15T12:23:58Z
96992,Kugtung,und,"","",http://www.catalogueoflife.org/annual-checklist/details/species/id/10073040/common/61126,Bikol,,2021-07-15T12:23:58Z
100089,Kugtung,und,"","",http://www.catalogueoflife.org/annual-checklist/details/species/id/10073111/common/43237,Bikol,Wich’yanan (Jay) Limparungpatthanakij,2021-07-15T12:23:59Z
114929,Kugtung,und,"","",http://www.catalogueoflife.org/annual-checklist/details/species/id/10073504/common/202633,Bikol,,2021-07-15T12:23:59Z
100134,Kugtung,und,"","",http://www.catalogueoflife.org/annual-checklist/details/species/id/10073154/common/41241,Bikol,,2021-07-15T12:24:00Z
54941,Kugtung,und,"","",http://www.catalogueoflife.org/annual-checklist/details/species/id/10073041/common/61061,Bikol,,2021-07-15T12:24:00Z
100090,Kugtung,und,"","",http://www.catalogueoflife.org/annual-checklist/details/species/id/10073112/common/43141,Bikol,,2021-07-15T12:24:00Z
142212,Kugtung,und,"","",http://www.catalogueoflife.org/annual-checklist/details/species/id/10073082/common/201755,Bikol,Wich’yanan (Jay) Limparungpatthanakij,2021-07-15T12:24:00Z
100145,Kugtung,und,"","",http://www.catalogueoflife.org/annual-checklist/details/species/id/10073168/common/40821,Bikol,,2021-07-15T12:24:01Z
96997,Kugtung,und,"","",http://www.catalogueoflife.org/annual-checklist/details/species/id/10073046/common/60848,Bikol,,2021-07-15T12:24:01Z
100099,Kugtung,und,"","",http://www.catalogueoflife.org/annual-checklist/details/species/id/10073121/common/42806,Bikol,,2021-07-15T12:24:01Z
100121,Kugtung,und,"","",http://www.catalogueoflife.org/annual-checklist/details/species/id/10073084/common/44282,Bikol,,2021-07-15T12:24:02Z
109741,Kugtung,und,"","",http://www.catalogueoflife.org/annual-checklist/details/species/id/10073360/common/201252,Bikol,,2021-07-15T12:24:02Z
49639,Kugtung,und,"","",http://www.catalogueoflife.org/annual-checklist/details/species/id/10073047/common/60738,Bikol,,2021-07-15T12:24:03Z
100111,Kugtung,und,"","",http://www.catalogueoflife.org/annual-checklist/details/species/id/10073135/common/42170,Bikol,Victor HOYEAU,2021-07-15T12:24:03Z
94231,Kugtung,und,"","",http://www.catalogueoflife.org/annual-checklist/details/species/id/10073015/common/229559,Bikol,Wich’yanan (Jay) Limparungpatthanakij,2021-07-15T12:24:03Z
102778,Pagi,und,"","",http://www.catalogueoflife.org/annual-checklist/details/species/id/10078375/common/78190,Bikol,,2021-07-19T14:34:35Z
49297,Pagi,und,"","",http://www.catalogueoflife.org/annual-checklist/details/species/id/10078489/common/221508,Bikol,,2021-07-19T14:34:36Z
67971,Pagi,und,"","",http://www.catalogueoflife.org/annual-checklist/details/species/id/10078380/common/265790,Bikol,,2021-07-19T14:34:36Z
103473,Pagi,und,"","",http://www.catalogueoflife.org/annual-checklist/details/species/id/10078157/common/81182,Bikol,,2021-07-19T14:34:37Z
113735,Pagi,und,"","",http://www.catalogueoflife.org/annual-checklist/details/species/id/10078391/common/35602,Bikol,Christoph Posch,2021-07-19T14:34:38Z
82261,Pagi,und,"","",http://www.catalogueoflife.org/annual-checklist/details/species/id/10078393/common/224765,Bikol,,2021-07-19T14:34:39Z
101912,Pagi,und,"","",http://www.catalogueoflife.org/annual-checklist/details/species/id/10078485/common/221761,Bikol,,2021-07-19T14:34:39Z
67971,Kuyampo,und,"","",http://www.catalogueoflife.org/annual-checklist/details/species/id/10078380/common/265783,Bikol,,2021-07-19T14:58:57Z
67971,Kuyampao,und,"","",http://www.catalogueoflife.org/annual-checklist/details/species/id/10078380/common/265782,Bikol,,2021-07-19T14:59:03Z
67971,Daragon,und,"","",http://www.catalogueoflife.org/annual-checklist/details/species/id/10078380/common/265769,Bikol,,2021-07-19T14:59:09Z
153279,Gurisan,und,"","",http://www.catalogueoflife.org/annual-checklist/details/species/id/10066669/common/54259,Bikol,,2021-07-27T17:58:01Z
135283,Gurisan,und,"","",http://www.catalogueoflife.org/annual-checklist/details/species/id/10066658/common/54821,Bikol,Victor HOYEAU,2021-07-27T17:58:01Z
132409,Gurisan,und,"","",http://www.catalogueoflife.org/annual-checklist/details/species/id/10066660/common/54720,Bikol,,2021-07-27T17:58:02Z
121193,Gurisan,und,"","",http://www.catalogueoflife.org/annual-checklist/details/species/id/10066662/common/54586,Bikol,,2021-07-27T17:58:02Z
121194,Gurisan,und,"","",http://www.catalogueoflife.org/annual-checklist/details/species/id/10066663/common/54508,Bikol,,2021-07-27T17:58:02Z
145524,Gurisan,und,"","",http://www.catalogueoflife.org/annual-checklist/details/species/id/10066650/common/55100,Bikol,,2021-07-27T17:58:02Z
121704,Gurisan,und,"","",http://www.catalogueoflife.org/annual-checklist/details/species/id/10066667/common/54348,Bikol,,2021-07-27T17:58:03Z
132367,Gurisan,und,"","",http://www.catalogueoflife.org/annual-checklist/details/species/id/10066652/common/55062,Bikol,,2021-07-27T17:58:03Z
63597,Hipus,und,"","",http://www.catalogueoflife.org/annual-checklist/details/species/id/10076469/common/36332,Bikol,Wich’yanan (Jay) Limparungpatthanakij,2021-07-27T19:18:50Z
97307,Hipus,und,"","",http://www.catalogueoflife.org/annual-checklist/details/species/id/10076195/common/126072,Bikol,,2021-07-27T19:18:50Z
108076,Hipus,und,"","",http://www.catalogueoflife.org/annual-checklist/details/species/id/10076475/common/125473,Bikol,,2021-07-27T19:18:50Z
97308,Hipus,und,"","",http://www.catalogueoflife.org/annual-checklist/details/species/id/10076196/common/125957,Bikol,,2021-07-27T19:18:51Z
113980,Hipus,und,"","",http://www.catalogueoflife.org/annual-checklist/details/species/id/10076599/common/94178,Bikol,,2021-07-27T19:18:51Z
97311,Hipus,und,"","",http://www.catalogueoflife.org/annual-checklist/details/species/id/10076202/common/125812,Bikol,,2021-07-27T19:18:52Z
82355,Hipus,und,"","",http://www.catalogueoflife.org/annual-checklist/details/species/id/10076203/common/125669,Bikol,,2021-07-27T19:18:52Z
102045,Hipus,und,"","",http://www.catalogueoflife.org/annual-checklist/details/species/id/10076351/common/59282,Bikol,Wich’yanan (Jay) Limparungpatthanakij,2021-07-27T19:18:52Z
614152,Iliu,und,"","",http://www.catalogueoflife.org/annual-checklist/details/species/id/10055212/common/6896,Bikol,,2021-07-28T13:28:43Z
424818,Iliu,und,"","",http://www.catalogueoflife.org/annual-checklist/details/species/id/10066720/common/55483,Bikol,,2021-07-28T13:28:43Z
94416,Lidong,und,"","",http://www.catalogueoflife.org/annual-checklist/details/species/id/10070576/common/235050,Bikol,,2021-07-28T14:09:41Z
96940,Lidong,und,"","",http://www.catalogueoflife.org/annual-checklist/details/species/id/10070593/common/3752,Bikol,,2021-07-28T14:09:41Z
96940,Pulang daghan,und,"","",http://www.catalogueoflife.org/annual-checklist/details/species/id/10070593/common/3759,Bikol,,2021-07-28T14:09:58Z
94416,Pulang daghan,und,"","",http://www.catalogueoflife.org/annual-checklist/details/species/id/10070576/common/235040,Bikol,,2021-07-28T14:09:58Z
49639,Baraka,und,"","",,Bikol,Zane Roskoph,2021-07-29T00:15:02Z
49639,Banolog,und,"","",http://www.catalogueoflife.org/annual-checklist/details/species/id/10073047/common/60791,Bikol,,2021-07-29T00:15:55Z
100121,Kigting,und,"","",http://www.catalogueoflife.org/annual-checklist/details/species/id/10073084/common/44285,Bikol,,2021-07-29T00:16:13Z
109741,Kigting,und,"","",http://www.catalogueoflife.org/annual-checklist/details/species/id/10073360/common/201253,Bikol,,2021-07-29T00:16:13Z
49639,Kigting,und,"","",http://www.catalogueoflife.org/annual-checklist/details/species/id/10073047/common/60742,Bikol,,2021-07-29T00:16:14Z
56559,Kigting,und,"","",http://www.catalogueoflife.org/annual-checklist/details/species/id/10073124/common/42557,Bikol,,2021-07-29T00:16:14Z
94231,Kigting,und,"","",http://www.catalogueoflife.org/annual-checklist/details/species/id/10073015/common/229562,Bikol,Wich’yanan (Jay) Limparungpatthanakij,2021-07-29T00:16:15Z
54941,Inid,und,"","",http://www.catalogueoflife.org/annual-checklist/details/species/id/10073041/common/61070,Bikol,,2021-07-29T00:16:15Z
100124,Kigting,und,"","",http://www.catalogueoflife.org/annual-checklist/details/species/id/10073089/common/44080,Bikol,,2021-07-29T00:16:15Z
114929,Inid,und,"","",http://www.catalogueoflife.org/annual-checklist/details/species/id/10073504/common/202643,Bikol,,2021-07-29T00:16:15Z
109743,Kigting,und,"","",http://www.catalogueoflife.org/annual-checklist/details/species/id/10073362/common/201097,Bikol,,2021-07-29T00:16:16Z
100099,Inid,und,"","",http://www.catalogueoflife.org/annual-checklist/details/species/id/10073121/common/42828,Bikol,,2021-07-29T00:16:16Z
97004,Kigting,und,"","",http://www.catalogueoflife.org/annual-checklist/details/species/id/10073054/common/60516,Bikol,,2021-07-29T00:16:16Z
100145,Inid,und,"","",http://www.catalogueoflife.org/annual-checklist/details/species/id/10073168/common/40827,Bikol,,2021-07-29T00:16:16Z
100127,Kigting,und,"","",http://www.catalogueoflife.org/annual-checklist/details/species/id/10073147/common/41600,Bikol,,2021-07-29T00:16:16Z
96990,Kigting,und,"","",http://www.catalogueoflife.org/annual-checklist/details/species/id/10073038/common/61276,Bikol,,2021-07-29T00:16:17Z
100088,Kigting,und,"","",http://www.catalogueoflife.org/annual-checklist/details/species/id/10073110/common/43337,Bikol,,2021-07-29T00:16:17Z
109744,Kigting,und,"","",http://www.catalogueoflife.org/annual-checklist/details/species/id/10073363/common/200980,Bikol,,2021-07-29T00:16:17Z
97007,Kigting,und,"","",http://www.catalogueoflife.org/annual-checklist/details/species/id/10073057/common/60318,Bikol,,2021-07-29T00:16:18Z
100130,Kigting,und,"","",http://www.catalogueoflife.org/annual-checklist/details/species/id/10073150/common/41471,Bikol,,2021-07-29T00:16:18Z
96992,Kigting,und,"","",http://www.catalogueoflife.org/annual-checklist/details/species/id/10073040/common/61129,Bikol,,2021-07-29T00:16:18Z
100089,Kigting,und,"","",http://www.catalogueoflife.org/annual-checklist/details/species/id/10073111/common/43240,Bikol,Wich’yanan (Jay) Limparungpatthanakij,2021-07-29T00:16:19Z
109745,Kigting,und,"","",http://www.catalogueoflife.org/annual-checklist/details/species/id/10073364/common/200872,Bikol,,2021-07-29T00:16:19Z
100080,Inid,und,"","",http://www.catalogueoflife.org/annual-checklist/details/species/id/10073101/common/43649,Bikol,,2021-07-29T00:16:19Z
100127,Inid,und,"","",http://www.catalogueoflife.org/annual-checklist/details/species/id/10073147/common/41607,Bikol,,2021-07-29T00:16:20Z
100134,Kigting,und,"","",http://www.catalogueoflife.org/annual-checklist/details/species/id/10073154/common/41245,Bikol,,2021-07-29T00:16:20Z
54941,Kigting,und,"","",http://www.catalogueoflife.org/annual-checklist/details/species/id/10073041/common/61063,Bikol,,2021-07-29T00:16:20Z
56559,Inid,und,"","",http://www.catalogueoflife.org/annual-checklist/details/species/id/10073124/common/42565,Bikol,,2021-07-29T00:16:20Z
100090,Kigting,und,"","",http://www.catalogueoflife.org/annual-checklist/details/species/id/10073112/common/43144,Bikol,,2021-07-29T00:16:21Z
96996,Inid,und,"","",http://www.catalogueoflife.org/annual-checklist/details/species/id/10073045/common/60917,Bikol,,2021-07-29T00:16:21Z
142212,Kigting,und,"","",http://www.catalogueoflife.org/annual-checklist/details/species/id/10073082/common/201760,Bikol,Wich’yanan (Jay) Limparungpatthanakij,2021-07-29T00:16:21Z
114930,Inid,und,"","",http://www.catalogueoflife.org/annual-checklist/details/species/id/10073505/common/202561,Bikol,Donald Davesne,2021-07-29T00:16:21Z
114929,Kigting,und,"","",http://www.catalogueoflife.org/annual-checklist/details/species/id/10073504/common/202634,Bikol,,2021-07-29T00:16:21Z
109741,Inid,und,"","",http://www.catalogueoflife.org/annual-checklist/details/species/id/10073360/common/201263,Bikol,,2021-07-29T00:16:22Z
100145,Kigting,und,"","",http://www.catalogueoflife.org/annual-checklist/details/species/id/10073168/common/40823,Bikol,,2021-07-29T00:16:22Z
52556,Inid,und,"","",http://www.catalogueoflife.org/annual-checklist/details/species/id/10073107/common/43463,Bikol,,2021-07-29T00:16:22Z
96997,Kigting,und,"","",http://www.catalogueoflife.org/annual-checklist/details/species/id/10073046/common/60850,Bikol,,2021-07-29T00:16:22Z
100130,Inid,und,"","",http://www.catalogueoflife.org/annual-checklist/details/species/id/10073150/common/41481,Bikol,,2021-07-29T00:16:22Z
100099,Kigting,und,"","",http://www.catalogueoflife.org/annual-checklist/details/species/id/10073121/common/42812,Bikol,,2021-07-29T00:16:22Z
142212,Inid,und,"","",http://www.catalogueoflife.org/annual-checklist/details/species/id/10073082/common/201765,Bikol,Wich’yanan (Jay) Limparungpatthanakij,2021-07-29T00:16:22Z
100106,Inid,und,"","",http://www.catalogueoflife.org/annual-checklist/details/species/id/10073129/common/42404,Bikol,,2021-07-29T00:16:23Z
96997,Inid,und,"","",http://www.catalogueoflife.org/annual-checklist/details/species/id/10073046/common/60858,Bikol,,2021-07-29T00:16:23Z
94231,Inid,und,"","",http://www.catalogueoflife.org/annual-checklist/details/species/id/10073015/common/229575,Bikol,Wich’yanan (Jay) Limparungpatthanakij,2021-07-29T00:16:23Z
109743,Inid,und,"","",http://www.catalogueoflife.org/annual-checklist/details/species/id/10073362/common/201106,Bikol,,2021-07-29T00:16:24Z
100088,Inid,und,"","",http://www.catalogueoflife.org/annual-checklist/details/species/id/10073110/common/43327,Bikol,,2021-07-29T00:16:24Z
100132,Inid,und,"","",http://www.catalogueoflife.org/annual-checklist/details/species/id/10073152/common/41295,Bikol,Victor HOYEAU,2021-07-29T00:16:24Z
100121,Inid,und,"","",http://www.catalogueoflife.org/annual-checklist/details/species/id/10073084/common/44299,Bikol,,2021-07-29T00:16:25Z
100118,Inid,und,"","",http://www.catalogueoflife.org/annual-checklist/details/species/id/10073142/common/41876,Bikol,Victor HOYEAU,2021-07-29T00:16:25Z
49639,Inid,und,"","",http://www.catalogueoflife.org/annual-checklist/details/species/id/10073047/common/60759,Bikol,,2021-07-29T00:16:26Z
96990,Inid,und,"","",http://www.catalogueoflife.org/annual-checklist/details/species/id/10073038/common/61290,Bikol,,2021-07-29T00:16:26Z
109744,Inid,und,"","",http://www.catalogueoflife.org/annual-checklist/details/species/id/10073363/common/200997,Bikol,,2021-07-29T00:16:26Z
100089,Inid,und,"","",http://www.catalogueoflife.org/annual-checklist/details/species/id/10073111/common/43257,Bikol,Wich’yanan (Jay) Limparungpatthanakij,2021-07-29T00:16:27Z
100134,Inid,und,"","",http://www.catalogueoflife.org/annual-checklist/details/species/id/10073154/common/41252,Bikol,,2021-07-29T00:16:27Z
100124,Inid,und,"","",http://www.catalogueoflife.org/annual-checklist/details/species/id/10073089/common/44088,Bikol,,2021-07-29T00:16:27Z
100120,Inid,und,"","",http://www.catalogueoflife.org/annual-checklist/details/species/id/10073144/common/41780,Bikol,,2021-07-29T00:16:28Z
97004,Inid,und,"","",http://www.catalogueoflife.org/annual-checklist/details/species/id/10073054/common/60527,Bikol,,2021-07-29T00:16:28Z
96992,Inid,und,"","",http://www.catalogueoflife.org/annual-checklist/details/species/id/10073040/common/61135,Bikol,,2021-07-29T00:16:28Z
109745,Inid,und,"","",http://www.catalogueoflife.org/annual-checklist/details/species/id/10073364/common/200882,Bikol,,2021-07-29T00:16:29Z
100090,Inid,und,"","",http://www.catalogueoflife.org/annual-checklist/details/species/id/10073112/common/43152,Bikol,,2021-07-29T00:16:29Z
100140,Inid,und,"","",http://www.catalogueoflife.org/annual-checklist/details/species/id/10073161/common/41084,Bikol,,2021-07-29T00:16:29Z
100077,Inid,und,"","",http://www.catalogueoflife.org/annual-checklist/details/species/id/10073098/common/43782,Bikol,,2021-07-29T00:16:30Z
100125,Inid,und,"","",http://www.catalogueoflife.org/annual-checklist/details/species/id/10073145/common/41663,Bikol,,2021-07-29T00:16:30Z
97007,Inid,und,"","",http://www.catalogueoflife.org/annual-checklist/details/species/id/10073057/common/60327,Bikol,,2021-07-29T00:16:31Z
318322,Batataway,und,"","",http://www.catalogueoflife.org/annual-checklist/details/species/id/10073530/common/100357,Bikol,,2021-07-30T16:00:54Z
123228,Batataway,und,"","",http://www.catalogueoflife.org/annual-checklist/details/species/id/10073514/common/101095,Bikol,,2021-07-30T16:00:55Z
180395,Batataway,und,"","",http://www.catalogueoflife.org/annual-checklist/details/species/id/10073533/common/100246,Bikol,Donald Davesne,2021-07-30T16:00:55Z
135218,Batataway,und,"","",http://www.catalogueoflife.org/annual-checklist/details/species/id/10073521/common/100851,Bikol,Victor HOYEAU,2021-07-30T16:00:55Z
84095,Batataway,und,"","",http://www.catalogueoflife.org/annual-checklist/details/species/id/10073508/common/101592,Bikol,Victor HOYEAU,2021-07-30T16:00:56Z
318323,Batataway,und,"","",http://www.catalogueoflife.org/annual-checklist/details/species/id/10073534/common/100157,Bikol,Victor HOYEAU,2021-07-30T16:00:56Z
424291,Batataway,und,"","",http://www.catalogueoflife.org/annual-checklist/details/species/id/10073522/common/100780,Bikol,,2021-07-30T16:00:56Z
180397,Batataway,und,"","",http://www.catalogueoflife.org/annual-checklist/details/species/id/10073510/common/101313,Bikol,Victor HOYEAU,2021-07-30T16:00:57Z
180399,Batataway,und,"","",http://www.catalogueoflife.org/annual-checklist/details/species/id/10073523/common/100725,Bikol,,2021-07-30T16:00:57Z
132412,Batataway,und,"","",http://www.catalogueoflife.org/annual-checklist/details/species/id/10073512/common/101257,Bikol,Donald Davesne,2021-07-30T16:00:58Z
132413,Batataway,und,"","",http://www.catalogueoflife.org/annual-checklist/details/species/id/10073526/common/100548,Bikol,,2021-07-30T16:00:58Z
180402,Batataway,und,"","",http://www.catalogueoflife.org/annual-checklist/details/species/id/10073513/common/101183,Bikol,,2021-07-30T16:00:59Z
180399,Batwayi,und,"","",http://www.catalogueoflife.org/annual-checklist/details/species/id/10073523/common/100724,Bikol,,2021-07-30T16:01:13Z
132412,Batwayi,und,"","",http://www.catalogueoflife.org/annual-checklist/details/species/id/10073512/common/101256,Bikol,Donald Davesne,2021-07-30T16:01:14Z
132413,Batwayi,und,"","",http://www.catalogueoflife.org/annual-checklist/details/species/id/10073526/common/100545,Bikol,,2021-07-30T16:01:14Z
180402,Batwayi,und,"","",http://www.catalogueoflife.org/annual-checklist/details/species/id/10073513/common/101182,Bikol,,2021-07-30T16:01:15Z
318322,Batwayi,und,"","",http://www.catalogueoflife.org/annual-checklist/details/species/id/10073530/common/100356,Bikol,,2021-07-30T16:01:15Z
123228,Batwayi,und,"","",http://www.catalogueoflife.org/annual-checklist/details/species/id/10073514/common/101092,Bikol,,2021-07-30T16:01:16Z
180395,Batwayi,und,"","",http://www.catalogueoflife.org/annual-checklist/details/species/id/10073533/common/100243,Bikol,Donald Davesne,2021-07-30T16:01:16Z
135218,Batwayi,und,"","",http://www.catalogueoflife.org/annual-checklist/details/species/id/10073521/common/100850,Bikol,Victor HOYEAU,2021-07-30T16:01:16Z
84095,Batwayi,und,"","",http://www.catalogueoflife.org/annual-checklist/details/species/id/10073508/common/101590,Bikol,Victor HOYEAU,2021-07-30T16:01:16Z
318323,Batwayi,und,"","",http://www.catalogueoflife.org/annual-checklist/details/species/id/10073534/common/100158,Bikol,Victor HOYEAU,2021-07-30T16:01:17Z
424291,Batwayi,und,"","",http://www.catalogueoflife.org/annual-checklist/details/species/id/10073522/common/100779,Bikol,,2021-07-30T16:01:17Z
180397,Batwayi,und,"","",http://www.catalogueoflife.org/annual-checklist/details/species/id/10073510/common/101310,Bikol,Victor HOYEAU,2021-07-30T16:01:17Z
132412,Kitong,und,"","",http://www.catalogueoflife.org/annual-checklist/details/species/id/10073512/common/101231,Bikol,Donald Davesne,2021-07-30T16:01:40Z
112173,Kitong,und,"","",http://www.catalogueoflife.org/annual-checklist/details/species/id/10073536/common/226242,Bikol,,2021-07-30T16:01:40Z
180399,Kitong,und,"","",http://www.catalogueoflife.org/annual-checklist/details/species/id/10073523/common/100681,Bikol,,2021-07-30T16:01:41Z
180402,Kitong,und,"","",http://www.catalogueoflife.org/annual-checklist/details/species/id/10073513/common/101148,Bikol,,2021-07-30T16:01:41Z
620276,Kitong,und,"","",http://www.catalogueoflife.org/annual-checklist/details/species/id/10073537/common/226170,Bikol,,2021-07-30T16:01:42Z
132413,Kitong,und,"","",http://www.catalogueoflife.org/annual-checklist/details/species/id/10073526/common/100513,Bikol,,2021-07-30T16:01:42Z
123228,Kitong,und,"","",http://www.catalogueoflife.org/annual-checklist/details/species/id/10073514/common/101055,Bikol,,2021-07-30T16:01:43Z
461216,Kitong,und,"","",http://www.catalogueoflife.org/annual-checklist/details/species/id/10075600/common/184352,Bikol,,2021-07-30T16:01:43Z
318322,Kitong,und,"","",http://www.catalogueoflife.org/annual-checklist/details/species/id/10073530/common/100346,Bikol,,2021-07-30T16:01:43Z
123227,Kitong,und,"","",http://www.catalogueoflife.org/annual-checklist/details/species/id/10073516/common/100953,Bikol,,2021-07-30T16:01:44Z
84095,Kitong,und,"","",http://www.catalogueoflife.org/annual-checklist/details/species/id/10073508/common/101553,Bikol,Victor HOYEAU,2021-07-30T16:01:44Z
132412,Moblad,und,"","",http://www.catalogueoflife.org/annual-checklist/details/species/id/10073512/common/101225,Bikol,Donald Davesne,2021-07-30T16:01:44Z
180395,Kitong,und,"","",http://www.catalogueoflife.org/annual-checklist/details/species/id/10073533/common/100204,Bikol,Donald Davesne,2021-07-30T16:01:44Z
135218,Kitong,und,"","",http://www.catalogueoflife.org/annual-checklist/details/species/id/10073521/common/100821,Bikol,Victor HOYEAU,2021-07-30T16:01:44Z
132413,Moblad,und,"","",http://www.catalogueoflife.org/annual-checklist/details/species/id/10073526/common/100504,Bikol,,2021-07-30T16:01:45Z
180397,Kitong,und,"","",http://www.catalogueoflife.org/annual-checklist/details/species/id/10073510/common/101356,Bikol,Victor HOYEAU,2021-07-30T16:01:45Z
180399,Dangit,und,"","",http://www.catalogueoflife.org/annual-checklist/details/species/id/10073523/common/100702,Bikol,,2021-07-30T16:01:45Z
180402,Moblad,und,"","",http://www.catalogueoflife.org/annual-checklist/details/species/id/10073513/common/101140,Bikol,,2021-07-30T16:01:45Z
318322,Moblad,und,"","",http://www.catalogueoflife.org/annual-checklist/details/species/id/10073530/common/100343,Bikol,,2021-07-30T16:01:45Z
83879,Dangit,und,"","",http://www.catalogueoflife.org/annual-checklist/details/species/id/10066689/common/8547,Bikol,,2021-07-30T16:01:45Z
123228,Moblad,und,"","",http://www.catalogueoflife.org/annual-checklist/details/species/id/10073514/common/101042,Bikol,,2021-07-30T16:01:45Z
318323,Kitong,und,"","",http://www.catalogueoflife.org/annual-checklist/details/species/id/10073534/common/100127,Bikol,Victor HOYEAU,2021-07-30T16:01:45Z
132412,Dangit,und,"","",http://www.catalogueoflife.org/annual-checklist/details/species/id/10073512/common/101247,Bikol,Donald Davesne,2021-07-30T16:01:45Z
180395,Moblad,und,"","",http://www.catalogueoflife.org/annual-checklist/details/species/id/10073533/common/100195,Bikol,Donald Davesne,2021-07-30T16:01:46Z
424291,Kitong,und,"","",http://www.catalogueoflife.org/annual-checklist/details/species/id/10073522/common/100760,Bikol,,2021-07-30T16:01:46Z
318323,Dangit,und,"","",http://www.catalogueoflife.org/annual-checklist/details/species/id/10073534/common/100143,Bikol,Victor HOYEAU,2021-07-30T16:01:46Z
187733,Dangit,und,"","",http://www.catalogueoflife.org/annual-checklist/details/species/id/10066699/common/8111,Bikol,,2021-07-30T16:01:46Z
135218,Moblad,und,"","",http://www.catalogueoflife.org/annual-checklist/details/species/id/10073521/common/100808,Bikol,Victor HOYEAU,2021-07-30T16:01:46Z
112568,Dangit,und,"","",http://www.catalogueoflife.org/annual-checklist/details/species/id/10073525/common/100608,Bikol,Victor HOYEAU,2021-07-30T16:01:46Z
84095,Moblad,und,"","",http://www.catalogueoflife.org/annual-checklist/details/species/id/10073508/common/101540,Bikol,Victor HOYEAU,2021-07-30T16:01:46Z
318323,Moblad,und,"","",http://www.catalogueoflife.org/annual-checklist/details/species/id/10073534/common/100120,Bikol,Victor HOYEAU,2021-07-30T16:01:47Z
187729,Dangit,und,"","",http://www.catalogueoflife.org/annual-checklist/details/species/id/10066693/common/8427,Bikol,,2021-07-30T16:01:47Z
180402,Dangit,und,"","",http://www.catalogueoflife.org/annual-checklist/details/species/id/10073513/common/101170,Bikol,,2021-07-30T16:01:47Z
424291,Moblad,und,"","",http://www.catalogueoflife.org/annual-checklist/details/species/id/10073522/common/100753,Bikol,,2021-07-30T16:01:47Z
180397,Moblad,und,"","",http://www.catalogueoflife.org/annual-checklist/details/species/id/10073510/common/101347,Bikol,Victor HOYEAU,2021-07-30T16:01:47Z
142704,Dangit,und,"","",http://www.catalogueoflife.org/annual-checklist/details/species/id/10075955/common/138975,Bikol,,2021-07-30T16:01:47Z
121658,Dangit,und,"","",http://www.catalogueoflife.org/annual-checklist/details/species/id/10066705/common/7954,Bikol,,2021-07-30T16:01:48Z
132413,Dangit,und,"","",http://www.catalogueoflife.org/annual-checklist/details/species/id/10073526/common/100527,Bikol,,2021-07-30T16:01:48Z
180399,Moblad,und,"","",http://www.catalogueoflife.org/annual-checklist/details/species/id/10073523/common/100671,Bikol,,2021-07-30T16:01:48Z
121458,Dangit,und,"","",http://www.catalogueoflife.org/annual-checklist/details/species/id/10066694/common/8403,Bikol,,2021-07-30T16:01:49Z
123228,Dangit,und,"","",http://www.catalogueoflife.org/annual-checklist/details/species/id/10073514/common/101072,Bikol,,2021-07-30T16:01:49Z
84095,Dangit,und,"","",http://www.catalogueoflife.org/annual-checklist/details/species/id/10073508/common/101575,Bikol,Victor HOYEAU,2021-07-30T16:01:49Z
318322,Dangit,und,"","",http://www.catalogueoflife.org/annual-checklist/details/species/id/10073530/common/100351,Bikol,,2021-07-30T16:01:50Z
52451,Dangit,und,"","",http://www.catalogueoflife.org/annual-checklist/details/species/id/10066695/common/8294,Bikol,,2021-07-30T16:01:50Z
135218,Dangit,und,"","",http://www.catalogueoflife.org/annual-checklist/details/species/id/10073521/common/100835,Bikol,Victor HOYEAU,2021-07-30T16:01:51Z
132407,Dangit,und,"","",http://www.catalogueoflife.org/annual-checklist/details/species/id/10066687/common/8701,Bikol,,2021-07-30T16:01:52Z
123229,Dangit,und,"","",http://www.catalogueoflife.org/annual-checklist/details/species/id/10073509/common/101449,Bikol,,2021-07-30T16:01:52Z
188399,Dangit,und,"","",http://www.catalogueoflife.org/annual-checklist/details/species/id/10073532/common/100306,Bikol,Victor HOYEAU,2021-07-30T16:01:52Z
187730,Dangit,und,"","",http://www.catalogueoflife.org/annual-checklist/details/species/id/10066696/common/8159,Bikol,,2021-07-30T16:01:53Z
424291,Dangit,und,"","",http://www.catalogueoflife.org/annual-checklist/details/species/id/10073522/common/100770,Bikol,,2021-07-30T16:01:53Z
153281,Dangit,und,"","",http://www.catalogueoflife.org/annual-checklist/details/species/id/10066688/common/8620,Bikol,,2021-07-30T16:01:53Z
180397,Dangit,und,"","",http://www.catalogueoflife.org/annual-checklist/details/species/id/10073510/common/101372,Bikol,Victor HOYEAU,2021-07-30T16:01:54Z
180395,Dangit,und,"","",http://www.catalogueoflife.org/annual-checklist/details/species/id/10073533/common/100223,Bikol,Donald Davesne,2021-07-30T16:01:54Z
132412,Taragbago,und,"","",http://www.catalogueoflife.org/annual-checklist/details/species/id/10073512/common/101209,Bikol,Donald Davesne,2021-07-30T16:01:54Z
187731,Dangit,und,"","",http://www.catalogueoflife.org/annual-checklist/details/species/id/10066697/common/8144,Bikol,,2021-07-30T16:01:54Z
132413,Taragbago,und,"","",http://www.catalogueoflife.org/annual-checklist/details/species/id/10073526/common/100476,Bikol,,2021-07-30T16:01:55Z
180402,Taragbago,und,"","",http://www.catalogueoflife.org/annual-checklist/details/species/id/10073513/common/101117,Bikol,,2021-07-30T16:01:55Z
318322,Taragbago,und,"","",http://www.catalogueoflife.org/annual-checklist/details/species/id/10073530/common/100337,Bikol,,2021-07-30T16:01:55Z
123228,Taragbago,und,"","",http://www.catalogueoflife.org/annual-checklist/details/species/id/10073514/common/101018,Bikol,,2021-07-30T16:01:56Z
180395,Taragbago,und,"","",http://www.catalogueoflife.org/annual-checklist/details/species/id/10073533/common/100177,Bikol,Donald Davesne,2021-07-30T16:01:56Z
135218,Taragbago,und,"","",http://www.catalogueoflife.org/annual-checklist/details/species/id/10073521/common/100797,Bikol,Victor HOYEAU,2021-07-30T16:01:56Z
84095,Taragbago,und,"","",http://www.catalogueoflife.org/annual-checklist/details/species/id/10073508/common/101502,Bikol,Victor HOYEAU,2021-07-30T16:01:57Z
318323,Taragbago,und,"","",http://www.catalogueoflife.org/annual-checklist/details/species/id/10073534/common/100108,Bikol,Victor HOYEAU,2021-07-30T16:01:57Z
424291,Taragbago,und,"","",http://www.catalogueoflife.org/annual-checklist/details/species/id/10073522/common/100742,Bikol,,2021-07-30T16:01:58Z
318323,Toros,und,"","",,Bikol,Zane Roskoph,2021-07-30T16:01:58Z
180397,Taragbago,und,"","",http://www.catalogueoflife.org/annual-checklist/details/species/id/10073510/common/101324,Bikol,Victor HOYEAU,2021-07-30T16:01:58Z
180399,Taragbago,und,"","",http://www.catalogueoflife.org/annual-checklist/details/species/id/10073523/common/100650,Bikol,,2021-07-30T16:01:58Z
132412,Turos,und,"","",http://www.catalogueoflife.org/annual-checklist/details/species/id/10073512/common/101205,Bikol,Donald Davesne,2021-07-30T16:02:25Z
132413,Turos,und,"","",http://www.catalogueoflife.org/annual-checklist/details/species/id/10073526/common/100472,Bikol,,2021-07-30T16:02:26Z
180402,Turos,und,"","",http://www.catalogueoflife.org/annual-checklist/details/species/id/10073513/common/101112,Bikol,,2021-07-30T16:02:26Z
318322,Turos,und,"","",http://www.catalogueoflife.org/annual-checklist/details/species/id/10073530/common/100334,Bikol,,2021-07-30T16:02:26Z
123228,Turos,und,"","",http://www.catalogueoflife.org/annual-checklist/details/species/id/10073514/common/101015,Bikol,,2021-07-30T16:02:27Z
180395,Turos,und,"","",http://www.catalogueoflife.org/annual-checklist/details/species/id/10073533/common/100174,Bikol,Donald Davesne,2021-07-30T16:02:27Z
135218,Turos,und,"","",http://www.catalogueoflife.org/annual-checklist/details/species/id/10073521/common/100794,Bikol,Victor HOYEAU,2021-07-30T16:02:27Z
84095,Turos,und,"","",http://www.catalogueoflife.org/annual-checklist/details/species/id/10073508/common/101495,Bikol,Victor HOYEAU,2021-07-30T16:02:28Z
318323,Turos,und,"","",http://www.catalogueoflife.org/annual-checklist/details/species/id/10073534/common/100105,Bikol,Victor HOYEAU,2021-07-30T16:02:28Z
424291,Turos,und,"","",http://www.catalogueoflife.org/annual-checklist/details/species/id/10073522/common/100738,Bikol,,2021-07-30T16:02:29Z
180397,Turos,und,"","",http://www.catalogueoflife.org/annual-checklist/details/species/id/10073510/common/101321,Bikol,Victor HOYEAU,2021-07-30T16:02:29Z
180399,Turos,und,"","",http://www.catalogueoflife.org/annual-checklist/details/species/id/10073523/common/100646,Bikol,,2021-07-30T16:02:29Z
83884,Pugot,und,"","",,Bikol,Zane Roskoph,2021-07-30T19:14:27Z
52456,Baraka,und,"","",,Bikol,Zane Roskoph,2021-07-31T23:24:14Z
52456,Dugnitan,und,"","",,Bikol,Zane Roskoph,2021-07-31T23:25:49Z
132413,Kataway,und,"","",http://www.catalogueoflife.org/annual-checklist/details/species/id/10073526/common/100516,Bikol,,2021-08-03T11:46:37Z
84095,Kataway,und,"","",http://www.catalogueoflife.org/annual-checklist/details/species/id/10073508/common/101558,Bikol,Victor HOYEAU,2021-08-03T11:46:37Z
123229,Kataway,und,"","",http://www.catalogueoflife.org/annual-checklist/details/species/id/10073509/common/101440,Bikol,,2021-08-03T11:46:38Z
123227,Kataway,und,"","",http://www.catalogueoflife.org/annual-checklist/details/species/id/10073516/common/100961,Bikol,,2021-08-03T11:46:38Z
123227,Bataway,und,"","",http://www.catalogueoflife.org/annual-checklist/details/species/id/10073516/common/100986,Bikol,,2021-08-03T11:46:54Z
132413,Bataway,und,"","",http://www.catalogueoflife.org/annual-checklist/details/species/id/10073526/common/100547,Bikol,,2021-08-03T11:46:54Z
84095,Bataway,und,"","",http://www.catalogueoflife.org/annual-checklist/details/species/id/10073508/common/101591,Bikol,Victor HOYEAU,2021-08-03T11:46:54Z
180395,Bataway,und,"","",http://www.catalogueoflife.org/annual-checklist/details/species/id/10073533/common/100245,Bikol,Donald Davesne,2021-08-03T11:46:55Z
123229,Bataway,und,"","",http://www.catalogueoflife.org/annual-checklist/details/species/id/10073509/common/101473,Bikol,,2021-08-03T11:46:55Z
180397,Bataway,und,"","",http://www.catalogueoflife.org/annual-checklist/details/species/id/10073510/common/101312,Bikol,Victor HOYEAU,2021-08-03T11:46:55Z
123228,Bataway,und,"","",http://www.catalogueoflife.org/annual-checklist/details/species/id/10073514/common/101094,Bikol,,2021-08-03T11:46:55Z
52451,Anitan-surahan,und,"","",http://www.catalogueoflife.org/annual-checklist/details/species/id/10066695/common/8308,Bikol,,2021-08-03T16:02:28Z
187733,Kalditan,und,"","",http://www.catalogueoflife.org/annual-checklist/details/species/id/10066699/common/8107,Bikol,,2021-08-03T16:02:49Z
83879,Kalditan,und,"","",http://www.catalogueoflife.org/annual-checklist/details/species/id/10066689/common/8527,Bikol,,2021-08-03T16:02:49Z
121658,Kalditan,und,"","",http://www.catalogueoflife.org/annual-checklist/details/species/id/10066705/common/7928,Bikol,,2021-08-03T16:02:50Z
121458,Kalditan,und,"","",http://www.catalogueoflife.org/annual-checklist/details/species/id/10066694/common/8389,Bikol,,2021-08-03T16:02:51Z
106624,Kalditan,und,"","",http://www.catalogueoflife.org/annual-checklist/details/species/id/10066706/common/7808,Bikol,,2021-08-03T16:02:51Z
52451,Kalditan,und,"","",http://www.catalogueoflife.org/annual-checklist/details/species/id/10066695/common/8277,Bikol,,2021-08-03T16:02:51Z
187730,Kalditan,und,"","",http://www.catalogueoflife.org/annual-checklist/details/species/id/10066696/common/8151,Bikol,,2021-08-03T16:02:52Z
132407,Kalditan,und,"","",http://www.catalogueoflife.org/annual-checklist/details/species/id/10066687/common/8685,Bikol,,2021-08-03T16:02:52Z
187731,Kalditan,und,"","",http://www.catalogueoflife.org/annual-checklist/details/species/id/10066697/common/8140,Bikol,,2021-08-03T16:02:52Z
153281,Kalditan,und,"","",http://www.catalogueoflife.org/annual-checklist/details/species/id/10066688/common/8607,Bikol,,2021-08-03T16:02:52Z
121658,Pulang ikog,und,"","",http://www.catalogueoflife.org/annual-checklist/details/species/id/10066705/common/7893,Bikol,,2021-08-03T16:03:06Z
121458,Pulang ikog,und,"","",http://www.catalogueoflife.org/annual-checklist/details/species/id/10066694/common/8368,Bikol,,2021-08-03T16:03:06Z
106624,Pulang ikog,und,"","",http://www.catalogueoflife.org/annual-checklist/details/species/id/10066706/common/7788,Bikol,,2021-08-03T16:03:06Z
52451,Pulang ikog,und,"","",http://www.catalogueoflife.org/annual-checklist/details/species/id/10066695/common/8244,Bikol,,2021-08-03T16:03:07Z
187730,Pulang ikog,und,"","",http://www.catalogueoflife.org/annual-checklist/details/species/id/10066696/common/8190,Bikol,,2021-08-03T16:03:07Z
132407,Pulang ikog,und,"","",http://www.catalogueoflife.org/annual-checklist/details/species/id/10066687/common/8668,Bikol,,2021-08-03T16:03:07Z
187731,Pulang ikog,und,"","",http://www.catalogueoflife.org/annual-checklist/details/species/id/10066697/common/8131,Bikol,,2021-08-03T16:03:08Z
153281,Pulang ikog,und,"","",http://www.catalogueoflife.org/annual-checklist/details/species/id/10066688/common/8594,Bikol,,2021-08-03T16:03:08Z
187733,Pulang ikog,und,"","",http://www.catalogueoflife.org/annual-checklist/details/species/id/10066699/common/8099,Bikol,,2021-08-03T16:03:08Z
83879,Pulang ikog,und,"","",http://www.catalogueoflife.org/annual-checklist/details/species/id/10066689/common/8508,Bikol,,2021-08-03T16:03:09Z
187731,Salinkupau,und,"","",http://www.catalogueoflife.org/annual-checklist/details/species/id/10066697/common/8130,Bikol,,2021-08-03T16:03:14Z
153281,Salinkupau,und,"","",http://www.catalogueoflife.org/annual-checklist/details/species/id/10066688/common/8590,Bikol,,2021-08-03T16:03:14Z
187733,Salinkupau,und,"","",http://www.catalogueoflife.org/annual-checklist/details/species/id/10066699/common/8098,Bikol,,2021-08-03T16:03:15Z
83879,Salinkupau,und,"","",http://www.catalogueoflife.org/annual-checklist/details/species/id/10066689/common/8506,Bikol,,2021-08-03T16:03:15Z
121658,Salinkupau,und,"","",http://www.catalogueoflife.org/annual-checklist/details/species/id/10066705/common/7890,Bikol,,2021-08-03T16:03:15Z
121458,Salinkupau,und,"","",http://www.catalogueoflife.org/annual-checklist/details/species/id/10066694/common/8366,Bikol,,2021-08-03T16:03:16Z
106624,Salinkupau,und,"","",http://www.catalogueoflife.org/annual-checklist/details/species/id/10066706/common/7786,Bikol,,2021-08-03T16:03:16Z
52451,Salinkupau,und,"","",http://www.catalogueoflife.org/annual-checklist/details/species/id/10066695/common/8238,Bikol,,2021-08-03T16:03:17Z
187730,Salinkupau,und,"","",http://www.catalogueoflife.org/annual-checklist/details/species/id/10066696/common/8189,Bikol,,2021-08-03T16:03:17Z
132407,Salinkupau,und,"","",http://www.catalogueoflife.org/annual-checklist/details/species/id/10066687/common/8665,Bikol,,2021-08-03T16:03:17Z
121658,Silanis,und,"","",http://www.catalogueoflife.org/annual-checklist/details/species/id/10066705/common/7889,Bikol,,2021-08-03T16:03:22Z
121458,Silanis,und,"","",http://www.catalogueoflife.org/annual-checklist/details/species/id/10066694/common/8365,Bikol,,2021-08-03T16:03:22Z
106624,Silanis,und,"","",http://www.catalogueoflife.org/annual-checklist/details/species/id/10066706/common/7783,Bikol,,2021-08-03T16:03:22Z
52451,Silanis,und,"","",http://www.catalogueoflife.org/annual-checklist/details/species/id/10066695/common/8236,Bikol,,2021-08-03T16:03:23Z
187730,Silanis,und,"","",http://www.catalogueoflife.org/annual-checklist/details/species/id/10066696/common/8188,Bikol,,2021-08-03T16:03:24Z
132407,Silanis,und,"","",http://www.catalogueoflife.org/annual-checklist/details/species/id/10066687/common/8664,Bikol,,2021-08-03T16:03:24Z
187731,Silanis,und,"","",http://www.catalogueoflife.org/annual-checklist/details/species/id/10066697/common/8129,Bikol,,2021-08-03T16:03:24Z
153281,Silanis,und,"","",http://www.catalogueoflife.org/annual-checklist/details/species/id/10066688/common/8589,Bikol,,2021-08-03T16:03:24Z
187733,Silanis,und,"","",http://www.catalogueoflife.org/annual-checklist/details/species/id/10066699/common/8097,Bikol,,2021-08-03T16:03:25Z
83879,Silanis,und,"","",http://www.catalogueoflife.org/annual-checklist/details/species/id/10066689/common/8498,Bikol,,2021-08-03T16:03:28Z
187733,Uwakon,und,"","",http://www.catalogueoflife.org/annual-checklist/details/species/id/10066699/common/8091,Bikol,,2021-08-03T16:03:31Z
83879,Uwakon,und,"","",http://www.catalogueoflife.org/annual-checklist/details/species/id/10066689/common/8467,Bikol,,2021-08-03T16:03:31Z
121658,Uwakon,und,"","",http://www.catalogueoflife.org/annual-checklist/details/species/id/10066705/common/7859,Bikol,,2021-08-03T16:03:31Z
121458,Uwakon,und,"","",http://www.catalogueoflife.org/annual-checklist/details/species/id/10066694/common/8346,Bikol,,2021-08-03T16:03:32Z
106624,Uwakon,und,"","",http://www.catalogueoflife.org/annual-checklist/details/species/id/10066706/common/7761,Bikol,,2021-08-03T16:03:32Z
52451,Uwakon,und,"","",http://www.catalogueoflife.org/annual-checklist/details/species/id/10066695/common/8199,Bikol,,2021-08-03T16:03:32Z
187730,Uwakon,und,"","",http://www.catalogueoflife.org/annual-checklist/details/species/id/10066696/common/8177,Bikol,,2021-08-03T16:03:33Z
132407,Uwakon,und,"","",http://www.catalogueoflife.org/annual-checklist/details/species/id/10066687/common/8644,Bikol,,2021-08-03T16:03:33Z
187731,Uwakon,und,"","",http://www.catalogueoflife.org/annual-checklist/details/species/id/10066697/common/8125,Bikol,,2021-08-03T16:03:34Z
153281,Uwakon,und,"","",http://www.catalogueoflife.org/annual-checklist/details/species/id/10066688/common/8570,Bikol,,2021-08-03T16:03:34Z
488848,Barason,und,"","",http://www.catalogueoflife.org/annual-checklist/details/species/id/10053676/common/122428,Bikol,,2021-08-29T11:43:43Z
120979,Barason,und,"","",http://www.catalogueoflife.org/annual-checklist/details/species/id/10053681/common/122359,Bikol,,2021-08-29T11:43:43Z
54441,Barason,und,"","",http://www.catalogueoflife.org/annual-checklist/details/species/id/10053590/common/123261,Bikol,,2021-08-29T11:43:44Z
54441,Panangitan,und,"","",,Bikol,Zane Roskoph,2021-08-29T11:44:49Z
153280,Mamsa,und,"","",,Bikol,Zane Roskoph,2021-08-29T14:00:18Z
106222,Agwas,und,"","",,Bikol,Zane Roskoph,2021-09-01T16:47:07Z
106222,Balanak,und,"","",,Bikol,Zane Roskoph,2021-09-01T16:48:27Z
368557,Agingoy,und,"","",http://www.catalogueoflife.org/annual-checklist/2012/details/species/id/9741333,Bikol,,2021-09-12T21:59:41Z
122514,Agingoy,und,"","",http://www.catalogueoflife.org/annual-checklist/2012/details/species/id/9741333,Bikol,Donald Davesne,2021-09-12T21:59:41Z
123346,Agingoy,und,"","",http://www.catalogueoflife.org/annual-checklist/2012/details/species/id/9741333,Bikol,,2021-09-12T21:59:42Z
119432,Agingoy,und,"","",http://www.catalogueoflife.org/annual-checklist/2012/details/species/id/9741333,Bikol,,2021-09-12T21:59:42Z
180170,Agingoy,und,"","",http://www.catalogueoflife.org/annual-checklist/2012/details/species/id/9741333,Bikol,Victor HOYEAU,2021-09-12T21:59:43Z
122682,Agingoy,und,"","",http://www.catalogueoflife.org/annual-checklist/2012/details/species/id/9741333,Bikol,,2021-09-12T21:59:43Z
325734,Agingoy,und,"","",http://www.catalogueoflife.org/annual-checklist/2012/details/species/id/9741333,Bikol,,2021-09-12T21:59:44Z
131234,Agingoy,und,"","",http://www.catalogueoflife.org/annual-checklist/2012/details/species/id/9741333,Bikol,,2021-09-12T21:59:44Z
132375,Agingoy,und,"","",http://www.catalogueoflife.org/annual-checklist/2012/details/species/id/9741333,Bikol,,2021-09-12T21:59:45Z
530410,Agingoy,und,"","",http://www.catalogueoflife.org/annual-checklist/2012/details/species/id/9741333,Bikol,,2021-09-12T21:59:45Z
196838,Agingoy,und,"","",http://www.catalogueoflife.org/annual-checklist/2012/details/species/id/9741333,Bikol,Victor HOYEAU,2021-09-12T21:59:45Z
347936,Agingoy,und,"","",http://www.catalogueoflife.org/annual-checklist/2012/details/species/id/9741333,Bikol,,2021-09-12T21:59:46Z
519572,Agingoy,und,"","",http://www.catalogueoflife.org/annual-checklist/2012/details/species/id/9741333,Bikol,,2021-09-12T21:59:46Z
196838,Amarilis,und,"","",,Bikol,Zane Roskoph,2021-09-12T21:59:48Z
196838,Arikiik,und,"","",http://www.catalogueoflife.org/annual-checklist/2012/details/species/id/9741333,Bikol,Victor HOYEAU,2021-09-12T22:00:05Z
530410,Arikiik,und,"","",http://www.catalogueoflife.org/annual-checklist/2012/details/species/id/9741333,Bikol,,2021-09-12T22:00:05Z
325734,Arikiik,und,"","",http://www.catalogueoflife.org/annual-checklist/2012/details/species/id/9741333,Bikol,,2021-09-12T22:00:05Z
196838,Remoliete,und,"","",http://www.catalogueoflife.org/annual-checklist/2012/details/species/id/9741333,Bikol,Victor HOYEAU,2021-09-12T22:00:32Z
347936,Remoliete,und,"","",http://www.catalogueoflife.org/annual-checklist/2012/details/species/id/9741333,Bikol,,2021-09-12T22:00:32Z
519572,Remoliete,und,"","",http://www.catalogueoflife.org/annual-checklist/2012/details/species/id/9741333,Bikol,,2021-09-12T22:00:33Z
119432,Remoliete,und,"","",http://www.catalogueoflife.org/annual-checklist/2012/details/species/id/9741333,Bikol,,2021-09-12T22:00:33Z
122514,Remoliete,und,"","",http://www.catalogueoflife.org/annual-checklist/2012/details/species/id/9741333,Bikol,Donald Davesne,2021-09-12T22:00:34Z
123346,Remoliete,und,"","",http://www.catalogueoflife.org/annual-checklist/2012/details/species/id/9741333,Bikol,,2021-09-12T22:00:35Z
325734,Remoliete,und,"","",http://www.catalogueoflife.org/annual-checklist/2012/details/species/id/9741333,Bikol,,2021-09-12T22:00:36Z
180170,Remoliete,und,"","",http://www.catalogueoflife.org/annual-checklist/2012/details/species/id/9741333,Bikol,Victor HOYEAU,2021-09-12T22:00:37Z
122682,Remoliete,und,"","",http://www.catalogueoflife.org/annual-checklist/2012/details/species/id/9741333,Bikol,,2021-09-12T22:00:37Z
131234,Remoliete,und,"","",http://www.catalogueoflife.org/annual-checklist/2012/details/species/id/9741333,Bikol,,2021-09-12T22:00:37Z
132375,Remoliete,und,"","",http://www.catalogueoflife.org/annual-checklist/2012/details/species/id/9741333,Bikol,,2021-09-12T22:00:38Z
530410,Remoliete,und,"","",http://www.catalogueoflife.org/annual-checklist/2012/details/species/id/9741333,Bikol,,2021-09-12T22:00:38Z
196838,Timbungan,und,"","",,Bikol,Zane Roskoph,2021-09-12T22:01:01Z
196838,Gurayan,und,"","",,Bikol,Zane Roskoph,2021-09-12T22:02:07Z
196838,Manitis,und,"","",,Bikol,Zane Roskoph,2021-09-12T23:27:10Z
114122,Kiyawon,und,"","",http://www.catalogueoflife.org/annual-checklist/2012/details/species/id/9741333,Bikol,iSea,2021-09-18T20:04:06Z
114122,Iliwon,und,"","",http://www.catalogueoflife.org/annual-checklist/2012/details/species/id/9741333,Bikol,iSea,2021-09-18T20:04:15Z
47257,Tangigi,und,"","",,Bikol,Zane Roskoph,2021-09-19T23:17:15Z
112167,Bunog na angol,und,"","",http://www.catalogueoflife.org/annual-checklist/2012/details/species/id/9741333,Bikol,,2021-09-25T14:25:07Z
97638,Bunog na angol,und,"","",http://www.catalogueoflife.org/annual-checklist/2012/details/species/id/9741333,Bikol,,2021-09-25T14:25:07Z
52498,Bunog na angol,und,"","",http://www.catalogueoflife.org/annual-checklist/2012/details/species/id/9741333,Bikol,,2021-09-25T14:25:08Z
112138,Bunog na angol,und,"","",http://www.catalogueoflife.org/annual-checklist/2012/details/species/id/9741333,Bikol,,2021-09-25T14:25:08Z
49930,Bunog na angol,und,"","",http://www.catalogueoflife.org/annual-checklist/2012/details/species/id/9741333,Bikol,,2021-09-25T14:25:09Z
112160,Bunog na angol,und,"","",http://www.catalogueoflife.org/annual-checklist/2012/details/species/id/9741333,Bikol,,2021-09-25T14:25:09Z
96498,Bunog na angol,und,"","",http://www.catalogueoflife.org/annual-checklist/2012/details/species/id/9741333,Bikol,,2021-09-25T14:25:10Z
84175,Bunog na angol,und,"","",http://www.catalogueoflife.org/annual-checklist/2012/details/species/id/9741333,Bikol,Rich Hoyer,2021-09-25T14:25:10Z
97644,Bunog na angol,und,"","",http://www.catalogueoflife.org/annual-checklist/2012/details/species/id/9741333,Bikol,,2021-09-25T14:25:10Z
112161,Bunog na angol,und,"","",http://www.catalogueoflife.org/annual-checklist/2012/details/species/id/9741333,Bikol,,2021-09-25T14:25:11Z
96500,Bunog na angol,und,"","",http://www.catalogueoflife.org/annual-checklist/2012/details/species/id/9741333,Bikol,,2021-09-25T14:25:11Z
68029,Bunog na angol,und,"","",http://www.catalogueoflife.org/annual-checklist/2012/details/species/id/9741333,Bikol,,2021-09-25T14:25:11Z
68028,Bunog na angol,und,"","",http://www.catalogueoflife.org/annual-checklist/2012/details/species/id/9741333,Bikol,,2021-09-25T14:25:12Z
83297,Bunog na angol,und,"","",http://www.catalogueoflife.org/annual-checklist/2012/details/species/id/9741333,Bikol,,2021-09-25T14:25:12Z
97097,Bunog na angol,und,"","",http://www.catalogueoflife.org/annual-checklist/2012/details/species/id/9741333,Bikol,,2021-09-25T14:25:12Z
68025,Bunog na angol,und,"","",http://www.catalogueoflife.org/annual-checklist/2012/details/species/id/9741333,Bikol,Donald Davesne,2021-09-25T14:25:13Z
102861,Bunog na angol,und,"","",http://www.catalogueoflife.org/annual-checklist/2012/details/species/id/9741333,Bikol,,2021-09-25T14:25:13Z
112164,Bunog na angol,und,"","",http://www.catalogueoflife.org/annual-checklist/2012/details/species/id/9741333,Bikol,,2021-09-25T14:25:14Z
97637,Bunog na angol,und,"","",http://www.catalogueoflife.org/annual-checklist/2012/details/species/id/9741333,Bikol,,2021-09-25T14:25:14Z
112159,Bunog na angol,und,"","",http://www.catalogueoflife.org/annual-checklist/2012/details/species/id/9741333,Bikol,,2021-09-25T14:25:14Z
104344,Bunog na angol,und,"","",http://www.catalogueoflife.org/annual-checklist/2012/details/species/id/9741333,Bikol,,2021-09-25T14:25:15Z
112160,Angol,und,"","",,Bikol,Zane Roskoph,2021-09-25T14:26:02Z
112160,Asul,und,"","",,Bikol,Zane Roskoph,2021-09-25T14:26:19Z
112160,Bon-ak,und,"","",,Bikol,Zane Roskoph,2021-09-25T14:26:39Z
112160,Maming,und,"","",,Bikol,Zane Roskoph,2021-09-25T14:27:00Z
68025,Angol,und,"","",,Bikol,Zane Roskoph,2021-09-25T14:47:41Z
68025,Asul,und,"","",,Bikol,Zane Roskoph,2021-09-25T14:47:58Z
68025,Bon-ak,und,"","",,Bikol,Zane Roskoph,2021-09-25T14:48:18Z
68025,Maming,und,"","",,Bikol,Zane Roskoph,2021-09-25T14:48:33Z
97098,Maming,und,"","",,Bikol,Zane Roskoph,2021-09-25T15:32:03Z
97098,Bunog na angol,und,"","",,Bikol,Zane Roskoph,2021-09-25T15:32:25Z
97098,Bon-ak,und,"","",,Bikol,Zane Roskoph,2021-09-25T15:32:40Z
97098,Asul,und,"","",,Bikol,Zane Roskoph,2021-09-25T15:33:01Z
97098,Angol,und,"","",,Bikol,Zane Roskoph,2021-09-25T15:33:16Z
97004,Baraka,und,"","",,Bikol,Zane Roskoph,2021-10-09T16:00:48Z
108074,Hipos,und,"","",http://www.catalogueoflife.org/annual-checklist/2012/details/species/id/9741333,Bikol,,2021-10-16T13:37:29Z
108081,Hipos,und,"","",http://www.catalogueoflife.org/annual-checklist/2012/details/species/id/9741333,Bikol,,2021-10-16T13:37:30Z
47251,Manabang,und,"","",http://www.catalogueoflife.org/annual-checklist/2012/details/species/id/9741333,Bikol,Wich’yanan (Jay) Limparungpatthanakij,2021-10-17T19:56:34Z
47256,Manabang,und,"","",http://www.catalogueoflife.org/annual-checklist/2012/details/species/id/9741333,Bikol,Wich’yanan (Jay) Limparungpatthanakij,2021-10-17T19:56:34Z
47256,Bule-os,und,"","",http://www.catalogueoflife.org/annual-checklist/2012/details/species/id/9741333,Bikol,Wich’yanan (Jay) Limparungpatthanakij,2021-10-17T19:57:06Z
47259,Bule-os,und,"","",http://www.catalogueoflife.org/annual-checklist/2012/details/species/id/9741333,Bikol,Wich’yanan (Jay) Limparungpatthanakij,2021-10-17T19:57:06Z
47251,Bule-os,und,"","",http://www.catalogueoflife.org/annual-checklist/2012/details/species/id/9741333,Bikol,Wich’yanan (Jay) Limparungpatthanakij,2021-10-17T19:57:07Z
115167,Dugso,und,"","",http://www.catalogueoflife.org/annual-checklist/2012/details/species/id/9741333,Bikol,sea-kangaroo,2021-10-17T19:57:41Z
473495,Dugso,und,"","",http://www.catalogueoflife.org/annual-checklist/2012/details/species/id/9741333,Bikol,,2021-10-17T19:57:41Z
47256,Dugso,und,"","",http://www.catalogueoflife.org/annual-checklist/2012/details/species/id/9741333,Bikol,Wich’yanan (Jay) Limparungpatthanakij,2021-10-17T19:57:42Z
615739,Dugso,und,"","",http://www.catalogueoflife.org/annual-checklist/2012/details/species/id/9741333,Bikol,,2021-10-17T19:57:42Z
47251,Dugso,und,"","",http://www.catalogueoflife.org/annual-checklist/2012/details/species/id/9741333,Bikol,Wich’yanan (Jay) Limparungpatthanakij,2021-10-17T19:57:43Z
132393,Dugso,und,"","",http://www.catalogueoflife.org/annual-checklist/2012/details/species/id/9741333,Bikol,Victor HOYEAU,2021-10-17T19:57:43Z
201236,Dugso,und,"","",http://www.catalogueoflife.org/annual-checklist/2012/details/species/id/9741333,Bikol,,2021-10-17T19:57:44Z
474443,Dugso,und,"","",http://www.catalogueoflife.org/annual-checklist/2012/details/species/id/9741333,Bikol,,2021-10-17T19:57:44Z
132394,Dugso,und,"","",http://www.catalogueoflife.org/annual-checklist/2012/details/species/id/9741333,Bikol,,2021-10-17T19:57:45Z
132395,Dugso,und,"","",http://www.catalogueoflife.org/annual-checklist/2012/details/species/id/9741333,Bikol,,2021-10-17T19:57:45Z
47256,Teako,und,"","",http://www.catalogueoflife.org/annual-checklist/2012/details/species/id/9741333,Bikol,Wich’yanan (Jay) Limparungpatthanakij,2021-10-17T19:57:56Z
47251,Teako,und,"","",http://www.catalogueoflife.org/annual-checklist/2012/details/species/id/9741333,Bikol,Wich’yanan (Jay) Limparungpatthanakij,2021-10-17T19:57:57Z
47256,Titso,und,"","",http://www.catalogueoflife.org/annual-checklist/2012/details/species/id/9741333,Bikol,Wich’yanan (Jay) Limparungpatthanakij,2021-10-17T19:58:10Z
47259,Titso,und,"","",http://www.catalogueoflife.org/annual-checklist/2012/details/species/id/9741333,Bikol,Wich’yanan (Jay) Limparungpatthanakij,2021-10-17T19:58:12Z
47251,Titso,und,"","",http://www.catalogueoflife.org/annual-checklist/2012/details/species/id/9741333,Bikol,Wich’yanan (Jay) Limparungpatthanakij,2021-10-17T19:58:15Z
179870,Titso,und,"","",http://www.catalogueoflife.org/annual-checklist/2012/details/species/id/9741333,Bikol,,2021-10-17T19:58:16Z
1303450,Butanding,und,"","",http://www.catalogueoflife.org/annual-checklist/details/species/id/10065882/common/260105,Bikol,Wich’yanan (Jay) Limparungpatthanakij,2021-11-04T23:03:41Z
49269,Mosi,und,"","",,Bikol,Zane Roskoph,2021-11-07T23:27:58Z
125811,Tonong,und,"","",http://www.catalogueoflife.org/annual-checklist/2012/details/species/id/9741333,Bikol,,2021-12-04T15:00:41Z
183185,Tonong,und,"","",http://www.catalogueoflife.org/annual-checklist/2012/details/species/id/9741333,Bikol,,2021-12-04T15:00:41Z
471636,Tonong,und,"","",http://www.catalogueoflife.org/annual-checklist/2012/details/species/id/9741333,Bikol,Wich’yanan (Jay) Limparungpatthanakij,2021-12-04T15:00:41Z
201023,Tonong,und,"","",http://www.catalogueoflife.org/annual-checklist/2012/details/species/id/9741333,Bikol,Donald Davesne,2021-12-04T15:00:42Z
125811,Taragaw,und,"","",http://www.catalogueoflife.org/annual-checklist/2012/details/species/id/9741333,Bikol,,2021-12-04T15:01:02Z
201023,Taragaw,und,"","",http://www.catalogueoflife.org/annual-checklist/2012/details/species/id/9741333,Bikol,Donald Davesne,2021-12-04T15:01:02Z
199308,Taragaw,und,"","",http://www.catalogueoflife.org/annual-checklist/2012/details/species/id/9741333,Bikol,,2021-12-04T15:01:03Z
135220,Taragaw,und,"","",http://www.catalogueoflife.org/annual-checklist/2012/details/species/id/9741333,Bikol,,2021-12-04T15:01:03Z
201025,Taragaw,und,"","",http://www.catalogueoflife.org/annual-checklist/2012/details/species/id/9741333,Bikol,Wich’yanan (Jay) Limparungpatthanakij,2021-12-04T15:01:03Z
272554,Taragaw,und,"","",http://www.catalogueoflife.org/annual-checklist/2012/details/species/id/9741333,Bikol,,2021-12-04T15:01:03Z
132596,Taragaw,und,"","",http://www.catalogueoflife.org/annual-checklist/2012/details/species/id/9741333,Bikol,,2021-12-04T15:01:04Z
471636,Taragaw,und,"","",http://www.catalogueoflife.org/annual-checklist/2012/details/species/id/9741333,Bikol,Wich’yanan (Jay) Limparungpatthanakij,2021-12-04T15:01:04Z
319762,Taragaw,und,"","",http://www.catalogueoflife.org/annual-checklist/2012/details/species/id/9741333,Bikol,,2021-12-04T15:01:04Z
318928,Taragaw,und,"","",http://www.catalogueoflife.org/annual-checklist/2012/details/species/id/9741333,Bikol,,2021-12-04T15:01:05Z
132596,Ponong,und,"","",http://www.catalogueoflife.org/annual-checklist/2012/details/species/id/9741333,Bikol,,2021-12-04T15:01:05Z
359334,Ponong,und,"","",http://www.catalogueoflife.org/annual-checklist/2012/details/species/id/9741333,Bikol,,2021-12-04T15:01:05Z
471636,Ponong,und,"","",http://www.catalogueoflife.org/annual-checklist/2012/details/species/id/9741333,Bikol,Wich’yanan (Jay) Limparungpatthanakij,2021-12-04T15:01:06Z
618195,Ponong,und,"","",http://www.catalogueoflife.org/annual-checklist/2012/details/species/id/9741333,Bikol,,2021-12-04T15:01:06Z
93987,Atas,und,"","",,Bikol,Zane Roskoph,2021-12-04T16:21:46Z
93987,Puyo,und,"","",,Bikol,Zane Roskoph,2021-12-04T16:22:09Z
122514,Timbungan,und,"","",,Bikol,Zane Roskoph,2021-12-06T00:02:00Z
122514,Timhungan,und,"","",http://www.catalogueoflife.org/annual-checklist/2012/details/species/id/9741333,Bikol,Donald Davesne,2021-12-06T00:02:35Z
325734,Timhungan,und,"","",http://www.catalogueoflife.org/annual-checklist/2012/details/species/id/9741333,Bikol,,2021-12-06T00:02:36Z
180170,Timhungan,und,"","",http://www.catalogueoflife.org/annual-checklist/2012/details/species/id/9741333,Bikol,Victor HOYEAU,2021-12-06T00:02:36Z
123346,Timhungan,und,"","",http://www.catalogueoflife.org/annual-checklist/2012/details/species/id/9741333,Bikol,,2021-12-06T00:02:36Z
131234,Timhungan,und,"","",http://www.catalogueoflife.org/annual-checklist/2012/details/species/id/9741333,Bikol,,2021-12-06T00:02:37Z
122682,Timhungan,und,"","",http://www.catalogueoflife.org/annual-checklist/2012/details/species/id/9741333,Bikol,,2021-12-06T00:02:37Z
530410,Timhungan,und,"","",http://www.catalogueoflife.org/annual-checklist/2012/details/species/id/9741333,Bikol,,2021-12-06T00:02:37Z
132375,Timhungan,und,"","",http://www.catalogueoflife.org/annual-checklist/2012/details/species/id/9741333,Bikol,,2021-12-06T00:02:38Z
347936,Timhungan,und,"","",http://www.catalogueoflife.org/annual-checklist/2012/details/species/id/9741333,Bikol,,2021-12-06T00:02:38Z
519572,Timhungan,und,"","",http://www.catalogueoflife.org/annual-checklist/2012/details/species/id/9741333,Bikol,,2021-12-06T00:02:39Z
119432,Timhungan,und,"","",http://www.catalogueoflife.org/annual-checklist/2012/details/species/id/9741333,Bikol,,2021-12-06T00:02:39Z
121661,Tabarong,und,"","",,Bikol,Zane Roskoph,2021-12-28T15:17:36Z
1316661,Kugtung,und,"","",http://www.catalogueoflife.org/annual-checklist/details/species/id/10073064/common/276501,Bikol,,2022-03-08T00:39:04Z
1316661,Inid,und,"","",http://www.catalogueoflife.org/annual-checklist/details/species/id/10073064/common/276518,Bikol,,2022-03-08T00:39:09Z
1316661,Kigting,und,"","",http://www.catalogueoflife.org/annual-checklist/details/species/id/10073064/common/276506,Bikol,,2022-03-08T00:39:16Z
1561489,Maringyan,und,"","",http://www.catalogueoflife.org/annual-checklist/details/species/id/10076585/common/94435,Bikol,,2024-07-14T23:26:48Z
47447,Palo Maria,und,"Albay, PH","",,Bikol,"Aycardo, A. B.",2024-09-02T00:43:18Z
327712,Mani-mani,und,"Rapu-Rapu, PH, AL | Albay, PH","",,Bikol,"Aycardo, A. B.",2024-09-02T00:47:41Z
431025,Lubi-lubi,und,"Albay, PH","",,Bikol,"Aycardo, A. B.",2024-09-02T02:46:00Z
120694,Lapag,und,"","",,Bikol,Zane Roskoph,2024-12-27T00:47:29Z
47230,Lison,und,"","",,Bikol,Zane Roskoph,2024-12-28T14:24:04Z
