id,vernacularName,language,locality,countryCode,source,lexicon,contributor,created
109532,Mapamboe,und,"","",http://www.ubio.org/browser/details.php?namebankID=866902,Creole (English),Ken-ichi Ueda,2012-03-03T19:07:59Z
354712,Yanga yanga,und,"","",http://www.ubio.org/browser/details.php?namebankID=910170,Creole (English),Ken-ichi Ueda,2014-04-25T21:38:01Z
608806,Prapali,und,Suriname,SR,,Creole (English),Zane Roskoph,2021-07-20T13:46:19Z
1474118,Dos Cocrite,und,"","",https://www.inaturalist.org/taxon_names/2147810/edit,Creole (English),,2023-06-15T16:33:24Z
1474118,Dos Cocorite,und,"","",https://www.inaturalist.org/taxon_names/2147809/edit,Creole (English),,2023-06-15T16:33:24Z
1474118,Cutlah,und,"","",https://www.inaturalist.org/taxon_names/2147807/edit,Creole (English),,2023-06-15T16:33:24Z
63718,Ten-pounda,und,Dominica,DM,,Creole (English),Zane Roskoph,2024-12-24T03:47:47Z
