id,vernacularName,language,locality,countryCode,source,lexicon,contributor,created
39677,Agalo,und,"","",,Kwéyòl,anneliese merrigan,2020-07-26T06:49:21Z
59035,Agouman,und,"","",,Kwéyòl,anneliese merrigan,2020-07-26T06:51:45Z
49399,Akajou,und,"","",,Kwéyòl,anneliese merrigan,2020-07-26T06:54:13Z
158336,anjlen,und,"","",,Kwéyòl,anneliese merrigan,2020-07-26T06:58:51Z
160760,awali,und,"","",,Kwéyòl,anneliese merrigan,2020-07-26T07:03:19Z
62936,babadin,und,"","",,Kwéyòl,anneliese merrigan,2020-07-26T07:04:10Z
118620,babawen,und,"","",,Kwéyòl,anneliese merrigan,2020-07-26T07:04:51Z
123795,balizyé,und,"","",,Kwéyòl,anneliese merrigan,2020-07-26T07:08:20Z
201656,banbou,und,"","",,Kwéyòl,anneliese merrigan,2020-07-26T07:10:47Z
129324,bandja,und,"","",,Kwéyòl,anneliese merrigan,2020-07-26T07:12:07Z
50636,bannann,und,"","",,Kwéyòl,anneliese merrigan,2020-07-26T07:14:01Z
56943,banndjo,und,"","",,Kwéyòl,anneliese merrigan,2020-07-26T07:14:42Z
47257,bawé,und,"","",,Kwéyòl,anneliese merrigan,2020-07-26T07:17:02Z
61398,bazilik,und,"","",,Kwéyòl,anneliese merrigan,2020-07-26T07:20:48Z
63190,béléjenn,und,"","",,Kwéyòl,anneliese merrigan,2020-07-26T07:21:59Z
47731,bètafé,und,"","",,Kwéyòl,anneliese merrigan,2020-07-26T07:23:20Z
49556,bètannipyé,und,"","",,Kwéyòl,anneliese merrigan,2020-07-26T07:23:54Z
47263,bétjin,und,"","",,Kwéyòl,anneliese merrigan,2020-07-26T07:24:52Z
42158,bich,und,"","",,Kwéyòl,anneliese merrigan,2020-07-26T07:25:39Z
123070,bouk,und,"","",,Kwéyòl,anneliese merrigan,2020-07-26T07:30:27Z
95066,bous,und,"","",,Kwéyòl,anneliese merrigan,2020-07-26T07:32:42Z
148030,bouwik,und,"","",,Kwéyòl,anneliese merrigan,2020-07-26T07:33:29Z
133685,bwadenn,und,"","",,Kwéyòl,anneliese merrigan,2020-07-26T07:34:40Z
53464,bwadnò,und,"","",,Kwéyòl,anneliese merrigan,2020-07-26T07:35:15Z
70027,bwapen,und,"","",,Kwéyòl,anneliese merrigan,2020-07-26T08:23:14Z
48876,bwi,und,"","",,Kwéyòl,anneliese merrigan,2020-07-26T08:24:21Z
499859,bwigo,und,"","",,Kwéyòl,anneliese merrigan,2020-07-26T08:25:15Z
54299,chadèt,und,"","",,Kwéyòl,anneliese merrigan,2020-07-26T08:27:13Z
48036,chadon,und,"","",,Kwéyòl,anneliese merrigan,2020-07-26T08:28:09Z
52290,chadon nwè,und,"","",,Kwéyòl,anneliese merrigan,2020-07-26T08:28:59Z
47170,chanpiyon,und,"","",,Kwéyòl,anneliese merrigan,2020-07-26T08:31:20Z
47169,chapo djab,und,"","",,Kwéyòl,anneliese merrigan,2020-07-26T08:33:31Z
346373,chatany,und,"","",,Kwéyòl,anneliese merrigan,2020-07-26T08:34:24Z
47458,chatou,und,"","",,Kwéyòl,anneliese merrigan,2020-07-26T08:35:48Z
156777,chennèt,und,"","",,Kwéyòl,anneliese merrigan,2020-07-26T08:37:06Z
127352,chès,und,"","",,Kwéyòl,anneliese merrigan,2020-07-26T08:37:31Z
341129,chik,und,"","",,Kwéyòl,anneliese merrigan,2020-07-26T08:38:14Z
54516,chouponm,und,"","",,Kwéyòl,anneliese merrigan,2020-07-26T08:40:41Z
48111,chouval Bondyé,und,"","",,Kwéyòl,anneliese merrigan,2020-07-26T08:42:05Z
122835,dachin,und,"","",,Kwéyòl,anneliese merrigan,2020-07-26T08:44:24Z
122835,danma,und,"","",,Kwéyòl,anneliese merrigan,2020-07-26T08:45:40Z
85469,diten,und,"","",,Kwéyòl,anneliese merrigan,2020-07-26T21:29:09Z
919365,djapanna,und,"","",,Kwéyòl,anneliese merrigan,2020-07-26T21:31:12Z
41495,dowad,und,"","",,Kwéyòl,anneliese merrigan,2020-07-26T21:39:06Z
41526,dowad,und,"","",,Kwéyòl,anneliese merrigan,2020-07-26T21:40:12Z
1018977,échofi,und,"","",,Kwéyòl,anneliese merrigan,2020-07-26T21:42:02Z
48894,èskoupyon,und,"","",,Kwéyòl,anneliese merrigan,2020-07-26T21:45:15Z
160544,fatpòk,und,"","",,Kwéyòl,anneliese merrigan,2020-07-26T23:14:52Z
62853,manng salé,und,"","",,Kwéyòl,anneliese merrigan,2020-07-26T23:16:35Z
189589,manng salé,und,"","",,Kwéyòl,anneliese merrigan,2020-07-26T23:17:12Z
781644,zo nwè,und,"","",,Kwéyòl,anneliese merrigan,2020-07-26T23:18:06Z
164320,chapantyé,und,"","",,Kwéyòl,anneliese merrigan,2020-07-26T23:19:15Z
361830,chapantyé gwan bwa,und,"","",,Kwéyòl,anneliese merrigan,2020-07-26T23:20:11Z
291119,ti patat,und,"","",,Kwéyòl,anneliese merrigan,2020-07-26T23:21:07Z
424452,lang béf,und,"","",,Kwéyòl,anneliese merrigan,2020-07-26T23:22:03Z
133981,zèpina blan,und,"","",,Kwéyòl,anneliese merrigan,2020-07-26T23:23:24Z
75395,zèpina,und,"","",,Kwéyòl,anneliese merrigan,2020-07-26T23:23:54Z
76746,semen contwé,und,"","",,Kwéyòl,anneliese merrigan,2020-07-26T23:24:44Z
853722,alatoukay,und,"","",,Kwéyòl,anneliese merrigan,2020-07-26T23:26:09Z
426902,lonyon gli,und,"","",,Kwéyòl,anneliese merrigan,2020-07-26T23:30:51Z
122988,ponm acajou,und,"","",,Kwéyòl,anneliese merrigan,2020-07-26T23:31:48Z
122988,nwa,und,"","",,Kwéyòl,anneliese merrigan,2020-07-26T23:32:06Z
349061,bwa di hou,und,"","",,Kwéyòl,anneliese merrigan,2020-07-26T23:32:46Z
85098,mouben,und,"","",,Kwéyòl,anneliese merrigan,2020-07-26T23:33:32Z
69972,fey manmà,und,"","",,Kwéyòl,anneliese merrigan,2020-07-26T23:34:20Z
69972,kajouka,und,"","",,Kwéyòl,anneliese merrigan,2020-07-26T23:34:33Z
69972,manjé kwab,und,"","",,Kwéyòl,anneliese merrigan,2020-07-26T23:35:03Z
430650,kachiman,und,"","",,Kwéyòl,anneliese merrigan,2020-07-26T23:35:33Z
284503,kòsòl,und,"","",,Kwéyòl,anneliese merrigan,2020-07-26T23:36:20Z
284506,kachiman blan,und,"","",,Kwéyòl,anneliese merrigan,2020-07-26T23:37:01Z
69973,ponm kannél,und,"","",,Kwéyòl,anneliese merrigan,2020-07-26T23:37:49Z
494249,kòsòl mawon,und,"","",,Kwéyòl,anneliese merrigan,2020-07-26T23:38:52Z
494249,ti kachiman bwa,und,"","",,Kwéyòl,anneliese merrigan,2020-07-26T23:39:31Z
162702,chadon beni,und,"","",,Kwéyòl,anneliese merrigan,2020-07-26T23:40:01Z
60121,pawasol djab,und,"","",,Kwéyòl,anneliese merrigan,2020-07-26T23:40:42Z
60121,pawasol demou,und,"","",,Kwéyòl,anneliese merrigan,2020-07-26T23:41:03Z
75602,kòtòn kadwiv,und,"","",,Kwéyòl,anneliese merrigan,2020-07-26T23:42:15Z
62924,kaka poul,und,"","",,Kwéyòl,anneliese merrigan,2020-07-26T23:42:54Z
161235,lèt makak,und,"","",,Kwéyòl,anneliese merrigan,2020-07-26T23:43:33Z
161235,zong makak,und,"","",,Kwéyòl,anneliese merrigan,2020-07-26T23:43:48Z
47563,lowyé wouj,und,"","",,Kwéyòl,anneliese merrigan,2020-07-26T23:44:23Z
543050,bwa let,und,"","",,Kwéyòl,anneliese merrigan,2020-07-26T23:45:17Z
291821,bwa let,und,"","",,Kwéyòl,anneliese merrigan,2020-07-26T23:45:45Z
417375,ti siton,und,"","",,Kwéyòl,anneliese merrigan,2020-07-26T23:46:25Z
126165,malanga,und,"","",,Kwéyòl,anneliese merrigan,2020-07-26T23:47:05Z
49181,sidjinn,und,"","",,Kwéyòl,anneliese merrigan,2020-07-26T23:48:02Z
283377,koko shak,und,"","",,Kwéyòl,anneliese merrigan,2020-07-26T23:48:50Z
206266,kann wivyé,und,"","",,Kwéyòl,anneliese merrigan,2020-07-26T23:50:01Z
206266,kann bwilé,und,"","",,Kwéyòl,anneliese merrigan,2020-07-26T23:50:20Z
78589,chapo ma,und,"","",,Kwéyòl,anneliese merrigan,2020-07-26T23:50:52Z
154794,tayo,und,"","",,Kwéyòl,anneliese merrigan,2020-07-26T23:51:32Z
154794,tannia,und,"","",,Kwéyòl,anneliese merrigan,2020-07-26T23:51:45Z
277338,chou jamaik,und,"","",,Kwéyòl,anneliese merrigan,2020-07-26T23:52:22Z
277338,chou blan,und,"","",,Kwéyòl,anneliese merrigan,2020-07-26T23:52:43Z
277338,chou bouton,und,"","",,Kwéyòl,anneliese merrigan,2020-07-26T23:53:04Z
284556,fijé sek,und,"","",,Kwéyòl,anneliese merrigan,2020-07-26T23:53:36Z
244459,ti koko,und,"","",,Kwéyòl,anneliese merrigan,2020-07-26T23:55:09Z
364173,gwigwi,und,"","",,Kwéyòl,anneliese merrigan,2020-07-26T23:56:12Z
364467,latanyé,und,"","",,Kwéyòl,anneliese merrigan,2020-07-26T23:56:49Z
48865,koko,und,"","",,Kwéyòl,anneliese merrigan,2020-07-26T23:57:33Z
206307,goglèt,und,"","",,Kwéyòl,anneliese merrigan,2020-07-26T23:57:59Z
132635,palmis,und,"","",,Kwéyòl,anneliese merrigan,2020-07-26T23:58:48Z
346387,gwou-gwou,und,"","",,Kwéyòl,anneliese merrigan,2020-07-27T00:00:04Z
284610,twef,und,"","",,Kwéyòl,anneliese merrigan,2020-07-27T00:00:38Z
143422,zèb a mouton,und,"","",,Kwéyòl,anneliese merrigan,2020-07-27T00:01:19Z
143422,labonn fanm,und,"","",,Kwéyòl,anneliese merrigan,2020-07-27T00:01:39Z
143422,latifi,und,"","",,Kwéyòl,anneliese merrigan,2020-07-27T00:01:55Z
50204,zèb a zédjwi,und,"","",,Kwéyòl,anneliese merrigan,2020-07-27T00:02:44Z
160297,magéwit,und,"","",,Kwéyòl,anneliese merrigan,2020-07-27T00:03:28Z
274158,fèy do blan,und,"","",,Kwéyòl,anneliese merrigan,2020-07-27T00:03:59Z
76765,konngolala,und,"","",,Kwéyòl,anneliese merrigan,2020-07-27T00:04:43Z
162267,tèt nèg,und,"","",,Kwéyòl,anneliese merrigan,2020-07-27T00:05:21Z
183585,kamami,und,"","",,Kwéyòl,anneliese merrigan,2020-07-27T00:06:20Z
165389,kacho,und,"","",,Kwéyòl,anneliese merrigan,2020-07-27T00:14:16Z
165697,zèb a pik,und,"","",,Kwéyòl,anneliese merrigan,2020-07-27T00:14:51Z
126424,matnitjen,und,"","",,Kwéyòl,anneliese merrigan,2020-07-27T01:28:46Z
281666,sitonnèl,und,"","",,Kwéyòl,anneliese merrigan,2020-07-27T01:29:46Z
167068,tabak djab,und,"","",,Kwéyòl,anneliese merrigan,2020-07-28T04:21:34Z
156560,tèt nèg,und,"","",,Kwéyòl,anneliese merrigan,2020-07-28T04:22:09Z
246102,venvenn kawayib,und,"","",,Kwéyòl,anneliese merrigan,2020-07-28T04:22:48Z
170298,bwa sousouwi,und,"","",,Kwéyòl,anneliese merrigan,2020-07-28T04:23:42Z
170298,bwa sòlèy,und,"","",,Kwéyòl,anneliese merrigan,2020-07-28T04:24:15Z
158405,djéwi tout,und,"","",,Kwéyòl,anneliese merrigan,2020-07-28T04:25:04Z
159191,zèpina,und,"","",,Kwéyòl,anneliese merrigan,2020-07-28T04:26:40Z
161121,kalbas,und,"","",,Kwéyòl,anneliese merrigan,2020-07-28T04:27:46Z
53726,pòwyé,und,"","",,Kwéyòl,anneliese merrigan,2020-07-28T04:28:29Z
283226,maho nwè,und,"","",,Kwéyòl,anneliese merrigan,2020-07-28T04:35:26Z
771351,maho nwè,und,"","",,Kwéyòl,anneliese merrigan,2020-07-28T18:48:17Z
771361,maho nwè,und,"","",,Kwéyòl,anneliese merrigan,2020-07-28T18:49:49Z
359840,sip blan,und,"","",,Kwéyòl,anneliese merrigan,2020-07-28T18:51:27Z
48895,kwèp kodenn,und,"","",,Kwéyòl,anneliese merrigan,2020-07-28T18:52:02Z
78174,kouso,und,"","",,Kwéyòl,anneliese merrigan,2020-07-28T18:52:55Z
277363,kawata,und,"","",,Kwéyòl,anneliese merrigan,2020-07-28T18:58:34Z
160239,kawata,und,"","",,Kwéyòl,anneliese merrigan,2020-07-28T18:59:09Z
141303,kawata,und,"","",,Kwéyòl,anneliese merrigan,2020-07-28T18:59:40Z
346372,kawata,und,"","",,Kwéyòl,anneliese merrigan,2020-07-28T19:00:14Z
49571,kawata,und,"","",,Kwéyòl,anneliese merrigan,2020-07-28T19:04:03Z
870223,kawata,und,"","",,Kwéyòl,anneliese merrigan,2020-07-28T19:05:34Z
130734,gonmyé modi,und,"","",,Kwéyòl,anneliese merrigan,2020-07-28T19:10:48Z
544044,gonmyé,und,"","",,Kwéyòl,anneliese merrigan,2020-07-28T19:17:58Z
442617,lansan,und,"","",,Kwéyòl,anneliese merrigan,2020-07-28T19:19:02Z
157908,tèt anglés,und,"","",,Kwéyòl,anneliese merrigan,2020-07-28T19:19:44Z
274370,watjèt,und,"","",,Kwéyòl,anneliese merrigan,2020-07-28T19:20:45Z
159817,bwa kannèl,und,"","",,Kwéyòl,anneliese merrigan,2020-07-28T19:21:37Z
146643,toloman,und,"","",,Kwéyòl,anneliese merrigan,2020-07-28T19:23:04Z
291606,bwa puant,und,"","",,Kwéyòl,anneliese merrigan,2020-07-28T19:24:48Z
62811,papay,und,"","",,Kwéyòl,anneliese merrigan,2020-07-28T19:27:13Z
160544,ponm zikak,und,"","",,Kwéyòl,anneliese merrigan,2020-07-28T19:31:22Z
160709,tamadoz mawon,und,"","",,Kwéyòl,anneliese merrigan,2020-07-28T19:41:18Z
157138,awali,und,"","",,Kwéyòl,anneliese merrigan,2020-07-28T19:44:34Z
923862,bwa pwa,und,"","",,Kwéyòl,anneliese merrigan,2020-07-28T19:45:59Z
1048743,zolivyé,und,"","",,Kwéyòl,anneliese merrigan,2020-07-28T19:57:44Z
62850,paltivyé wouj,und,"","",,Kwéyòl,anneliese merrigan,2020-07-28T20:04:01Z
62854,manng blan,und,"","",,Kwéyòl,anneliese merrigan,2020-07-28T20:04:42Z
62854,paltivyé,und,"","",,Kwéyòl,anneliese merrigan,2020-07-28T20:07:33Z
62821,zamann,und,"","",,Kwéyòl,anneliese merrigan,2020-07-28T20:08:20Z
160818,zèb gwa,und,"","",,Kwéyòl,anneliese merrigan,2020-07-28T20:12:13Z
53478,zèb gwa,und,"","",,Kwéyòl,anneliese merrigan,2020-07-28T20:12:54Z
161264,lyenn san pyè,und,"","",,Kwéyòl,anneliese merrigan,2020-07-28T20:15:48Z
60879,patat bòd lanmè,und,"","",,Kwéyòl,anneliese merrigan,2020-07-28T20:19:24Z
506950,patat mawon,und,"","",,Kwéyòl,anneliese merrigan,2020-07-28T20:30:56Z
164102,lyenn dous,und,"","",,Kwéyòl,anneliese merrigan,2020-07-28T20:32:26Z
907480,noyò,und,"","",,Kwéyòl,anneliese merrigan,2020-07-28T20:33:40Z
164333,kawakté lézòm,und,"","",,Kwéyòl,anneliese merrigan,2020-07-28T20:34:43Z
76538,ti konkonm,und,"","",,Kwéyòl,anneliese merrigan,2020-07-28T20:35:35Z
161246,ti konkonm,und,"","",,Kwéyòl,anneliese merrigan,2020-07-28T20:41:06Z
122869,jonmou,und,"","",,Kwéyòl,anneliese merrigan,2020-07-28T20:43:48Z
164415,gouj,und,"","",,Kwéyòl,anneliese merrigan,2020-07-28T20:44:23Z
131557,konmonm kouli,und,"","",,Kwéyòl,anneliese merrigan,2020-07-28T21:20:15Z
61369,konmonm kouli,und,"","",,Kwéyòl,anneliese merrigan,2020-07-28T21:27:24Z
284923,tanmawen montan,und,"","",,Kwéyòl,anneliese merrigan,2020-07-28T21:28:04Z
358460,sidjinn,und,"","",,Kwéyòl,anneliese merrigan,2020-07-28T21:29:55Z
161422,gwenn djiné,und,"","",,Kwéyòl,anneliese merrigan,2020-07-28T21:30:36Z
141080,zèb a kouto,und,"","",,Kwéyòl,anneliese merrigan,2020-07-28T22:36:44Z
1116101,bwa kòt wouj,und,"","",,Kwéyòl,anneliese merrigan,2020-07-28T22:55:51Z
348478,lyenn chasè,und,"","",,Kwéyòl,anneliese merrigan,2020-07-28T22:56:44Z
161930,bandja,und,"","",,Kwéyòl,anneliese merrigan,2020-07-28T22:57:45Z
291154,yanm matwiten djab,und,"","",,Kwéyòl,anneliese merrigan,2020-07-28T22:59:55Z
284957,babawa,und,"","",,Kwéyòl,anneliese merrigan,2020-07-28T23:01:35Z
597396,chatannyé,und,"","",,Kwéyòl,anneliese merrigan,2020-07-28T23:03:47Z
277837,bwa vinet,und,"","",,Kwéyòl,anneliese merrigan,2020-07-28T23:06:24Z
1095569,bwa gwiv,und,"","",,Kwéyòl,anneliese merrigan,2020-07-28T23:07:29Z
362111,ti bonm blan,und,"","",,Kwéyòl,anneliese merrigan,2020-07-28T23:08:45Z
362111,gwo bonm,und,"","",,Kwéyòl,anneliese merrigan,2020-07-28T23:10:03Z
132637,ti bonm koupayou,und,"","",,Kwéyòl,anneliese merrigan,2020-07-29T00:17:29Z
1116015,ti bonm wouj,und,"","",,Kwéyòl,anneliese merrigan,2020-07-29T00:18:13Z
1116014,ti bonm lélé,und,"","",,Kwéyòl,anneliese merrigan,2020-07-29T00:19:27Z
131560,zeb malnonmen,und,"","",,Kwéyòl,anneliese merrigan,2020-07-29T00:20:30Z
1116041,bwa sadin,und,"","",,Kwéyòl,anneliese merrigan,2020-07-29T00:21:06Z
62849,medisinnyé modi,und,"","",,Kwéyòl,anneliese merrigan,2020-07-29T00:21:50Z
119099,zèb zòtòlan,und,"","",,Kwéyòl,anneliese merrigan,2020-07-29T00:22:50Z
120167,lagli,und,"","",,Kwéyòl,anneliese merrigan,2020-07-29T00:23:35Z
851888,kannik,und,"","",,Kwéyòl,anneliese merrigan,2020-07-29T00:24:20Z
60439,flè makata,und,"","",,Kwéyòl,anneliese merrigan,2020-07-29T00:25:03Z
139356,ti tanmawen,und,"","",,Kwéyòl,anneliese merrigan,2020-07-29T00:25:54Z
62839,flanboyan,und,"","",,Kwéyòl,anneliese merrigan,2020-07-29T00:27:15Z
163502,kanpèch,und,"","",,Kwéyòl,anneliese merrigan,2020-07-29T00:28:34Z
139075,koubawi,und,"","",,Kwéyòl,anneliese merrigan,2020-07-29T00:29:19Z
81515,kasialata,und,"","",,Kwéyòl,anneliese merrigan,2020-07-29T00:30:08Z
134205,kaka bétjé,und,"","",,Kwéyòl,anneliese merrigan,2020-07-29T00:30:50Z
62915,soumatjé,und,"","",,Kwéyòl,anneliese merrigan,2020-07-29T00:31:44Z
168847,kafé zèpyant,und,"","",,Kwéyòl,anneliese merrigan,2020-07-29T00:32:45Z
504062,kas,und,"","",,Kwéyòl,anneliese merrigan,2020-07-29T00:34:27Z
504062,miskad mawon,und,"","",,Kwéyòl,anneliese merrigan,2020-07-29T00:34:49Z
62844,tanmawen,und,"","",,Kwéyòl,anneliese merrigan,2020-07-29T00:35:30Z
122099,gwenn légliz,und,"","",,Kwéyòl,anneliese merrigan,2020-07-29T00:36:14Z
139444,pwa angòl,und,"","",,Kwéyòl,anneliese merrigan,2020-07-29T00:36:59Z
280673,pwa blé,und,"","",,Kwéyòl,anneliese merrigan,2020-07-29T00:37:22Z
123472,chakchak,und,"","",,Kwéyòl,anneliese merrigan,2020-07-29T00:40:32Z
1116020,ponmyé,und,"","",,Kwéyòl,anneliese merrigan,2020-07-29T00:41:48Z
1116020,bwa gamel,und,"","",,Kwéyòl,anneliese merrigan,2020-07-29T00:42:12Z
82771,mòtèl,und,"","",,Kwéyòl,anneliese merrigan,2020-07-29T00:42:56Z
163033,zèb sèk,und,"","",,Kwéyòl,anneliese merrigan,2020-07-29T00:43:40Z
164064,la indigo,und,"","",,Kwéyòl,anneliese merrigan,2020-07-29T00:44:14Z
164065,la indigo,und,"","",,Kwéyòl,anneliese merrigan,2020-07-29T00:44:56Z
146816,pwa boukousou,und,"","",,Kwéyòl,anneliese merrigan,2020-07-29T00:46:06Z
146816,pwa senm,und,"","",,Kwéyòl,anneliese merrigan,2020-07-29T00:46:36Z
280612,savonnèt gwan fey,und,"","",,Kwéyòl,anneliese merrigan,2020-07-29T02:21:58Z
164759,ti savonnèt,und,"","",,Kwéyòl,anneliese merrigan,2020-07-29T02:22:36Z
165536,pwa gwaté,und,"","",,Kwéyòl,anneliese merrigan,2020-07-29T02:23:22Z
165536,gwenn zyé bouwik,und,"","",,Kwéyòl,anneliese merrigan,2020-07-29T02:24:00Z
165537,pwa gwat,und,"","",,Kwéyòl,anneliese merrigan,2020-07-29T02:25:16Z
165537,gwenn zyé bouwik,und,"","",,Kwéyòl,anneliese merrigan,2020-07-29T02:26:04Z
165538,pwa gwat,und,"","",,Kwéyòl,anneliese merrigan,2020-07-29T02:26:32Z
165538,gwenn zyé bouwik,und,"","",,Kwéyòl,anneliese merrigan,2020-07-29T02:28:05Z
431388,dédéfouden,und,"","",,Kwéyòl,anneliese merrigan,2020-07-29T02:28:42Z
431388,pwa bwa wawi,und,"","",,Kwéyòl,anneliese merrigan,2020-07-29T02:29:59Z
122849,pwa chous,und,"","",,Kwéyòl,anneliese merrigan,2020-07-29T02:30:36Z
122849,pwa senm,und,"","",,Kwéyòl,anneliese merrigan,2020-07-29T02:31:04Z
62760,bwa gulo,und,"","",,Kwéyòl,anneliese merrigan,2020-07-29T02:31:40Z
170217,ti pwa jòn,und,"","",,Kwéyòl,anneliese merrigan,2020-07-29T02:32:17Z
131583,pwa zombi,und,"","",,Kwéyòl,anneliese merrigan,2020-07-29T02:33:03Z
557826,zakasya,und,"","",,Kwéyòl,anneliese merrigan,2020-07-29T02:34:01Z
158007,dalmawi,und,"","",,Kwéyòl,anneliese merrigan,2020-07-29T02:34:37Z
1008148,minizyé,und,"","",,Kwéyòl,anneliese merrigan,2020-07-29T02:35:20Z
1008148,myann fwans,und,"","",,Kwéyòl,anneliese merrigan,2020-07-29T02:35:50Z
279439,bwa patat,und,"","",,Kwéyòl,anneliese merrigan,2020-07-29T02:36:22Z
279439,bwa lyenn myan,und,"","",,Kwéyòl,anneliese merrigan,2020-07-29T02:36:52Z
334339,manyòk chapèl,und,"","",,Kwéyòl,anneliese merrigan,2020-07-29T02:37:32Z
358172,kakoli,und,"","",,Kwéyòl,anneliese merrigan,2020-07-29T02:38:11Z
202489,pwa dou,und,"","",,Kwéyòl,anneliese merrigan,2020-07-29T02:38:41Z
208815,kwòk chyen,und,"","",,Kwéyòl,anneliese merrigan,2020-07-29T02:39:50Z
348463,kwòk chyen,und,"","",,Kwéyòl,anneliese merrigan,2020-07-29T02:41:37Z
51921,mari hont,und,"","",,Kwéyòl,anneliese merrigan,2020-07-29T02:43:28Z
51921,ti mari,und,"","",,Kwéyòl,anneliese merrigan,2020-07-29T02:43:48Z
166922,bebel,und,"","",,Kwéyòl,anneliese merrigan,2020-07-29T02:46:04Z
281371,masav,und,"","",,Kwéyòl,anneliese merrigan,2020-07-29T02:46:45Z
281371,saman,und,"","",,Kwéyòl,anneliese merrigan,2020-07-29T02:47:03Z
194808,zanmouwèt,und,"","",,Kwéyòl,anneliese merrigan,2020-07-29T02:50:03Z
72418,zakasya,und,"","",,Kwéyòl,anneliese merrigan,2020-07-29T02:51:33Z
362183,lanng poul,und,"","",,Kwéyòl,anneliese merrigan,2020-07-29T02:53:29Z
163639,balizyé,und,"","",,Kwéyòl,anneliese merrigan,2020-07-29T02:56:13Z
52397,koko chat,und,"","",,Kwéyòl,anneliese merrigan,2020-07-29T03:02:56Z
160741,zèb a lonng kou,und,"","",,Kwéyòl,anneliese merrigan,2020-07-29T03:04:06Z
141634,gwo ponpon,und,"","",,Kwéyòl,anneliese merrigan,2020-07-29T03:04:36Z
118916,konmonmi mawon,und,"","",,Kwéyòl,anneliese merrigan,2020-07-29T03:05:31Z
83257,fonbwazen,und,"","",,Kwéyòl,anneliese merrigan,2020-07-29T03:06:47Z
165769,bwa gazon,und,"","",,Kwéyòl,anneliese merrigan,2020-07-29T03:10:43Z
165769,mal fonbwazen,und,"","",,Kwéyòl,anneliese merrigan,2020-07-29T03:11:00Z
168389,zo kayal,und,"","",,Kwéyòl,anneliese merrigan,2020-07-29T03:30:23Z
1111752,lowyé jòn,und,"","",,Kwéyòl,anneliese merrigan,2020-07-29T03:33:03Z
1111780,lowyé kannèl,und,"","",,Kwéyòl,anneliese merrigan,2020-07-29T03:34:08Z
554558,lowyé wouj,und,"","",,Kwéyòl,anneliese merrigan,2020-07-29T03:37:14Z
160172,lyenn san pyè,und,"","",,Kwéyòl,anneliese merrigan,2020-07-29T03:38:15Z
122777,kannèl,und,"","",,Kwéyòl,anneliese merrigan,2020-07-29T03:42:15Z
812626,lowyé fè,und,"","",,Kwéyòl,anneliese merrigan,2020-07-29T05:30:06Z
54626,lowyé gwi,und,"","",,Kwéyòl,anneliese merrigan,2020-07-29T05:30:38Z
285208,lowyé sann,und,"","",,Kwéyòl,anneliese merrigan,2020-07-29T05:31:14Z
285208,lowyé gwan fey,und,"","",,Kwéyòl,anneliese merrigan,2020-07-29T05:31:37Z
1116068,lowyé ti fèy,und,"","",,Kwéyòl,anneliese merrigan,2020-07-29T05:34:10Z
1116071,lowyé gwo gwenn,und,"","",,Kwéyòl,anneliese merrigan,2020-07-29T05:34:52Z
277965,lowyé mabwé,und,"","",,Kwéyòl,anneliese merrigan,2020-07-29T05:36:05Z
1116077,lowyé zabòka,und,"","",,Kwéyòl,anneliese merrigan,2020-07-29T05:36:40Z
83479,zèb a vè,und,"","",,Kwéyòl,anneliese merrigan,2020-07-29T05:37:20Z
361090,anho bwa,und,"","",,Kwéyòl,anneliese merrigan,2020-07-29T05:37:47Z
184824,anho bwa,und,"","",,Kwéyòl,anneliese merrigan,2020-07-29T05:38:25Z
361797,anho bwa,und,"","",,Kwéyòl,anneliese merrigan,2020-07-29T05:39:07Z
439993,bwapen mawon,und,"","",,Kwéyòl,anneliese merrigan,2020-07-29T05:39:58Z
190035,bwa tan si,und,"","",,Kwéyòl,anneliese merrigan,2020-07-29T05:40:43Z
1116000,bwa tan wouj,und,"","",,Kwéyòl,anneliese merrigan,2020-07-29T05:41:36Z
1116042,lyenn tè,und,"","",,Kwéyòl,anneliese merrigan,2020-07-29T05:43:00Z
165101,ti minizyé,und,"","",,Kwéyòl,anneliese merrigan,2020-07-29T05:43:55Z
285445,siwiz,und,"","",,Kwéyòl,anneliese merrigan,2020-07-29T05:44:41Z
157767,gonbo modi,und,"","",,Kwéyòl,anneliese merrigan,2020-07-29T05:45:21Z
62809,fwonmajé,und,"","",,Kwéyòl,anneliese merrigan,2020-07-29T05:45:54Z
77299,kòtòn,und,"","",,Kwéyòl,anneliese merrigan,2020-07-29T05:48:36Z
77299,kòtòn wouj,und,"","",,Kwéyòl,anneliese merrigan,2020-07-29T05:49:02Z
154538,bwa lonm,und,"","",,Kwéyòl,anneliese merrigan,2020-07-29T05:49:51Z
62810,bwa flo,und,"","",,Kwéyòl,anneliese merrigan,2020-07-29T05:50:25Z
750870,bwa lélé,und,"","",,Kwéyòl,anneliese merrigan,2020-07-29T05:51:03Z
168922,balyé wonzè,und,"","",,Kwéyòl,anneliese merrigan,2020-07-29T05:51:48Z
79077,balyé wonzè,und,"","",,Kwéyòl,anneliese merrigan,2020-07-29T05:52:24Z
507959,maho kochon,und,"","",,Kwéyòl,anneliese merrigan,2020-07-29T05:53:12Z
62868,maho mang,und,"","",,Kwéyòl,anneliese merrigan,2020-07-29T05:53:52Z
62868,maho gonbo,und,"","",,Kwéyòl,anneliese merrigan,2020-07-29T05:54:21Z
82768,maho bòd lanmè,und,"","",,Kwéyòl,anneliese merrigan,2020-07-29T05:54:55Z
276298,tèt nèg,und,"","",,Kwéyòl,anneliese merrigan,2020-07-29T05:55:31Z
170045,tèt nèg,und,"","",,Kwéyòl,anneliese merrigan,2020-07-29T05:55:57Z
127639,pikan kouzen,und,"","",,Kwéyòl,anneliese merrigan,2020-07-29T05:56:29Z
126244,mouchas babad,und,"","",,Kwéyòl,anneliese merrigan,2020-07-29T05:58:03Z
126244,djitan,und,"","",,Kwéyòl,anneliese merrigan,2020-07-29T05:58:28Z
1116056,bwa kòt,und,"","",,Kwéyòl,anneliese merrigan,2020-07-29T05:59:58Z
1116056,bwa savann,und,"","",,Kwéyòl,anneliese merrigan,2020-07-29T06:00:14Z
1116055,bwa senn,und,"","",,Kwéyòl,anneliese merrigan,2020-07-29T06:00:59Z
1116057,bwa senn,und,"","",,Kwéyòl,anneliese merrigan,2020-07-29T06:01:40Z
285592,bwa kòt,und,"","",,Kwéyòl,anneliese merrigan,2020-07-29T06:02:16Z
1116058,bwa senn,und,"","",,Kwéyòl,anneliese merrigan,2020-07-29T06:02:44Z
62833,acajou,und,"","",,Kwéyòl,anneliese merrigan,2020-07-29T06:03:26Z
209919,acajou gwan bwa,und,"","",,Kwéyòl,anneliese merrigan,2020-07-29T06:04:11Z
281611,bwa di woz,und,"","",,Kwéyòl,anneliese merrigan,2020-07-29T06:04:44Z
160643,aymanyad,und,"","",,Kwéyòl,anneliese merrigan,2020-07-29T06:05:15Z
202573,kaochou,und,"","",,Kwéyòl,anneliese merrigan,2020-07-29T06:08:32Z
162969,fijé ti fèy,und,"","",,Kwéyòl,anneliese merrigan,2020-07-29T06:10:16Z
50999,fijé,und,"","",,Kwéyòl,anneliese merrigan,2020-07-29T06:12:52Z
209943,bwa dowanj,und,"","",,Kwéyòl,anneliese merrigan,2020-07-29T06:13:54Z
425852,abaca,und,"","",,Kwéyòl,anneliese merrigan,2020-07-29T07:35:21Z
183902,bwa diwi,und,"","",,Kwéyòl,anneliese merrigan,2020-07-29T07:38:46Z
133667,bwa diwi,und,"","",,Kwéyòl,anneliese merrigan,2020-07-29T07:39:19Z
1116099,zabwiko mawon,und,"","",,Kwéyòl,anneliese merrigan,2020-07-29T07:45:48Z
162772,bwa heti,und,"","",,Kwéyòl,anneliese merrigan,2020-07-29T07:48:17Z
505683,bwa heti,und,"","",,Kwéyòl,anneliese merrigan,2020-07-29T07:51:43Z
471487,bwa di bas ti fèy,und,"","",,Kwéyòl,anneliese merrigan,2020-07-29T07:53:46Z
316895,bwa di bas gwi,und,"","",,Kwéyòl,anneliese merrigan,2020-07-29T07:54:23Z
880055,bwa di bas wouj,und,"","",,Kwéyòl,anneliese merrigan,2020-07-29T07:55:19Z
132639,bwa gwiyé,und,"","",,Kwéyòl,anneliese merrigan,2020-07-29T07:56:52Z
1072481,bwa kwéyòl,und,"","",,Kwéyòl,anneliese merrigan,2020-07-29T08:00:33Z
285739,bwadfè,und,"","",,Kwéyòl,anneliese merrigan,2020-07-29T08:01:02Z
285739,bwa di bas ti fèy,und,"","",,Kwéyòl,anneliese merrigan,2020-07-29T08:02:42Z
62859,gwiyav,und,"","",,Kwéyòl,anneliese merrigan,2020-07-29T08:04:15Z
84838,ponm woz,und,"","",,Kwéyòl,anneliese merrigan,2020-07-29T08:06:42Z
75833,patagon,und,"","",,Kwéyòl,anneliese merrigan,2020-07-29T08:07:26Z
163431,mapou,und,"","",,Kwéyòl,anneliese merrigan,2020-07-29T08:08:29Z
51122,chapo dlo,und,"","",,Kwéyòl,anneliese merrigan,2020-07-29T08:11:36Z
558142,bwadfè,und,"","",,Kwéyòl,anneliese merrigan,2020-07-29T08:12:28Z
278276,kaka wavèt,und,"","",,Kwéyòl,anneliese merrigan,2020-07-29T08:13:00Z
50339,jiwòf glo,und,"","",,Kwéyòl,anneliese merrigan,2020-07-29T08:14:03Z
162776,lonyon djab,und,"","",,Kwéyòl,anneliese merrigan,2020-07-29T08:14:42Z
61393,vanni,und,"","",,Kwéyòl,anneliese merrigan,2020-07-29T08:15:54Z
53168,ti siwèt,und,"","",,Kwéyòl,anneliese merrigan,2020-07-29T08:17:01Z
51448,kòkian,und,"","",,Kwéyòl,anneliese merrigan,2020-07-29T08:17:44Z
166207,ponm di lyenn,und,"","",,Kwéyòl,anneliese merrigan,2020-07-29T08:18:26Z
282219,bwa mil bwanch,und,"","",,Kwéyòl,anneliese merrigan,2020-07-29T08:21:27Z
282219,bwa zo bèf,und,"","",,Kwéyòl,anneliese merrigan,2020-07-29T08:21:46Z
166747,gwenn anba fèy blan,und,"","",,Kwéyòl,anneliese merrigan,2020-07-29T08:22:22Z
166758,gwenn anba fèy blan,und,"","",,Kwéyòl,anneliese merrigan,2020-07-29T08:22:53Z
166545,fèy douvan,und,"","",,Kwéyòl,anneliese merrigan,2020-07-29T08:24:06Z
166545,mawi pouwi,und,"","",,Kwéyòl,anneliese merrigan,2020-07-29T08:24:45Z
276273,lanng bèf,und,"","",,Kwéyòl,anneliese merrigan,2020-07-29T08:25:13Z
276273,agouman gwan bwa,und,"","",,Kwéyòl,anneliese merrigan,2020-07-29T08:25:52Z
166494,zèb akouwès,und,"","",,Kwéyòl,anneliese merrigan,2020-07-29T08:26:36Z
285872,ti kako,und,"","",,Kwéyòl,anneliese merrigan,2020-07-29T08:27:00Z
278326,bwa mal lèstomak,und,"","",,Kwéyòl,anneliese merrigan,2020-07-29T08:28:08Z
285884,malenbé,und,"","",,Kwéyòl,anneliese merrigan,2020-07-29T08:28:58Z
132874,chapo glo,und,"","",,Kwéyòl,anneliese merrigan,2020-07-29T08:29:30Z
75732,kwinin pavé,und,"","",,Kwéyòl,anneliese merrigan,2020-07-29T23:06:05Z
317963,balyé dou,und,"","",,Kwéyòl,anneliese merrigan,2020-07-29T23:20:59Z
160519,zèb a bab,und,"","",,Kwéyòl,anneliese merrigan,2020-07-29T23:22:54Z
142763,voytivé,und,"","",,Kwéyòl,anneliese merrigan,2020-07-29T23:24:08Z
123728,sitonnèl,und,"","",,Kwéyòl,anneliese merrigan,2020-07-29T23:24:51Z
163471,wozo,und,"","",,Kwéyòl,anneliese merrigan,2020-07-29T23:25:24Z
140122,ti banbou,und,"","",,Kwéyòl,anneliese merrigan,2020-07-29T23:26:01Z
140122,banbou fwans,und,"","",,Kwéyòl,anneliese merrigan,2020-07-29T23:26:27Z
135670,lowyé woz,und,"","",,Kwéyòl,anneliese merrigan,2020-07-29T23:28:07Z
286002,lyenn pak,und,"","",,Kwéyòl,anneliese merrigan,2020-07-29T23:30:52Z
361831,bwa gwan fèy,und,"","",,Kwéyòl,anneliese merrigan,2020-07-29T23:31:59Z
286020,bwa lanmowi,und,"","",,Kwéyòl,anneliese merrigan,2020-07-29T23:34:01Z
286020,wézinyé,und,"","",,Kwéyòl,anneliese merrigan,2020-07-29T23:34:32Z
127284,wézen,und,"","",,Kwéyòl,anneliese merrigan,2020-07-30T02:33:38Z
58991,koupyé,und,"","",,Kwéyòl,anneliese merrigan,2020-07-30T02:34:12Z
133294,chouvalyé wonzé,und,"","",,Kwéyòl,anneliese merrigan,2020-07-30T02:35:08Z
160810,mabi,und,"","",,Kwéyòl,anneliese merrigan,2020-07-30T02:35:30Z
163354,lyenn savon,und,"","",,Kwéyòl,anneliese merrigan,2020-07-30T02:37:52Z
157408,bwa di fè,und,"","",,Kwéyòl,anneliese merrigan,2020-07-30T02:38:55Z
123697,koko kouli,und,"","",,Kwéyòl,anneliese merrigan,2020-07-30T02:40:34Z
286058,bwa di fè,und,"","",,Kwéyòl,anneliese merrigan,2020-07-30T02:41:03Z
286058,bwa lay,und,"","",,Kwéyòl,anneliese merrigan,2020-07-30T02:41:14Z
60335,manng wouj,und,"","",,Kwéyòl,anneliese merrigan,2020-07-30T02:42:50Z
83524,fonbwèz,und,"","",,Kwéyòl,anneliese merrigan,2020-07-30T02:43:35Z
438237,bwa wivyé,und,"","",,Kwéyòl,anneliese merrigan,2020-07-30T02:44:41Z
127936,kalkan,und,"","",,Kwéyòl,anneliese merrigan,2020-07-30T02:45:29Z
127936,kikado,und,"","",,Kwéyòl,anneliese merrigan,2020-07-30T02:45:45Z
274200,manba,und,"","",,Kwéyòl,anneliese merrigan,2020-07-30T02:46:22Z
162685,bwa flanbo,und,"","",,Kwéyòl,anneliese merrigan,2020-07-30T02:46:58Z
285928,ti kafé,und,"","",,Kwéyòl,anneliese merrigan,2020-07-30T02:49:49Z
118965,jénipa,und,"","",,Kwéyòl,anneliese merrigan,2020-07-30T02:50:14Z
960813,bwa djèt,und,"","",,Kwéyòl,anneliese merrigan,2020-07-30T02:50:53Z
163436,bwa madanm,und,"","",,Kwéyòl,anneliese merrigan,2020-07-30T03:02:57Z
133660,jasmen bwa,und,"","",,Kwéyòl,anneliese merrigan,2020-07-30T03:03:44Z
1065137,bwa dlo savann ti kafé mawon,und,"","",,Kwéyòl,anneliese merrigan,2020-07-30T03:04:31Z
121022,kòsòl chyenn,und,"","",,Kwéyòl,anneliese merrigan,2020-07-30T03:08:22Z
286239,bwa kilibwi,und,"","",,Kwéyòl,anneliese merrigan,2020-07-30T05:45:23Z
51599,ti kafé mawon,und,"","",,Kwéyòl,anneliese merrigan,2020-07-30T05:45:53Z
121958,bwa lans,und,"","",,Kwéyòl,anneliese merrigan,2020-07-30T05:46:16Z
1116088,bwa lay,und,"","",,Kwéyòl,anneliese merrigan,2020-08-01T03:45:12Z
131832,ti makònèt,und,"","",,Kwéyòl,anneliese merrigan,2020-08-01T03:46:22Z
466936,tanmawen dezenn,und,"","",,Kwéyòl,anneliese merrigan,2020-08-01T03:47:20Z
67711,lanng bèlmè,und,"","",,Kwéyòl,anneliese merrigan,2020-08-01T03:48:11Z
331121,siton,und,"","",,Kwéyòl,anneliese merrigan,2020-08-01T05:18:48Z
155756,sitonnèl,und,"","",,Kwéyòl,anneliese merrigan,2020-08-01T05:19:21Z
274196,lépini wouj,und,"","",,Kwéyòl,anneliese merrigan,2020-08-01T05:20:31Z
170402,arkokwa,und,"","",,Kwéyòl,anneliese merrigan,2020-08-01T05:21:18Z
281420,lépini,und,"","",,Kwéyòl,anneliese merrigan,2020-08-01T05:22:03Z
888239,bwa bandé,und,"","",,Kwéyòl,anneliese merrigan,2020-08-01T05:23:21Z
83031,bwa koko kawèt,und,"","",,Kwéyòl,anneliese merrigan,2020-08-01T05:24:25Z
1100442,anho bwa,und,"","",,Kwéyòl,anneliese merrigan,2020-08-01T05:25:34Z
49671,anho bwa,und,"","",,Kwéyòl,anneliese merrigan,2020-08-01T05:26:32Z
83278,lyenn pèsi,und,"","",,Kwéyòl,anneliese merrigan,2020-08-01T05:27:43Z
287335,bwi,und,"","",,Kwéyòl,anneliese merrigan,2020-08-01T05:28:20Z
287335,bwi kayamit,und,"","",,Kwéyòl,anneliese merrigan,2020-08-01T05:28:43Z
431276,balata,und,"","",,Kwéyòl,anneliese merrigan,2020-08-01T05:29:34Z
1116061,balata,und,"","",,Kwéyòl,anneliese merrigan,2020-08-01T05:30:17Z
496237,fèy dowé,und,"","",,Kwéyòl,anneliese merrigan,2020-08-01T05:31:32Z
431489,pennépis,und,"","",,Kwéyòl,anneliese merrigan,2020-08-01T05:32:24Z
442526,balata chyen,und,"","",,Kwéyòl,anneliese merrigan,2020-08-01T05:33:05Z
442551,kontwévan,und,"","",,Kwéyòl,anneliese merrigan,2020-08-01T05:33:55Z
168949,akoma,und,"","",,Kwéyòl,anneliese merrigan,2020-08-01T05:34:52Z
159826,dité péyi,und,"","",,Kwéyòl,anneliese merrigan,2020-08-01T05:35:35Z
166866,bwa moudong,und,"","",,Kwéyòl,anneliese merrigan,2020-08-01T05:36:20Z
442062,sip amé,und,"","",,Kwéyòl,anneliese merrigan,2020-08-01T05:37:03Z
291679,bwa blan,und,"","",,Kwéyòl,anneliese merrigan,2020-08-01T05:37:38Z
60748,boyo djab,und,"","",,Kwéyòl,anneliese merrigan,2020-08-01T05:38:33Z
122796,piman gwiv,und,"","",,Kwéyòl,anneliese merrigan,2020-08-01T05:40:00Z
61374,pok pok,und,"","",,Kwéyòl,anneliese merrigan,2020-08-01T05:40:43Z
169055,ponm pwézon,und,"","",,Kwéyòl,anneliese merrigan,2020-08-01T05:44:50Z
63694,béléjenn djab,und,"","",,Kwéyòl,anneliese merrigan,2020-08-01T05:46:43Z
281752,bwa lat,und,"","",,Kwéyòl,anneliese merrigan,2020-08-01T05:47:25Z
286423,sip zowanj,und,"","",,Kwéyòl,anneliese merrigan,2020-08-01T05:49:16Z
287375,bwa blé,und,"","",,Kwéyòl,anneliese merrigan,2020-08-01T05:51:53Z
287375,zolivyé,und,"","",,Kwéyòl,anneliese merrigan,2020-08-01T05:52:05Z
1116103,miwiz,und,"","",,Kwéyòl,anneliese merrigan,2020-08-01T05:53:14Z
134208,zabwiko pwanti,und,"","",,Kwéyòl,anneliese merrigan,2020-08-01T05:54:20Z
134208,zabwiko blan,und,"","",,Kwéyòl,anneliese merrigan,2020-08-01T05:54:51Z
921670,flanbo blan,und,"","",,Kwéyòl,anneliese merrigan,2020-08-01T05:57:40Z
286451,maho pimen,und,"","",,Kwéyòl,anneliese merrigan,2020-08-01T22:54:01Z
1116018,maho pimen gwan bwa,und,"","",,Kwéyòl,anneliese merrigan,2020-08-01T22:55:57Z
159288,koko bel mennwit,und,"","",,Kwéyòl,anneliese merrigan,2020-08-01T23:54:40Z
133669,bwa kannon,und,"","",,Kwéyòl,anneliese merrigan,2020-08-01T23:55:44Z
278678,zoti,und,"","",,Kwéyòl,anneliese merrigan,2020-08-02T00:34:28Z
773808,zoti blan,und,"","",,Kwéyòl,anneliese merrigan,2020-08-02T00:35:04Z
287850,bwa kabwit,und,"","",,Kwéyòl,anneliese merrigan,2020-08-02T00:36:43Z
160656,bwa kòtlèt,und,"","",,Kwéyòl,anneliese merrigan,2020-08-02T00:37:23Z
286547,bwa kasav,und,"","",,Kwéyòl,anneliese merrigan,2020-08-02T00:37:58Z
133331,ti bonbon,und,"","",,Kwéyòl,anneliese merrigan,2020-08-02T00:38:33Z
370492,jiwòf flè,und,"","",,Kwéyòl,anneliese merrigan,2020-08-02T00:40:35Z
370492,bwa wa tou,und,"","",,Kwéyòl,anneliese merrigan,2020-08-02T00:40:54Z
370492,pis a bed,und,"","",,Kwéyòl,anneliese merrigan,2020-08-02T00:41:13Z
223926,twa tas,und,"","",,Kwéyòl,anneliese merrigan,2020-08-03T05:39:15Z
166546,lyenn wid,und,"","",,Kwéyòl,anneliese merrigan,2020-08-03T05:43:20Z
51896,ti dayi,und,"","",,Kwéyòl,anneliese merrigan,2020-08-03T05:44:40Z
83139,vèvenn latjé wat,und,"","",,Kwéyòl,anneliese merrigan,2020-08-03T05:45:38Z
62887,teck,und,"","",,Kwéyòl,anneliese merrigan,2020-08-03T05:46:16Z
775489,bwa léza,und,"","",,Kwéyòl,anneliese merrigan,2020-08-03T05:47:15Z
348388,godmò,und,"","",,Kwéyòl,anneliese merrigan,2020-08-03T05:52:12Z
119386,tjitima,und,"","",,Kwéyòl,anneliese merrigan,2020-08-03T05:52:57Z
634883,jenjanm dou,und,"","",,Kwéyòl,anneliese merrigan,2020-08-03T05:58:16Z
634883,kashibou,und,"","",,Kwéyòl,anneliese merrigan,2020-08-03T05:59:43Z
143955,lavann,und,"","",,Kwéyòl,anneliese merrigan,2020-08-03T06:01:42Z
193075,gayak,und,"","",,Kwéyòl,anneliese merrigan,2020-08-03T06:02:59Z
138294,fwijè,und,"","",,Kwéyòl,anneliese merrigan,2020-08-04T22:21:18Z
507802,fwijè,und,"","",,Kwéyòl,anneliese merrigan,2020-08-04T22:24:59Z
132629,fwijè,und,"","",,Kwéyòl,anneliese merrigan,2020-08-04T22:27:35Z
775363,fwijè,und,"","",,Kwéyòl,anneliese merrigan,2020-08-04T22:31:24Z
159779,kopè lebwa,und,"","",,Kwéyòl,anneliese merrigan,2020-08-05T20:11:46Z
1172725,koko tanbou,und,"","",https://www.inaturalist.org/taxon_names/2183055/edit,Kwéyòl,,2021-01-03T22:21:17Z
1172725,topi tanbou,und,"","",https://www.inaturalist.org/taxon_names/2183054/edit,Kwéyòl,,2021-01-03T22:21:17Z
867136,bwa genton,und,"","",https://www.inaturalist.org/taxon_names/2183842/edit,Kwéyòl,,2021-02-20T18:08:38Z
1064938,zèb djiné,und,"","",https://www.inaturalist.org/taxon_names/2183684/edit,Kwéyòl,,2021-05-15T23:49:56Z
1265317,fijé di mòn,und,"","",https://www.inaturalist.org/taxon_names/2181087/edit,Kwéyòl,,2021-07-20T21:31:51Z
963468,gwo dite,und,"","",https://www.inaturalist.org/taxon_names/2182989/edit,Kwéyòl,,2021-07-30T06:08:48Z
1274794,pistach mawon,und,"","",https://www.inaturalist.org/taxon_names/2182928/edit,Kwéyòl,,2021-08-23T03:16:27Z
1293231,kaka mèl,und,"","",https://www.inaturalist.org/taxon_names/2183058/edit,Kwéyòl,Donald Davesne,2021-10-26T03:12:49Z
1023769,lépini,und,"","",https://www.inaturalist.org/taxon_names/2185393/edit,Kwéyòl,,2021-11-15T12:17:35Z
847079,kawata,und,"","",https://www.inaturalist.org/taxon_names/2182473/edit,Kwéyòl,,2022-04-23T02:43:53Z
83121,galba,und,"","",https://www.inaturalist.org/taxon_names/2182516/edit,Kwéyòl,,2022-09-12T03:44:31Z
76207,zèb kolan,und,"","",https://www.inaturalist.org/taxon_names/2183674/edit,Kwéyòl,,2022-10-04T04:15:17Z
1004655,tochon,und,"","",,Kwéyòl,anneliese merrigan,2022-10-22T15:03:24Z
1422719,bwa mou limou,und,"","",https://www.inaturalist.org/taxon_names/2185415/edit,Kwéyòl,,2022-10-24T18:06:31Z
160878,mapou rouge,und,"","",,Kwéyòl,Erika Mitchell,2023-01-22T18:16:54Z
1454996,dalmawi,und,"","",https://www.inaturalist.org/taxon_names/2182971/edit,Kwéyòl,,2023-03-03T03:30:15Z
1565668,lowyé ti fèy,und,"","",https://www.inaturalist.org/taxon_names/2183011/edit,Kwéyòl,,2024-08-03T00:31:28Z
1565668,lowyé gwo gwenn,und,"","",https://www.inaturalist.org/taxon_names/2183009/edit,Kwéyòl,,2024-08-03T00:31:28Z
1569127,diten manyòk,und,"","",https://www.inaturalist.org/taxon_names/2183686/edit,Kwéyòl,,2024-08-21T13:37:50Z
