id,vernacularName,language,locality,countryCode,source,lexicon,contributor,created
52456,Ujeeda,und,"","",http://www.catalogueoflife.org/annual-checklist/details/species/id/10073036/common/61386,Fwâi,,2021-07-31T23:51:53Z
123227,Halek,und,"","",,Fwâi,Zane Roskoph,2021-08-03T12:13:52Z
52451,Wavikhat,und,"","",,Fwâi,Zane Roskoph,2021-08-03T16:11:14Z
153280,Dawa,und,"","",,Fwâi,Zane Roskoph,2021-08-29T13:32:36Z
84181,Tho,und,"","",,Fwâi,Zane Roskoph,2021-09-13T12:45:34Z
83879,Dahup,und,"","",http://www.catalogueoflife.org/annual-checklist/2012/details/species/id/9741333,Fwâi,,2021-09-15T23:29:52Z
52464,Ho,und,"","",,Fwâi,Zane Roskoph,2021-10-17T14:14:44Z
47251,Unim,und,"","",http://www.catalogueoflife.org/annual-checklist/2012/details/species/id/9741333,Fwâi,Wich’yanan (Jay) Limparungpatthanakij,2021-10-17T23:11:36Z
