id,vernacularName,language,locality,countryCode,source,lexicon,contributor,created
47549,Echinodermata,und,"","",,Manx,John E. Christensen,2017-12-02T21:29:13Z
170883,Bananey,und,"","",,Manx,John E. Christensen,2017-12-20T15:48:55Z
211194,Lossreeyn feddanagh,und,"","",,Manx,John E. Christensen,2017-12-24T13:19:47Z
41808,Assag,und,Isle of Man,IM,,Manx,Manx Mannin,2018-01-18T09:08:14Z
628190,Assag,und,"","",,Manx,Manx Mannin,2018-01-19T21:06:46Z
56222,Cabbag ny h-awin,und,"","",,Manx,John E. Christensen,2018-04-10T16:29:41Z
143243,Camomile,und,"","",,Manx,John E. Christensen,2018-04-25T14:46:29Z
54856,billey theiley,und,"","",,Manx,John E. Christensen,2018-06-18T09:44:12Z
121943,Renniagh (lus),und,"","",,Manx,John E. Christensen,2018-08-12T07:11:15Z
64615,Aane ushtey,und,"","",,Manx,John E. Christensen,2018-09-03T15:07:15Z
57278,Billey niau,und,"","",,Manx,John E. Christensen,2018-10-31T08:28:17Z
122970,Blaa greiney,und,"","",,Manx,John E. Christensen,2018-11-04T13:16:01Z
62498,Cushag,und,Isle of Man,IM,,Manx,Manx Mannin,2019-01-06T18:47:53Z
52856,Bollan-bane,und,Isle of Man,IM,,Manx,Manx Mannin,2019-01-06T18:48:47Z
40151,Sheeintagh,und,"","",,Manx,John E. Christensen,2019-02-07T16:22:27Z
57563,Cardoon,und,"","",,Manx,John E. Christensen,2019-07-06T09:45:12Z
52818,Ayr lossey,und,"","",,Manx,John E. Christensen,2019-09-01T13:20:43Z
44576,Roddan,und,"","",,Manx,Manx Mannin,2019-09-12T20:12:00Z
51884,Jinny nettle,und,Isle of Man,IM,,Manx,Manx Mannin,2020-01-16T00:41:11Z
55759,Blaa ny Ferrishyn,und,Isle of Man,IM,,Manx,Manx Mannin,2020-01-16T00:48:25Z
228496,Bloghan,und,Isle of Man,IM,,Manx,Manx Mannin,2020-01-16T00:52:05Z
332553,Callig,und,Isle of Man,IM,,Manx,Manx Mannin,2020-01-16T00:53:54Z
163682,Farrain,und,Isle of Man,IM,,Manx,Manx Mannin,2020-01-16T00:56:48Z
112372,Gobbag,und,Isle of Man,IM,,Manx,Manx Mannin,2020-01-16T00:57:43Z
53453,Shellagh,und,Isle of Man,IM,,Manx,Manx Mannin,2020-01-16T00:59:17Z
47561,Juys (Pinus),und,"","",,Manx,John E. Christensen,2020-02-29T11:39:17Z
8349,Caaig,und,Isle of Man,IM,,Manx,Manx Mannin,2020-09-05T20:20:10Z
48648,Braddan,und,"","",http://www.catalogueoflife.org/annual-checklist/details/species/id/10078694/common/45826,Manx,iSea,2021-07-09T13:40:06Z
10421,Gob cam Albinagh,und,"","",,Manx,Zane Roskoph,2021-08-06T15:16:44Z
123356,Billey kidrane,und,"","",,Manx,Zane Roskoph,2021-08-10T12:40:03Z
4555,Foillan iuaagagh,und,"","",,Manx,Zane Roskoph,2021-08-11T12:20:33Z
3802,Gant,und,"","",,Manx,Zane Roskoph,2021-08-11T15:43:24Z
152974,Cadlag,und,"","",,Manx,Zane Roskoph,2021-09-19T12:43:11Z
47639,Bullkione,und,"","",http://www.catalogueoflife.org/annual-checklist/2012/details/species/id/9741333,Manx,,2021-10-02T14:15:18Z
58127,Coll Mea or Fat Hen,und,Isle of Man,IM,,Manx,Manx Mannin,2022-07-24T23:12:07Z
564969,Shellaghan frangagh,und,"","",,Manx,Manx Mannin,2022-08-02T06:38:14Z
5067,urley,und,"","",,Manx,Yann Kemper,2022-08-20T17:12:09Z
18874,parrad,und,"","",,Manx,Yann Kemper,2022-08-20T17:12:49Z
19350,hullad,und,"","",,Manx,Yann Kemper,2022-08-20T17:13:21Z
6913,ollay,und,"","",,Manx,Yann Kemper,2022-08-20T17:15:32Z
3,eean,und,"","",,Manx,Yann Kemper,2022-08-20T17:16:02Z
2708,calmane,und,"","",,Manx,Yann Kemper,2022-08-20T17:16:25Z
2715,calmane,und,"","",,Manx,Yann Kemper,2022-08-20T17:16:38Z
447155,foillan,und,"","",,Manx,Yann Kemper,2022-08-20T17:18:04Z
905,kellagh frangagh,und,"","",,Manx,Yann Kemper,2022-08-20T17:18:40Z
906,kellagh frangagh,und,"","",,Manx,Yann Kemper,2022-08-20T17:18:47Z
505478,eean-kiark,und,"","",,Manx,Yann Kemper,2022-08-20T17:19:18Z
42149,cabbylawin,und,"","",,Manx,Yann Kemper,2022-08-20T17:19:54Z
47114,crammag,und,"","",,Manx,Yann Kemper,2022-08-20T17:20:15Z
47224,foillycan,und,"","",,Manx,Yann Kemper,2022-08-20T17:20:37Z
42134,muc,und,"","",,Manx,Yann Kemper,2022-08-20T17:24:32Z
47144,moddey,und,"","",,Manx,Yann Kemper,2022-08-20T17:25:06Z
47336,sniegan,und,"","",,Manx,Yann Kemper,2022-08-20T17:25:32Z
41659,Mucawin sheenagh,und,"","",,Manx,Yann Kemper,2022-08-20T17:26:08Z
74113,booa,und,"","",,Manx,Yann Kemper,2022-08-20T17:27:26Z
45933,Fiorag,und,"","",,Manx,Yann Kemper,2022-08-20T17:28:14Z
47118,Doo oallee,und,"","",,Manx,Yann Kemper,2022-08-20T17:28:41Z
46927,Kyaghan,und,"","",,Manx,Yann Kemper,2022-08-20T17:29:02Z
41644,Mucawin bane,und,"","",,Manx,Yann Kemper,2022-08-20T17:29:23Z
85552,jolgane-leaghyr,und,"","",,Manx,Yann Kemper,2022-08-20T17:29:54Z
41963,lion spottagh,und,"","",,Manx,Yann Kemper,2022-08-20T17:30:32Z
43793,Doourchoo,und,"","",,Manx,Yann Kemper,2022-08-20T17:31:21Z
39532,Shligganagh,und,"","",,Manx,Yann Kemper,2022-08-20T17:32:03Z
41479,perkin,und,"","",,Manx,Yann Kemper,2022-08-20T17:38:12Z
551307,sharkagh,und,"","",,Manx,Yann Kemper,2022-08-20T17:38:33Z
136329,Bearkanagh,und,"","",,Manx,John E. Christensen,2022-11-02T10:55:03Z
20526,Ostrish,und,"","",,Manx,Johan Devos,2023-02-28T22:29:39Z
