id,vernacularName,language,locality,countryCode,source,lexicon,contributor,created
78580,bonde',und,"","",,Tlapaneco,Bodo Nuñez Oberg,2013-05-16T08:02:30Z
945610,yuguá,und,"","",https://www.inaturalist.org/taxon_names/449815/edit,Tlapaneco,Carlos Galindo-Leal,2019-09-23T19:15:02Z
82167,Yuki,und,"","",,Tlapaneco,Francisco Acosta,2020-05-01T19:02:31Z
63711,Ruxi,und,"","",,Tlapaneco,Francisco Acosta,2020-05-04T18:48:01Z
57666,Xtu’thaa maxaa,und,"","",,Tlapaneco,Francisco Acosta,2020-05-04T19:48:33Z
301455,Xtuthaa momii,und,"","",,Tlapaneco,Francisco Acosta,2020-05-04T21:02:06Z
266978,Xtúthaa mécui,und,"","",,Tlapaneco,Francisco Acosta,2020-05-04T21:02:38Z
59476,Cha’wan xtúthaa,und,"","",,Tlapaneco,Francisco Acosta,2020-05-04T21:04:38Z
267075,Xtúthaa mixcuii,und,"","",,Tlapaneco,Francisco Acosta,2020-05-04T21:10:03Z
301569,Xtúthaa ngidii mixcuii,und,"","",,Tlapaneco,Francisco Acosta,2020-05-04T21:12:44Z
301546,Xtúthaa ngidii,und,"","",,Tlapaneco,Francisco Acosta,2020-05-04T21:20:10Z
955230,Xtúthaa xuwá rákha,und,"","",,Tlapaneco,Francisco Acosta,2020-05-04T21:28:02Z
306972,Cha’wan,und,"","",,Tlapaneco,Francisco Acosta,2020-05-04T21:34:54Z
