id,vernacularName,language,locality,countryCode,source,lexicon,contributor,created
596435,mokalabata,und,"","",,Sekgatla,Botswanabugs,2021-06-29T17:28:30Z
182191,modikaseope,und,"","",,Sekgatla,Botswanabugs,2021-06-29T18:19:07Z
474039,mfatlha,und,"","",,Sekgatla,Botswanabugs,2021-07-01T17:19:48Z
169410,mollwana,und,"","",,Sekgatla,Botswanabugs,2021-07-03T15:26:27Z
594658,Mogato,und,"","",,Sekgatla,Botswanabugs,2021-07-03T18:53:59Z
468761,mmalenakana,und,"","",,Sekgatla,Botswanabugs,2021-07-04T12:14:18Z
338731,mmalenakana,und,"","",,Sekgatla,Botswanabugs,2021-07-04T12:17:45Z
168612,motalane,und,"","",,Sekgatla,Botswanabugs,2021-07-06T10:52:05Z
575088,Motshotlho,und,"","",,Sekgatla,Botswanabugs,2021-07-09T04:22:04Z
56739,mokhura,und,"","",,Sekgatla,Botswanabugs,2021-07-09T04:36:07Z
551811,kgane,und,"","",,Sekgatla,Botswanabugs,2021-07-09T05:08:14Z
527004,mofurokwane,und,"","",,Sekgatla,Botswanabugs,2021-07-09T05:36:01Z
132448,motswalakgoro,und,"","",,Sekgatla,Botswanabugs,2021-07-10T04:15:10Z
53083,monananthweng,und,"","",,Sekgatla,Botswanabugs,2021-07-10T04:39:31Z
53083,morothothobe,und,"","",,Sekgatla,Botswanabugs,2021-07-10T04:41:01Z
580627,mositwane,und,"","",,Sekgatla,Botswanabugs,2021-07-10T04:57:37Z
580627,lesitwane,und,"","",,Sekgatla,Botswanabugs,2021-07-10T04:59:48Z
430695,mositwane,und,"","",,Sekgatla,Botswanabugs,2021-07-10T05:13:53Z
430695,lesitwane,und,"","",,Sekgatla,Botswanabugs,2021-07-10T05:15:12Z
416750,mongonngololo,und,"","",,Sekgatla,Botswanabugs,2021-07-10T09:34:44Z
515460,bofitlha,und,"","",,Sekgatla,Botswanabugs,2021-07-10T10:39:51Z
592666,marotobana,und,"","",,Sekgatla,Khama III Memorial Museum in Serowe,2021-07-20T07:01:02Z
58991,selele,und,"","",,Sekgatla,Khama III Memorial Museum in Serowe,2021-07-20T07:30:08Z
591317,monokane,und,"","",,Sekgatla,Khama III Memorial Museum in Serowe,2021-07-20T07:55:36Z
594658,tshipidibogale,und,"","",,Sekgatla,Botswanabugs,2021-07-21T03:30:17Z
594658,tshipisemagale,und,"","",,Sekgatla,Botswanabugs,2021-07-21T03:31:51Z
340253,morekhuri,und,"","",,Sekgatla,Botswanabugs,2021-07-21T03:36:16Z
165503,mpimpi omonnye,und,"","",,Sekgatla,Botswanabugs,2021-07-25T11:10:58Z
590058,mongamu,und,"","",,Sekgatla,Botswanabugs,2021-07-25T11:16:09Z
590058,mpimpiomotona,und,"","",,Sekgatla,Botswanabugs,2021-07-25T11:17:19Z
590058,mpimpi omotona,und,"","",,Sekgatla,Botswanabugs,2021-07-25T11:18:48Z
586688,mothwathwaathwaa,und,"","",,Sekgatla,Botswanabugs,2021-07-27T05:19:14Z
532043,morotowapere,und,"","",,Sekgatla,Botswanabugs,2021-07-27T05:47:12Z
532043,morotowaphiri,und,"","",,Sekgatla,Botswanabugs,2021-07-27T05:48:13Z
532043,morotowapitse,und,"","",,Sekgatla,Botswanabugs,2021-07-27T05:49:17Z
186043,moomane,und,"","",,Sekgatla,Botswanabugs,2021-07-27T06:10:59Z
589550,mmutswabutswana,und,"","",,Sekgatla,Botswanabugs,2021-07-27T06:15:24Z
437591,bogokgwe,und,"","",,Sekgatla,Botswanabugs,2021-07-30T10:52:01Z
437591,sejabaleki,und,"","",,Sekgatla,Botswanabugs,2021-07-30T10:56:10Z
490656,sejabaleki,und,"","",,Sekgatla,Botswanabugs,2021-07-30T11:02:49Z
139025,mfetola,und,"","",,Sekgatla,Botswanabugs,2021-08-01T11:05:27Z
588237,mosimanewaralentswane,und,"","",,Sekgatla,Botswanabugs,2021-08-01T12:21:19Z
588237,mosimane walentswane,und,"","",,Sekgatla,Botswanabugs,2021-08-01T12:22:06Z
76609,mokhura,und,"","",,Sekgatla,Botswanabugs,2021-08-02T09:13:06Z
55854,mokhura,und,"","",,Sekgatla,Botswanabugs,2021-08-02T09:17:51Z
338775,tallapoa ennyennyane,und,"","",,Sekgatla,Botswanabugs,2021-08-02T10:38:19Z
338775,tallapoa yapodi,und,"","",,Sekgatla,Botswanabugs,2021-08-02T10:39:00Z
338775,tallapoa yadinku,und,"","",,Sekgatla,Botswanabugs,2021-08-02T10:39:38Z
583259,bjwang bjammmutla,und,"","",,Sekgatla,Botswanabugs,2021-08-02T11:03:37Z
583259,bojang jwammutla,und,"","",,Sekgatla,Botswanabugs,2021-08-02T11:05:03Z
338772,thubadifala,und,"","",,Sekgatla,Botswanabugs,2021-08-09T07:24:16Z
338772,motlapatlapa,und,"","",,Sekgatla,Botswanabugs,2021-08-09T07:28:35Z
135389,modubu,und,"","",,Sekgatla,Botswanabugs,2021-08-12T09:12:35Z
342738,Modube,und,"","",,Sekgatla,Botswanabugs,2021-08-13T16:52:29Z
567026,moraanoga,und,"","",,Sekgatla,Botswanabugs,2021-08-14T11:33:29Z
567026,morewanoga,und,"","",,Sekgatla,Botswanabugs,2021-08-14T11:34:19Z
349755,malomaagorothwe,und,"","",,Sekgatla,Botswanabugs,2021-08-14T12:07:58Z
340314,phukutsa,und,"","",,Sekgatla,Botswanabugs,2021-08-14T12:15:48Z
400698,bofitlha,und,"","",,Sekgatla,Botswanabugs,2021-08-25T18:16:09Z
586180,phakwe,und,"","",,Sekgatla,Botswanabugs,2021-09-01T07:16:13Z
588733,tshikadithata,und,"","",,Sekgatla,Botswanabugs,2021-09-01T07:58:52Z
861928,mfafu,und,"","",,Sekgatla,Botswanabugs,2021-09-13T13:06:47Z
431014,mfawa,und,"","",,Sekgatla,Botswanabugs,2021-11-03T05:46:55Z
43086,Pela,und,"","",,Sekgatla,Botswanabugs,2021-11-03T05:57:50Z
43561,mogolo,und,"","",,Sekgatla,Botswanabugs,2021-11-18T11:26:39Z
42341,serolo,und,"","",,Sekgatla,Botswanabugs,2021-11-18T12:56:26Z
45848,motseketseke,und,"","",,Sekgatla,Botswanabugs,2021-11-19T02:24:39Z
42055,lesie,und,"","",,Sekgatla,Botswanabugs,2021-11-19T02:46:11Z
871614,sekate,und,"","",,Sekgatla,Botswanabugs,2021-11-19T03:45:46Z
871614,sekatemosima,und,"","",,Sekgatla,Botswanabugs,2021-11-19T03:46:57Z
41921,lejara,und,"","",,Sekgatla,Botswanabugs,2021-12-05T10:03:00Z
41906,mothibitshwane,und,"","",,Sekgatla,Botswanabugs,2021-12-05T10:08:26Z
1398034,mmamoribola,und,"","",,Sekgatla,Riaan Stals,2022-08-19T23:28:04Z
72405,mmabatsane,und,"","",,Sekgatla,Botswanabugs,2022-11-16T03:44:16Z
336810,mogonono,und,"","",,Sekgatla,Botswanabugs,2023-04-27T20:00:39Z
1306005,mmabudu,und,"","",https://www.inaturalist.org/taxon_names/2785942/edit,Sekgatla,Bobby McCabe,2023-07-04T00:45:02Z
411086,moleane,und,"","",https://www.inaturalist.org/taxon_names/3324874/edit,Sekgatla,Iván Reséndiz Cruz,2024-11-03T09:37:35Z
