id,vernacularName,language,locality,countryCode,source,lexicon,contributor,created
1,पशु,und,"","",,Newari,John E. Christensen,2017-12-04T12:09:10Z
45933,थ्वाच्चा,und,"","",,Newari,John E. Christensen,2018-07-12T15:29:50Z
82814,पलेस्वां,und,"","",,Newari,John E. Christensen,2019-05-05T10:45:52Z
505478,खा (झंगः),und,"","",,Newari,John E. Christensen,2019-12-22T07:09:09Z
67532,अजिङ्गर,und,"","",,Newari,John E. Christensen,2020-05-14T12:25:01Z
47903,कंमा,und,"","",,Newari,John E. Christensen,2021-02-10T16:15:25Z
41964,सिंह,und,"","",,Newari,Zane Roskoph,2021-08-24T15:05:43Z
41967,धुँ,und,"","",,Newari,Zane Roskoph,2021-08-26T16:25:19Z
