id,vernacularName,language,locality,countryCode,source,lexicon,contributor,created
47158,Хробач,und,"","",,Rusyn,John E. Christensen,2017-11-30T22:24:38Z
6888,Зубчатоклювы,und,"","",,Rusyn,John E. Christensen,2018-01-25T15:53:07Z
4730,Бузьковы,und,"","",,Rusyn,John E. Christensen,2018-02-03T08:51:25Z
40151,Ссавцї,und,"","",,Rusyn,John E. Christensen,2019-02-07T16:11:56Z
505478,Курка,und,"","",,Rusyn,John E. Christensen,2019-12-27T07:20:09Z
4270,Корморан,und,"","",,Rusyn,John E. Christensen,2020-10-30T09:28:00Z
47516,Пструг дуговый,und,"","",,Rusyn,Zane Roskoph,2021-07-29T23:29:23Z
112581,Гарч,und,"","",,Rusyn,Zane Roskoph,2021-08-14T18:22:59Z
41964,Лев,und,"","",,Rusyn,Zane Roskoph,2021-08-24T15:10:47Z
