id,vernacularName,language,locality,countryCode,source,lexicon,contributor,created
52658,waawiiye-niigeganzh,oj,"","",,Ojibwe,cassi saari,2017-12-31T15:24:25Z
58721,mashkiigwaatig,oj,"","",,Ojibwe,cassi saari,2017-12-31T15:24:57Z
126560,mashkiigomin,oj,"","",,Ojibwe,cassi saari,2017-12-31T15:25:38Z
180413,mashkiigobag,oj,"","",,Ojibwe,cassi saari,2017-12-31T15:26:14Z
62213,mashkiigojiibik,oj,"","",,Ojibwe,cassi saari,2017-12-31T15:26:46Z
132767,waabashkikiibag,oj,"","",,Ojibwe,cassi saari,2017-12-31T15:32:03Z
51119,anungobikobiise,oj,"","",,Ojibwe,cassi saari,2017-12-31T15:32:52Z
50713,makizinan,oj,"","",,Ojibwe,cassi saari,2017-12-31T15:37:52Z
51434,agobizowin,oj,"","",,Ojibwe,cassi saari,2017-12-31T15:41:02Z
52651,omakikiiwidaasan,oj,"","",,Ojibwe,cassi saari,2017-12-31T15:42:19Z
59029,waabooyaabag,oj,"","",,Ojibwe,cassi saari,2017-12-31T15:42:49Z
51044,miskojiibik,oj,"","",,Ojibwe,cassi saari,2017-12-31T15:43:51Z
78998,anaakanashk,oj,"","",,Ojibwe,cassi saari,2017-12-31T15:50:56Z
126251,ozaawijiibik,oj,"","",,Ojibwe,cassi saari,2017-12-31T15:51:56Z
78998,gichigamiwashk,oj,"","",,Ojibwe,cassi saari,2017-12-31T15:53:03Z
48685,nabagashk,oj,"","",,Ojibwe,cassi saari,2017-12-31T15:56:21Z
49883,wiigwaasaatig,oj,"","",,Ojibwe,cassi saari,2017-12-31T15:56:49Z
54807,aagimaak,oj,"","",,Ojibwe,cassi saari,2017-12-31T15:57:38Z
55971,oshkinigiikwe aniibiish,oj,"","",,Ojibwe,cassi saari,2017-12-31T16:01:03Z
47911,zhaabozigan,oj,"","",,Ojibwe,cassi saari,2017-12-31T16:01:42Z
79554,minoomin,oj,"","",,Ojibwe,cassi saari,2017-12-31T16:03:03Z
77155,ode'imin,oj,"","",,Ojibwe,cassi saari,2017-12-31T16:03:36Z
52543,aninaatig ziinzibaakwad,oj,"","",,Ojibwe,cassi saari,2017-12-31T16:04:19Z
54037,songup,oj,"","",,Ojibwe,cassi saari,2017-12-31T16:05:58Z
54037,giizhikenh,oj,"","",,Ojibwe,cassi saari,2017-12-31T16:06:47Z
54037,giizhik,oj,"","",,Ojibwe,cassi saari,2017-12-31T16:07:07Z
54037,gizhikens,oj,"","",,Ojibwe,cassi saari,2017-12-31T16:07:20Z
54037,giizhikaandag,oj,"","",,Ojibwe,cassi saari,2017-12-31T16:07:31Z
75475,wiingashk,oj,"","",,Ojibwe,cassi saari,2017-12-31T16:08:07Z
75473,wiingashk,oj,"","",,Ojibwe,cassi saari,2017-12-31T16:08:55Z
71127,nookwezigan,oj,"","",,Ojibwe,cassi saari,2017-12-31T16:10:00Z
76942,nookwezigan,oj,"","",,Ojibwe,cassi saari,2017-12-31T16:10:31Z
67808,giiziso-mashkikii,oj,"","",,Ojibwe,cassi saari,2017-12-31T16:11:25Z
68049,apaakozigan,oj,"","",,Ojibwe,cassi saari,2017-12-31T16:12:06Z
52821,ajidamoowaanow,oj,"","",,Ojibwe,cassi saari,2017-12-31T16:14:46Z
117326,gaawaandag,oj,"","",,Ojibwe,cassi saari,2017-12-31T16:15:33Z
84296,zezegaandag,oj,"","",,Ojibwe,cassi saari,2017-12-31T16:15:53Z
58724,okikaandag,oj,"","",,Ojibwe,cassi saari,2017-12-31T16:16:26Z
52391,zhingwaak,oj,"","",,Ojibwe,cassi saari,2017-12-31T16:16:58Z
52383,zhingobii,oj,"","",,Ojibwe,cassi saari,2017-12-31T16:17:33Z
54261,zhingob,oj,"","",,Ojibwe,cassi saari,2017-12-31T16:17:49Z
49399,miskwaawaak,oj,Ojibwe language area,"",,Ojibwe,cassi saari,2017-12-31T16:18:29Z
41638,Makwa,oj,"","",,Ojibwe,cassi saari,2017-12-31T16:22:21Z
41880,zhigaag,oj,"","",,Ojibwe,cassi saari,2017-12-31T16:22:48Z
154999,aia' nikotci' min,oj,"","",,Ojibwe,cassi saari,2017-12-31T16:24:13Z
55896,zaugautigauhnse,oj,"","",,Ojibwe,cassi saari,2017-12-31T16:24:39Z
75307,saga' tigans,oj,"","",,Ojibwe,cassi saari,2017-12-31T16:25:17Z
50863,ataagib,oj,"","",,Ojibwe,cassi saari,2017-12-31T16:25:39Z
54775,moozwemizh,oj,"","",,Ojibwe,cassi saari,2017-12-31T16:27:45Z
54775,moozomish,oj,"","",,Ojibwe,cassi saari,2017-12-31T16:28:17Z
127946,ciwade'iminaga'wunj,oj,"","",,Ojibwe,cassi saari,2017-12-31T16:28:58Z
54854,wiigibiish,oj,"","",,Ojibwe,cassi saari,2017-12-31T16:32:04Z
54854,asigobaami-mazinichigan,oj,"","",,Ojibwe,cassi saari,2017-12-31T16:32:32Z
54854,wiigobimizh,oj,"","",,Ojibwe,cassi saari,2017-12-31T16:32:47Z
54854,wiigbimish,oj,"","",,Ojibwe,cassi saari,2017-12-31T16:32:59Z
54854,wiigob,oj,Ojibwe language area,"",,Ojibwe,cassi saari,2017-12-31T16:33:07Z
54854,weegobee,oj,"","",,Ojibwe,cassi saari,2017-12-31T16:33:17Z
54854,wiigobaatig,oj,"","",,Ojibwe,cassi saari,2017-12-31T16:33:25Z
54854,wiigobiishaatig,oj,"","",,Ojibwe,cassi saari,2017-12-31T16:33:34Z
133393,wewaie' bugug,oj,"","",,Ojibwe,cassi saari,2017-12-31T16:34:14Z
53547,aniib,oj,Ojibwe language area,"",,Ojibwe,cassi saari,2017-12-31T16:34:34Z
54770,bagaanimizh,oj,"","",,Ojibwe,cassi saari,2017-12-31T16:34:54Z
53547,niib,oj,"","",,Ojibwe,cassi saari,2017-12-31T16:35:03Z
53547,niip,oj,"","",,Ojibwe,cassi saari,2017-12-31T16:35:14Z
54770,bagaanensiminagaawanzh,oj,"","",,Ojibwe,cassi saari,2017-12-31T16:35:46Z
54770,mako-bagaanaak,oj,"","",,Ojibwe,cassi saari,2017-12-31T16:36:01Z
54770,bagaaniminzh,oj,"","",,Ojibwe,cassi saari,2017-12-31T16:36:23Z
54770,bagaan,oj,"","",,Ojibwe,cassi saari,2017-12-31T16:36:33Z
54265,adjimag,oj,"","",,Ojibwe,cassi saari,2017-12-31T16:37:34Z
125488,miskwimin,oj,"","",,Ojibwe,cassi saari,2017-12-31T16:37:55Z
125488,miskwiminagaawanzh,oj,"","",,Ojibwe,cassi saari,2017-12-31T16:38:10Z
119827,gichi-okaadaak,oj,"","",,Ojibwe,cassi saari,2017-12-31T16:39:37Z
119827,nezhikewang,oj,"","",,Ojibwe,cassi saari,2017-12-31T16:39:46Z
119827,aya'bidjidji'bikugi'sin,oj,"","",,Ojibwe,cassi saari,2017-12-31T16:39:55Z
119827,okaadaak,oj,"","",,Ojibwe,cassi saari,2017-12-31T16:40:04Z
53387,miskwaabiimag,oj,"","",,Ojibwe,cassi saari,2018-01-01T01:53:09Z
42199,adik,oj,"","",,Ojibwe,cassi saari,2018-01-01T01:54:06Z
46217,agongos,oj,Ojibwe language area,"",,Ojibwe,cassi saari,2018-01-01T01:54:29Z
46217,agongosens,oj,Ojibwe language area,"",,Ojibwe,cassi saari,2018-01-01T01:55:06Z
46260,ajidamoo,oj,"","",,Ojibwe,cassi saari,2018-01-01T01:56:23Z
46095,akakojiishi,oj,Ojibwe language area,"",,Ojibwe,cassi saari,2018-01-01T01:56:40Z
43794,amik,oj,Ojibwe language area,"",,Ojibwe,cassi saari,2018-01-01T01:56:57Z
40268,apakwaanaajiinyag,oj,"","",,Ojibwe,cassi saari,2018-01-01T01:57:51Z
41974,Bizhiw,oj,Ojibwe language area,"",,Ojibwe,cassi saari,2018-01-01T01:58:05Z
41663,esiban,oj,Ojibwe language area,"",,Ojibwe,cassi saari,2018-01-01T01:58:25Z
44026,gaag,oj,Ojibwe language area,"",,Ojibwe,cassi saari,2018-01-01T01:58:43Z
41976,Gidagaa-bizhiw,oj,Ojibwe language area,"",,Ojibwe,cassi saari,2018-01-01T01:59:01Z
41852,gwiingwa'aage,oj,"","",,Ojibwe,cassi saari,2018-01-01T01:59:14Z
42048,ma'iingan,oj,"","",,Ojibwe,cassi saari,2018-01-01T02:00:22Z
43111,manidoo-waabooz,oj,Ojibwe language area,"",,Ojibwe,cassi saari,2018-01-01T02:02:09Z
42408,Mashkode-bizhiki,oj,"","",,Ojibwe,cassi saari,2018-01-01T02:02:26Z
44059,memookiwidoo,oj,"","",,Ojibwe,cassi saari,2018-01-01T02:02:41Z
46020,misajidamoo,oj,"","",,Ojibwe,cassi saari,2018-01-01T02:02:59Z
46017,misajidamoo,oj,Ojibwe language area,"",,Ojibwe,cassi saari,2018-01-01T02:03:23Z
43145,misaabooz,oj,"","",,Ojibwe,cassi saari,2018-01-01T02:03:46Z
42007,mishibizhii,oj,"","",,Ojibwe,cassi saari,2018-01-01T02:04:09Z
47056,nenaapaajinikesi,oj,"","",,Ojibwe,cassi saari,2018-01-01T02:05:06Z
41777,nigig,oj,Ojibwe language area,"",,Ojibwe,cassi saari,2018-01-01T02:05:27Z
564777,omashkooz,oj,"","",,Ojibwe,cassi saari,2018-01-01T02:06:20Z
45763,wazhashk,oj,Ojibwe language area,"",,Ojibwe,cassi saari,2018-01-01T02:06:38Z
41798,waabizheshi,oj,Ojibwe language area,"",,Ojibwe,cassi saari,2018-01-01T02:07:10Z
43132,waabooz,oj,"","",,Ojibwe,cassi saari,2018-01-01T02:07:30Z
42069,waagosh,oj,Ojibwe language area,"",,Ojibwe,cassi saari,2018-01-01T02:07:46Z
44349,waawaabiganoojiinyag,oj,"","",,Ojibwe,cassi saari,2018-01-01T02:09:39Z
42223,waawaashkesh,oj,"","",,Ojibwe,cassi saari,2018-01-01T02:10:02Z
46272,zhagashkaandawe,oj,"","",,Ojibwe,cassi saari,2018-01-01T02:10:33Z
46266,zhagashkaandawe,oj,Ojibwe language area,"",,Ojibwe,cassi saari,2018-01-01T02:10:42Z
46265,zhagashkaandaweg,oj,"","",,Ojibwe,cassi saari,2018-01-01T02:11:15Z
41801,zhingosag,oj,"","",,Ojibwe,cassi saari,2018-01-01T02:13:17Z
47125,waabigwaniin,oj,"","",,Ojibwe,cassi saari,2018-01-01T21:59:17Z
204243,ataagib,oj,North America (inc. ocean),"",,Ojibwe,cassi saari,2018-02-11T19:02:22Z
204243,miskwaabiimag,oj,North America (inc. ocean),"",,Ojibwe,cassi saari,2018-02-11T19:02:22Z
204243,sagagominagashinh,oj,"","",,Ojibwe,cassi saari,2018-02-11T19:02:24Z
522193,Mooz,oj,Ojibwe language area,"",,Ojibwe,cassi saari,2019-01-14T23:24:32Z
453109,ojiig,oj,Ojibwe language area,"",,Ojibwe,cassi saari,2019-08-21T13:36:56Z
5212,Gekek,oj,Ojibwe language area,"",,Ojibwe,Adam Malus,2020-03-28T00:18:27Z
6930,ininishib,oj,Ojibwe language area,"",,Ojibwe,Adam Malus,2020-03-28T00:35:40Z
5305,Migizi,oj,Ojibwe language area,"",,Ojibwe,Adam Malus,2020-03-28T00:43:56Z
9744,"Asiginaak (Cachakanoo, Miskwaange)",oj,Ojibwe language area,"",,Ojibwe,Adam Malus,2020-03-28T20:55:17Z
4956,Zhashagi,oj,"Ojibwe language area | City of Kingston, Ontario","",,Ojibwe,Adam Malus,2020-03-28T21:22:02Z
48662,Ashkibag,oj,"Ojibwe language area | City of Kingston, Ontario","",,Ojibwe,Adam Malus,2020-03-28T21:51:03Z
7089,Nika,oj,Ojibwe language area,"",,Ojibwe,Adam Malus,2020-03-28T22:20:31Z
12727,"Apichi (Opichi, Pihci, Pihpihci, Anamahe Okimaa)",oj,Ojibwe language area,"",,Ojibwe,Adam Malus,2020-03-28T22:28:17Z
8229,Diindiisi,oj,Ojibwe language area,"",,Ojibwe,Adam Malus,2020-03-28T22:32:25Z
28362,Wenjida Ginebig,oj,Ojibwe language area,"",,Ojibwe,Adam Malus,2020-03-28T23:59:44Z
4364,Gayaashk,oj,Ojibwe language area,"",,Ojibwe,Adam Malus,2020-03-29T00:17:54Z
29305,Omisandamoo,oj,Ojibwe language area,"",,Ojibwe,Adam Malus,2020-03-29T00:34:27Z
19893,Ochiipwamoshiish (Wenjida-gookookoo`oo),oj,Ojibwe language area,"",,Ojibwe,Adam Malus,2020-03-29T00:48:58Z
116999,Biijigigwane,oj,Ojibwe language area,"",,Ojibwe,Adam Malus,2020-03-29T01:08:59Z
6432,Nenookaasi,oj,Ojibwe language area,"",,Ojibwe,Adam Malus,2020-03-29T01:11:01Z
792990,Baapaase,oj,Ojibwe language area,"",,Ojibwe,Adam Malus,2020-03-29T01:13:00Z
14801,Zhaagashkaandawens,oj,Ojibwe language area,"",,Ojibwe,Adam Malus,2020-03-29T01:18:15Z
5020,Gichi-mooshkahosi,oj,Ojibwe language area,"",,Ojibwe,Adam Malus,2020-03-29T01:20:30Z
58654,Wawaazisii,oj,Ojibwe language area,"",,Ojibwe,Adam Malus,2020-03-29T01:27:28Z
6921,"Waabisi (wabisiipin, waapisew)",oj,Ojibwe language area,"",,Ojibwe,Adam Malus,2020-03-29T01:30:56Z
17855,Meme,oj,Ojibwe language area,"",,Ojibwe,Adam Malus,2020-03-29T01:37:00Z
49614,Agwadaashi,oj,Ojibwe language area,"",,Ojibwe,Adam Malus,2020-03-29T01:46:21Z
144815,"Gijigijigaaneshiinh (chikomeses, cakaapesh)",oj,Ojibwe language area,"",,Ojibwe,Adam Malus,2020-03-29T01:48:47Z
42051,Wiisagi-ma' iingan,oj,Ojibwe language area,"",,Ojibwe,Adam Malus,2020-03-29T02:08:18Z
7054,Gichi-dagwaagishib (Gichi-takwaakiship),oj,Ojibwe language area,"",,Ojibwe,Adam Malus,2020-03-29T02:10:24Z
776086,Ashaageshiinh,oj,Ojibwe language area,"",,Ojibwe,Adam Malus,2020-03-29T02:20:10Z
39771,Miskwaadesi,oj,Ojibwe language area,"",,Ojibwe,Adam Malus,2020-03-29T02:24:09Z
59675,Miishijiizimwaabigwes,oj,"","",,Ojibwe,Adam Malus,2020-03-29T03:02:39Z
39682,Mikinaak,oj,Ojibwe language area,"",,Ojibwe,Adam Malus,2020-03-29T13:28:11Z
906,Gichi-bine (Mizise),oj,Ojibwe language area,"",,Ojibwe,Adam Malus,2020-03-29T13:30:52Z
66003,Gidagimakakii,oj,Ojibwe language area,"",,Ojibwe,Adam Malus,2020-03-29T13:32:27Z
9083,Misko-bineshiinh,oj,Ojibwe language area,"",,Ojibwe,Adam Malus,2020-03-29T13:35:41Z
9602,Zhaawananiisi (Siginaat),oj,Ojibwe language area,"",,Ojibwe,Adam Malus,2020-03-29T13:40:11Z
52354,Zhaawshozid e gidugaakozid Dawgomeg,oj,Ojibwe language area,"",,Ojibwe,Adam Malus,2020-03-29T21:22:19Z
27186,Wabonong Miskwawgung Dawgomeg,oj,Ojibwe language area,"",,Ojibwe,Adam Malus,2020-03-29T21:33:35Z
27420,Geewedinong Dibikoshin Dawgomeg,oj,"City of Kingston, Ontario","",,Ojibwe,Adam Malus,2020-03-29T21:37:33Z
27120,Geewedinong Neezho Beshigeezihd Dawgomeg,oj,"City of Kingston, Ontario","",,Ojibwe,Adam Malus,2020-03-29T21:39:34Z
27652,Neewi kinakwaisideh Dawgomeg,oj,"City of Kingston, Ontario","",,Ojibwe,Adam Malus,2020-03-29T21:41:46Z
27805,Msko Dawgomegohns,oj,"City of Kingston, Ontario","",,Ojibwe,Adam Malus,2020-03-29T21:43:30Z
123499,Misko-Gidugizid Dawgomegohns,oj,"City of Kingston, Ontario","",,Ojibwe,Adam Malus,2020-03-29T21:45:49Z
26790,E Gidugizid Dawgomeg,oj,Ojibwe language area,"",,Ojibwe,Adam Malus,2020-03-29T21:48:39Z
27390,Wadjiw Allegheny Dibikoshin Dawgomeg,oj,"City of Kingston, Ontario","",,Ojibwe,Adam Malus,2020-03-29T21:51:04Z
26745,Eggaatchi doohng Dawgomeg,oj,"City of Kingston, Ontario","",,Ojibwe,Adam Malus,2020-03-29T22:09:47Z
26725,Jefferson Dawgomegomun,oj,"City of Kingston, Ontario","",,Ojibwe,Adam Malus,2020-03-29T22:10:53Z
27685,Zhashkiw nimoos Dawgomeg,oj,Ojibwe language area,"",,Ojibwe,Adam Malus,2020-03-29T22:13:14Z
24268,Shkiminookamik Makakii,oj,Ojibwe language area,"",,Ojibwe,Adam Malus,2020-03-29T22:15:03Z
23783,Waabaanzod Mitigoksheehn Makakii,oj,Ojibwe language area,"",,Ojibwe,Adam Malus,2020-03-29T22:37:02Z
64968,Kitchi mokomini Dende,oj,Ojibwe language area,"",,Ojibwe,Adam Malus,2020-03-29T22:44:17Z
65979,Dende,oj,Ojibwe language area,"",,Ojibwe,Adam Malus,2020-03-29T22:45:00Z
65982,Zhawushko Mukaki,oj,Ojibwe language area,"",,Ojibwe,Adam Malus,2020-03-29T22:46:58Z
64977,Fowler o Dendemum,oj,Ojibwe language area,"",,Ojibwe,Adam Malus,2020-03-29T22:47:54Z
66012,Mitigo Makaki,oj,Ojibwe language area,"",,Ojibwe,Adam Malus,2020-03-29T22:49:09Z
67642,Makate Kitchi Wahbegoonooje Gnebik,oj,"City of Kingston, Ontario","",,Ojibwe,Adam Malus,2020-03-31T00:27:23Z
28423,Butler Wenda Gnebikonmun,oj,"City of Kingston, Ontario","",,Ojibwe,Adam Malus,2020-03-31T01:29:27Z
27146,Giizhgwaanzod Ggwejkazhwed Gnebik,oj,"City of Kingston, Ontario","",,Ojibwe,Adam Malus,2020-03-31T01:32:15Z
28850,Gichi-ogimaakwe Ginebik,oj,Ojibwe language area,"",,Ojibwe,Adam Malus,2020-03-31T01:35:26Z
42223,Waawaashkeshi,oj,Ojibwe language area,"",,Ojibwe,Adam Malus,2020-03-31T13:07:44Z
8021,Aandeg,oj,Ojibwe language area,"",,Ojibwe,Adam Malus,2020-03-31T13:25:41Z
47219,Aamoo,oj,Ojibwe language area,"",,Ojibwe,Adam Malus,2020-03-31T13:32:16Z
66002,Ogah Makakii,oj,Ojibwe language area,"",,Ojibwe,Adam Malus,2020-03-31T13:38:12Z
44396,Waawaabiganoojiinh,oj,Ojibwe language area,"",,Ojibwe,Adam Malus,2020-03-31T13:41:50Z
66007,Shaungwesheh Makakii,oj,Ojibwe language area,"",,Ojibwe,Adam Malus,2020-03-31T13:46:35Z
42652,Ayaanii,oj,Ojibwe language area,"",,Ojibwe,Adam Malus,2020-03-31T16:47:15Z
56222,Namepin,oj,Ojibwe language area,"",,Ojibwe,Adam Malus,2020-03-31T18:03:09Z
7107,Mitigoningwiishib (Kiinikoceship),oj,Ojibwe language area,"",,Ojibwe,Adam Malus,2020-03-31T18:04:38Z
144883,Aanak (Anaamisagadoweshiinh),oj,Ojibwe language area,"",,Ojibwe,Adam Malus,2020-03-31T18:08:12Z
972793,Zhigaag Oboogidiwin,oj,Ojibwe language area,"",,Ojibwe,Adam Malus,2020-03-31T18:19:48Z
119825,Waaboozojiibik,oj,Ojibwe language area,"",,Ojibwe,Adam Malus,2020-03-31T20:00:07Z
204164,Oshkitebag,oj,Ojibwe language area,"",,Ojibwe,Adam Malus,2020-03-31T20:04:09Z
82306,Wiiken (Na'bûgûck),oj,Ojibwe language area,"",,Ojibwe,Adam Malus,2020-03-31T20:11:29Z
54638,Mashkiigwemojaash,oj,Ojibwe language area,"",,Ojibwe,Adam Malus,2020-03-31T20:18:09Z
52833,"Gaagigebag (Baasibagak, Wa’bigwûn, Basi’bagûk)",oj,Ojibwe language area,"",,Ojibwe,Adam Malus,2020-03-31T20:33:12Z
52992,Bida’anaamashkiki,oj,Ojibwe language area,"",,Ojibwe,Adam Malus,2020-03-31T20:35:21Z
167010,Otawagebag,oj,Ojibwe language area,"",,Ojibwe,Adam Malus,2020-03-31T20:38:52Z
58732,"Animikiibag (Bibigwashk, Babiigobagoon, Doodamakiibag, Maji-aniibiish)",oj,Ojibwe language area,"",,Ojibwe,Adam Malus,2020-03-31T20:40:28Z
51884,zesab,oj,Ojibwe language area,"",,Ojibwe,Adam Malus,2020-03-31T20:41:50Z
157984,Wiikensh,oj,"","",,Ojibwe,Adam Malus,2020-03-31T20:42:47Z
204239,Wiingwashk,oj,Ojibwe language area,"",,Ojibwe,Adam Malus,2020-03-31T20:44:43Z
85492,Baashki’aakwaanibag,oj,Ojibwe language area,"",,Ojibwe,Adam Malus,2020-03-31T20:50:39Z
56325,Namepin,oj,Ojibwe language area,"",,Ojibwe,Adam Malus,2020-03-31T21:35:46Z
53905,Ozhaawashko-Manidoons,oj,Ojibwe language area,"",,Ojibwe,Adam Malus,2020-03-31T21:43:36Z
154524,Gine Bigominaga Wunj,oj,Ojibwe language area,"",,Ojibwe,Adam Malus,2020-03-31T23:31:27Z
48215,Ozhawe‐wazashkwedi,oj,Ojibwe language area,"",,Ojibwe,Adam Malus,2020-04-01T00:03:43Z
48422,Pikojish,oj,Ojibwe language area,"",,Ojibwe,Adam Malus,2020-04-01T00:11:29Z
52543,"Aninaatig (Cîwa'bo, Ziinzibaakwadwaatig)",oj,Ojibwe language area,"",,Ojibwe,Adam Malus,2020-04-01T00:20:43Z
82574,Gichi-aniibiish,oj,Ojibwe language area,"",,Ojibwe,Adam Malus,2020-04-01T00:31:53Z
399394,Noonaaganaawashk+oon,oj,Ojibwe language area,"",,Ojibwe,Adam Malus,2020-04-01T00:42:02Z
58682,Genwaakizid   Waazashkwedowin,oj,Ojibwe language area,"",,Ojibwe,Adam Malus,2020-04-01T00:54:14Z
56830,Moozonadow,oj,Ojibwe language area,"",,Ojibwe,Adam Malus,2020-04-01T01:00:30Z
54791,Mitigwaabaak (baga'nako'bagan),oj,Ojibwe language area,"",,Ojibwe,Adam Malus,2020-04-01T01:14:20Z
78450,Babigo-mashkiki,oj,Ojibwe language area,"",,Ojibwe,Adam Malus,2020-04-01T01:16:54Z
62207,Wezaawaanagak+wag,oj,Ojibwe language area,"",,Ojibwe,Adam Malus,2020-04-01T01:56:18Z
50310,"Zhaashaagomin (Caca'gomîn, Zhingibisiwashk)",oj,Ojibwe language area,"",,Ojibwe,Adam Malus,2020-04-01T02:28:40Z
14995,Memaadwe-bineshiinh (Mamadwebineshi),oj,Ojibwe language area,"",,Ojibwe,Adam Malus,2020-04-01T02:42:32Z
145238,Ozaawibineshiinzh (kiishkaatikopineshiinsh),oj,Ojibwe language area,"",,Ojibwe,Adam Malus,2020-04-01T02:46:26Z
792988,Baapaase,oj,Ojibwe language area,"",,Ojibwe,Adam Malus,2020-04-01T20:45:54Z
4626,Maang,oj,Ojibwe language area,"",,Ojibwe,Adam Malus,2020-04-01T20:51:31Z
14850,"Moozobineshiinzh (nadjinamanessi, ocikomish)",oj,Ojibwe language area,"",,Ojibwe,Adam Malus,2020-04-01T20:54:27Z
14841,Maajinamanesi+wag,oj,Ojibwe language area,"",,Ojibwe,Adam Malus,2020-04-01T20:55:37Z
14823,"Gaashkigane`aadowesi (acicaakoshimoo, kitimikanehaadowesi)",oj,Ojibwe language area,"",,Ojibwe,Adam Malus,2020-04-01T20:58:15Z
4756,Wiinaange,oj,Ojibwe language area,"",,Ojibwe,Adam Malus,2020-04-01T21:07:21Z
204533,Gayaashk,oj,Ojibwe language area,"",,Ojibwe,Adam Malus,2020-04-01T21:11:11Z
4343,Gayaashkwag,oj,Ojibwe language area,"",,Ojibwe,Adam Malus,2020-04-01T21:12:19Z
117100,Wiigobii-bineshiinzh (ocikomishi),oj,Ojibwe language area,"",,Ojibwe,Adam Malus,2020-04-01T21:16:31Z
12890,Miskominikesi,oj,Ojibwe language area,"",,Ojibwe,Adam Malus,2020-04-01T21:18:23Z
10271,Okanisii,oj,Ojibwe language area,"",,Ojibwe,Adam Malus,2020-04-01T21:21:56Z
9315,Asiginaak,oj,Ojibwe language area,"",,Ojibwe,Adam Malus,2020-04-01T21:25:00Z
10487,"Manominikesi (Waabasiginaak, Zhigaago-bineshiinh)",oj,Ojibwe language area,"",,Ojibwe,Adam Malus,2020-04-01T21:29:59Z
515419,Doodooshaaboo Gnebek,oj,Ojibwe language area,"",,Ojibwe,Adam Malus,2020-04-01T21:37:40Z
20044,Wenjiganoozhiinh (Wenda-gookooko`oo),oj,Ojibwe language area,"",,Ojibwe,Adam Malus,2020-04-02T00:33:46Z
144594,Waabi-gookooko`oo,oj,Ojibwe language area,"",,Ojibwe,Adam Malus,2020-04-02T00:35:03Z
19729,Gaakaabishiinh+yag,oj,Ojibwe language area,"",,Ojibwe,Adam Malus,2020-04-02T00:38:33Z
7109,"Memigojeshib (Giinigojeshib, Anzig, Kiinikoceship, Kiinikooneship, Memikoceship)",oj,Ojibwe language area,"",,Ojibwe,Adam Malus,2020-04-02T00:47:27Z
7004,Anzig,oj,Ojibwe language area,"",,Ojibwe,Adam Malus,2020-04-02T00:48:55Z
6996,Gaawanzig,oj,Ojibwe language area,"",,Ojibwe,Adam Malus,2020-04-02T00:50:28Z
4793,Ajiichiishkiwens,oj,Ojibwe language area,"",,Ojibwe,Adam Malus,2020-04-02T00:52:06Z
4793,Bikwakoshib,oj,Ojibwe language area,"",,Ojibwe,Adam Malus,2020-04-02T00:53:31Z
6990,Bikwakoshib (Gokooshib),oj,Ojibwe language area,"",,Ojibwe,Adam Malus,2020-04-02T00:54:46Z
4450,Gayaashkoshens,oj,Ojibwe language area,"",,Ojibwe,Adam Malus,2020-04-02T00:58:28Z
144537,Gayaashkoshens,oj,Ojibwe language area,"",,Ojibwe,Adam Malus,2020-04-02T00:59:39Z
145245,"Ginjibigwesi (kincipakwesi, kiishkaatikopineshiinsh, nikapineshiinsh, kincipikwesi)",oj,Ojibwe language area,"",,Ojibwe,Adam Malus,2020-04-02T01:06:15Z
979757,Ozaawibineshiinzh (pipoonise),oj,Ojibwe language area,"",,Ojibwe,Adam Malus,2020-04-02T01:09:26Z
129305,Bapakine,oj,Ojibwe language area,"",,Ojibwe,Adam Malus,2020-04-02T01:12:37Z
5097,Boonose,oj,Ojibwe language area,"",,Ojibwe,Adam Malus,2020-04-02T01:17:48Z
4665,Bibiigiwizens,oj,Ojibwe language area,"",,Ojibwe,Adam Malus,2020-04-02T01:19:50Z
5179,Gekek,oj,Ojibwe language area,"",,Ojibwe,Adam Malus,2020-04-02T01:21:48Z
5212,Miskwananiisi,oj,Ojibwe language area,"",,Ojibwe,Adam Malus,2020-04-02T01:23:23Z
5200,Makade-gekek (Mishigekek),oj,Ojibwe language area,"",,Ojibwe,Adam Malus,2020-04-02T01:28:08Z
199840,Biiy,oj,Ojibwe language area,"",,Ojibwe,Adam Malus,2020-04-02T01:31:30Z
145310,"Aginjibagwesi (piyank, okanise)",oj,Ojibwe language area,"",,Ojibwe,Adam Malus,2020-04-02T01:32:41Z
199841,Joowensh,oj,Ojibwe language area,"",,Ojibwe,Adam Malus,2020-04-02T01:35:26Z
7428,"Zegibanwaanishiinh (Ogimabineshi, Sekipanoociins)",oj,Ojibwe language area,"",,Ojibwe,Adam Malus,2020-04-02T01:42:49Z
9100,"Gwaagwaashkonejiins (Giishkiishkanoo, ocikomishi, kiishkiishkanoo)",oj,Ojibwe language area,"",,Ojibwe,Adam Malus,2020-04-02T01:47:56Z
3454,Omiimii,oj,Ojibwe language area,"",,Ojibwe,Adam Malus,2020-04-02T01:51:21Z
9721,"Gijigaaneshiinzh (cakaapesh, kicikaaneshiinsh)",oj,Ojibwe language area,"",,Ojibwe,Adam Malus,2020-04-02T01:53:21Z
7562,Aanak (Anaamisagadoweshiinh),oj,Ojibwe language area,"",,Ojibwe,Adam Malus,2020-04-02T01:57:37Z
3017,Omiimii,oj,Ojibwe language area,"",,Ojibwe,Adam Malus,2020-04-02T01:59:14Z
18236,Mooningwane,oj,Ojibwe language area,"",,Ojibwe,Adam Malus,2020-04-02T02:00:46Z
6917,Waabizii,oj,Ojibwe language area,"",,Ojibwe,Adam Malus,2020-04-02T02:02:18Z
48484,Ikwewi-manijoosh,oj,Ojibwe language area,"",,Ojibwe,Adam Malus,2020-04-02T02:05:11Z
9424,Makade-aayaanak,oj,Ojibwe language area,"",,Ojibwe,Adam Malus,2020-04-02T02:06:54Z
120489,Oojii,oj,Ojibwe language area,"",,Ojibwe,Adam Malus,2020-04-02T02:10:48Z
51702,Ikwewi-manijoosh,oj,Ojibwe language area,"",,Ojibwe,Adam Malus,2020-04-02T02:13:56Z
129902,Enigoons,oj,Ojibwe language area,"",,Ojibwe,Adam Malus,2020-04-02T02:15:58Z
49552,Nengodwaakogaaded,oj,Ojibwe language area,"",,Ojibwe,Adam Malus,2020-04-02T02:21:41Z
60598,Ezigaa,oj,Ojibwe language area,"",,Ojibwe,Adam Malus,2020-04-02T02:23:55Z
558446,Waabishkananiisi,oj,Ojibwe language area,"",,Ojibwe,Adam Malus,2020-04-02T02:25:18Z
6915,Ininaabizii (Waabizii),oj,Ojibwe language area,"",,Ojibwe,Adam Malus,2020-04-02T02:26:16Z
20307,Wewenjiganoo,oj,Ojibwe language area,"",,Ojibwe,Adam Malus,2020-04-02T02:27:21Z
118913,Ozaawaa-aamoo,oj,Ojibwe language area,"",,Ojibwe,Adam Malus,2020-04-02T02:29:43Z
84640,Aamoo,oj,Ojibwe language area,"",,Ojibwe,Adam Malus,2020-04-02T02:32:00Z
118552,Gaazhagens,oj,Ojibwe language area,"",,Ojibwe,Adam Malus,2020-04-02T02:33:24Z
119170,Meminaabawijiisii,oj,Ojibwe language area,"",,Ojibwe,Adam Malus,2020-04-02T02:35:35Z
3875,Jiichiishkishii,oj,Ojibwe language area,"",,Ojibwe,Adam Malus,2020-04-02T02:38:32Z
72458,Jiidawenh (Jiichiishkishii),oj,Ojibwe language area,"",,Ojibwe,Adam Malus,2020-04-02T02:39:28Z
5034,Mooshka'osiins,oj,Ojibwe language area,"",,Ojibwe,Adam Malus,2020-04-02T02:43:58Z
44311,Waawaabiganoojiinh,oj,Ojibwe language area,"",,Ojibwe,Adam Malus,2020-04-02T02:46:37Z
47144,Animosh,oj,Ojibwe language area,"",,Ojibwe,Adam Malus,2020-04-02T02:47:18Z
119994,Ozaawaa-aamoo,oj,Ojibwe language area,"",,Ojibwe,Adam Malus,2020-04-02T02:50:45Z
2548,Ogashkimanisii,oj,Ojibwe language area,"",,Ojibwe,Adam Malus,2020-04-02T02:53:40Z
8010,Gaagaagi,oj,Ojibwe language area,"",,Ojibwe,Adam Malus,2020-04-02T02:56:23Z
6363,Nenookaasi,oj,Ojibwe language area,"",,Ojibwe,Adam Malus,2020-04-02T02:59:33Z
43584,Anishinaabe,oj,Ojibwe language area,"",,Ojibwe,Adam Malus,2020-04-02T03:00:54Z
44540,Gichi-waawaabigonoojenzhish,oj,Ojibwe language area,"",,Ojibwe,Adam Malus,2020-04-02T03:02:20Z
24255,Gichi Geewedinginong Wajinumazod Makakii,oj,Ojibwe language area,"",,Ojibwe,Adam Malus,2020-04-02T03:05:12Z
47726,Zhaashaagobiimag (Adjagobi’mûk),oj,Ojibwe language area,"",,Ojibwe,Adam Malus,2020-04-02T03:10:06Z
167829,Baakwaanaatig,oj,Ojibwe language area,"",,Ojibwe,Adam Malus,2020-04-02T03:15:23Z
54764,"Makomizh  (Baakwaanimizh, Bakwa'nak)",oj,Ojibwe language area,"",,Ojibwe,Adam Malus,2020-04-02T03:19:35Z
76610,Manidoo-okaadaak,oj,Ojibwe language area,"",,Ojibwe,Adam Malus,2020-04-02T03:21:55Z
54792,Bagaanaak,oj,Ojibwe language area,"",,Ojibwe,Adam Malus,2020-04-02T03:26:21Z
55402,Ininiiwindibiigegan (Baushkindjibgwaun),oj,Ojibwe language area,"",,Ojibwe,Adam Malus,2020-04-02T03:27:54Z
59029,Waabooyaanibag (Nookaadiziiganzh),oj,Ojibwe language area,"",,Ojibwe,Adam Malus,2020-04-02T03:29:24Z
48240,Namegobagoni (Numaegbugoneen),oj,Ojibwe language area,"",,Ojibwe,Adam Malus,2020-04-02T03:32:04Z
59778,Bibigwewanashk,oj,Ojibwe language area,"",,Ojibwe,Adam Malus,2020-04-02T03:34:21Z
49005,"Mitigomizh-Miskozi (Wiisagi-Mitigomizh, Mashkode-Miizhimizh)",oj,Ojibwe language area,"",,Ojibwe,Adam Malus,2020-04-02T03:36:28Z
54037,"Giizhik (Giizhikaatig, Gi'jîkandag)",oj,Ojibwe language area,"",,Ojibwe,Adam Malus,2020-04-02T03:39:34Z
52391,Zhingwaak (Biisaandago-zhingwaak),oj,Ojibwe language area,"",,Ojibwe,Adam Malus,2020-04-02T03:40:54Z
51875,Nisoobag+oon ezhi-wadong+in,oj,Ojibwe language area,"",,Ojibwe,Adam Malus,2020-04-02T03:43:34Z
52989,Gichi-mazaanaatig (Ji'masa'nûck),oj,Ojibwe language area,"",,Ojibwe,Adam Malus,2020-04-02T03:45:03Z
67808,Giiziso-mashkiki (Ajidamoowaanow),oj,Ojibwe language area,"",,Ojibwe,Adam Malus,2020-04-02T03:49:47Z
47602,Doodooshaaboojiibik (Wezaawaaskwaneg),oj,Ojibwe language area,"",,Ojibwe,Adam Malus,2020-04-02T03:52:39Z
48961,Zhigaag-eshoobag (Zhigaagobag),oj,Ojibwe language area,"",,Ojibwe,Adam Malus,2020-04-02T23:10:25Z
47889,Omakakiibag,oj,Ojibwe language area,"",,Ojibwe,Adam Malus,2020-04-02T23:13:31Z
48586,Obiimiskodisii,oj,Ojibwe language area,"",,Ojibwe,Adam Malus,2020-04-02T23:22:16Z
10094,"Baatezhiiwiish (Jeshiwish, pupuku’choowaases, okanise)",oj,Ojibwe language area,"",,Ojibwe,Adam Malus,2020-04-02T23:24:56Z
4647,Miskonaniisi,oj,Ojibwe language area,"",,Ojibwe,Adam Malus,2020-04-02T23:28:17Z
4638,Miskonaniisi,oj,Ojibwe language area,"",,Ojibwe,Adam Malus,2020-04-02T23:28:54Z
14799,Biipiigenh,oj,Ojibwe language area,"",,Ojibwe,Adam Malus,2020-04-02T23:37:51Z
54811,Makwaminagaawanzh,oj,Ojibwe language area,"",,Ojibwe,Adam Malus,2020-04-02T23:42:40Z
54861,aniibii-mitigwaabaak,oj,Ojibwe language area,"",,Ojibwe,Adam Malus,2020-04-02T23:45:53Z
47888,"Ozaawashkojiibik (Omakakiibag, Wesa'wûs ga'skonêk)",oj,Ojibwe language area,"",,Ojibwe,Adam Malus,2020-04-02T23:47:41Z
54781,Mitigomizh,oj,Ojibwe language area,"",,Ojibwe,Adam Malus,2020-04-03T00:24:54Z
54787,Mitigwaabaak,oj,Ojibwe language area,"",,Ojibwe,Adam Malus,2020-04-03T00:30:03Z
54788,Mitigwaabaak,oj,Ojibwe language area,"",,Ojibwe,Adam Malus,2020-04-03T00:30:36Z
64237,"Aaboojigan (Anaakanashk, Gichigamiiwashk)",oj,Ojibwe language area,"",,Ojibwe,Adam Malus,2020-04-03T00:34:40Z
75758,Aniibiimin,oj,Ojibwe language area,"",,Ojibwe,Adam Malus,2020-04-03T00:38:22Z
179786,Gaa-biisaanikweyaag (Bine`obagoons),oj,Ojibwe language area,"",,Ojibwe,Adam Malus,2020-04-03T00:45:39Z
881527,Midewijiibik (Wabesgung),oj,Ojibwe language area,"",,Ojibwe,Adam Malus,2020-04-03T01:07:20Z
54836,Gawa' kumīc,oj,Ojibwe language area,"",,Ojibwe,Adam Malus,2020-04-03T01:13:28Z
7044,Dagwaagoshib,oj,Ojibwe language area,"",,Ojibwe,Adam Malus,2020-04-03T01:22:54Z
28562,Giiwedinong Ekiiyanzo Ginebig,oj,Ojibwe language area,"",,Ojibwe,Adam Malus,2020-04-03T01:30:45Z
28559,Giiwedinong Misko-mosad,oj,Ojibwe language area,"",,Ojibwe,Adam Malus,2020-04-03T01:33:04Z
146314,E-zhooshkizid Ozhaawashko Ginebig,oj,Ojibwe language area,"",,Ojibwe,Adam Malus,2020-04-03T01:35:52Z
558951,Waabinong Zenbaan Ginebig,oj,Ojibwe language area,"",,Ojibwe,Adam Malus,2020-04-03T01:37:14Z
788326,Waabinong Zenbaan Ginebig,oj,Ojibwe language area,"",,Ojibwe,Adam Malus,2020-04-03T01:38:01Z
26575,Tibigwewe Ginebig,oj,Ojibwe language area,"",,Ojibwe,Adam Malus,2020-04-03T01:39:23Z
26591,Tibigwewe Ginebig,oj,Ojibwe language area,"",,Ojibwe,Adam Malus,2020-04-03T01:40:07Z
320680,Waabinong Waagoshi Mitig  Zhiishiigwenh,oj,Ojibwe language area,"",,Ojibwe,Adam Malus,2020-04-03T01:46:42Z
29308,Wiikwedoong Erie Masadamoo,oj,Ojibwe language area,"",,Ojibwe,Adam Malus,2020-04-03T01:48:02Z
520469,Massasauga Medwe'enh,oj,Ojibwe language area,"",,Ojibwe,Adam Malus,2020-04-03T01:49:23Z
29306,Giiwendinong Nbi-Mosandamoonh,oj,Ojibwe language area,"",,Ojibwe,Adam Malus,2020-04-03T01:54:16Z
29925,Waabanong Gookooshing Ezhi-jaaned,oj,Ojibwe language area,"",,Ojibwe,Adam Malus,2020-04-03T02:05:41Z
28368,Shuweyeeng Misko Wenda Ginebik,oj,Ojibwe language area,"",,Ojibwe,Adam Malus,2020-04-03T02:11:33Z
119936,Zhoomin (Zhoominagaawanzh),oj,Ojibwe language area,"",,Ojibwe,Adam Malus,2020-04-03T02:26:29Z
53387,Miskwaabiiminzh,oj,Ojibwe language area,"",,Ojibwe,Adam Malus,2020-04-03T02:36:49Z
47697,Bimoshkodawaan,oj,Ojibwe language area,"",,Ojibwe,Adam Malus,2020-04-03T02:39:20Z
49288,Inini Wijiibik (Bookade`imin),oj,Ojibwe language area,"",,Ojibwe,Adam Malus,2020-04-03T02:43:17Z
51044,Miskojiibik (meskwa'dji'bîkûk),oj,Ojibwe language area,"",,Ojibwe,Adam Malus,2020-04-03T02:46:56Z
64538,Manidoo-biimaakwad,oj,Ojibwe language area,"",,Ojibwe,Adam Malus,2020-04-03T02:49:53Z
58725,Giizhigaandagizi (Gaagaagiwaandag),oj,Ojibwe language area,"",,Ojibwe,Adam Malus,2020-04-03T19:05:30Z
209402,Adoop (Wadoop),oj,Ojibwe language area,"",,Ojibwe,Adam Malus,2020-04-03T20:00:21Z
53352,Adoop-iig,oj,Ojibwe language area,"",,Ojibwe,Adam Malus,2020-04-03T20:01:46Z
54227,Azhaawemizh,oj,"","",,Ojibwe,Adam Malus,2020-04-03T20:45:20Z
49203,Azhaawemizh+iig,oj,Ojibwe language area,"",,Ojibwe,Adam Malus,2020-04-03T20:46:42Z
48098,"Aninaatig-miskwaanzo (Zhiishiigimiiwanzh, Cicigîme’wîc)",oj,Ojibwe language area,"",,Ojibwe,Adam Malus,2020-04-03T21:02:40Z
47727,aninaatig-oog,oj,"","",,Ojibwe,Adam Malus,2020-04-03T21:54:18Z
48078,Aninaatig (ishig’omeaush),oj,Ojibwe language area,"",,Ojibwe,Adam Malus,2020-04-03T23:37:46Z
116361,Zhaashaagobiimag (Cacagobi'mûk),oj,Ojibwe language area,"",,Ojibwe,Adam Malus,2020-04-03T23:47:08Z
54762,"Zhiishiigimiiwanzh (Ininaatig, Innīnâ’tik Sigme-winš)",oj,Ojibwe language area,"",,Ojibwe,Adam Malus,2020-04-03T23:48:59Z
128799,Asasaweminagaawanzh,oj,"","",,Ojibwe,Adam Malus,2020-04-03T23:53:32Z
128798,Asasaweminagaawanzh (Ojibozigwaakominagaawanzh),oj,Ojibwe language area,"",,Ojibwe,Adam Malus,2020-04-03T23:55:32Z
151797,Asasaweminagaawanzh,oj,Ojibwe language area,"",,Ojibwe,Adam Malus,2020-04-03T23:57:51Z
47566,Azaadiwag,oj,Ojibwe language area,"",,Ojibwe,Adam Malus,2020-04-04T00:03:13Z
54838,Maanazaadi,oj,Ojibwe language area,"",,Ojibwe,Adam Malus,2020-04-04T00:03:59Z
52119,Maanazaadi,oj,"","",,Ojibwe,Adam Malus,2020-04-04T00:07:02Z
54840,Azaat-waabishkizi,oj,Ojibwe language area,"",,Ojibwe,Adam Malus,2020-04-04T00:12:56Z
54805,Aagimaak,oj,Ojibwe language area,"",,Ojibwe,Adam Malus,2020-04-04T00:15:20Z
54770,Bagaaniminzh (mûkwobaga'nak),oj,Ojibwe language area,"",,Ojibwe,Adam Malus,2020-04-04T00:22:07Z
63735,Bagesaanaatig,oj,Ojibwe language area,"",,Ojibwe,Adam Malus,2020-04-04T00:23:07Z
63727,Bagesaanaatig,oj,Ojibwe language area,"",,Ojibwe,Adam Malus,2020-04-04T00:23:55Z
52383,Bapakwanagemag (Zhingwaak-mskozi),oj,Ojibwe language area,"",,Ojibwe,Adam Malus,2020-04-04T00:25:18Z
54833,Bawa'iminagaawanzh (Bae'wîmînûn),oj,Ojibwe language area,"",,Ojibwe,Adam Malus,2020-04-04T00:26:40Z
790765,Biisaandago-zhingwaak,oj,"","",,Ojibwe,Adam Malus,2020-04-04T00:38:09Z
80999,Gaagaagiwaandag,oj,Ojibwe language area,"",,Ojibwe,Adam Malus,2020-04-04T00:42:28Z
54265,Makominagaawanzh,oj,"","",,Ojibwe,Adam Malus,2020-04-04T00:44:06Z
54771,Maananoons,oj,"","",,Ojibwe,Adam Malus,2020-04-04T00:52:20Z
58319,Miskwaabiimagoons,oj,Ojibwe language area,"",,Ojibwe,Adam Malus,2020-04-04T00:54:18Z
69993,Miskwaabiimagoons,oj,Ojibwe language area,"",,Ojibwe,Adam Malus,2020-04-04T00:54:49Z
54500,Mishiiminaatig (Mishiiminagaawanzh),oj,Ojibwe language area,"",,Ojibwe,Adam Malus,2020-04-04T00:56:17Z
54860,Ozhaashigob (Anib),oj,Ojibwe language area,"",,Ojibwe,Adam Malus,2020-04-04T01:23:57Z
53453,Oziisigobiminzh,oj,Ojibwe language area,"",,Ojibwe,Adam Malus,2020-04-04T01:28:41Z
54834,"Ookwemizh (Ookweminagaawanzh, Okwe'mîn)",oj,Ojibwe language area,"",,Ojibwe,Adam Malus,2020-04-04T01:31:38Z
130752,Wiigobaatig,oj,Ojibwe language area,"",,Ojibwe,Adam Malus,2020-04-04T01:34:38Z
49882,Wiinizik (Wiggwass-Zaawzi),oj,Ojibwe language area,"",,Ojibwe,Adam Malus,2020-04-04T01:38:12Z
861036,Wiisagi-mitigomizh,oj,Ojibwe language area,"",,Ojibwe,Adam Malus,2020-04-04T01:39:20Z
54779,Wiishkobi-mitigomizh (mîci'mîn),oj,Ojibwe language area,"",,Ojibwe,Adam Malus,2020-04-04T01:40:09Z
194516,Zhingob (Zhingob Bigiwaandag),oj,Ojibwe language area,"",,Ojibwe,Adam Malus,2020-04-04T01:46:36Z
63749,Mashkiigiminagaawanzh,oj,Ojibwe language area,"",,Ojibwe,Adam Malus,2020-04-04T01:56:00Z
48253,Giizhik,oj,Ojibwe language area,"",,Ojibwe,Adam Malus,2020-04-04T22:22:13Z
81545,Moose,oj,Ojibwe language area,"",,Ojibwe,Adam Malus,2020-04-04T22:27:10Z
333586,Moose-g,oj,Ojibwe language area,"",,Ojibwe,Adam Malus,2020-04-04T22:28:06Z
69758,Moose-g,oj,Ojibwe language area,"",,Ojibwe,Adam Malus,2020-04-04T22:28:49Z
9528,Odaabiikaaganeshiinh (Onaapihkaakani pineshiihsh),oj,Ojibwe language area,"",,Ojibwe,Adam Malus,2020-04-04T22:40:33Z
41964,Mishibizhii,oj,Ojibwe language area,"",,Ojibwe,Adam Malus,2020-04-04T23:38:44Z
209233,Bebezhigooganzhii,oj,Ojibwe language area,"",,Ojibwe,Adam Malus,2020-04-04T23:50:56Z
42232,Bekwaawigang,oj,Ojibwe language area,"",,Ojibwe,Adam Malus,2020-04-04T23:52:11Z
846209,Bekwaawigang,oj,Ojibwe language area,"",,Ojibwe,Adam Malus,2020-04-04T23:54:00Z
74113,Bizhiki,oj,Ojibwe language area,"",,Ojibwe,Adam Malus,2020-04-04T23:58:16Z
42406,Mashkode bizhiki,oj,Ojibwe language area,"",,Ojibwe,Adam Malus,2020-04-04T23:59:22Z
42408,Mashkode Bizhiki,oj,Ojibwe language area,"",,Ojibwe,Adam Malus,2020-04-05T00:08:01Z
934709,Mashkode Bizhiki,oj,Ojibwe language area,"",,Ojibwe,Adam Malus,2020-04-05T00:10:14Z
123788,Mashkode Bizhiki,oj,Ojibwe language area,"",,Ojibwe,Adam Malus,2020-04-05T00:10:50Z
41973,Bizhiw-ag,oj,Ojibwe language area,"",,Ojibwe,Adam Malus,2020-04-05T00:26:54Z
41963,Gichi-gidagaa-bizhiw,oj,Ojibwe language area,"",,Ojibwe,Adam Malus,2020-04-05T00:27:58Z
324492,Gookoosh,oj,Ojibwe language area,"",,Ojibwe,Adam Malus,2020-04-05T00:30:11Z
41852,Gwiingwa’aage,oj,Ojibwe language area,"",,Ojibwe,Adam Malus,2020-04-05T00:31:27Z
43692,Jejiibajikii,oj,Ojibwe language area,"",,Ojibwe,Adam Malus,2020-04-05T00:32:24Z
123070,Maanidikoshens,oj,Ojibwe language area,"",,Ojibwe,Adam Malus,2020-04-05T00:38:12Z
42387,Maanishtaanish,oj,Ojibwe language area,"",,Ojibwe,Adam Malus,2020-04-05T00:40:20Z
121578,Maanishtaanish,oj,Ojibwe language area,"",,Ojibwe,Adam Malus,2020-04-05T00:43:00Z
42048,Ma’iingan,oj,Ojibwe language area,"",,Ojibwe,Adam Malus,2020-04-05T00:43:55Z
125461,Gichi-makwa,oj,Ojibwe language area,"",,Ojibwe,Adam Malus,2020-04-05T01:03:08Z
41641,Ozhawi-makwa,oj,Ojibwe language area,"",,Ojibwe,Adam Malus,2020-04-05T01:04:26Z
41638,Makadewi-makwa,oj,Ojibwe language area,"",,Ojibwe,Adam Malus,2020-04-05T01:05:40Z
568873,Memaangishens,oj,Ojibwe language area,"",,Ojibwe,Adam Malus,2020-04-05T01:06:37Z
44027,memookiwidoosi,oj,Ojibwe language area,"",,Ojibwe,Adam Malus,2020-04-05T01:08:15Z
43132,Wabooz,oj,Ojibwe language area,"",,Ojibwe,Adam Malus,2020-04-05T01:15:01Z
41789,Misagakojiish,oj,Ojibwe language area,"",,Ojibwe,Adam Malus,2020-04-05T01:19:37Z
846300,Mooz-oog,oj,Ojibwe language area,"",,Ojibwe,Adam Malus,2020-04-05T01:22:29Z
936377,Nandookomeshiinh,oj,Ojibwe language area,"",,Ojibwe,Adam Malus,2020-04-05T01:24:39Z
46927,Nenaapaajinikesi-wag,oj,Ojibwe language area,"",,Ojibwe,Adam Malus,2020-04-05T01:27:37Z
526556,Nigig-wag,oj,Ojibwe language area,"",,Ojibwe,Adam Malus,2020-04-05T01:30:15Z
852458,Omashkooz,oj,Ojibwe language area,"",,Ojibwe,Adam Malus,2020-04-05T01:43:49Z
41790,Waabizheshi,oj,Ojibwe language area,"",,Ojibwe,Adam Malus,2020-04-05T01:48:30Z
473,Daajigade,oj,Ojibwe language area,"",,Ojibwe,Adam Malus,2020-04-05T02:05:58Z
1070,Aagask,oj,Ojibwe language area,"",,Ojibwe,Adam Malus,2020-04-05T02:08:34Z
890,Bine,oj,Ojibwe language area,"",,Ojibwe,Adam Malus,2020-04-05T02:09:48Z
508048,Ajijaak,oj,Ojibwe language area,"",,Ojibwe,Adam Malus,2020-04-05T02:16:39Z
505478,Baaka’aakwenh,oj,Ojibwe language area,"",,Ojibwe,Adam Malus,2020-04-05T02:19:22Z
5074,Giniw,oj,Ojibwe language area,"",,Ojibwe,Adam Malus,2020-04-05T02:20:32Z
4620,Maangwag,oj,Ojibwe language area,"",,Ojibwe,Adam Malus,2020-04-05T02:21:40Z
6924,"Makadeshib (Makadeaninishib, gashkideshib)",oj,Ojibwe language area,"",,Ojibwe,Adam Malus,2020-04-05T02:22:42Z
518415,Makadeshib,oj,Ojibwe language area,"",,Ojibwe,Adam Malus,2020-04-05T02:23:19Z
72434,Manoomin,oj,Ojibwe language area,"",,Ojibwe,Adam Malus,2020-04-05T02:25:07Z
981,Mayagi-bine,oj,Ojibwe language area,"",,Ojibwe,Adam Malus,2020-04-05T02:35:45Z
5030,Mooshka’osiwag,oj,Ojibwe language area,"",,Ojibwe,Adam Malus,2020-04-05T02:37:38Z
87626,Adikamegwag,oj,Ojibwe language area,"",,Ojibwe,Adam Malus,2020-04-05T02:40:52Z
98438,Odoonibiins,oj,Ojibwe language area,"",,Ojibwe,Adam Malus,2020-04-05T02:44:53Z
98445,Adikameg,oj,Ojibwe language area,"",,Ojibwe,Adam Malus,2020-04-05T02:48:50Z
49588,Agwadaashiinsag,oj,Ojibwe language area,"",,Ojibwe,Adam Malus,2020-04-05T02:50:32Z
58629,Asaawensag,oj,Ojibwe language area,"",,Ojibwe,Adam Malus,2020-04-05T02:52:21Z
58627,Asaawens,oj,Ojibwe language area,"",,Ojibwe,Adam Malus,2020-04-05T02:52:56Z
55387,Ginoozhe,oj,Ojibwe language area,"",,Ojibwe,Adam Malus,2020-04-05T02:55:49Z
49749,Maanashigan,oj,Ojibwe language area,"",,Ojibwe,Adam Malus,2020-04-05T02:56:57Z
100429,Maashkinoozhe,oj,Ojibwe language area,"",,Ojibwe,Adam Malus,2020-04-05T02:59:31Z
49704,Mizizaakwag,oj,Ojibwe language area,"",,Ojibwe,Adam Malus,2020-04-05T19:27:10Z
116680,Mizizaak,oj,Ojibwe language area,"",,Ojibwe,Adam Malus,2020-04-05T19:29:51Z
58611,Zhigwameg,oj,Ojibwe language area,"",,Ojibwe,Adam Malus,2020-04-06T01:20:24Z
93181,Name,oj,Ojibwe language area,"",,Ojibwe,Adam Malus,2020-04-06T01:22:05Z
93194,Name,oj,Ojibwe language area,"",,Ojibwe,Adam Malus,2020-04-06T01:23:38Z
49826,Name,oj,Ojibwe language area,"",,Ojibwe,Adam Malus,2020-04-06T01:24:11Z
104813,Mizay,oj,Ojibwe language area,"",,Ojibwe,Adam Malus,2020-04-06T01:27:24Z
89615,Mizayag,oj,Ojibwe language area,"",,Ojibwe,Adam Malus,2020-04-06T01:28:11Z
58661,Namebinag,oj,Ojibwe language area,"",,Ojibwe,Adam Malus,2020-04-06T01:29:27Z
81556,Namebin,oj,Ojibwe language area,"",,Ojibwe,Adam Malus,2020-04-06T02:22:01Z
67614,Namebinag,oj,Ojibwe language area,"",,Ojibwe,Adam Malus,2020-04-06T02:23:18Z
48154,Ogaa,oj,Ojibwe language area,"",,Ojibwe,Adam Malus,2020-04-06T02:29:33Z
49223,Onaga’eboyenh,oj,Ojibwe language area,"",,Ojibwe,Adam Malus,2020-04-06T02:36:17Z
223534,Onaga’eboyenh,oj,Ojibwe language area,"",,Ojibwe,Adam Malus,2020-04-06T02:37:17Z
47118,Asabikeshiinhyag,oj,Ojibwe language area,"",,Ojibwe,Adam Malus,2020-04-06T02:45:28Z
120474,Asabikeshiinhyag,oj,Ojibwe language area,"",,Ojibwe,Adam Malus,2020-04-06T02:46:12Z
83204,Babigwag,oj,Ojibwe language area,"",,Ojibwe,Adam Malus,2020-04-06T02:47:36Z
245153,Babigwag,oj,Ojibwe language area,"",,Ojibwe,Adam Malus,2020-04-06T02:49:45Z
700600,Bapakineg,oj,Ojibwe language area,"",,Ojibwe,Adam Malus,2020-04-06T02:52:41Z
128986,Wiikensh,oj,Ojibwe language area,"",,Ojibwe,Adam Malus,2020-04-06T15:22:31Z
48095,"Moozomizh (Ninaalik-Beshibii, Mōn’zomĭsh)",oj,Ojibwe language area,"",,Ojibwe,Adam Malus,2020-04-06T23:51:30Z
54808,Aagimaak (sagîma'kwûn),oj,Ojibwe language area,"",,Ojibwe,Adam Malus,2020-04-06T23:57:28Z
711785,Aagimaak,oj,Ojibwe language area,"",,Ojibwe,Adam Malus,2020-04-06T23:58:02Z
168330,Oziisigobimizh,oj,Ojibwe language area,"",,Ojibwe,Adam Malus,2020-04-07T00:10:04Z
75377,Waadiipiin (Wadoop-Agaasaa),oj,Ojibwe language area,"",,Ojibwe,Adam Malus,2020-04-07T00:15:22Z
54237,Waadiipiin (Wadoop-Agaasaa),oj,Ojibwe language area,"",,Ojibwe,Adam Malus,2020-04-07T00:15:54Z
939028,Wadoop,oj,Ojibwe language area,"",,Ojibwe,Adam Malus,2020-04-07T00:17:37Z
868167,Wadoop,oj,Ojibwe language area,"",,Ojibwe,Adam Malus,2020-04-07T00:19:33Z
54814,"Bîsega'gomînaga'wûnj (Ozagadigom, Bîsega'gwomîn, Gozigwaakominagaawanzh)",oj,Ojibwe language area,"",,Ojibwe,Adam Malus,2020-04-07T00:25:02Z
49226,Gozigwaakomin,oj,Ojibwe language area,"",,Ojibwe,Adam Malus,2020-04-07T00:27:33Z
49230,Gozigwaakominag,oj,Ojibwe language area,"",,Ojibwe,Adam Malus,2020-04-07T00:28:02Z
133382,Gozigwaakomin (Gizigwa’komĭnaga’wûnj),oj,Ojibwe language area,"",,Ojibwe,Adam Malus,2020-04-07T00:28:39Z
159231,Binemizhiins (Binemizh),oj,Ojibwe language area,"",,Ojibwe,Adam Malus,2020-04-07T00:30:15Z
49156,Wiigwaasag,oj,Ojibwe language area,"",,Ojibwe,Adam Malus,2020-04-07T00:31:13Z
132767,"Waabashkikiibag, (Bashkwegin-Niibish, Mashkiigobagoons)",oj,Ojibwe language area,"",,Ojibwe,Adam Malus,2020-04-07T00:37:51Z
121031,Shkwapkosek (Gibaime nunagwus),oj,Ojibwe language area,"",,Ojibwe,Adam Malus,2020-04-07T00:39:02Z
53374,Bagaan,oj,Ojibwe language area,"",,Ojibwe,Adam Malus,2020-04-07T00:44:08Z
54817,Miinesak,oj,Ojibwe language area,"",,Ojibwe,Adam Malus,2020-04-07T00:48:08Z
51148,Miinensagaawanzhiig,oj,Ojibwe language area,"",,Ojibwe,Adam Malus,2020-04-07T00:49:34Z
51147,Miinensagaawanzh,oj,Ojibwe language area,"",,Ojibwe,Adam Malus,2020-04-07T00:50:18Z
76469,Miinensagaawanzh,oj,Ojibwe language area,"",,Ojibwe,Adam Malus,2020-04-07T00:53:41Z
48527,Ozaawaaskaned (Wezauskwagmik),oj,Ojibwe language area,"",,Ojibwe,Adam Malus,2020-04-07T00:56:57Z
51874,Ozaawaaskaned  (Oshkiinzhigoon-mashkiki),oj,Ojibwe language area,"",,Ojibwe,Adam Malus,2020-04-07T01:00:15Z
50312,Jiibegob,oj,Ojibwe language area,"",,Ojibwe,Adam Malus,2020-04-07T01:02:03Z
153208,Mickiminu'nimic,oj,Ojibwe language area,"",,Ojibwe,Adam Malus,2020-04-07T01:10:35Z
61119,"Biboonmiin (Animoshi-min, Awenisiibag, Anîmû'cîmînûn)",oj,Ojibwe language area,"",,Ojibwe,Adam Malus,2020-04-07T01:12:16Z
966205,Biboon-miin,oj,Ojibwe language area,"",,Ojibwe,Adam Malus,2020-04-07T01:14:02Z
82203,Wa'sawasni'mike,oj,Ojibwe language area,"",,Ojibwe,Adam Malus,2020-04-07T01:23:20Z
85475,Waaboozojiibik,oj,Ojibwe language area,"",,Ojibwe,Adam Malus,2020-04-07T02:02:58Z
136605,Zhaaboomin (Zhaaboominagaawanzh),oj,Ojibwe language area,"",,Ojibwe,Adam Malus,2020-04-07T02:05:17Z
118750,Miishijiiminagaawanzh (Zhaaboomin),oj,Ojibwe language area,"",,Ojibwe,Adam Malus,2020-04-07T02:11:09Z
132527,Oginiiminagaawanzh (Gzhiibdiiyemnak),oj,Ojibwe language area,"",,Ojibwe,Adam Malus,2020-04-07T02:20:04Z
82110,"Odatagaagominagaawanzh (Odatagaagomin, Tacogminun)",oj,Ojibwe language area,"",,Ojibwe,Adam Malus,2020-04-07T02:22:36Z
168032,Odatagaagomin (Odatagaagominagaawanzh),oj,Ojibwe language area,"",,Ojibwe,Adam Malus,2020-04-07T02:25:35Z
54436,Miskomin (Miskominagaawanzh),oj,Ojibwe language area,"",,Ojibwe,Adam Malus,2020-04-07T02:29:46Z
54844,Baajin (Oziisigobimizh),oj,Ojibwe language area,"",,Ojibwe,Adam Malus,2020-04-07T02:30:52Z
84300,Bibigwemin (bibigwewanashk),oj,Ojibwe language area,"",,Ojibwe,Adam Malus,2020-04-07T02:32:56Z
362529,Bibigwemin (Bibigwewanashk),oj,Ojibwe language area,"",,Ojibwe,Adam Malus,2020-04-07T02:34:40Z
52689,Bibigweminag,oj,Ojibwe language area,"",,Ojibwe,Adam Malus,2020-04-07T02:35:18Z
126823,Waabashkikiibag,oj,Ojibwe language area,"",,Ojibwe,Adam Malus,2020-04-07T02:38:10Z
129509,Baagoodag,oj,Ojibwe language area,"",,Ojibwe,Adam Malus,2020-04-07T02:39:19Z
84542,"Miin (Makate'mîn, Miinagaawanzh)",oj,Ojibwe language area,"",,Ojibwe,Adam Malus,2020-04-07T02:40:29Z
63820,Ininimin,oj,Ojibwe language area,"",,Ojibwe,Adam Malus,2020-04-07T02:59:58Z
127029,Ininimin,oj,Ojibwe language area,"",,Ojibwe,Adam Malus,2020-04-07T03:00:31Z
153200,zhoominensan,oj,Ojibwe language area,"",,Ojibwe,Adam Malus,2020-04-07T03:02:16Z
79499,Miin-mooz,oj,Ojibwe language area,"",,Ojibwe,Adam Malus,2020-04-07T03:03:30Z
55969,Aniibmiin (Aniibiminagaawashk),oj,Ojibwe language area,"",,Ojibwe,Adam Malus,2020-04-07T03:05:43Z
47927,Boochikwanishiyag (Oboodashkwaanishiinhyag),oj,Ojibwe language area,"",,Ojibwe,Adam Malus,2020-04-07T15:25:42Z
28339,Wenjida Ginebigoog,oj,Ojibwe language area,"",,Ojibwe,Adam Malus,2020-04-07T16:05:30Z
39770,Miskwaadesiwag,oj,Ojibwe language area,"",,Ojibwe,Adam Malus,2020-04-07T16:13:09Z
119808,Sabankuk,oj,Ojibwe language area,"",,Ojibwe,Adam Malus,2020-04-07T19:54:10Z
50278,"Omakakiibag (Manidoo-biimaakwad, bebaamooded)",oj,Ojibwe language area,"",,Ojibwe,Adam Malus,2020-04-07T19:58:10Z
181927,"Omakakiibag (Manidoo-biimaakwad, bebaamooded)",oj,Ojibwe language area,"",,Ojibwe,Adam Malus,2020-04-07T20:01:04Z
48442,"Wiinsibak (Wiinisiibag, Wiinisiibagad)",oj,Ojibwe language area,"",,Ojibwe,Adam Malus,2020-04-07T20:07:25Z
62376,"Wiinsibak (Wiinisiibag, Owinîsi'mîn)",oj,Ojibwe language area,"",,Ojibwe,Adam Malus,2020-04-07T20:11:12Z
77780,Neezhodaeyun,oj,Ojibwe language area,"",,Ojibwe,Adam Malus,2020-04-07T20:21:17Z
83799,Binemiin (Binewimiin),oj,Ojibwe language area,"",,Ojibwe,Adam Malus,2020-04-07T20:33:07Z
132855,Agaasaabaminaagozi-miskomin (Skizgu Min),oj,Ojibwe language area,"",,Ojibwe,Adam Malus,2020-04-07T20:43:35Z
56171,Niibiishikaabijigan,oj,Ojibwe language area,"",,Ojibwe,Adam Malus,2020-04-07T20:49:47Z
55634,Bagwaji-zhigaagawinzh (Zhigaagawanzh),oj,Ojibwe language area,"",,Ojibwe,Adam Malus,2020-04-07T22:02:45Z
741014,Animozid,oj,Ojibwe language area,"",,Ojibwe,Adam Malus,2020-04-07T23:43:10Z
47359,"Makonagizh-ojiibik (Midewijiibik,  Makonagizhiijiibik, Wesa'wûckwûn, Magosîñe'cnakwûk)",oj,Ojibwe language area,"",,Ojibwe,Adam Malus,2020-04-07T23:50:50Z
234316,"Makonagizh-ojiibik (Midewijiibik, Makonagizhiijiibik)",oj,Ojibwe language area,"",,Ojibwe,Adam Malus,2020-04-07T23:51:37Z
119828,"Bebaamaabiig (Okadak, Wabo'sûskwe)",oj,Ojibwe language area,"",,Ojibwe,Adam Malus,2020-04-08T00:01:18Z
125381,Zesab (Bagizowin),oj,Ojibwe language area,"",,Ojibwe,Adam Malus,2020-04-08T00:03:18Z
63119,Zesab (Bagizowin),oj,Ojibwe language area,"",,Ojibwe,Adam Malus,2020-04-08T00:03:56Z
125383,Zesab (Bagizowin),oj,Ojibwe language area,"",,Ojibwe,Adam Malus,2020-04-08T00:04:55Z
47911,"Zhaabozigan (Ninwish, Cabo'sîkûn)",oj,Ojibwe language area,"",,Ojibwe,Adam Malus,2020-04-08T00:06:36Z
47906,Zhaaboziganan,oj,Ojibwe language area,"",,Ojibwe,Adam Malus,2020-04-08T00:07:56Z
56224,(Waabigoniin) Ogitebag,oj,Ojibwe language area,"",,Ojibwe,Adam Malus,2020-04-08T00:09:24Z
84330,Bezhigojiibik (Oci'gîmîc),oj,Ojibwe language area,"",,Ojibwe,Adam Malus,2020-04-08T00:14:52Z
53794,Ozawa Tootaugauhnse,oj,Ojibwe language area,"",,Ojibwe,Adam Malus,2020-04-08T00:26:21Z
47192,"Ode'iminijiibik (Zhakaagomin, Zhaashaagomin, Zhaashaagominens)",oj,Ojibwe language area,"",,Ojibwe,Adam Malus,2020-04-08T00:37:03Z
51053,Ojidimo Miskishmandaumin,oj,Ojibwe language area,"",,Ojibwe,Adam Malus,2020-04-08T00:38:26Z
130989,Wezaawaaskoneg,oj,Ojibwe language area,"",,Ojibwe,Adam Malus,2020-04-08T00:42:08Z
50298,Ode'imin,oj,Ojibwe language area,"",,Ojibwe,Adam Malus,2020-04-08T00:43:30Z
77155,"Ode'imin, (Ode'iminijiibik, Anish miin)",oj,Ojibwe language area,"",,Ojibwe,Adam Malus,2020-04-08T00:50:05Z
53094,Acawe'skûk (Bibigwewanashk),oj,Ojibwe language area,"",,Ojibwe,Adam Malus,2020-04-08T00:51:21Z
48726,"Nabagashk (Wiikenh, Zhaabozigan, Cabo'sîkûn, Na'bûkûck)",oj,Ojibwe language area,"",,Ojibwe,Adam Malus,2020-04-08T00:58:14Z
61253,Mashkodepin (Memengwaanh-onaagaans),oj,Ojibwe language area,"",,Ojibwe,Adam Malus,2020-04-08T01:03:07Z
67748,Agongosiminan (Agongosi minun),oj,Ojibwe language area,"",,Ojibwe,Adam Malus,2020-04-08T01:04:34Z
51062,"Agongosiwijiibik (Ginebigwashk, Agongosimizh, Agongosiminan)",oj,Ojibwe language area,"",,Ojibwe,Adam Malus,2020-04-08T01:08:44Z
54924,Kokombes-jiibkenh,oj,Ojibwe language area,"",,Ojibwe,Adam Malus,2020-04-08T01:09:35Z
127322,Naaniibide'oodegin,oj,Ojibwe language area,"",,Ojibwe,Adam Malus,2020-04-08T01:13:48Z
62741,Mangishkiinzhigwe (Wezawab Gonik),oj,Ojibwe language area,"",,Ojibwe,Adam Malus,2020-04-08T01:15:23Z
52651,Omakakiiwidaasan (Omakakiiwidaas),oj,Ojibwe language area,"",,Ojibwe,Adam Malus,2020-04-08T01:18:58Z
181907,Omakakiiwidaasan,oj,Ojibwe language area,"",,Ojibwe,Adam Malus,2020-04-08T01:19:40Z
127916,"Biimiskon-ozimiiwaabigwan (Agwingosibag, Agongosibag, Nanîbîte'ode'kîn)",oj,Ojibwe language area,"",,Ojibwe,Adam Malus,2020-04-08T01:22:48Z
204174,"Waasin-Niibish (Wunukibugauh, Nawo'bûgûk)",oj,Ojibwe language area,"",,Ojibwe,Adam Malus,2020-04-08T01:29:01Z
126749,Waabishkijiibik,oj,Ojibwe language area,"",,Ojibwe,Adam Malus,2020-04-08T01:31:44Z
79577,Wiingaashk,oj,Ojibwe language area,"",,Ojibwe,Adam Malus,2020-04-08T01:37:26Z
49870,"Ojiibikens (Waashkobijiibikak, Wiishkbobijiibik)",oj,Ojibwe language area,"",,Ojibwe,Adam Malus,2020-04-08T01:41:03Z
158278,Gozigwaakominagaawanzh(plant) Gozigwaakomin (berry),oj,Ojibwe language area,"",,Ojibwe,Adam Malus,2020-04-08T01:44:59Z
51901,Gaagigebag,oj,Ojibwe language area,"",,Ojibwe,Adam Malus,2020-04-08T01:48:50Z
54903,Wiiniziikensan,oj,Ojibwe language area,"",,Ojibwe,Adam Malus,2020-04-08T01:51:13Z
52670,Ginebigobag,oj,Ojibwe language area,"",,Ojibwe,Adam Malus,2020-04-08T01:59:57Z
121943,Ginebigobagoon,oj,Ojibwe language area,"",,Ojibwe,Adam Malus,2020-04-08T02:00:55Z
127900,"Wiishkobijiibik (Aanikawishkoons, Zhiishiibinashk, Giji Binusk)",oj,Ojibwe language area,"",,Ojibwe,Adam Malus,2020-04-08T02:13:31Z
118537,"Aanikawishkoons (Zhiishiibinashk, Siba'muckun)",oj,Ojibwe language area,"",,Ojibwe,Adam Malus,2020-04-08T02:14:30Z
167598,Nookwezigan,oj,Ojibwe language area,"",,Ojibwe,Adam Malus,2020-04-08T02:17:20Z
72326,Nookweziganan,oj,Ojibwe language area,"",,Ojibwe,Adam Malus,2020-04-08T02:18:21Z
126655,"Migiziibag (Migiziwibag, Namegosibag, Naskosi'îcûs)",oj,Ojibwe language area,"",,Ojibwe,Adam Malus,2020-04-08T02:20:36Z
77216,Ojiibwe'owe'cuwun,oj,Ojibwe language area,"",,Ojibwe,Adam Malus,2020-04-08T02:22:43Z
53460,Waaboozobagoons (Waaboozobanzh),oj,Ojibwe language area,"",,Ojibwe,Adam Malus,2020-04-08T02:25:06Z
77293,Anagone'wuk,oj,Ojibwe language area,"",,Ojibwe,Adam Malus,2020-04-08T02:25:45Z
53110,Odjici'gomĭn,oj,Ojibwe language area,"",,Ojibwe,Adam Malus,2020-04-08T02:27:33Z
164440,"Bagwajipin (baasibagak, bûgwa'djiûk'pîni'k mîne'bûg)",oj,Ojibwe language area,"",,Ojibwe,Adam Malus,2020-04-08T02:28:54Z
164444,Mĭ'nĭsĭno'wuck,oj,Ojibwe language area,"",,Ojibwe,Adam Malus,2020-04-08T02:31:19Z
60208,Aandegopin,oj,Ojibwe language area,"",,Ojibwe,Adam Malus,2020-04-08T02:32:22Z
130367,Ozagadigom,oj,Ojibwe language area,"",,Ojibwe,Adam Malus,2020-04-08T02:33:20Z
497911,Tikizidgeebikohnse,oj,Ojibwe language area,"",,Ojibwe,Adam Malus,2020-04-08T02:41:29Z
125488,Miskominagaawanzh (Miskwiminagaawanzh),oj,Ojibwe language area,"",,Ojibwe,Adam Malus,2020-04-08T02:44:09Z
53268,Anungokauh,oj,Ojibwe language area,"",,Ojibwe,Adam Malus,2020-04-08T02:46:40Z
48678,Giiziso-Maskiki,oj,Ojibwe language area,"",,Ojibwe,Adam Malus,2020-04-08T02:48:09Z
50741,(Beemsquandawish) Binewibag,oj,Ojibwe language area,"",,Ojibwe,Adam Malus,2020-04-08T02:49:38Z
54774,Aditeminagaanwanzh,oj,Ojibwe language area,"",,Ojibwe,Adam Malus,2020-04-08T02:54:57Z
205878,Aniibiminagaawashk,oj,Ojibwe language area,"",,Ojibwe,Adam Malus,2020-04-08T02:56:21Z
82566,Ana'ganuck,oj,Ojibwe language area,"",,Ojibwe,Adam Malus,2020-04-08T02:58:41Z
75855,Namukuk (Gîckênsîne'namûkûk),oj,Ojibwe language area,"",,Ojibwe,Adam Malus,2020-04-08T03:00:44Z
6993,Waabishibens,oj,Ojibwe language area,"",,Ojibwe,Adam Malus,2020-04-09T01:23:10Z
4672,Bibiigiwizens (Piipiigiisens),oj,Ojibwe language area,"",,Ojibwe,Adam Malus,2020-04-09T01:24:19Z
558433,Ozhaawashkonebiisibens,oj,Ojibwe language area,"",,Ojibwe,Adam Malus,2020-04-09T01:27:06Z
6937,Ozhaawashkonebiisibens,oj,Ojibwe language area,"",,Ojibwe,Adam Malus,2020-04-09T01:28:08Z
2314,Ogiishkimanisiig,oj,Ojibwe language area,"",,Ojibwe,Adam Malus,2020-04-09T01:30:32Z
13847,Gakaashkinejiiwag,oj,Ojibwe language area,"",,Ojibwe,Adam Malus,2020-04-09T01:36:32Z
13858,"Gakaashkinejii (waskihik, wakahikani-pineshii, kinewinsow)",oj,Ojibwe language area,"",,Ojibwe,Adam Malus,2020-04-09T01:37:02Z
11880,Zhaashaawanibiisiyag,oj,Ojibwe language area,"",,Ojibwe,Adam Malus,2020-04-09T01:42:11Z
11901,Zhaashaawanibiisi,oj,Ojibwe language area,"",,Ojibwe,Adam Malus,2020-04-09T01:43:20Z
980017,Wiiwiish,oj,Ojibwe language area,"",,Ojibwe,Adam Malus,2020-04-09T01:50:40Z
56057,Giizisobagoons,oj,Ojibwe language area,"",,Ojibwe,Adam Malus,2020-04-09T02:04:16Z
58335,Asemaa,oj,Ojibwe language area,"",,Ojibwe,Adam Malus,2020-04-09T02:11:49Z
873768,Asemaa,oj,Ojibwe language area,"",,Ojibwe,Adam Malus,2020-04-09T02:13:19Z
39532,mishiikenyag,oj,Ojibwe language area,"",,Ojibwe,Adam Malus,2020-04-09T02:17:09Z
39806,Mooskadoog (Boozikadoog),oj,Ojibwe language area,"",,Ojibwe,Adam Malus,2020-04-09T02:22:05Z
39814,Mooskadoog (Boozikadoog),oj,Ojibwe language area,"",,Ojibwe,Adam Malus,2020-04-09T02:22:56Z
50001,Mooskadoog (Boozikadoog),oj,Ojibwe language area,"",,Ojibwe,Adam Malus,2020-04-09T02:23:28Z
39539,Dedebikinaakwag,oj,Ojibwe language area,"",,Ojibwe,Adam Malus,2020-04-09T02:25:23Z
62722,Dedebikinaakwag,oj,Ojibwe language area,"",,Ojibwe,Adam Malus,2020-04-09T02:26:34Z
13270,Chi-Anaak,oj,Ojibwe language area,"",,Ojibwe,Adam Malus,2020-04-10T23:48:07Z
84331,Bezhigojiibikag,oj,Ojibwe language area,"",,Ojibwe,Adam Malus,2020-04-10T23:54:12Z
776171,Obiimiskodisiig,oj,Ojibwe language area,"",,Ojibwe,Adam Malus,2020-04-11T00:15:05Z
83797,Obiimiskodisiig,oj,Ojibwe language area,"",,Ojibwe,Adam Malus,2020-04-11T00:15:34Z
49465,Ininiiwindibiigeganan (Baushkindjibgwaunan),oj,Ojibwe language area,"",,Ojibwe,Adam Malus,2020-04-11T00:25:25Z
52764,"Ingijibinaa (Ogijibinaan, Basi'bûgûk)",oj,Ojibwe language area,"",,Ojibwe,Adam Malus,2020-04-11T00:31:10Z
318836,Batashkaanzhe,oj,Ojibwe language area,"",,Ojibwe,Adam Malus,2020-04-11T00:43:24Z
3912,Batashkaanzheg,oj,Ojibwe language area,"",,Ojibwe,Adam Malus,2020-04-11T00:45:00Z
566947,Jiichiishkishii,oj,Ojibwe language area,"",,Ojibwe,Adam Malus,2020-04-11T00:52:49Z
3978,Jiichiishkishii,oj,Ojibwe language area,"",,Ojibwe,Adam Malus,2020-04-11T00:53:15Z
54570,Oombendaan (Dakaasabendaanag),oj,Ojibwe language area,"",,Ojibwe,Adam Malus,2020-04-11T00:54:32Z
58188,Aandegobagoons,oj,Ojibwe language area,"",,Ojibwe,Adam Malus,2020-04-11T00:55:26Z
77991,Aandegobagoons,oj,Ojibwe language area,"",,Ojibwe,Adam Malus,2020-04-11T00:57:00Z
4224,Zhingibis,oj,Ojibwe language area,"",,Ojibwe,Adam Malus,2020-04-11T01:04:48Z
4334,Zhage,oj,Ojibwe language area,"",,Ojibwe,Adam Malus,2020-04-11T01:10:15Z
558426,Wewe,oj,Ojibwe language area,"",,Ojibwe,Adam Malus,2020-04-11T01:37:33Z
512410,Anzig,oj,Ojibwe language area,"",,Ojibwe,Adam Malus,2020-04-11T01:47:35Z
162,Moosebineshii,oj,Ojibwe language area,"",,Ojibwe,Adam Malus,2020-04-11T01:55:54Z
8335,Gwiingwiishi,oj,Ojibwe language area,"",,Ojibwe,Adam Malus,2020-04-11T01:57:20Z
14898,Makade-Anaak,oj,Ojibwe language area,"",,Ojibwe,Adam Malus,2020-04-12T00:26:03Z
49490,Asiniiwaakon,oj,Ojibwe language area,"",,Ojibwe,Adam Malus,2020-04-12T00:28:35Z
55423,Okosimaan (Agwisimaan),oj,Ojibwe language area,"",,Ojibwe,Adam Malus,2020-04-12T01:38:40Z
122866,"Okosimaan (Agwisimaan, Ogwi'ssimaun owasokwone'k)",oj,Ojibwe language area,"",,Ojibwe,Adam Malus,2020-04-12T01:45:15Z
48620,Okosimaanag (Agwisimaanag),oj,Ojibwe language area,"",,Ojibwe,Adam Malus,2020-04-12T01:46:59Z
70054,Eshkandaming,oj,Ojibwe language area,"",,Ojibwe,Adam Malus,2020-04-12T01:52:42Z
70055,Eshkandamingin,oj,Ojibwe language area,"",,Ojibwe,Adam Malus,2020-04-12T01:53:36Z
60287,Ajidamoowaanow,oj,Ojibwe language area,"",,Ojibwe,Adam Malus,2020-04-12T01:54:30Z
79941,Ajidamoowaanow,oj,Ojibwe language area,"",,Ojibwe,Adam Malus,2020-04-12T01:55:03Z
122090,Ajidamoowaanow,oj,Ojibwe language area,"",,Ojibwe,Adam Malus,2020-04-12T01:56:55Z
78858,Amikominaatig,oj,Ojibwe language area,"",,Ojibwe,Adam Malus,2020-04-12T01:58:36Z
62474,Animozidens,oj,Ojibwe language area,"",,Ojibwe,Adam Malus,2020-04-12T01:59:44Z
52741,Bingomin,oj,Ojibwe language area,"",,Ojibwe,Adam Malus,2020-04-12T02:02:11Z
59205,Gichigamiiwashk,oj,Ojibwe language area,"",,Ojibwe,Adam Malus,2020-04-12T02:03:33Z
52083,Maanzhi-mitigominzh (Anîmîki'bûg),oj,Ojibwe language area,"",,Ojibwe,Adam Malus,2020-04-12T02:05:39Z
125487,Makominaatig (kagagîtci'mîn),oj,Ojibwe language area,"",,Ojibwe,Adam Malus,2020-04-12T02:12:08Z
54704,Mashkiigikamig,oj,Ojibwe language area,"",,Ojibwe,Adam Malus,2020-04-12T02:17:28Z
143915,Miinensiwaatig,oj,Ojibwe language area,"",,Ojibwe,Adam Malus,2020-04-12T02:20:49Z
76013,Nabagishkoon,oj,Ojibwe language area,"",,Ojibwe,Adam Malus,2020-04-12T02:23:02Z
80510,Nabagishkoon,oj,Ojibwe language area,"",,Ojibwe,Adam Malus,2020-04-12T02:23:46Z
58742,Nengaaminaatig (Sewa'komîn),oj,Ojibwe language area,"",,Ojibwe,Adam Malus,2020-04-12T02:27:20Z
242442,Nengaaminaatig,oj,Ojibwe language area,"",,Ojibwe,Adam Malus,2020-04-12T02:28:51Z
51737,Oginy,oj,Ojibwe language area,"",,Ojibwe,Adam Malus,2020-04-12T02:31:49Z
238318,Oginiiwaabigwanaatig,oj,Ojibwe language area,"",,Ojibwe,Adam Malus,2020-04-12T02:34:24Z
53438,Oginiig (Oginii-waabigwaniin),oj,Ojibwe language area,"",,Ojibwe,Adam Malus,2020-04-12T02:36:13Z
78882,Oginiiwaatig,oj,Ojibwe language area,"",,Ojibwe,Adam Malus,2020-04-12T02:38:17Z
122970,Ogishkibwaak (a'skibwan),oj,Ojibwe language area,"",,Ojibwe,Adam Malus,2020-04-12T02:40:31Z
56955,Ziinda`aaganag,oj,Ojibwe language area,"",,Ojibwe,Adam Malus,2020-04-12T02:46:26Z
57983,Ziinda`aagan,oj,Ojibwe language area,"",,Ojibwe,Adam Malus,2020-04-12T02:47:32Z
53858,Opin,oj,Ojibwe language area,"",,Ojibwe,Adam Malus,2020-04-12T02:48:18Z
69717,"Agaasaabaminaagozi-miskomin, Oshkiinzhigoaatig, Oshkiinzhaamin, Oshkiinzhigobag, Oshkiinzhigomin, Nishkiinzhigomin",oj,Ojibwe language area,"",,Ojibwe,Adam Malus,2020-04-12T02:50:09Z
71033,Ozhaaboominaatig,oj,Ojibwe language area,"",,Ojibwe,Adam Malus,2020-04-12T02:56:38Z
238314,"Ozhaaboominaatig (Zhaaboomin, Zhaaboominagaawanzh)",oj,Ojibwe language area,"",,Ojibwe,Adam Malus,2020-04-12T02:57:13Z
238315,"Ozhaaboominaatig (Zhaaboomin, Zhaaboominagaawanzh)",oj,Ojibwe language area,"",,Ojibwe,Adam Malus,2020-04-12T02:57:47Z
238311,"Ozhaaboominaatig (Zhaaboomin, Zhaaboominagaawanzh)",oj,Ojibwe language area,"",,Ojibwe,Adam Malus,2020-04-12T02:58:23Z
75415,Ozigwaakominaatig (Gozigwaakominagaawanzh),oj,Ojibwe language area,"",,Ojibwe,Adam Malus,2020-04-12T03:02:17Z
239166,Ozigwaakominaatig (Gozigwaakominagaawanzh),oj,Ojibwe language area,"",,Ojibwe,Adam Malus,2020-04-12T03:03:04Z
80360,Ozigwaakominaatig (Gozigwaakominagaawanzh),oj,Ojibwe language area,"",,Ojibwe,Adam Malus,2020-04-12T03:03:31Z
239168,Ozigwaakominaatig (Gozigwaakominagaawanzh),oj,Ojibwe language area,"",,Ojibwe,Adam Malus,2020-04-12T03:04:11Z
127021,Zagataagan (Skitagaan),oj,Ojibwe language area,"",,Ojibwe,Adam Malus,2020-04-12T03:07:04Z
627022,zagataagan,oj,Ojibwe language area,"",,Ojibwe,Adam Malus,2020-04-12T03:07:55Z
627024,"Zagataagan (Wabadoo, Skitagaan)",oj,Ojibwe language area,"",,Ojibwe,Adam Malus,2020-04-12T03:08:20Z
47170,"Ozhashkwedow (Wazhashkwedow, Wazhashkwedons, Waakon)",oj,Ojibwe language area,"",,Ojibwe,Adam Malus,2020-04-12T03:11:46Z
81711,Nebaneyaa-Nikweyaag (animoshizidebagoons),oj,Ojibwe language area,"",,Ojibwe,Adam Malus,2020-04-13T17:13:12Z
118512,Makopin,oj,Ojibwe language area,"",,Ojibwe,Adam Malus,2020-04-13T17:35:33Z
311249,Aasaakamigoon,oj,Ojibwe language area,"",,Ojibwe,Adam Malus,2020-04-13T22:52:07Z
47357,Zhigaagawanzhiig,oj,Ojibwe language area,"",,Ojibwe,Adam Malus,2020-04-13T23:14:21Z
122912,Bagwaji-zhigaagawanzh,oj,Ojibwe language area,"",,Ojibwe,Adam Malus,2020-04-13T23:23:42Z
127920,Bezhigojiibik (Ojiigiminagaawanzh),oj,Ojibwe language area,"",,Ojibwe,Adam Malus,2020-04-13T23:27:28Z
47699,"Ozaawaaskoniinsag, Meshkwajiibikak (O'sawaskwîni's )",oj,Ojibwe language area,"",,Ojibwe,Adam Malus,2020-04-13T23:48:38Z
28365,Wenjida Ginebig,oj,"","",,Ojibwe,Adam Malus,2020-04-14T00:05:29Z
47701,Ozaawaaskoniinsag,oj,Ojibwe language area,"",,Ojibwe,Adam Malus,2020-04-14T01:00:48Z
63573,Gaawaandagoog (Zhingobiig),oj,Ojibwe language area,"",,Ojibwe,Adam Malus,2020-04-14T01:15:00Z
48686,"Anaakaniwashkoon, Apakwayashkoon (Nabagashkoon)",oj,Ojibwe language area,"",,Ojibwe,Adam Malus,2020-04-14T01:20:59Z
60132,Mazaanashk,oj,Ojibwe language area,"",,Ojibwe,Adam Malus,2020-04-14T02:10:46Z
48561,Mazaanashkoon,oj,Ojibwe language area,"",,Ojibwe,Adam Malus,2020-04-14T02:11:37Z
62312,"Godotaagaans (Adota'gons, Ziiginish)",oj,Ojibwe language area,"",,Ojibwe,Adam Malus,2020-04-14T02:18:54Z
984576,Ziiginish,oj,Ojibwe language area,"",,Ojibwe,Adam Malus,2020-04-14T02:19:38Z
48596,Baasibagakig,oj,Ojibwe language area,"",,Ojibwe,Adam Malus,2020-04-14T02:25:12Z
239721,(Waabigoniin) Ogitebag,oj,Ojibwe language area,"",,Ojibwe,Adam Malus,2020-04-14T02:35:53Z
82307,Aiiniziikens,oj,Ojibwe language area,"",,Ojibwe,Adam Malus,2020-04-14T02:39:39Z
49868,Misudidjiibik,oj,Ojibwe language area,"",,Ojibwe,Adam Malus,2020-04-14T02:49:29Z
119821,Gaagigebagoons,oj,Ojibwe language area,"",,Ojibwe,Adam Malus,2020-04-14T02:51:11Z
85485,Bagwaji-miskodiisimin,oj,Ojibwe language area,"",,Ojibwe,Adam Malus,2020-04-14T02:56:46Z
85486,Bagwaji-miskodiisimin,oj,Ojibwe language area,"",,Ojibwe,Adam Malus,2020-04-14T02:57:13Z
59571,Gichi-mazaanag,oj,Ojibwe language area,"",,Ojibwe,Adam Malus,2020-04-14T03:07:11Z
75501,Gichi-Mazaan,oj,Ojibwe language area,"",,Ojibwe,Adam Malus,2020-04-14T03:07:52Z
47130,Amikominan,oj,Ojibwe language area,"",,Ojibwe,Adam Malus,2020-04-14T23:38:28Z
56165,Waabooyaanibagoon (Nookaadiziiganzhiig),oj,Ojibwe language area,"",,Ojibwe,Adam Malus,2020-04-15T00:06:36Z
48734,Gaagaagiwanzh (Gawa'ndag),oj,Ojibwe language area,"",,Ojibwe,Adam Malus,2020-04-15T00:23:52Z
47574,Gaagaagiwaandag,oj,Ojibwe language area,"",,Ojibwe,Adam Malus,2020-04-15T00:31:09Z
81826,Miskwaawaak,oj,Ojibwe language area,"",,Ojibwe,Adam Malus,2020-04-15T00:45:23Z
85378,Bagizowin,oj,Ojibwe language area,"",,Ojibwe,Adam Malus,2020-04-15T01:04:43Z
117440,Meskwaanakwak-bagizowin,oj,Ojibwe language area,"",,Ojibwe,Adam Malus,2020-04-15T01:05:44Z
85380,Bagizowin,oj,Ojibwe language area,"",,Ojibwe,Adam Malus,2020-04-15T01:06:11Z
119045,Ogaakananiibiish,oj,Ojibwe language area,"",,Ojibwe,Adam Malus,2020-04-15T01:09:53Z
119048,Ogaakananiibiish,oj,Ojibwe language area,"",,Ojibwe,Adam Malus,2020-04-15T01:10:52Z
85320,Aamoogaawanzh (weca'wûs wackwî'nek),oj,Ojibwe language area,"",,Ojibwe,Adam Malus,2020-04-15T01:18:24Z
52735,Aamoogaawanzh,oj,Ojibwe language area,"",,Ojibwe,Adam Malus,2020-04-15T01:18:50Z
50829,Waawiyebagoon,oj,Ojibwe language area,"",,Ojibwe,Adam Malus,2020-04-15T01:20:49Z
82816,Waawiyebagoon,oj,Ojibwe language area,"",,Ojibwe,Adam Malus,2020-04-15T01:24:09Z
70010,Waawiyebagoon,oj,Ojibwe language area,"",,Ojibwe,Adam Malus,2020-04-15T01:24:44Z
243366,Waawiyebagoon,oj,Ojibwe language area,"",,Ojibwe,Adam Malus,2020-04-15T01:25:09Z
181525,Aandegobagoons,oj,Ojibwe language area,"",,Ojibwe,Adam Malus,2020-04-15T01:28:44Z
62652,Aandegobagoons,oj,Ojibwe language area,"",,Ojibwe,Adam Malus,2020-04-15T01:30:14Z
72327,Namewashkoons,oj,Ojibwe language area,"",,Ojibwe,Adam Malus,2020-04-15T01:31:04Z
154473,Namewashkoons,oj,Ojibwe language area,"",,Ojibwe,Adam Malus,2020-04-15T01:31:37Z
52724,"Aanikawishkoons, Zhiishiibinashk",oj,Ojibwe language area,"",,Ojibwe,Adam Malus,2020-04-15T01:36:32Z
474979,"Aanikawishkoons, Zhiishiibinashk",oj,Ojibwe language area,"",,Ojibwe,Adam Malus,2020-04-15T01:37:28Z
52673,Aanikawishkoons (Zhiishiibinashk),oj,Ojibwe language area,"",,Ojibwe,Adam Malus,2020-04-15T01:38:32Z
76846,Aanikawishkoons (Zhiishiibinashk),oj,Ojibwe language area,"",,Ojibwe,Adam Malus,2020-04-15T01:40:16Z
63062,Weekizigun (Wapkadak),oj,Ojibwe language area,"",,Ojibwe,Adam Malus,2020-04-15T02:00:51Z
9771,Biboonebineshii,oj,Ojibwe language area,"",,Ojibwe,Adam Malus,2020-04-15T02:06:47Z
559248,Gakaashkinejiiwag,oj,Ojibwe language area,"",,Ojibwe,Adam Malus,2020-04-15T02:08:32Z
47792,Boochikwanishiyag (Oboodashkwaanishiinhyag),oj,Ojibwe language area,"",,Ojibwe,Adam Malus,2020-04-15T02:16:23Z
47819,Boochikwanishiyag (Oboodashkwaanishiinhyag),oj,Ojibwe language area,"",,Ojibwe,Adam Malus,2020-04-15T02:19:53Z
47731,Waawaatesiwag,oj,Ojibwe language area,"",,Ojibwe,Adam Malus,2020-04-15T02:24:10Z
224157,Waawaatesi (Maamaateshiins),oj,Ojibwe language area,"",,Ojibwe,Adam Malus,2020-04-15T02:26:02Z
129350,Waawaatesi (Maamaateshiins),oj,Ojibwe language area,"",,Ojibwe,Adam Malus,2020-04-15T02:26:32Z
125627,Waawaatesi (Maamaateshiins),oj,Ojibwe language area,"",,Ojibwe,Adam Malus,2020-04-15T02:26:55Z
47822,Ojiinsag,oj,Ojibwe language area,"",,Ojibwe,Adam Malus,2020-04-15T02:28:35Z
48091,Ojiinsag,oj,Ojibwe language area,"",,Ojibwe,Adam Malus,2020-04-15T02:29:18Z
52134,Zagimeg,oj,Ojibwe language area,"",,Ojibwe,Adam Malus,2020-04-15T02:34:56Z
505234,Zagimeg,oj,Ojibwe language area,"",,Ojibwe,Adam Malus,2020-04-15T02:35:49Z
62989,Zagime(g),oj,Ojibwe language area,"",,Ojibwe,Adam Malus,2020-04-15T02:41:25Z
51672,Ezigaag,oj,Ojibwe language area,"",,Ojibwe,Adam Malus,2020-04-15T02:45:04Z
51673,Ezigaag,oj,Ojibwe language area,"",,Ojibwe,Adam Malus,2020-04-15T02:45:47Z
51674,Ezigaa,oj,Ojibwe language area,"",,Ojibwe,Adam Malus,2020-04-15T02:47:42Z
39681,Mikinaakwag,oj,Ojibwe language area,"",,Ojibwe,Adam Malus,2020-04-16T01:19:57Z
39680,Mikinaakwag,oj,Ojibwe language area,"",,Ojibwe,Adam Malus,2020-04-16T01:20:30Z
47158,Manidoonsag (Manidooshag),oj,"","",,Ojibwe,Adam Malus,2020-04-16T02:21:01Z
47224,Memengwaag,oj,"","",,Ojibwe,Adam Malus,2020-04-16T02:23:34Z
60551,Ozaawi-memengwaa,oj,Ojibwe language area,"",,Ojibwe,Adam Malus,2020-04-16T02:26:31Z
57463,Ozaawi-memengwaa,oj,Ojibwe language area,"",,Ojibwe,Adam Malus,2020-04-16T02:27:28Z
47157,Memengwaag menwa Doodoowesiig (Animikiiwidikomag),oj,Ojibwe language area,"",,Ojibwe,Adam Malus,2020-04-16T02:52:29Z
52672,Ginebigobagoon,oj,Ojibwe language area,"",,Ojibwe,Adam Malus,2020-04-17T23:07:58Z
119154,Wezaawaanagakoons,oj,Ojibwe language area,"",,Ojibwe,Adam Malus,2020-04-17T23:19:09Z
112797,Oboodashkwaanishiinh,oj,Ojibwe language area,"",,Ojibwe,Adam Malus,2020-04-17T23:35:59Z
40477,bapakwaanaajiiyag,oj,Ojibwe language area,"",,Ojibwe,Adam Malus,2020-04-17T23:37:45Z
40509,Bapakwaanaajii,oj,Ojibwe language area,"",,Ojibwe,Adam Malus,2020-04-17T23:39:23Z
40346,Bapakwaanaajii,oj,Ojibwe language area,"",,Ojibwe,Adam Malus,2020-04-17T23:40:50Z
74719,Bapakwaanaajii,oj,Ojibwe language area,"",,Ojibwe,Adam Malus,2020-04-17T23:41:32Z
39865,Miskwaadesi,oj,Ojibwe language area,"",,Ojibwe,Adam Malus,2020-04-17T23:44:44Z
333656,Ajidamoowaanow,oj,Ojibwe language area,"",,Ojibwe,Adam Malus,2020-04-17T23:49:04Z
55971,Oshkinigikwe-aniibiish (mûckiki'wît),oj,Ojibwe language area,"",,Ojibwe,Adam Malus,2020-04-17T23:51:18Z
52758,Osawa'skanet,oj,Ojibwe language area,"",,Ojibwe,Adam Malus,2020-04-17T23:56:11Z
127372,Naubishkaukoot,oj,Ojibwe language area,"",,Ojibwe,Adam Malus,2020-04-17T23:58:10Z
49917,Naubishkaukoot,oj,Ojibwe language area,"",,Ojibwe,Adam Malus,2020-04-17T23:59:48Z
53197,Ginoozhewashk (Ci'obûg),oj,Ojibwe language area,"",,Ojibwe,Adam Malus,2020-04-18T00:01:16Z
77266,Nebaneyaa-nikweyaag (Wica'wasa'konek),oj,Ojibwe language area,"",,Ojibwe,Adam Malus,2020-04-18T00:05:09Z
77265,Nebaneyaa-nikweyaag,oj,Ojibwe language area,"",,Ojibwe,Adam Malus,2020-04-18T00:12:45Z
57850,Okitebag,oj,Ojibwe language area,"",,Ojibwe,Adam Malus,2020-04-18T01:51:00Z
57849,Ogitebag+oon (Nibiish-waawaasagone+n),oj,Ojibwe language area,"",,Ojibwe,Adam Malus,2020-04-18T01:58:25Z
59035,Esibanimizh,oj,Ojibwe language area,"",,Ojibwe,Adam Malus,2020-04-18T14:38:39Z
776076,Gichi-ashaage (azhaageshiinh),oj,Ojibwe language area,"",,Ojibwe,Adam Malus,2020-04-19T20:28:39Z
47782,"Ashaageg (Ashaageshiwag, Zhaagesh, Zhaageshiinhyag)",oj,Ojibwe language area,"",,Ojibwe,Adam Malus,2020-04-19T20:47:07Z
78925,Waabaziipin (Wabasi'pîn),oj,Ojibwe language area,"",,Ojibwe,Adam Malus,2020-04-22T00:32:24Z
119061,Wiigwaas,oj,Ojibwe language area,"",,Ojibwe,Adam Malus,2020-04-22T01:34:40Z
48152,Masa'n,oj,Ojibwe language area,"",,Ojibwe,Adam Malus,2020-04-22T01:42:38Z
67983,Osawa'skanet,oj,Ojibwe language area,"",,Ojibwe,Adam Malus,2020-04-22T01:51:22Z
57824,Papaskatcîksi'gana'tîg,oj,Ojibwe language area,"",,Ojibwe,Adam Malus,2020-04-22T01:52:46Z
182690,Miishiigan,oj,Ojibwe language area,"",,Ojibwe,Adam Malus,2020-04-22T02:06:08Z
54773,"Aditedaamin (Atîte'tamînûn, Aditeminagaanwanzh)",oj,Ojibwe language area,"",,Ojibwe,Adam Malus,2020-04-22T02:10:34Z
322552,Wabîgwon (Wa'bîgwûn),oj,Ojibwe language area,"",,Ojibwe,Adam Malus,2020-04-22T02:16:05Z
59570,"Gichi Masan (Wi’sûgibûg’, Gi’masan)",oj,Ojibwe language area,"",,Ojibwe,Adam Malus,2020-04-22T02:26:57Z
71127,"Imbjî'goa, (Wiingashk, Bebezhigooganzhii-wiingashk, Nookwezigan)",oj,Ojibwe language area,"",,Ojibwe,Adam Malus,2020-04-22T02:48:05Z
64134,"Mashkodewashk, Bashkodejiibik, Wiingashk, Nookwezigan",oj,Ojibwe language area,"",,Ojibwe,Adam Malus,2020-04-22T02:55:54Z
223671,Wenabozhoo bikwak,oj,Ojibwe language area,"",,Ojibwe,Adam Malus,2020-04-23T01:35:05Z
1035930,Jîngwa'kwak (Jingwakons wakun),oj,Ojibwe language area,"",,Ojibwe,Adam Malus,2020-04-23T01:47:28Z
204198,Gaagigebag (Cigonagan),oj,Ojibwe language area,"",,Ojibwe,Adam Malus,2020-04-23T03:26:23Z
60460,Nikauno wuhnshk,oj,Ojibwe language area,"",,Ojibwe,Adam Malus,2020-04-23T03:30:27Z
178220,Dijibe gub,oj,Ojibwe language area,"",,Ojibwe,Adam Malus,2020-04-23T03:39:07Z
127510,Skatogon,oj,Ojibwe language area,"",,Ojibwe,Adam Malus,2020-04-23T03:40:29Z
48435,Macadac cawdac,oj,Ojibwe language area,"",,Ojibwe,Adam Malus,2020-04-23T03:43:36Z
128805,Miinan,oj,Ojibwe language area,"",,Ojibwe,Adam Malus,2020-04-23T03:45:29Z
865984,Wesukapup,oj,Ojibwe language area,"",,Ojibwe,Adam Malus,2020-04-23T03:46:29Z
116333,Zhooniyaa Ojiibik,oj,Ojibwe language area,"",,Ojibwe,Adam Malus,2020-04-23T03:47:54Z
48473,Jibi Epush Kwaegun,oj,Ojibwe language area,"",,Ojibwe,Adam Malus,2020-04-23T03:55:44Z
54839,Asadi,oj,Ojibwe language area,"",,Ojibwe,Adam Malus,2020-04-24T21:55:50Z
54795,Menagwake,oj,Ojibwe language area,"",,Ojibwe,Adam Malus,2020-04-24T21:57:51Z
54796,Menagwake,oj,Ojibwe language area,"",,Ojibwe,Adam Malus,2020-04-24T22:00:13Z
168358,Oziisigobiminzh (Sizigo Bamic),oj,Ojibwe language area,"",,Ojibwe,Adam Malus,2020-04-24T23:14:51Z
168353,Oziisigobimizh,oj,Ojibwe language area,"",,Ojibwe,Adam Malus,2020-04-24T23:27:20Z
58347,Pis Nakniskuns,oj,Ojibwe language area,"",,Ojibwe,Adam Malus,2020-04-24T23:35:35Z
241179,Pis Nakniskuns,oj,Ojibwe language area,"",,Ojibwe,Adam Malus,2020-04-24T23:36:51Z
79959,Pis Nakniskuns,oj,Ojibwe language area,"",,Ojibwe,Adam Malus,2020-04-24T23:37:31Z
119956,Wasawasnimike,oj,Ojibwe language area,"",,Ojibwe,Adam Malus,2020-04-24T23:39:03Z
64544,Wasawasnimike,oj,Ojibwe language area,"",,Ojibwe,Adam Malus,2020-04-24T23:39:35Z
164439,Minisinowuck,oj,Ojibwe language area,"",,Ojibwe,Adam Malus,2020-04-24T23:41:03Z
170102,Apaakozigan,oj,Ojibwe language area,"",,Ojibwe,Adam Malus,2020-04-24T23:42:06Z
81354,Mangishkiinzhigwe (Wezawab Gonik),oj,Ojibwe language area,"",,Ojibwe,Adam Malus,2020-04-24T23:45:58Z
130095,Giminesit,oj,Ojibwe language area,"",,Ojibwe,Adam Malus,2020-04-24T23:50:37Z
163218,Giminesit,oj,Ojibwe language area,"",,Ojibwe,Adam Malus,2020-04-24T23:52:07Z
51647,Ginosewibug,oj,Ojibwe language area,"",,Ojibwe,Adam Malus,2020-04-24T23:54:41Z
49916,Naubishkaukoot,oj,Ojibwe language area,"",,Ojibwe,Adam Malus,2020-04-24T23:55:57Z
54516,Eshoonh,oj,Ojibwe language area,"",,Ojibwe,Adam Malus,2020-04-24T23:57:30Z
239653,Eshoonh,oj,Ojibwe language area,"",,Ojibwe,Adam Malus,2020-04-24T23:57:58Z
130900,Bamakwit Wabigons,oj,Ojibwe language area,"",,Ojibwe,Adam Malus,2020-04-25T00:00:18Z
127390,Gine Bigominaga Wunj,oj,Ojibwe language area,"",,Ojibwe,Adam Malus,2020-04-25T00:02:25Z
600677,Meskodi Minun (Wabeni'mînesa),oj,Ojibwe language area,"",,Ojibwe,Adam Malus,2020-04-25T00:04:45Z
47573,Gagawan Dagisid,oj,Ojibwe language area,"",,Ojibwe,Adam Malus,2020-04-25T00:14:58Z
54919,Eckadamin,oj,Ojibwe language area,"",,Ojibwe,Adam Malus,2020-04-25T00:16:54Z
141767,Wisugid Jibik,oj,Ojibwe language area,"",,Ojibwe,Adam Malus,2020-04-25T00:20:32Z
159228,Binemic,oj,Ojibwe language area,"",,Ojibwe,Adam Malus,2020-04-25T00:24:39Z
81824,Zhaabozigan (Cabosî'kûn),oj,Ojibwe language area,"",,Ojibwe,Adam Malus,2020-04-25T00:32:12Z
48682,Memisgwu Nagug,oj,Ojibwe language area,"",,Ojibwe,Adam Malus,2020-04-25T00:33:24Z
48595,(Mayagi Mashkiki) Odjibik Namun,oj,Ojibwe language area,"",,Ojibwe,Adam Malus,2020-04-25T00:39:41Z
181886,Mandamin,oj,Ojibwe language area,"",,Ojibwe,Adam Malus,2020-04-25T00:44:32Z
58795,Zesabiins,oj,Ojibwe language area,"",,Ojibwe,Adam Malus,2020-04-25T00:45:34Z
366300,Zesabiins,oj,Ojibwe language area,"",,Ojibwe,Adam Malus,2020-04-25T00:47:08Z
54768,Maananoons,oj,Ojibwe language area,"",,Ojibwe,Adam Malus,2020-04-25T00:49:40Z
52669,"Ginebigobag (Ana Ganuck, Nokomi'skînûn)",oj,Ojibwe language area,"",,Ojibwe,Adam Malus,2020-04-25T00:52:10Z
82569,Ginebigobag (Ana Ganuck),oj,Ojibwe language area,"",,Ojibwe,Adam Malus,2020-04-25T01:21:26Z
77642,Bebezhigoo Ganzhii Mashkiki,oj,Ojibwe language area,"",,Ojibwe,Adam Malus,2020-04-25T01:22:45Z
63134,Waabashkikiibag (Wabuckiki Bug),oj,Ojibwe language area,"",,Ojibwe,Adam Malus,2020-04-25T01:30:39Z
81602,Masanuck,oj,Ojibwe language area,"",,Ojibwe,Adam Malus,2020-04-25T01:47:06Z
51738,"Mashkodewashk (bashkodejiibik, wiingwashk, nebwaakaad)",oj,Ojibwe language area,"",,Ojibwe,Adam Malus,2020-04-25T01:50:42Z
62236,Gagigebug,oj,Ojibwe language area,"",,Ojibwe,Adam Malus,2020-04-25T01:51:36Z
64177,Miishkoons,oj,Ojibwe language area,"",,Ojibwe,Adam Malus,2020-04-25T01:54:01Z
79016,Zhaashaabonagizing (Tcatcabonuksik),oj,Ojibwe language area,"",,Ojibwe,Adam Malus,2020-04-25T01:56:16Z
129652,Tcatcabonuksik,oj,Ojibwe language area,"",,Ojibwe,Adam Malus,2020-04-25T01:57:57Z
59005,Waboskiki Minun,oj,Ojibwe language area,"",,Ojibwe,Adam Malus,2020-04-25T17:06:19Z
55628,Makasin,oj,Ojibwe language area,"",,Ojibwe,Adam Malus,2020-04-25T17:07:13Z
48715,Miskwedo,oj,Ojibwe language area,"",,Ojibwe,Adam Malus,2020-04-26T01:01:52Z
462132,"Ozhashkwedow (Wazhashkwedow, Waakon)",oj,Ojibwe language area,"",,Ojibwe,Adam Malus,2020-04-26T01:11:49Z
48494,Mitgo‐pikwajish,oj,Ojibwe language area,"",,Ojibwe,Adam Malus,2020-04-26T01:45:34Z
48701,Ogimaawikwaan wazaashkwedoowin,oj,Ojibwe language area,"",,Ojibwe,Adam Malus,2020-04-26T01:47:26Z
51646,Odatagaagomin,oj,Ojibwe language area,"",,Ojibwe,Adam Malus,2020-04-26T01:48:45Z
83524,Odatagaagomin,oj,Ojibwe language area,"",,Ojibwe,Adam Malus,2020-04-26T01:49:27Z
48641,Pikojish,oj,Ojibwe language area,"",,Ojibwe,Adam Malus,2020-04-26T01:50:35Z
487301,Ojishtad,oj,Ojibwe language area,"",,Ojibwe,Adam Malus,2020-04-26T01:57:07Z
120154,Ojishtad,oj,Ojibwe language area,"",,Ojibwe,Adam Malus,2020-04-26T01:57:45Z
53714,Wapun ojishtad,oj,Ojibwe language area,"",,Ojibwe,Adam Malus,2020-04-26T02:01:36Z
62651,Aandegopin,oj,Ojibwe language area,"",,Ojibwe,Adam Malus,2020-04-26T02:19:35Z
60206,Aandegopin,oj,Ojibwe language area,"",,Ojibwe,Adam Malus,2020-04-26T02:20:06Z
77915,Aandegopin,oj,Ojibwe language area,"",,Ojibwe,Adam Malus,2020-04-26T02:21:02Z
164974,Aandegopin,oj,Ojibwe language area,"",,Ojibwe,Adam Malus,2020-04-26T02:22:25Z
60125,Abagwasî'gans,oj,Ojibwe language area,"",,Ojibwe,Adam Malus,2020-04-26T02:28:52Z
181639,Abagwasî'gans,oj,Ojibwe language area,"",,Ojibwe,Adam Malus,2020-04-26T02:29:53Z
62367,Agoñgasi'mînûk,oj,Ojibwe language area,"",,Ojibwe,Adam Malus,2020-04-26T02:34:59Z
154999,Aîa'nîkotci'mîn,oj,Ojibwe language area,"",,Ojibwe,Adam Malus,2020-04-26T02:57:11Z
52681,Ana'ganuck (Makate'wa ana'ganûck),oj,Ojibwe language area,"",,Ojibwe,Adam Malus,2020-04-26T19:27:32Z
76778,Ana'ganuck,oj,Ojibwe language area,"",,Ojibwe,Adam Malus,2020-04-26T19:28:35Z
82576,a'nana'ganûck,oj,Ojibwe language area,"",,Ojibwe,Adam Malus,2020-04-26T19:30:31Z
169209,Asa'gûmîg,oj,Ojibwe language area,"",,Ojibwe,Adam Malus,2020-04-26T19:52:14Z
119778,Asa'gûniñk,oj,Ojibwe language area,"",,Ojibwe,Adam Malus,2020-04-26T19:54:23Z
81599,Asasa'weskûk,oj,Ojibwe language area,"",,Ojibwe,Adam Malus,2020-04-26T19:55:56Z
242920,Asasa'weskûk,oj,Ojibwe language area,"",,Ojibwe,Adam Malus,2020-04-26T19:56:28Z
54846,Azisi'gobimîc (Sizigo'bimîc),oj,Ojibwe language area,"",,Ojibwe,Adam Malus,2020-04-26T19:58:16Z
238349,Azisi'gobimîc,oj,Ojibwe language area,"",,Ojibwe,Adam Malus,2020-04-26T19:58:50Z
242439,Bawa'iminagaawanzh (Bae'wîmînûn),oj,Ojibwe language area,"",,Ojibwe,Adam Malus,2020-04-26T20:00:51Z
243058,Bîne'bûg,oj,Ojibwe language area,"",,Ojibwe,Adam Malus,2020-04-26T20:32:52Z
60367,Bîne'bûg,oj,Ojibwe language area,"",,Ojibwe,Adam Malus,2020-04-26T20:35:15Z
239622,bîne'mîc,oj,Ojibwe language area,"",,Ojibwe,Adam Malus,2020-04-26T20:36:14Z
239200,Bîne'mîcki,oj,Ojibwe language area,"",,Ojibwe,Adam Malus,2020-04-26T20:37:05Z
162677,Bîwee'ckînûk (Mesadi'wackons),oj,Ojibwe language area,"",,Ojibwe,Adam Malus,2020-04-26T20:41:06Z
54832,Bûgesana'tîg,oj,Ojibwe language area,"",,Ojibwe,Adam Malus,2020-04-26T20:43:57Z
501399,Bagizowin,oj,Ojibwe language area,"",,Ojibwe,Adam Malus,2020-04-26T23:35:36Z
58961,"Pakwan (Ceca'gûski'bûge'sînk, Jimûcki'gobûg)",oj,Ojibwe language area,"",,Ojibwe,Adam Malus,2020-04-26T23:58:33Z
116364,Zhigaagawanzh (Cîgaga'wûnj),oj,Ojibwe language area,"",,Ojibwe,Adam Malus,2020-04-27T00:05:12Z
126645,Ci'wimînûn (Ciwi'mînaga'wûnj),oj,Ojibwe language area,"",,Ojibwe,Adam Malus,2020-04-27T00:10:09Z
446651,Dadoca'bo,oj,Ojibwe language area,"",,Ojibwe,Adam Malus,2020-04-27T00:11:00Z
79002,Gaîe'wûckûk,oj,Ojibwe language area,"",,Ojibwe,Adam Malus,2020-04-27T00:12:55Z
51893,Gagîge'bûg,oj,Ojibwe language area,"",,Ojibwe,Adam Malus,2020-04-27T00:14:27Z
130456,Gaanda'igwaasoning Ezhinaagwak (Gandegwa'sonînke'cînagwûk),oj,Ojibwe language area,"",,Ojibwe,Adam Malus,2020-04-27T00:15:37Z
82391,Gîji'kgando'gûng,oj,Ojibwe language area,"",,Ojibwe,Adam Malus,2020-04-27T00:24:23Z
84270,Gimîne'sît,oj,Ojibwe language area,"",,Ojibwe,Adam Malus,2020-04-27T00:25:41Z
130365,Gîne'bîg odji'bîk (Masan),oj,Ojibwe language area,"",,Ojibwe,Adam Malus,2020-04-27T00:26:31Z
154525,Gîne'bîgomînaga'wûnj,oj,Ojibwe language area,"",,Ojibwe,Adam Malus,2020-04-27T00:28:00Z
283581,Goko'cgûnda mînêskwe'mîn,oj,Ojibwe language area,"",,Ojibwe,Adam Malus,2020-04-27T00:34:45Z
78084,Goko'coadji'bîk,oj,Ojibwe language area,"",,Ojibwe,Adam Malus,2020-04-27T00:36:06Z
164415,Jica'wîgan,oj,Ojibwe language area,"",,Ojibwe,Adam Malus,2020-04-27T00:37:31Z
77567,Jîgomi'ûskûn,oj,Ojibwe language area,"",,Ojibwe,Adam Malus,2020-04-27T00:39:15Z
53779,Ji'wîcini'goni'bûg,oj,Ojibwe language area,"",,Ojibwe,Adam Malus,2020-04-27T00:47:23Z
50713,Ma'kasîn,oj,Ojibwe language area,"",,Ojibwe,Adam Malus,2020-04-27T20:54:18Z
119802,Masana'tîg,oj,Ojibwe language area,"",,Ojibwe,Adam Malus,2020-04-27T20:59:12Z
51227,Manda'mînîodji'bîkêns,oj,Ojibwe language area,"",,Ojibwe,Adam Malus,2020-04-27T21:00:25Z
167747,Manwe'gons,oj,Ojibwe language area,"",,Ojibwe,Adam Malus,2020-04-27T21:22:12Z
130364,Manwe'gons,oj,Ojibwe language area,"",,Ojibwe,Adam Malus,2020-04-27T21:24:11Z
769246,Masa'n,oj,Ojibwe language area,"",,Ojibwe,Adam Malus,2020-04-27T21:31:08Z
1019191,Masan,oj,Ojibwe language area,"",,Ojibwe,Adam Malus,2020-04-27T22:42:48Z
55909,waabigwan (mêmîskû'nakûk),oj,Ojibwe language area,"",,Ojibwe,Adam Malus,2020-04-27T23:42:09Z
122850,Mêskodi'mînûn (Wabeni'mînesa),oj,Ojibwe language area,"",,Ojibwe,Adam Malus,2020-04-27T23:48:33Z
320160,"Meskwabi, Meskwabi'mîc",oj,Ojibwe language area,"",,Ojibwe,Adam Malus,2020-04-27T23:49:04Z
84803,Meskwa'cabo'mînûk,oj,Ojibwe language area,"",,Ojibwe,Adam Malus,2020-04-27T23:50:02Z
49006,"Mitigomizh (Metî'gomîc, Te'komîn)",oj,Ojibwe language area,"",,Ojibwe,Adam Malus,2020-04-27T23:55:20Z
67820,Mîcao'gacan,oj,Ojibwe language area,"",,Ojibwe,Adam Malus,2020-04-28T00:04:38Z
76541,Missa'bîgon,oj,Ojibwe language area,"",,Ojibwe,Adam Malus,2020-04-28T00:31:09Z
79460,Misodjidamo'anûk,oj,Ojibwe language area,"",,Ojibwe,Adam Malus,2020-04-28T00:32:48Z
72416,Misodjidamo'anûk,oj,Ojibwe language area,"",,Ojibwe,Adam Malus,2020-04-28T00:33:05Z
48618,Mîtcigi'mênûk (Nîgîtîni'gûnûk),oj,Ojibwe language area,"",,Ojibwe,Adam Malus,2020-04-28T00:34:13Z
116347,Mûkwopîni'k,oj,Ojibwe language area,"",,Ojibwe,Adam Malus,2020-04-28T01:23:30Z
85327,Nanîbîte'ode'kîn,oj,Ojibwe language area,"",,Ojibwe,Adam Malus,2020-04-28T01:46:21Z
153441,Naskosi'îcûs,oj,Ojibwe language area,"",,Ojibwe,Adam Malus,2020-04-28T01:49:35Z
67772,Neweîa'kwisînk,oj,Ojibwe language area,"",,Ojibwe,Adam Malus,2020-04-28T02:01:16Z
59752,Nokwe'sîgûn,oj,Ojibwe language area,"",,Ojibwe,Adam Malus,2020-04-28T02:05:10Z
82504,Odîtea'bûg (oga'damûn),oj,Ojibwe language area,"",,Ojibwe,Adam Malus,2020-04-28T02:11:00Z
83062,"Ogini (Ogîni'gawûnj, Ogîne'mînaga'ons)",oj,Ojibwe language area,"",,Ojibwe,Adam Malus,2020-04-28T02:12:39Z
242647,"Ogini (Ogîni'gawûnj, Ogîne'mînaga'ons)",oj,Ojibwe language area,"",,Ojibwe,Adam Malus,2020-04-28T02:13:15Z
47735,Bayaatiinoogaaded (Wemakwaayaanii),oj,Ojibwe language area,"",,Ojibwe,Adam Malus,2020-04-28T02:31:08Z
469238,Disaaweshiinh (Meminaabawijiisi),oj,Ojibwe language area,"",,Ojibwe,Adam Malus,2020-04-28T02:37:55Z
63081,Ozagaskwaajime,oj,Ojibwe language area,"",,Ojibwe,Adam Malus,2020-04-28T02:42:44Z
67707,"Asabikeshiinh, (Eyebig, Asabike-manijoosh, Gookominaagesh)",oj,Ojibwe language area,"",,Ojibwe,Adam Malus,2020-04-28T02:46:16Z
59651,Maangodikom,oj,Ojibwe language area,"",,Ojibwe,Adam Malus,2020-04-28T02:55:42Z
130368,Osaga'tîkûm,oj,Ojibwe language area,"",,Ojibwe,Adam Malus,2020-04-28T19:28:47Z
335466,Oskwe'tûk,oj,Ojibwe language area,"",,Ojibwe,Adam Malus,2020-04-28T19:55:27Z
50790,Owacawa'skwûneg,oj,Ojibwe language area,"",,Ojibwe,Adam Malus,2020-04-28T20:01:40Z
53059,Sakate'bwi,oj,Ojibwe language area,"",,Ojibwe,Adam Malus,2020-04-28T20:26:46Z
57920,Sakati'komûk,oj,Ojibwe language area,"",,Ojibwe,Adam Malus,2020-04-28T20:35:15Z
57928,Sakati'komûk,oj,Ojibwe language area,"",,Ojibwe,Adam Malus,2020-04-28T20:36:00Z
495238,Sizigo'bimîc,oj,Ojibwe language area,"",,Ojibwe,Adam Malus,2020-04-28T20:52:02Z
168347,Sizigo'bimîc,oj,Ojibwe language area,"",,Ojibwe,Adam Malus,2020-04-28T20:57:50Z
76451,Tîpotîe'kwason,oj,Ojibwe language area,"",,Ojibwe,Adam Malus,2020-04-28T22:12:02Z
82247,Wabanwe'ak,oj,Ojibwe language area,"",,Ojibwe,Adam Malus,2020-04-28T22:29:00Z
122849,Wabeni'mîna,oj,Ojibwe language area,"",,Ojibwe,Adam Malus,2020-04-28T22:31:37Z
64162,Wabîgwon,oj,Ojibwe language area,"",,Ojibwe,Adam Malus,2020-04-28T22:41:39Z
76907,"Wabîgwon, Gaa-babiikwaanaatig",oj,Ojibwe language area,"",,Ojibwe,Adam Malus,2020-04-28T22:42:21Z
136375,Waboskîki'mînûn,oj,Ojibwe language area,"",,Ojibwe,Adam Malus,2020-04-30T01:31:18Z
169253,wabûckîki'bûg,oj,Ojibwe language area,"",,Ojibwe,Adam Malus,2020-04-30T01:34:30Z
79131,Wane'mîgon,oj,Ojibwe language area,"",,Ojibwe,Adam Malus,2020-04-30T01:38:19Z
359459,Wane'mîgon,oj,Ojibwe language area,"",,Ojibwe,Adam Malus,2020-04-30T01:38:52Z
84160,Wesawasa'kwûne'k odîte'abûg,oj,Ojibwe language area,"",,Ojibwe,Adam Malus,2020-04-30T01:47:01Z
126206,Bapakine (Adisaawayeshiinh),oj,Ojibwe language area,"",,Ojibwe,Adam Malus,2020-05-01T23:51:43Z
122193,"Makade-bapakine (ginebigokesiinh, oojiigaawesi, oojiigaaweshiinh, jiiga`oweshiinh, bapakine)",oj,Ojibwe language area,"",,Ojibwe,Adam Malus,2020-05-01T23:59:41Z
296207,Minaagojiis (minaagojiinh),oj,Ojibwe language area,"",,Ojibwe,Adam Malus,2020-05-02T00:03:35Z
485010,Minaagojiis (minaagojiinh),oj,Ojibwe language area,"",,Ojibwe,Adam Malus,2020-05-02T00:03:45Z
132677,Minaagojiis (minaagojiinh),oj,Ojibwe language area,"",,Ojibwe,Adam Malus,2020-05-02T00:03:55Z
714362,Zagime (Zagimenh),oj,Ojibwe language area,"",,Ojibwe,Adam Malus,2020-05-02T00:07:56Z
55216,"Bakojiisi (Bikojiisi, Bingojiisi)",oj,Ojibwe language area,"",,Ojibwe,Adam Malus,2020-05-02T00:19:06Z
133768,Mizizaak (Mizizaakoons),oj,Ojibwe language area,"",,Ojibwe,Adam Malus,2020-05-02T00:22:17Z
216866,Mizizaak (Mizizaakoons),oj,Ojibwe language area,"",,Ojibwe,Adam Malus,2020-05-02T00:24:35Z
216864,Mizizaak (Mizizaakoons),oj,Ojibwe language area,"",,Ojibwe,Adam Malus,2020-05-02T00:25:35Z
216875,Mizizaak (Mizizaakoons),oj,Ojibwe language area,"",,Ojibwe,Adam Malus,2020-05-02T00:36:01Z
52911,Makade-aamoo,oj,Ojibwe language area,"",,Ojibwe,Adam Malus,2020-05-02T00:38:16Z
118970,"Gichi-aamoo (miisaamoo, miishaamoo, ozaawaamoo, waabigwanii-aamoo)",oj,Ojibwe language area,"",,Ojibwe,Adam Malus,2020-05-02T00:46:46Z
120215,"Gichi-aamoo (Miisaamoo, Miishaamoo, Ozaawaamoo, Waabigwanii-Aamoo)",oj,Ojibwe language area,"",,Ojibwe,Adam Malus,2020-05-02T00:51:21Z
81559,"Animikiiwidikom (Doodoowesii, Gokowesii, Manijoosh)",oj,Ojibwe language area,"",,Ojibwe,Adam Malus,2020-05-02T01:16:12Z
4929,Mooshkahosiwak,oj,Ojibwe language area,"",,Ojibwe,Adam Malus,2020-05-10T01:01:24Z
11867,Mukudeshaushauwunnibisi,oj,Ojibwe language area,"",,Ojibwe,Adam Malus,2020-05-10T01:36:54Z
12705,Aanakook/Opitchiwak (Bikwaakokwe`owesiwag),oj,Ojibwe language area,"",,Ojibwe,Adam Malus,2020-05-10T02:10:02Z
15977,Aanakook/Opitchiwak (Bikwaakokwe`owesiwag),oj,Ojibwe language area,"",,Ojibwe,Adam Malus,2020-05-10T02:12:13Z
12878,Aanak (Kaaciiwetek),oj,Ojibwe language area,"",,Ojibwe,Adam Malus,2020-05-10T02:37:38Z
14800,Zhgashkaandwensak (Biipiigenh),oj,Ojibwe language area,"",,Ojibwe,Adam Malus,2020-05-10T02:40:01Z
11935,Shaawanipiisi (Shaashaawanipiisi),oj,Ojibwe language area,"",,Ojibwe,Adam Malus,2020-05-10T02:58:48Z
12942,Owiiskaa (o-wais’-sa),oj,Ojibwe language area,"",,Ojibwe,Adam Malus,2020-05-12T02:40:36Z
11941,Memsaadkon’gwiigaans (Memisaadakoningwiigaans),oj,Ojibwe language area,"",,Ojibwe,Adam Malus,2020-05-12T02:44:14Z
15964,"Naamaatgookeshiinsak (Memtigningwiishenhyak, Nonokaasewak, Odanamissakadoweshiwak)",oj,Ojibwe language area,"",,Ojibwe,Adam Malus,2020-05-12T02:47:08Z
14994,Opawahikeshkwak,oj,Ojibwe language area,"",,Ojibwe,Adam Malus,2020-05-12T02:54:05Z
7427,Sekipanoociinsak,oj,Ojibwe language area,"",,Ojibwe,Adam Malus,2020-05-17T01:38:58Z
7601,Mashkosii-bineshiinh,oj,Ojibwe language area,"",,Ojibwe,Adam Malus,2020-05-17T01:55:15Z
145235,kacinwasinasocipipeshishak,oj,Ojibwe language area,"",,Ojibwe,Adam Malus,2020-05-17T02:08:15Z
199916,Oshaawashko-pineshiihnsh,oj,Ojibwe language area,"",,Ojibwe,Adam Malus,2020-05-17T02:11:20Z
117059,Waapanakwakoshiihsh (waapanakkoshiihsh),oj,Ojibwe language area,"",,Ojibwe,Adam Malus,2020-05-17T02:14:40Z
9184,Kakiwashikikishiki (Macitonishi),oj,Ojibwe language area,"",,Ojibwe,Adam Malus,2020-05-17T02:18:36Z
9135,Kicimisikominikesi,oj,Ojibwe language area,"",,Ojibwe,Adam Malus,2020-05-17T02:23:42Z
9080,Misko-bineshiinhyak,oj,Ojibwe language area,"",,Ojibwe,Adam Malus,2020-05-17T02:29:46Z
9921,Ishkode-bineshiinh (odaajinamaneshiinh),oj,Ojibwe language area,"",,Ojibwe,Adam Malus,2020-05-17T02:31:30Z
10325,Cachakanoo,oj,Ojibwe language area,"",,Ojibwe,Adam Malus,2020-05-17T02:41:03Z
9535,Otapiskaknaashiihsh (onaapihkaakani pineshiihsh),oj,Ojibwe language area,"",,Ojibwe,Adam Malus,2020-05-17T02:42:49Z
10373,Agajidassig’ginak (asikinaak),oj,Ojibwe language area,"",,Ojibwe,Adam Malus,2020-05-17T02:45:16Z
9800,Okanise,oj,Ojibwe language area,"",,Ojibwe,Adam Malus,2020-05-17T02:47:08Z
485176,"Wapikatipewishipi, (wapikatikwa’iship)",oj,Ojibwe language area,"",,Ojibwe,Adam Malus,2020-05-23T22:39:50Z
7056,Kitch’itugua’goshib,oj,Ojibwe language area,"",,Ojibwe,Adam Malus,2020-05-23T22:44:28Z
50190,Meminaabawijiisi,oj,Ojibwe language area,"",,Ojibwe,Jonathan Hoskins,2020-07-15T05:06:26Z
50190,Disaaweshiinh,oj,Ojibwe language area,"",,Ojibwe,Jonathan Hoskins,2020-07-15T05:06:34Z
53794,Godotaagaans,oj,"","",,Ojibwe,cassi saari,2020-07-25T15:09:33Z
53794,Ginosewibug,oj,"","",,Ojibwe,cassi saari,2020-07-25T15:09:40Z
1122172,Ozhddgaamig,oj,"","",https://www.inaturalist.org/taxon_names/2051610/edit,Ojibwe,,2020-08-19T13:10:09Z
54429,Zhaaboominagaawanzh,oj,"","",https://www.inaturalist.org/taxon_names/2031306/edit,Ojibwe,Victor HOYEAU,2020-08-31T18:47:11Z
10247,Ozaawibineshii,oj,Ojibwe language area,"",,Ojibwe,Adam Malus,2020-11-29T22:50:04Z
5227,Gekek (Cha’iins),oj,Ojibwe language area,"",,Ojibwe,Adam Malus,2020-11-29T22:58:11Z
319123,Gichi-Bine,oj,Ojibwe language area,"",,Ojibwe,Adam Malus,2020-11-29T23:07:33Z
19577,Beshk,oj,Ojibwe language area,"",,Ojibwe,Adam Malus,2020-11-29T23:25:00Z
18463,Baapaase,oj,Ojibwe language area,"",,Ojibwe,Adam Malus,2020-11-29T23:27:51Z
16110,Wiiwiish,oj,Ojibwe language area,"",,Ojibwe,Adam Malus,2020-11-29T23:35:59Z
16100,Apateshiwish (Wiiwiish),oj,Ojibwe language area,"",,Ojibwe,Adam Malus,2020-11-29T23:36:51Z
16602,Wiiwiish,oj,Ojibwe language area,"",,Ojibwe,Adam Malus,2020-11-29T23:42:01Z
17008,Wiiwiish,oj,Ojibwe language area,"",,Ojibwe,Adam Malus,2020-11-29T23:42:56Z
16782,Wiindigoo Bineshiinh,oj,Ojibwe language area,"",,Ojibwe,Adam Malus,2020-11-29T23:45:41Z
54504,Bagaanaak,oj,Ojibwe language area,"",,Ojibwe,Adam Malus,2020-11-30T02:44:54Z
47392,Wazhashkwedoons,oj,Ojibwe language area,"",,Ojibwe,Adam Malus,2020-11-30T03:39:48Z
125489,Odatagago minagawunj,oj,Ojibwe language area,"",,Ojibwe,Adam Malus,2020-12-02T02:57:34Z
158076,Weza’wûnûckwûk’,oj,Ojibwe language area,"",,Ojibwe,Adam Malus,2020-12-02T03:21:16Z
119790,Mûckode’cigaga’wûnj,oj,Ojibwe language area,"",,Ojibwe,Adam Malus,2020-12-02T03:27:30Z
117443,"Bakwenezigan (Wiinizikens, Waaniziikensiwang)",oj,Ojibwe language area,"",,Ojibwe,Adam Malus,2020-12-05T20:53:23Z
158286,We’abŏnag’kak,oj,Ojibwe language area,"",,Ojibwe,Adam Malus,2020-12-05T21:20:08Z
121968,Mûckode’kanĕs,oj,Ojibwe language area,"",,Ojibwe,Adam Malus,2020-12-05T21:24:45Z
75463,Gagîge’bûg,oj,Ojibwe language area,"",,Ojibwe,Adam Malus,2020-12-05T21:28:35Z
127005,Gagîge’bûg,oj,Ojibwe language area,"",,Ojibwe,Adam Malus,2020-12-05T21:29:22Z
57912,Ba’sibûgûk’ (O’gima’wûck),oj,Ojibwe language area,"",,Ojibwe,Adam Malus,2020-12-05T23:42:22Z
1183928,waabigwan,oj,"","",https://www.inaturalist.org/taxon_names/2033290/edit,Ojibwe,,2021-01-29T20:01:10Z
14801,biipiigenh,oj,Ojibwe language area,"",,Ojibwe,asinikwe,2021-03-17T15:15:51Z
17855,thedè-dilleh,oj,"","",,Ojibwe,raymie,2021-03-26T21:04:44Z
58723,Oziisigobiminzh,oj,Ojibwe language area,"",,Ojibwe,Adam Malus,2021-04-22T02:03:56Z
47742,Minaagojiis (minaagojiinh),oj,Ojibwe language area,"",,Ojibwe,Adam Malus,2021-06-04T22:45:05Z
520469,Wabanaung Massasauga Medwehnwhen,oj,"","",,Ojibwe,Liv MW,2021-07-03T02:49:02Z
28557,Keewatinong Meskomsuded,oj,"","",,Ojibwe,Liv MW,2021-07-03T02:56:09Z
1264431,zhingos,oj,"","",https://www.inaturalist.org/taxon_names/1078692/edit,Ojibwe,,2021-07-20T16:23:42Z
1264432,zhaangweshi,oj,Ojibwe language area,"",https://www.inaturalist.org/taxon_names/1078691/edit,Ojibwe,max kirsch,2021-07-20T16:31:09Z
469472,mishiiminaatig,oj,"","",https://www.inaturalist.org/taxon_names/1078513/edit,Ojibwe,,2021-07-30T01:52:17Z
469472,mishiimin,oj,"","",https://www.inaturalist.org/taxon_names/1078512/edit,Ojibwe,,2021-07-30T01:52:19Z
469472,Mishiiminagaawanzh,oj,"","",https://www.inaturalist.org/taxon_names/2028621/edit,Ojibwe,,2021-07-30T01:52:28Z
79071,Mi'ksiníttsiim,oj,Ojibwe language area,"",,Ojibwe,Adam Malus,2021-08-19T14:05:50Z
58776,Gookooshibag,oj,Ojibwe language area,"",,Ojibwe,Adam Malus,2021-08-19T14:08:41Z
19765,Gaakaabishiinh,oj,"","",,Ojibwe,sanguinaria17,2021-09-05T13:23:47Z
54807,baapaagimaak,oj,"","",,Ojibwe,sanguinaria17,2021-09-05T18:29:04Z
48070,"Wapato, Waabiziipin,Ajijaakokaad",oj,Ojibwe language area,"",,Ojibwe,Adam Malus,2021-09-18T21:57:47Z
48230,Maanwegoons,oj,Ojibwe language area,"",,Ojibwe,Adam Malus,2021-09-18T23:45:38Z
48952,Ajidamoo-miiskish mandaamin,oj,Ojibwe language area,"",,Ojibwe,Adam Malus,2021-09-19T01:05:05Z
58738,"Baakwaanibag, Bokkwan'ibok",oj,Ojibwe language area,"",,Ojibwe,Adam Malus,2021-09-19T19:51:51Z
69930,Gichigamiiwashk,oj,Ojibwe language area,"",,Ojibwe,Adam Malus,2021-09-19T21:03:32Z
128036,Odigadimanido,oj,Ojibwe language area,"",,Ojibwe,Adam Malus,2021-09-19T21:38:06Z
60251,Zhawaseshkoohnse,oj,Ojibwe language area,"",,Ojibwe,Adam Malus,2021-09-19T21:42:34Z
53183,Ziiwanwibagashk (Zhiiwaabigwan),oj,Ojibwe language area,"",,Ojibwe,Adam Malus,2021-09-19T21:51:43Z
204114,Omashkooz,oj,"","",,Ojibwe,Liv MW,2021-12-31T01:31:26Z
7089,wawa,oj,"","",,Ojibwe,Jean-Sébastien Chartier-Dumais,2022-01-11T01:03:59Z
1289698,Mashkodese,oj,"","",https://www.inaturalist.org/taxon_names/2029474/edit,Ojibwe,Sean Cozart,2022-03-22T19:42:01Z
1290445,Mashkodese,oj,"","",https://www.inaturalist.org/taxon_names/2029476/edit,Ojibwe,,2022-03-22T19:43:06Z
1371717,Obiimiskodisii,oj,"","",https://www.inaturalist.org/taxon_names/2036555/edit,Ojibwe,,2022-04-01T18:05:32Z
239622,bîne'mîcins,oj,"","",,Ojibwe,Skyler Principe,2022-09-24T23:37:11Z
239622,binemiizh,oj,"","",,Ojibwe,Skyler Principe,2022-09-24T23:46:43Z
80756,nokwe'sîgûn,oj,"","",,Ojibwe,Skyler Principe,2022-09-25T23:24:46Z
119827,"Gichi-okaadaak, Okaadaak, Nezhikewang",oj,"","",https://www.inaturalist.org/taxon_names/2033199/edit,Ojibwe,,2022-09-29T04:27:32Z
1323112,wabîgwûn,oj,"","",,Ojibwe,Skyler Principe,2022-10-10T21:15:03Z
1289388,Ojikomishi (Coowensh),oj,"","",https://www.inaturalist.org/taxon_names/2026627/edit,Ojibwe,,2023-02-14T21:41:42Z
1454382,Gaagaagiishib,oj,"","",https://www.inaturalist.org/taxon_names/2022477/edit,Ojibwe,,2023-03-01T05:48:25Z
453630,Nabagishkoon,oj,"","",https://www.inaturalist.org/taxon_names/2037542/edit,Ojibwe,,2023-03-27T09:02:44Z
1467430,Ogitebagoons,oj,"","",https://www.inaturalist.org/taxon_names/2033264/edit,Ojibwe,,2023-05-09T18:46:45Z
79273,biimiskon,oj,"","",,Ojibwe,Skyler Principe,2023-10-26T20:46:30Z
55732,Tcode'imînaga'wûnj,oj,"","",,Ojibwe,Adam Malus,2023-11-09T17:44:48Z
1377466,Zaasagogomizh,oj,"","",https://www.inaturalist.org/taxon_names/2032339/edit,Ojibwe,,2024-03-16T12:04:00Z
1439808,Ashigan,oj,Ojibwe language area,"",,Ojibwe,Brandon Brooke,2024-04-07T14:40:12Z
1269003,Miinensiwaatig,oj,"","",https://www.inaturalist.org/taxon_names/2037538/edit,Ojibwe,,2024-09-08T17:04:32Z
1578960,Ganawaabinigiishweshiins,oj,"","",https://www.inaturalist.org/taxon_names/2026838/edit,Ojibwe,,2024-10-23T22:27:03Z
1579015,Gibonasii,oj,"","",https://www.inaturalist.org/taxon_names/2026845/edit,Ojibwe,Sean Cozart,2024-10-24T23:42:23Z
63547,Baasibagak,oj,"Minnesota and Wisconsin, US","",,Ojibwe,pipilos,2024-12-03T00:07:12Z
204304,Gichi-ode'iminijiibik,oj,"Minnesota and Wisconsin, US","",,Ojibwe,pipilos,2024-12-03T00:14:14Z
881504,Gogeda 'djibûg,oj,"Minnesota and Wisconsin, US","",,Ojibwe,pipilos,2024-12-03T03:05:01Z
126369,wiisagibag,oj,"Minnesota and Wisconsin, US","",,Ojibwe,pipilos,2024-12-03T03:21:29Z
