id,vernacularName,language,locality,countryCode,source,lexicon,contributor,created
431063,Mkimwemwe,und,"","",,Giriama,Botswanabugs,2021-11-29T06:24:34Z
189514,Mchere,und,"","",,Giriama,Tammo Reichgelt,2022-07-20T14:34:55Z
189514,Mjondohera-nguruwe,und,"","",,Giriama,Tammo Reichgelt,2022-07-20T14:35:22Z
440771,Mukomikila,und,"","",,Giriama,Tammo Reichgelt,2022-07-20T14:38:17Z
440772,Mbulishi,und,"","",,Giriama,Tammo Reichgelt,2022-07-20T14:41:21Z
147405,Mrori,und,"","",,Giriama,Tammo Reichgelt,2022-07-20T14:52:00Z
444566,Mudzala,und,"","",,Giriama,Tammo Reichgelt,2022-07-20T14:59:11Z
444577,Mbulishi,und,"","",,Giriama,Tammo Reichgelt,2022-07-20T15:02:31Z
507100,Musambweke,und,"","",,Giriama,Tammo Reichgelt,2022-07-20T15:50:29Z
340292,Mudzedza-Gunga,und,"","",,Giriama,Tammo Reichgelt,2022-07-20T19:39:27Z
340365,Mugwanda-Paka,und,"","",,Giriama,Tammo Reichgelt,2022-07-20T19:46:56Z
342724,Mzezagunga,und,"","",,Giriama,Tammo Reichgelt,2022-07-20T19:50:17Z
340096,Mbambamaye,und,"","",,Giriama,Tammo Reichgelt,2022-07-20T19:55:55Z
595034,Mgirambira,und,"","",,Giriama,Tammo Reichgelt,2022-07-21T20:09:25Z
1588634,Mushindano,und,"","",https://www.inaturalist.org/taxon_names/3047701/edit,Giriama,,2024-11-12T10:17:38Z
