id,vernacularName,language,locality,countryCode,source,lexicon,contributor,created
158178,a’katzasna,und,"","",,Totonaco,Ken-ichi Ueda,2013-05-16T07:57:45Z
158180,a’katzasna,und,"","",,Totonaco,Ken-ichi Ueda,2013-05-16T07:57:45Z
316769,aca-lasni,und,"","",,Totonaco,Ken-ichi Ueda,2013-05-16T07:57:58Z
275112,acalocochoc,und,"","",,Totonaco,Ken-ichi Ueda,2013-05-16T07:57:59Z
154538,acashti,und,"","",,Totonaco,Adrian Bojorquez,2013-05-16T07:58:00Z
288686,acasucut,und,"","",,Totonaco,Ken-ichi Ueda,2013-05-16T07:58:00Z
122965,a'ca'xca',und,"","",,Totonaco,Ken-ichi Ueda,2013-05-16T07:58:01Z
210961,acs'cai',und,"","",,Totonaco,Ken-ichi Ueda,2013-05-16T07:58:12Z
285717,actalán,und,"","",,Totonaco,Ken-ichi Ueda,2013-05-16T07:58:12Z
127676,acua'u,und,"","",,Totonaco,Ken-ichi Ueda,2013-05-16T07:58:14Z
208846,aczintepuscat,und,"","",,Totonaco,Ken-ichi Ueda,2013-05-16T07:58:15Z
57309,a'hua'x,und,"","",,Totonaco,Bobby McCabe,2013-05-16T07:58:29Z
164333,akaxukulh,und,"","",,Totonaco,Ken-ichi Ueda,2013-05-16T07:58:37Z
200053,akgkunuc xanat,und,"","",,Totonaco,Ken-ichi Ueda,2013-05-16T07:58:37Z
79077,Akguana lipalhna,und,"","",,Totonaco,Bodo Nuñez Oberg,2013-05-16T07:58:38Z
166749,aklhkuchitin,und,"","",,Totonaco,Ken-ichi Ueda,2013-05-16T07:58:38Z
160255,Akowa,und,"","",,Totonaco,Ken-ichi Ueda,2013-05-16T07:58:39Z
287120,aktala'huat,und,"","",,Totonaco,Ken-ichi Ueda,2013-05-16T07:58:39Z
287923,atlukuk,und,"","",,Totonaco,Ken-ichi Ueda,2013-05-16T08:00:11Z
209963,atzpunkiwi,und,"","",,Totonaco,Ken-ichi Ueda,2013-05-16T08:00:12Z
126236,a'xit kiwi,und,"","",,Totonaco,Bodo Nuñez Oberg,2013-05-16T08:00:15Z
127069,axs'que,und,"","",,Totonaco,Ken-ichi Ueda,2013-05-16T08:00:16Z
278840,bazo de caballo,und,"","",,Totonaco,Ken-ichi Ueda,2013-05-16T08:00:44Z
281629,cacaxtle,und,"","",,Totonaco,Ken-ichi Ueda,2013-05-16T08:02:55Z
122854,calahuantzaj,und,"","",,Totonaco,Ken-ichi Ueda,2013-05-16T08:03:16Z
138368,cal-oni,und,"","",,Totonaco,Ken-ichi Ueda,2013-05-16T08:03:19Z
122850,canastapu,und,"","",,Totonaco,Zachary Dankowicz,2013-05-16T08:03:28Z
61393,cashisha,und,"","",,Totonaco,Victor HOYEAU,2013-05-16T08:04:22Z
166545,cashni-tlsu,und,"","",,Totonaco,Ken-ichi Ueda,2013-05-16T08:04:22Z
279129,catecsh-quiui,und,"","",,Totonaco,Ken-ichi Ueda,2013-05-16T08:04:24Z
287383,catl-shoques,und,"","",,Totonaco,Ken-ichi Ueda,2013-05-16T08:04:25Z
122971,caxta lam'pin,und,"","",,Totonaco,Ken-ichi Ueda,2013-05-16T08:04:27Z
157908,chacha,und,"","",,Totonaco,Ken-ichi Ueda,2013-05-16T08:04:49Z
82005,chacha,und,"","",,Totonaco,Ken-ichi Ueda,2013-05-16T08:04:50Z
51448,chachahuilá,und,"","",,Totonaco,Ken-ichi Ueda,2013-05-16T08:04:50Z
285680,chacsti,und,"","",,Totonaco,Ken-ichi Ueda,2013-05-16T08:04:51Z
128270,cha'ncat,und,"","",,Totonaco,Ken-ichi Ueda,2013-05-16T08:05:00Z
78701,chapáhuate,und,"","",,Totonaco,Ken-ichi Ueda,2013-05-16T08:05:01Z
143208,chapis,und,"","",,Totonaco,Cheng Te Hsu,2013-05-16T08:05:04Z
277113,chapis,und,"","",,Totonaco,Ken-ichi Ueda,2013-05-16T08:05:04Z
120490,chapiz,und,"","",,Totonaco,Ken-ichi Ueda,2013-05-16T08:05:04Z
290706,chapululh cac,und,"","",,Totonaco,Ken-ichi Ueda,2013-05-16T08:05:05Z
116694,chausiyá,und,"","",,Totonaco,Ken-ichi Ueda,2013-05-16T08:05:07Z
209943,Chichiti,und,"","",,Totonaco,Adrian Bojorquez,2013-05-16T08:05:22Z
286503,chilix,und,"","",,Totonaco,Ken-ichi Ueda,2013-05-16T08:05:33Z
290005,chipipilá-quiui,und,"","",,Totonaco,Ken-ichi Ueda,2013-05-16T08:05:37Z
146643,chi'quichi,und,"","",,Totonaco,Alec Cowles,2013-05-16T08:05:37Z
154027,chkapungut,und,"","",,Totonaco,Ken-ichi Ueda,2013-05-16T08:05:40Z
122860,clankastapu,und,"","",,Totonaco,Ken-ichi Ueda,2013-05-16T08:06:03Z
284976,colomakibi,und,"","",,Totonaco,Ken-ichi Ueda,2013-05-16T08:06:29Z
133166,contsitslats,und,"","",,Totonaco,Ken-ichi Ueda,2013-05-16T08:06:38Z
48448,coxi,und,"","",,Totonaco,Ken-ichi Ueda,2013-05-16T08:07:09Z
161987,csisilics,und,"","",,Totonaco,Ken-ichi Ueda,2013-05-16T08:07:19Z
62831,cucataj,und,"","",,Totonaco,Ken-ichi Ueda,2013-05-16T08:07:35Z
83585,cucumú,und,"","",,Totonaco,Ken-ichi Ueda,2013-05-16T08:07:40Z
49569,cuhui'qui,und,"","",,Totonaco,Bobby McCabe,2013-05-16T08:07:42Z
278313,cuksasan,und,"","",,Totonaco,Ken-ichi Ueda,2013-05-16T08:07:44Z
54516,culash,und,"","",,Totonaco,Wojciech Duda,2013-05-16T08:07:56Z
316821,culuctucum shalacsu,und,"","",,Totonaco,Ken-ichi Ueda,2013-05-16T08:07:57Z
162702,cuxla culanto,und,"","",,Totonaco,Ken-ichi Ueda,2013-05-16T08:08:01Z
122985,cuyín,und,"","",,Totonaco,Ken-ichi Ueda,2013-05-16T08:08:02Z
186641,cuyo-qui-ui,und,"","",,Totonaco,Ken-ichi Ueda,2013-05-16T08:08:02Z
133294,escúptama,und,"","",,Totonaco,Victor HOYEAU,2013-05-16T08:08:40Z
161160,hierba loca,und,"","",,Totonaco,Ken-ichi Ueda,2013-05-16T08:14:53Z
286782,hierba loca,und,"","",,Totonaco,Ken-ichi Ueda,2013-05-16T08:14:53Z
281765,hierba loca,und,"","",,Totonaco,Ken-ichi Ueda,2013-05-16T08:14:53Z
77299,ichcalchishit,und,"","",,Totonaco,Ken-ichi Ueda,2013-05-16T08:15:25Z
60146,ishashcutsiculán,und,"","",,Totonaco,Ken-ichi Ueda,2013-05-16T08:15:33Z
275303,ishcapat-linaca,und,"","",,Totonaco,Ken-ichi Ueda,2013-05-16T08:15:33Z
140119,ishcatichiya,und,"","",,Totonaco,Ken-ichi Ueda,2013-05-16T08:15:34Z
276178,ishcatit-shishini,und,"","",,Totonaco,Ken-ichi Ueda,2013-05-16T08:15:34Z
76225,ishcauíco,und,"","",,Totonaco,Ken-ichi Ueda,2013-05-16T08:15:34Z
116692,ishcautsia,und,"","",,Totonaco,Ken-ichi Ueda,2013-05-16T08:15:34Z
276567,ishchacatpashni,und,"","",,Totonaco,Ken-ichi Ueda,2013-05-16T08:15:34Z
160643,ishchochichac,und,"","",,Totonaco,Ken-ichi Ueda,2013-05-16T08:15:35Z
210062,ishlishputnishtilan,und,"","",,Totonaco,Ken-ichi Ueda,2013-05-16T08:15:35Z
122898,ishpaluhua-saca,und,"","",,Totonaco,Ken-ichi Ueda,2013-05-16T08:15:36Z
164055,ishsacat'juqui,und,"","",,Totonaco,Ken-ichi Ueda,2013-05-16T08:15:36Z
165857,ishtampusni'sca'ta,und,"","",,Totonaco,Ken-ichi Ueda,2013-05-16T08:15:36Z
166911,istijan-uaiya,und,"","",,Totonaco,Ken-ichi Ueda,2013-05-16T08:15:37Z
157886,ix akgasliut mestum,und,"","",,Totonaco,Ken-ichi Ueda,2013-05-16T08:15:42Z
169076,ix pakgcha tantsiktsi,und,"","",,Totonaco,Ken-ichi Ueda,2013-05-16T08:15:42Z
48895,ix tlajak mextun,und,"","",,Totonaco,Ken-ichi Ueda,2013-05-16T08:15:43Z
286052,ixlakajachixit monjxu,und,"","",,Totonaco,Ken-ichi Ueda,2013-05-16T08:15:46Z
79312,jacatsnat,und,"","",,Totonaco,Jorge Rojas S.,2013-05-16T08:15:54Z
209872,jani'ya,und,"","",,Totonaco,Ken-ichi Ueda,2013-05-16T08:15:58Z
78580,jucshca,und,"","",,Totonaco,Bodo Nuñez Oberg,2013-05-16T08:16:21Z
209925,kalam,und,"","",,Totonaco,Carlos Galindo-Leal,2013-05-16T08:16:28Z
278913,kalcutnut,und,"","",,Totonaco,Ken-ichi Ueda,2013-05-16T08:16:28Z
209905,kapa kiwi,und,"","",,Totonaco,Ken-ichi Ueda,2013-05-16T08:16:33Z
64017,ka'tit,und,"","",,Totonaco,Yoshimasa Uchiyama,2013-05-16T08:16:34Z
181590,ka'ya',und,"","",,Totonaco,sea-kangaroo,2013-05-16T08:16:35Z
47447,kiulilac,und,"","",,Totonaco,Donald Davesne,2013-05-16T08:16:39Z
49658,ko'ma,und,"","",,Totonaco,Ken-ichi Ueda,2013-05-16T08:16:39Z
280373,ktqeqnihuke,und,"","",,Totonaco,Ken-ichi Ueda,2013-05-16T08:16:42Z
282383,kukat,und,"","",,Totonaco,Ken-ichi Ueda,2013-05-16T08:16:43Z
122796,lactzu-pi'n,und,"","",,Totonaco,Zinogre,2013-05-16T08:16:49Z
201455,lakatilo,und,"","",,Totonaco,Ken-ichi Ueda,2013-05-16T08:16:51Z
157553,laua-cashunuc,und,"","",,Totonaco,Ken-ichi Ueda,2013-05-16T08:16:56Z
280556,lichkatmanit,und,"","",,Totonaco,Ken-ichi Ueda,2013-05-16T08:17:12Z
165144,Licsujacat,und,"","",,Totonaco,Ken-ichi Ueda,2013-05-16T08:17:13Z
157767,licuchupalalua,und,"","",,Totonaco,Yoshimasa Uchiyama,2013-05-16T08:17:13Z
206310,lijtampan,und,"","",,Totonaco,Ken-ichi Ueda,2013-05-16T08:17:16Z
166920,liléka,und,"","",,Totonaco,Kevin Faccenda,2013-05-16T08:17:16Z
164645,liliac,und,"","",,Totonaco,Ken-ichi Ueda,2013-05-16T08:17:17Z
164323,limanin,und,"","",,Totonaco,Jorge Rojas S.,2013-05-16T08:17:17Z
77676,lipajna shla San José,und,"","",,Totonaco,harum.koh,2013-05-16T08:17:36Z
53294,lishonch'an,und,"","",,Totonaco,Ken-ichi Ueda,2013-05-16T08:17:54Z
273882,liswilea'kat,und,"","",,Totonaco,Ken-ichi Ueda,2013-05-16T08:17:54Z
206294,litánpa,und,"","",,Totonaco,Ken-ichi Ueda,2013-05-16T08:17:55Z
154852,Litsokni,und,"","",,Totonaco,Cheng Te Hsu,2013-05-16T08:17:55Z
291129,lixacatmani,und,"","",,Totonaco,Bodo Nuñez Oberg,2013-05-16T08:17:55Z
165102,lkuiatkihui,und,"","",,Totonaco,Steve Jones,2013-05-16T08:17:55Z
62859,llasibit,und,"","",,Totonaco,Ken-ichi Ueda,2013-05-16T08:17:56Z
283631,ltacasacna,und,"","",,Totonaco,Ken-ichi Ueda,2013-05-16T08:18:02Z
128652,macancachauat,und,"","",,Totonaco,Ken-ichi Ueda,2013-05-16T08:18:04Z
169442,macchochuc-quiui,und,"","",,Totonaco,wsyxbcl,2013-05-16T08:18:05Z
286273,macshpitquiui,und,"","",,Totonaco,Ken-ichi Ueda,2013-05-16T08:18:05Z
289740,magak xtahu,und,"","",,Totonaco,Ken-ichi Ueda,2013-05-16T08:18:09Z
120942,makgxo,und,"","",,Totonaco,Ken-ichi Ueda,2013-05-16T08:18:21Z
63935,makxu'kutkiwi,und,"","",,Totonaco,Kitty Maurey,2013-05-16T08:18:22Z
209402,mallat,und,"","",,Totonaco,Ken-ichi Ueda,2013-05-16T08:18:28Z
62941,manta,und,"","",,Totonaco,Ken-ichi Ueda,2013-05-16T08:18:37Z
131598,mantáquihui,und,"","",,Totonaco,Ken-ichi Ueda,2013-05-16T08:18:37Z
289881,mashus,und,"","",,Totonaco,Ken-ichi Ueda,2013-05-16T08:18:51Z
289866,matanka,und,"","",,Totonaco,Ken-ichi Ueda,2013-05-16T08:18:56Z
290029,matanka,und,"","",,Totonaco,Ken-ichi Ueda,2013-05-16T08:18:56Z
161121,maxat kgax,und,"","",,Totonaco,Ken-ichi Ueda,2013-05-16T08:19:00Z
285728,mi-tsinin-qui-hui,und,"","",,Totonaco,Ken-ichi Ueda,2013-05-16T08:19:19Z
244459,mocot,und,"","",,Totonaco,Ken-ichi Ueda,2013-05-16T08:19:20Z
278983,mojaua,und,"","",,Totonaco,Ken-ichi Ueda,2013-05-16T08:19:21Z
126244,motsoc,und,"","",,Totonaco,Ken-ichi Ueda,2013-05-16T08:19:32Z
79141,mustulut,und,"","",,Totonaco,harum.koh,2013-05-16T08:19:42Z
59035,mustu'lut,und,"","",,Totonaco,Bodo Nuñez Oberg,2013-05-16T08:19:43Z
278957,najtahuala,und,"","",,Totonaco,Ken-ichi Ueda,2013-05-16T08:19:48Z
209893,napá-jquiui,und,"","",,Totonaco,Ken-ichi Ueda,2013-05-16T08:19:51Z
146622,necaxanil,und,"","",,Totonaco,Bodo Nuñez Oberg,2013-05-16T08:20:00Z
122869,nipishi',und,"","",,Totonaco,Oscar C. González Martínez,2013-05-16T08:20:08Z
165876,nuc'pal setic,und,"","",,Totonaco,Ken-ichi Ueda,2013-05-16T08:20:34Z
285059,pacahui'huat,und,"","",,Totonaco,Ken-ichi Ueda,2013-05-16T08:21:09Z
287160,pachauatuan,und,"","",,Totonaco,Ken-ichi Ueda,2013-05-16T08:21:10Z
164415,páhulh,und,"","",,Totonaco,sea-kangaroo,2013-05-16T08:21:12Z
288661,páhulh,und,"","",,Totonaco,Alexis López Hernández,2013-05-16T08:21:12Z
162845,palhtuxanat,und,"","",,Totonaco,Carlos Galindo-Leal,2013-05-16T08:21:18Z
291751,paluuasic,und,"","",,Totonaco,Ken-ichi Ueda,2013-05-16T08:22:06Z
284200,pashnikaka,und,"","",,Totonaco,Carlos Galindo-Leal,2013-05-16T08:22:16Z
286532,patsumacáshil,und,"","",,Totonaco,Ken-ichi Ueda,2013-05-16T08:22:39Z
75455,pax'tamac,und,"","",,Totonaco,Bodo Nuñez Oberg,2013-05-16T08:22:39Z
273806,pechampu,und,"","",,Totonaco,Ken-ichi Ueda,2013-05-16T08:22:40Z
209901,pecsnúm-qui-ui,und,"","",,Totonaco,Ken-ichi Ueda,2013-05-16T08:22:40Z
132130,pichichinishanat,und,"","",,Totonaco,Adrian Bojorquez,2013-05-16T08:22:54Z
287596,picuatuhuan,und,"","",,Totonaco,Ken-ichi Ueda,2013-05-16T08:22:54Z
48514,pin,und,"","",,Totonaco,Nick Block,2013-05-16T08:22:59Z
75602,pinatawan,und,"","",,Totonaco,Ken-ichi Ueda,2013-05-16T08:23:00Z
133291,pincihuat,und,"","",,Totonaco,Joshua Ekrut,2013-05-16T08:23:00Z
289587,pinimáyac,und,"","",,Totonaco,Ken-ichi Ueda,2013-05-16T08:23:01Z
128268,plasmaxanat,und,"","",,Totonaco,Ken-ichi Ueda,2013-05-16T08:23:23Z
62809,Pochota,und,"","",,Totonaco,Ken-ichi Ueda,2013-05-16T08:23:26Z
62833,Pukgsnankiwi,und,"","",,Totonaco,,2013-05-16T08:23:33Z
63694,puluxnu,und,"","",,Totonaco,Zinogre,2013-05-16T08:23:33Z
84838,pumarosa,und,"","",,Totonaco,Bruno Durand,2013-05-16T08:23:33Z
209957,puxni,und,"","",,Totonaco,Jorge Rojas S.,2013-05-16T08:23:35Z
153994,quitx'cac,und,"","",,Totonaco,Ken-ichi Ueda,2013-05-16T08:23:45Z
139444,quiui-shtapu,und,"","",,Totonaco,Ken-ichi Ueda,2013-05-16T08:23:45Z
77496,sacaca-maiyac,und,"","",,Totonaco,Ken-ichi Ueda,2013-05-16T08:23:59Z
275287,sacacaquiui,und,"","",,Totonaco,Ken-ichi Ueda,2013-05-16T08:23:59Z
290751,san'tipuscat,und,"","",,Totonaco,Ken-ichi Ueda,2013-05-16T08:24:20Z
277826,sáual,und,"","",,Totonaco,Ken-ichi Ueda,2013-05-16T08:24:22Z
75395,saua-sacaca,und,"","",,Totonaco,Ken-ichi Ueda,2013-05-16T08:24:22Z
75396,saua-sacaca,und,"","",,Totonaco,Ken-ichi Ueda,2013-05-16T08:24:23Z
289915,sa'xne',und,"","",,Totonaco,Ken-ichi Ueda,2013-05-16T08:24:25Z
284863,sayu,und,"","",,Totonaco,Ken-ichi Ueda,2013-05-16T08:24:25Z
284768,sca' ma,und,"","",,Totonaco,Ken-ichi Ueda,2013-05-16T08:24:26Z
131579,scaak'an-kihui,und,"","",,Totonaco,Ken-ichi Ueda,2013-05-16T08:24:26Z
61839,scocotawan,und,"","",,Totonaco,Ken-ichi Ueda,2013-05-16T08:24:26Z
209937,scoyutkiui,und,"","",,Totonaco,Ken-ichi Ueda,2013-05-16T08:24:26Z
164238,scu-lu'u,und,"","",,Totonaco,Bodo Nuñez Oberg,2013-05-16T08:24:27Z
170134,segne-xeute,und,"","",,Totonaco,Ken-ichi Ueda,2013-05-16T08:24:27Z
164025,shanalipan,und,"","",,Totonaco,Ken-ichi Ueda,2013-05-16T08:24:29Z
316851,shanatkiui,und,"","",,Totonaco,Ken-ichi Ueda,2013-05-16T08:24:29Z
122835,shashaca-titlaque,und,"","",,Totonaco,Victor HOYEAU,2013-05-16T08:24:30Z
122849,shiquintzu,und,"","",,Totonaco,Ken-ichi Ueda,2013-05-16T08:24:33Z
159346,shpupukutshanat,und,"","",,Totonaco,Bobby McCabe,2013-05-16T08:24:35Z
209270,shtantuishmitzi kamat,und,"","",,Totonaco,Ken-ichi Ueda,2013-05-16T08:24:35Z
168847,shtocatuan,und,"","",,Totonaco,Ken-ichi Ueda,2013-05-16T08:24:35Z
168635,sinatuán,und,"","",,Totonaco,Ken-ichi Ueda,2013-05-16T08:24:41Z
210071,siniskiwi,und,"","",,Totonaco,Ken-ichi Ueda,2013-05-16T08:24:41Z
131557,siña spun,und,"","",,Totonaco,Ken-ichi Ueda,2013-05-16T08:24:42Z
162924,sipípum,und,"","",,Totonaco,Ken-ichi Ueda,2013-05-16T08:24:42Z
290470,siquinsut,und,"","",,Totonaco,Ken-ichi Ueda,2013-05-16T08:24:42Z
122521,skat,und,"","",,Totonaco,Ken-ichi Ueda,2013-05-16T08:24:44Z
285611,smukut,und,"","",,Totonaco,Ken-ichi Ueda,2013-05-16T08:24:44Z
58961,snok-tail,und,"","",,Totonaco,galanhsnu,2013-05-16T08:24:45Z
129413,snu'ncut,und,"","",,Totonaco,Ken-ichi Ueda,2013-05-16T08:24:45Z
290009,spipilikjkiwi,und,"","",,Totonaco,Ken-ichi Ueda,2013-05-16T08:24:48Z
277633,stalangaxcutni,und,"","",,Totonaco,Ken-ichi Ueda,2013-05-16T08:24:49Z
286318,stapuconet,und,"","",,Totonaco,Ken-ichi Ueda,2013-05-16T08:24:49Z
169071,stimacat-místum,und,"","",,Totonaco,Ken-ichi Ueda,2013-05-16T08:24:49Z
164542,stumtisacat,und,"","",,Totonaco,Ken-ichi Ueda,2013-05-16T08:24:50Z
278199,suja,und,"","",,Totonaco,Ken-ichi Ueda,2013-05-16T08:24:51Z
277789,suyu',und,"","",,Totonaco,Ken-ichi Ueda,2013-05-16T08:24:54Z
285510,takielkixit,und,"","",,Totonaco,Ken-ichi Ueda,2013-05-16T08:25:00Z
276429,talachca,und,"","",,Totonaco,Ken-ichi Ueda,2013-05-16T08:25:00Z
285850,taltsin kiwi,und,"","",,Totonaco,Ken-ichi Ueda,2013-05-16T08:25:10Z
206547,tanchuchut,und,"","",,Totonaco,Ken-ichi Ueda,2013-05-16T08:25:12Z
273886,tanshushut,und,"","",,Totonaco,Ken-ichi Ueda,2013-05-16T08:25:13Z
273809,tan-taj,und,"","",,Totonaco,Ken-ichi Ueda,2013-05-16T08:25:13Z
154528,tanzent,und,"","",,Totonaco,Ken-ichi Ueda,2013-05-16T08:25:13Z
55854,tapa,und,"","",,Totonaco,Stefano Doglio,2013-05-16T08:25:13Z
274295,tapasikiui,und,"","",,Totonaco,Ken-ichi Ueda,2013-05-16T08:25:14Z
279981,tashcat,und,"","",,Totonaco,Ken-ichi Ueda,2013-05-16T08:25:16Z
163327,taxnikiwi,und,"","",,Totonaco,wsyxbcl,2013-05-16T08:25:18Z
285872,tiji tla'huan,und,"","",,Totonaco,Ken-ichi Ueda,2013-05-16T08:25:39Z
202573,tsacat,und,"","",,Totonaco,Ken-ichi Ueda,2013-05-16T08:26:21Z
161930,tsesácat,und,"","",,Totonaco,Bodo Nuñez Oberg,2013-05-16T08:26:24Z
199400,tsitsaquetcútzushu,und,"","",,Totonaco,Joshua Ekrut,2013-05-16T08:26:25Z
284643,tsitsirique,und,"","",,Totonaco,Ken-ichi Ueda,2013-05-16T08:26:25Z
289976,tsocosnichat,und,"","",,Totonaco,Ken-ichi Ueda,2013-05-16T08:26:25Z
60439,tsutson,und,"","",,Totonaco,Zinogre,2013-05-16T08:26:27Z
209856,tuhuax cacat,und,"","",,Totonaco,Ken-ichi Ueda,2013-05-16T08:26:29Z
157888,tujumatuhuan,und,"","",,Totonaco,Ken-ichi Ueda,2013-05-16T08:26:29Z
61375,tumat,und,"","",,Totonaco,Ken-ichi Ueda,2013-05-16T08:26:36Z
130734,Tusun,und,"","",,Totonaco,Ken-ichi Ueda,2013-05-16T08:26:40Z
278180,tusun,und,"","",,Totonaco,Ken-ichi Ueda,2013-05-16T08:26:40Z
62811,tútun-chichi,und,"","",,Totonaco,Ken-ichi Ueda,2013-05-16T08:26:41Z
145588,tzacat tapisno,und,"","",,Totonaco,Ken-ichi Ueda,2013-05-16T08:26:44Z
62917,tzahua,und,"","",,Totonaco,Ken-ichi Ueda,2013-05-16T08:26:45Z
209986,tzakaka kukat,und,"","",,Totonaco,Ken-ichi Ueda,2013-05-16T08:26:46Z
290197,tzíjol,und,"","",,Totonaco,Ken-ichi Ueda,2013-05-16T08:26:50Z
122811,ucún,und,"","",,Totonaco,Ken-ichi Ueda,2013-05-16T08:27:04Z
284372,uyu,und,"","",,Totonaco,Ken-ichi Ueda,2013-05-16T08:27:13Z
289901,xacacu'yim,und,"","",,Totonaco,Ken-ichi Ueda,2013-05-16T08:27:29Z
158728,xaxna'pap x'cut'ni,und,"","",,Totonaco,Ken-ichi Ueda,2013-05-16T08:27:33Z
274182,xipalinatk,und,"","",,Totonaco,Ken-ichi Ueda,2013-05-16T08:27:39Z
61398,xpasimakatoro,und,"","",,Totonaco,Ken-ichi Ueda,2013-05-16T08:27:54Z
58991,x'pulcac,und,"","",,Totonaco,Victor HOYEAU,2013-05-16T08:27:55Z
184182,xuxutsakat,und,"","",,Totonaco,Ken-ichi Ueda,2013-05-16T08:28:00Z
79340,xuya chitin,und,"","",,Totonaco,Ken-ichi Ueda,2013-05-16T08:28:01Z
204973,kuwi xa'nat,und,"","",,Totonaco,Bodo Nuñez Oberg,2013-11-18T18:57:57Z
76746,stani',und,"","",,Totonaco,Ken-ichi Ueda,2014-01-07T06:19:00Z
343829,sahual,und,"","",,Totonaco,Bodo Nuñez Oberg,2014-03-02T14:14:09Z
372452,kalapus,und,"","",,Totonaco,Carlos Galindo-Leal,2014-10-09T13:46:53Z
170883,cahun,und,"","",,Totonaco,Carlos Galindo-Leal,2014-10-13T18:18:13Z
209902,Lakgax´kiwi,und,"","",,Totonaco,salvador ponce hernandez,2017-08-23T22:10:37Z
201452,palhmaj,und,"","",,Totonaco,,2017-09-18T22:20:58Z
169043,kantsilil,und,"","",,Totonaco,Ken-ichi Ueda,2018-02-21T00:54:22Z
160646,táshac,und,"","",,Totonaco,Carlos Galindo-Leal,2018-06-15T15:08:05Z
331122,scuta lachus,und,"","",,Totonaco,Bobby McCabe,2018-08-14T03:28:28Z
343814,lishuilakat,und,"","",,Totonaco,Ken-ichi Ueda,2019-01-26T23:42:14Z
867455,ishlishtochuochate,und,"","",,Totonaco,Ken-ichi Ueda,2019-02-18T02:30:46Z
289757,sacsispashni,und,"","",,Totonaco,Ken-ichi Ueda,2019-02-18T04:23:48Z
281758,tzutzun,und,"","",,Totonaco,Ken-ichi Ueda,2019-03-01T20:30:40Z
873768,askut,und,"","",,Totonaco,Valentin de Mazancourt,2019-03-13T15:23:59Z
851933,tsujpin,und,"","",,Totonaco,Ken-ichi Ueda,2019-03-29T15:21:13Z
921601,tsutsulucsuan,und,"","",,Totonaco,Ken-ichi Ueda,2019-08-12T14:40:51Z
286565,sacsituán,und,"","",https://www.inaturalist.org/taxon_names/448627/edit,Totonaco,,2020-02-19T20:50:41Z
699929,tan'chich,und,"","",https://www.inaturalist.org/taxon_names/448951/edit,Totonaco,,2020-09-26T04:34:23Z
1160022,sacat'kihui,und,"","",https://www.inaturalist.org/taxon_names/448620/edit,Totonaco,,2020-12-19T05:54:37Z
132127,pecuatowan,und,"","",https://www.inaturalist.org/taxon_names/448249/edit,Totonaco,,2021-03-01T03:33:05Z
48894,Táskuyu,und,"","",,Totonaco,Diego Barrales,2021-06-24T01:35:35Z
47118,Tukay,und,"","",,Totonaco,Diego Barrales,2021-06-24T01:36:59Z
51672,Xkapa,und,"","",,Totonaco,Diego Barrales,2021-06-24T01:38:18Z
1038943,stinimankat,und,"","",,Totonaco,,2021-08-23T03:01:43Z
979478,Ishlacastapu-mashtansics,und,"","",https://www.inaturalist.org/taxon_names/446377/edit,Totonaco,,2021-10-27T22:16:55Z
1362271,axhui li'huat,und,"","",https://www.inaturalist.org/taxon_names/442396/edit,Totonaco,,2022-02-28T18:08:17Z
1362282,tatul kat,und,"","",https://www.inaturalist.org/taxon_names/448975/edit,Totonaco,,2022-02-28T18:25:33Z
1017147,quesca,und,"","",https://www.inaturalist.org/taxon_names/448533/edit,Totonaco,,2023-01-21T07:00:35Z
866390,kajnit,und,"","",https://www.inaturalist.org/taxon_names/446607/edit,Totonaco,Chris Thawley,2023-03-17T00:57:39Z
209895,Stapunquivi,und,"","",,Totonaco,Oscar C. González Martínez,2023-07-11T21:36:07Z
56739,Cashtilenque,und,"","",,Totonaco,Oscar C. González Martínez,2023-07-11T21:45:22Z
154826,kankaputuwan,und,"","",https://www.inaturalist.org/taxon_names/446626/edit,Totonaco,,2023-09-04T16:04:44Z
184297,ahuahuá-qui-ui,und,"","",https://www.inaturalist.org/taxon_names/441894/edit,Totonaco,,2025-01-04T15:08:44Z
