id,vernacularName,language,locality,countryCode,source,lexicon,contributor,created
598010,motupa,und,"","",,Subiya,Botswanabugs,2020-03-24T04:33:26Z
349759,mokazanmolotho,und,"","",,Subiya,Botswanabugs,2021-09-10T15:45:23Z
428749,muhane,und,"","",,Subiya,Botswanabugs,2021-09-14T03:04:54Z
340199,ingongo,und,"","",,Subiya,Botswanabugs,2021-09-14T03:10:33Z
469308,musihantabwe,und,"","",,Subiya,Botswanabugs,2021-09-14T03:16:06Z
165503,malisako,und,"","",,Subiya,Botswanabugs,2021-09-14T03:20:17Z
558387,ungulu,und,"","",,Subiya,Botswanabugs,2021-10-31T19:21:29Z
558387,womizuka,und,"","",,Subiya,Botswanabugs,2021-10-31T19:22:09Z
81491,izungwe,und,"","",,Subiya,Botswanabugs,2021-10-31T19:23:47Z
506980,mokaikai,und,"","",,Subiya,Botswanabugs,2021-12-21T09:29:33Z
441317,isotho,und,"","",,Subiya,Botswanabugs,2021-12-21T10:22:32Z
130789,idarere,und,"","",,Subiya,Botswanabugs,2021-12-21T10:46:47Z
431075,mompondo,und,"","",,Subiya,Botswanabugs,2021-12-21T10:54:17Z
64238,lovangu,und,"","",,Subiya,Botswanabugs,2021-12-21T11:00:10Z
513962,mosamo,und,"","",,Subiya,Botswanabugs,2021-12-21T11:22:42Z
513962,womosana,und,"","",,Subiya,Botswanabugs,2021-12-21T11:23:28Z
342681,kakoma,und,"","",,Subiya,Botswanabugs,2021-12-21T11:27:17Z
42093,kafuro,und,"","",,Subiya,Botswanabugs,2023-01-04T19:35:40Z
48448,mundale,und,"","",,Subiya,Botswanabugs,2023-02-09T14:55:51Z
340228,mokalu,und,"","",,Subiya,Botswanabugs,2023-04-10T06:41:25Z
1428,inkanga,und,"","",,Subiya,Botswanabugs,2024-01-31T10:28:48Z
43694,unzovu,und,"","",,Subiya,Botswanabugs,2024-10-05T05:50:00Z
43693,vanzovu,und,"","",,Subiya,Botswanabugs,2024-10-05T05:51:03Z
42157,umbwensi,und,"","",,Subiya,Botswanabugs,2024-10-05T05:53:48Z
42405,unyati,und,"","",,Subiya,Botswanabugs,2024-10-05T05:55:44Z
42280,unyumbu,und,"","",,Subiya,Botswanabugs,2024-10-05T05:57:28Z
57556,ipombwe,und,"","",,Subiya,Botswanabugs,2024-10-05T05:59:15Z
41886,untuhu,und,"","",,Subiya,Botswanabugs,2024-10-05T06:00:44Z
41964,undavu,und,"","",,Subiya,Botswanabugs,2024-10-05T06:02:03Z
41963,unghwe,und,"","",,Subiya,Botswanabugs,2024-10-05T06:03:19Z
1210966,usibwe,und,"","",,Subiya,Botswanabugs,2024-10-05T06:05:09Z
711553,mutose,und,"","",,Subiya,Botswanabugs,2024-10-05T06:08:28Z
42095,mutose,und,"","",,Subiya,Botswanabugs,2024-10-05T06:09:05Z
