id,vernacularName,language,locality,countryCode,source,lexicon,contributor,created
47497,bandapakukutu,und,"","",,Karanga,Botswanabugs,2020-01-16T14:16:40Z
47347,chihombiro,und,"","",,Karanga,Botswanabugs,2020-01-16T14:22:44Z
20526,mhou,und,"","",,Karanga,Botswanabugs,2020-12-27T03:18:10Z
123070,mbudzi,und,"","",,Karanga,Botswanabugs,2020-12-27T03:23:46Z
505798,rukato,und,"","",,Karanga,Botswanabugs,2021-03-26T15:12:39Z
516181,Zvikonje,und,"","",,Karanga,Botswanabugs,2021-03-26T15:14:14Z
168423,Masavamhanda,und,"","",,Karanga,Botswanabugs,2021-03-26T15:16:47Z
168423,Zvikonje,und,"","",,Karanga,Botswanabugs,2021-04-11T03:37:59Z
168423,Masava,und,"","",,Karanga,Botswanabugs,2021-04-11T03:42:01Z
546792,Sharamhanda,und,"","",,Karanga,Botswanabugs,2021-04-11T03:47:34Z
546792,Masavamhanda,und,"","",,Karanga,Botswanabugs,2021-04-11T03:53:01Z
592162,masekesa,und,"","",,Karanga,Botswanabugs,2021-09-05T13:29:13Z
41900,hovo,und,"","",,Karanga,Botswanabugs,2021-10-20T18:21:38Z
340136,musambarabgabga,und,"","",South African National Biodiversity Institute. 2021. Botanical Database of Southern Africa (BODATSA) [offline dataset]. http://newposa.sanbi.org [Note that these data are not available at this URL as of 2021],Karanga,Ken-ichi Ueda,2021-10-21T20:16:49Z
340136,musambarabyabwa,und,"","",South African National Biodiversity Institute. 2021. Botanical Database of Southern Africa (BODATSA) [offline dataset]. http://newposa.sanbi.org [Note that these data are not available at this URL as of 2021],Karanga,Ken-ichi Ueda,2021-10-21T20:16:49Z
506952,Mutomo,und,"","",South African National Biodiversity Institute. 2021. Botanical Database of Southern Africa (BODATSA) [offline dataset]. http://newposa.sanbi.org [Note that these data are not available at this URL as of 2021],Karanga,Ken-ichi Ueda,2021-10-21T20:16:50Z
428367,musesetu,und,"","",South African National Biodiversity Institute. 2021. Botanical Database of Southern Africa (BODATSA) [offline dataset]. http://newposa.sanbi.org [Note that these data are not available at this URL as of 2021],Karanga,Ken-ichi Ueda,2021-10-21T20:16:50Z
428367,mutsatsati,und,"","",South African National Biodiversity Institute. 2021. Botanical Database of Southern Africa (BODATSA) [offline dataset]. http://newposa.sanbi.org [Note that these data are not available at this URL as of 2021],Karanga,Ken-ichi Ueda,2021-10-21T20:16:50Z
133587,rimirenyombe,und,"","",South African National Biodiversity Institute. 2021. Botanical Database of Southern Africa (BODATSA) [offline dataset]. http://newposa.sanbi.org [Note that these data are not available at this URL as of 2021],Karanga,Ken-ichi Ueda,2021-10-21T20:16:51Z
469795,mufandicimuka,und,"","",South African National Biodiversity Institute. 2021. Botanical Database of Southern Africa (BODATSA) [offline dataset]. http://newposa.sanbi.org [Note that these data are not available at this URL as of 2021],Karanga,Ken-ichi Ueda,2021-10-21T20:16:51Z
138688,muzezi,und,"","",South African National Biodiversity Institute. 2021. Botanical Database of Southern Africa (BODATSA) [offline dataset]. http://newposa.sanbi.org [Note that these data are not available at this URL as of 2021],Karanga,Ken-ichi Ueda,2021-10-21T20:16:51Z
593077,gwidzi,und,"","",South African National Biodiversity Institute. 2021. Botanical Database of Southern Africa (BODATSA) [offline dataset]. http://newposa.sanbi.org [Note that these data are not available at this URL as of 2021],Karanga,Ken-ichi Ueda,2021-10-21T20:16:52Z
340253,mutuviti,und,"","",South African National Biodiversity Institute. 2021. Botanical Database of Southern Africa (BODATSA) [offline dataset]. http://newposa.sanbi.org [Note that these data are not available at this URL as of 2021],Karanga,Ken-ichi Ueda,2021-10-21T20:16:52Z
340253,mutuvuti,und,"","",South African National Biodiversity Institute. 2021. Botanical Database of Southern Africa (BODATSA) [offline dataset]. http://newposa.sanbi.org [Note that these data are not available at this URL as of 2021],Karanga,Ken-ichi Ueda,2021-10-21T20:16:52Z
42328,Dhumukwa,und,"","",,Karanga,Botswanabugs,2021-10-30T05:28:27Z
117214,Mukwasikwasi,und,"","",,Karanga,Botswanabugs,2021-10-31T12:55:20Z
792926,hohodza,und,"","",,Karanga,Botswanabugs,2021-11-02T12:05:06Z
792926,Chigogodzamtanda,und,"","",,Karanga,Botswanabugs,2021-11-02T12:38:54Z
86007,gakanje,und,"","",,Karanga,Botswanabugs,2021-11-08T01:44:05Z
81500,muuyu,und,"","",,Karanga,Botswanabugs,2021-11-11T15:24:38Z
81500,muwuyu,und,"","",,Karanga,Botswanabugs,2021-11-11T15:25:00Z
81500,mumbuyu,und,"","",,Karanga,Botswanabugs,2021-11-11T15:25:22Z
81500,muvuka,und,"","",,Karanga,Botswanabugs,2021-11-11T15:25:40Z
14051,Dhimba,und,"","",,Karanga,Botswanabugs,2021-11-12T06:32:28Z
43335,mbizi,und,"","",,Karanga,Botswanabugs,2021-11-16T05:09:47Z
144281,dendera,und,"","",,Karanga,Botswanabugs,2021-11-23T04:32:11Z
117214,mukwasumukwasu,und,"","",,Karanga,Botswanabugs,2021-11-23T04:33:45Z
117214,thamme,und,"","",,Karanga,Botswanabugs,2021-11-23T04:35:05Z
42157,twiza,und,"","",,Karanga,Botswanabugs,2021-11-27T09:23:18Z
340143,Sosoti,und,"","",,Karanga,Botswanabugs,2022-01-20T14:19:44Z
138688,muriranyenze,und,"","",,Karanga,Botswanabugs,2022-02-03T11:39:24Z
721186,Shuramurove,und,"","",,Karanga,Botswanabugs,2022-03-28T15:06:27Z
30405,Mhakure,und,"","",,Karanga,Botswanabugs,2022-07-23T03:25:01Z
30405,nyamubobo,und,"","",,Karanga,Botswanabugs,2022-07-23T03:26:11Z
30405,Rovambira,und,"","",,Karanga,Botswanabugs,2022-07-23T03:26:56Z
1417064,Dohwe,und,"","",https://www.inaturalist.org/taxon_names/2614857/edit,Karanga,,2022-09-24T03:23:31Z
1417064,Toghwe,und,"","",https://www.inaturalist.org/taxon_names/2614858/edit,Karanga,,2022-09-24T03:23:31Z
1417064,dobgwe,und,"","",https://www.inaturalist.org/taxon_names/2614861/edit,Karanga,,2022-09-24T03:23:31Z
1417064,uxakuxaku,und,"","",https://www.inaturalist.org/taxon_names/2614859/edit,Karanga,,2022-09-24T03:23:32Z
1424120,Hanga,und,"","",https://www.inaturalist.org/taxon_names/2852452/edit,Karanga,,2023-01-15T06:34:25Z
588676,Mugan’acha,und,"","",,Karanga,Botswanabugs,2023-07-22T09:36:19Z
490675,Mutsambatsi,und,"","",,Karanga,Botswanabugs,2023-07-22T09:38:13Z
48872,Mumango,und,"","",,Karanga,Botswanabugs,2023-07-22T09:40:19Z
343164,Mubhedha,und,"","",,Karanga,Botswanabugs,2023-07-22T09:42:22Z
955108,Mufokosiana,und,"","",,Karanga,Botswanabugs,2023-07-22T09:44:34Z
340245,Mupfura,und,"","",,Karanga,Botswanabugs,2023-07-22T09:46:36Z
593873,Mubikasadza,und,"","",,Karanga,Botswanabugs,2023-07-22T09:51:58Z
429245,Mufokosiana,und,"","",,Karanga,Botswanabugs,2023-07-22T09:54:22Z
546326,Mufokosiana,und,"","",,Karanga,Botswanabugs,2023-07-22T09:57:22Z
579914,muroro,und,"","",,Karanga,Botswanabugs,2023-07-22T09:59:58Z
1506034,funye,und,"","",https://www.inaturalist.org/taxon_names/2361974/edit,Karanga,Donald Davesne,2023-10-30T19:16:31Z
340369,Muzambiringa,und,"","",,Karanga,Botswanabugs,2023-11-04T09:54:23Z
579717,Muzambiringa,und,"","",,Karanga,Botswanabugs,2023-11-04T09:56:25Z
343067,Zimbani,und,"","",,Karanga,Botswanabugs,2023-11-04T09:57:54Z
50333,Mbarambati,und,"","",,Karanga,Botswanabugs,2023-11-04T09:59:35Z
416750,Munanzwa,und,"","",,Karanga,Botswanabugs,2023-11-04T10:06:32Z
469315,mutewa,und,"","",,Karanga,Botswanabugs,2023-11-04T10:12:18Z
431075,Mubhubhunu,und,"","",,Karanga,Botswanabugs,2023-11-04T10:14:55Z
431074,mutewa,und,"","",,Karanga,Botswanabugs,2023-11-04T10:17:15Z
873768,fodya,und,"","",,Karanga,Botswanabugs,2023-11-04T13:16:14Z
199161,Nhundurwa,und,"","",,Karanga,Botswanabugs,2023-11-04T13:17:47Z
340324,Mudzvirungombe,und,"","",,Karanga,Botswanabugs,2023-11-04T13:20:36Z
340240,Mukomberwa,und,"","",,Karanga,Botswanabugs,2023-11-04T13:22:52Z
340228,Muchecheni,und,"","",,Karanga,Botswanabugs,2023-11-04T13:24:57Z
1473181,Nyii,und,"","",,Karanga,Botswanabugs,2023-11-04T13:27:39Z
57232,Mudziwebwe,und,"","",,Karanga,Botswanabugs,2023-11-04T13:30:35Z
593974,Mufufu,und,"","",,Karanga,Botswanabugs,2023-11-04T13:32:23Z
1124998,ruredzo,und,"","",,Karanga,Botswanabugs,2023-11-04T13:34:33Z
83832,Mutengeni,und,"","",,Karanga,Botswanabugs,2023-11-04T13:38:46Z
50186,nyezhe,und,"","",,Karanga,Botswanabugs,2024-02-16T12:34:08Z
1588579,nhengeni,und,"","",https://www.inaturalist.org/taxon_names/2616318/edit,Karanga,,2024-11-12T08:13:26Z
1588579,Munhengeni,und,"","",https://www.inaturalist.org/taxon_names/3473328/edit,Karanga,,2024-11-12T08:13:28Z
