id,vernacularName,language,locality,countryCode,source,lexicon,contributor,created
52345,Bhângsa:Convolvulaceae,und,"","",,Madurese,John E. Christensen,2021-03-29T18:26:16Z
425583,Karanjhi,und,"","",,Madurese,Zane Roskoph,2021-08-02T12:11:31Z
331121,Jherruk palappa,und,"","",,Madurese,Zane Roskoph,2021-08-10T12:23:40Z
344862,Katerbik,und,Indonesia,ID,,Madurese,Naufal Urfi Dhiya'ulhaq,2021-11-14T11:45:25Z
1008321,Komantin  saèbu,und,"East Java, ID","",,Madurese,Andreas Christian Yudhistira,2023-04-26T14:57:35Z
