id,vernacularName,language,locality,countryCode,source,lexicon,contributor,created
156005,steerecleus moss,und,"","",http://www.ubio.org/browser/details.php?namebankID=859390,Informal Latinized Name (Vernacular Concept Only),Ken-ichi Ueda,2012-10-21T22:02:15Z
156333,bischofia,und,"","",http://www.ubio.org/browser/details.php?namebankID=805050,Informal Latinized Name (Vernacular Concept Only),Cheng Te Hsu,2012-10-21T22:25:40Z
156446,pseudoditrichum moss,und,"","",http://www.ubio.org/browser/details.php?namebankID=793084,Informal Latinized Name (Vernacular Concept Only),Ken-ichi Ueda,2012-10-21T22:34:28Z
156487,pseudephemerum moss,und,"","",http://www.ubio.org/browser/details.php?namebankID=859373,Informal Latinized Name (Vernacular Concept Only),Ken-ichi Ueda,2012-10-21T22:38:57Z
156738,neohyophila moss,und,"","",http://www.ubio.org/browser/details.php?namebankID=793605,Informal Latinized Name (Vernacular Concept Only),Ken-ichi Ueda,2012-10-21T22:57:29Z
157268,eucladium moss,und,"","",http://www.ubio.org/browser/details.php?namebankID=793642,Informal Latinized Name (Vernacular Concept Only),Ken-ichi Ueda,2012-10-22T03:14:51Z
157310,geheebia moss,und,"","",http://www.ubio.org/browser/details.php?namebankID=859337,Informal Latinized Name (Vernacular Concept Only),Ken-ichi Ueda,2012-10-22T03:17:56Z
157502,hamatocaulis moss,und,"","",http://www.ubio.org/browser/details.php?namebankID=859340,Informal Latinized Name (Vernacular Concept Only),Ken-ichi Ueda,2012-10-22T03:28:42Z
157561,henicodium moss,und,"","",http://www.ubio.org/browser/details.php?namebankID=859341,Informal Latinized Name (Vernacular Concept Only),Ken-ichi Ueda,2012-10-22T03:32:09Z
446741,centaurea,und,"","",http://www.ubio.org/browser/details.php?namebankID=849942,Informal Latinized Name (Vernacular Concept Only),Ken-ichi Ueda,2015-02-21T05:46:57Z
769772,eritrichium,und,"","",http://www.ubio.org/browser/details.php?namebankID=975667,Informal Latinized Name (Vernacular Concept Only),Ken-ichi Ueda,2018-08-21T06:16:28Z
156123,limprichtia moss,und,"","",http://www.ubio.org/browser/details.php?namebankID=859355,Informal Latinized Name (Vernacular Concept Only),,2020-09-24T19:51:41Z
1138342,paraleptodontium moss,und,"","",http://www.ubio.org/browser/details.php?namebankID=859368,Informal Latinized Name (Vernacular Concept Only),,2020-10-06T11:38:33Z
1138342,oxystegus moss,und,"","",http://www.ubio.org/browser/details.php?namebankID=859366,Informal Latinized Name (Vernacular Concept Only),,2020-10-06T11:58:27Z
154185,pseudocalliergon moss,und,"","",http://www.ubio.org/browser/details.php?namebankID=859375,Informal Latinized Name (Vernacular Concept Only),,2020-10-09T19:30:32Z
291006,siphonoglossa,und,"","",http://www.ubio.org/browser/details.php?namebankID=974003,Informal Latinized Name (Vernacular Concept Only),,2021-07-30T22:46:00Z
1441711,P. manicata × [(P. mixta × P. tripartita var. mollissima) × (P. mixta × P. tripartita var. mollissima)],und,"","",,Informal Latinized Name (Vernacular Concept Only),Martin W,2023-02-10T14:07:26Z
1449401,Rubus idaeus × R. fruticosus × R. aboriginum × (R. ursinus × R. idaeus),und,"","",https://www.inaturalist.org/taxon_names/3249054/edit,Informal Latinized Name (Vernacular Concept Only),Nicolas Schwab,2023-02-14T05:35:37Z
1234458,Passiflora alata × quadrangularis,und,"","",,Informal Latinized Name (Vernacular Concept Only),Martin W,2023-03-25T10:43:43Z
1487878,Passiflora caerulea 'Constance Elliott' × quadrangularis,und,"","",,Informal Latinized Name (Vernacular Concept Only),Martin W,2023-08-07T07:58:12Z
1599157,Rubus dissimulans p.p. × idaeus,und,"","",https://www.inaturalist.org/taxon_names/3249189/edit,Informal Latinized Name (Vernacular Concept Only),,2025-01-05T09:33:17Z
1599442,Passiflora caerulea × incarnata,und,"","",https://www.inaturalist.org/taxon_names/3299637/edit,Informal Latinized Name (Vernacular Concept Only),,2025-01-06T22:43:02Z
