id,vernacularName,language,locality,countryCode,source,lexicon,contributor,created
133588,Mukindori,und,"","",,Kikuyu,brnhn,2020-11-17T21:25:39Z
444802,Muthiga,und,Kenya,KE,,Kikuyu,Zarek Cockar,2021-08-30T07:38:55Z
502780,Mugaa,und,"","",South African National Biodiversity Institute. 2021. Botanical Database of Southern Africa (BODATSA) [offline dataset]. http://newposa.sanbi.org [Note that these data are not available at this URL as of 2021],Kikuyu,Ken-ichi Ueda,2021-10-21T20:16:58Z
348763,Murera,und,"","",South African National Biodiversity Institute. 2021. Botanical Database of Southern Africa (BODATSA) [offline dataset]. http://newposa.sanbi.org [Note that these data are not available at this URL as of 2021],Kikuyu,Ken-ichi Ueda,2021-10-21T20:16:59Z
430600,Kiururu,und,"","",South African National Biodiversity Institute. 2021. Botanical Database of Southern Africa (BODATSA) [offline dataset]. http://newposa.sanbi.org [Note that these data are not available at this URL as of 2021],Kikuyu,Ken-ichi Ueda,2021-10-21T20:16:59Z
430600,Mururu,und,"","",South African National Biodiversity Institute. 2021. Botanical Database of Southern Africa (BODATSA) [offline dataset]. http://newposa.sanbi.org [Note that these data are not available at this URL as of 2021],Kikuyu,Ken-ichi Ueda,2021-10-21T20:16:59Z
581115,Murumandu,und,"","",South African National Biodiversity Institute. 2021. Botanical Database of Southern Africa (BODATSA) [offline dataset]. http://newposa.sanbi.org [Note that these data are not available at this URL as of 2021],Kikuyu,Ken-ichi Ueda,2021-10-21T20:16:59Z
132932,Mukoigo,und,"","",South African National Biodiversity Institute. 2021. Botanical Database of Southern Africa (BODATSA) [offline dataset]. http://newposa.sanbi.org [Note that these data are not available at this URL as of 2021],Kikuyu,Ken-ichi Ueda,2021-10-21T20:17:00Z
184342,Muraracii,und,"","",South African National Biodiversity Institute. 2021. Botanical Database of Southern Africa (BODATSA) [offline dataset]. http://newposa.sanbi.org [Note that these data are not available at this URL as of 2021],Kikuyu,Ken-ichi Ueda,2021-10-21T20:17:00Z
190367,mira,und,"","",South African National Biodiversity Institute. 2021. Botanical Database of Southern Africa (BODATSA) [offline dataset]. http://newposa.sanbi.org [Note that these data are not available at this URL as of 2021],Kikuyu,Ken-ichi Ueda,2021-10-21T20:17:00Z
190367,miraa,und,"","",South African National Biodiversity Institute. 2021. Botanical Database of Southern Africa (BODATSA) [offline dataset]. http://newposa.sanbi.org [Note that these data are not available at this URL as of 2021],Kikuyu,Ken-ichi Ueda,2021-10-21T20:17:01Z
190367,mirungi,und,"","",South African National Biodiversity Institute. 2021. Botanical Database of Southern Africa (BODATSA) [offline dataset]. http://newposa.sanbi.org [Note that these data are not available at this URL as of 2021],Kikuyu,Ken-ichi Ueda,2021-10-21T20:17:01Z
190367,muirungi,und,"","",South African National Biodiversity Institute. 2021. Botanical Database of Southern Africa (BODATSA) [offline dataset]. http://newposa.sanbi.org [Note that these data are not available at this URL as of 2021],Kikuyu,Ken-ichi Ueda,2021-10-21T20:17:01Z
429305,Gitoka,und,"","",South African National Biodiversity Institute. 2021. Botanical Database of Southern Africa (BODATSA) [offline dataset]. http://newposa.sanbi.org [Note that these data are not available at this URL as of 2021],Kikuyu,Ken-ichi Ueda,2021-10-21T20:17:02Z
506952,Mununga,und,"","",South African National Biodiversity Institute. 2021. Botanical Database of Southern Africa (BODATSA) [offline dataset]. http://newposa.sanbi.org [Note that these data are not available at this URL as of 2021],Kikuyu,Ken-ichi Ueda,2021-10-21T20:17:02Z
428367,Mutorothua,und,"","",South African National Biodiversity Institute. 2021. Botanical Database of Southern Africa (BODATSA) [offline dataset]. http://newposa.sanbi.org [Note that these data are not available at this URL as of 2021],Kikuyu,Ken-ichi Ueda,2021-10-21T20:17:02Z
141177,Gikwa-Kia-Nduru,und,"","",South African National Biodiversity Institute. 2021. Botanical Database of Southern Africa (BODATSA) [offline dataset]. http://newposa.sanbi.org [Note that these data are not available at this URL as of 2021],Kikuyu,Ken-ichi Ueda,2021-10-21T20:17:03Z
141177,mburiru,und,"","",South African National Biodiversity Institute. 2021. Botanical Database of Southern Africa (BODATSA) [offline dataset]. http://newposa.sanbi.org [Note that these data are not available at this URL as of 2021],Kikuyu,Ken-ichi Ueda,2021-10-21T20:17:03Z
141177,mburiu,und,"","",South African National Biodiversity Institute. 2021. Botanical Database of Southern Africa (BODATSA) [offline dataset]. http://newposa.sanbi.org [Note that these data are not available at this URL as of 2021],Kikuyu,Ken-ichi Ueda,2021-10-21T20:17:03Z
599716,Mutaa,und,"","",South African National Biodiversity Institute. 2021. Botanical Database of Southern Africa (BODATSA) [offline dataset]. http://newposa.sanbi.org [Note that these data are not available at this URL as of 2021],Kikuyu,Ken-ichi Ueda,2021-10-21T20:17:04Z
133558,Muthumara,und,"","",South African National Biodiversity Institute. 2021. Botanical Database of Southern Africa (BODATSA) [offline dataset]. http://newposa.sanbi.org [Note that these data are not available at this URL as of 2021],Kikuyu,Ken-ichi Ueda,2021-10-21T20:17:04Z
81491,mkungati,und,"","",South African National Biodiversity Institute. 2021. Botanical Database of Southern Africa (BODATSA) [offline dataset]. http://newposa.sanbi.org [Note that these data are not available at this URL as of 2021],Kikuyu,Ken-ichi Ueda,2021-10-21T20:17:04Z
81491,murantina,und,"","",South African National Biodiversity Institute. 2021. Botanical Database of Southern Africa (BODATSA) [offline dataset]. http://newposa.sanbi.org [Note that these data are not available at this URL as of 2021],Kikuyu,Ken-ichi Ueda,2021-10-21T20:17:05Z
81491,muratina,und,"","",South African National Biodiversity Institute. 2021. Botanical Database of Southern Africa (BODATSA) [offline dataset]. http://newposa.sanbi.org [Note that these data are not available at this URL as of 2021],Kikuyu,Ken-ichi Ueda,2021-10-21T20:17:05Z
81491,mwegea,und,"","",South African National Biodiversity Institute. 2021. Botanical Database of Southern Africa (BODATSA) [offline dataset]. http://newposa.sanbi.org [Note that these data are not available at this URL as of 2021],Kikuyu,Ken-ichi Ueda,2021-10-21T20:17:05Z
588682,muzireti,und,"","",South African National Biodiversity Institute. 2021. Botanical Database of Southern Africa (BODATSA) [offline dataset]. http://newposa.sanbi.org [Note that these data are not available at this URL as of 2021],Kikuyu,Ken-ichi Ueda,2021-10-21T20:17:05Z
600188,Mukarariki,und,"","",South African National Biodiversity Institute. 2021. Botanical Database of Southern Africa (BODATSA) [offline dataset]. http://newposa.sanbi.org [Note that these data are not available at this URL as of 2021],Kikuyu,Ken-ichi Ueda,2021-10-21T20:17:06Z
133587,Mundonye,und,"","",South African National Biodiversity Institute. 2021. Botanical Database of Southern Africa (BODATSA) [offline dataset]. http://newposa.sanbi.org [Note that these data are not available at this URL as of 2021],Kikuyu,Ken-ichi Ueda,2021-10-21T20:17:06Z
133587,mundume,und,"","",South African National Biodiversity Institute. 2021. Botanical Database of Southern Africa (BODATSA) [offline dataset]. http://newposa.sanbi.org [Note that these data are not available at this URL as of 2021],Kikuyu,Ken-ichi Ueda,2021-10-21T20:17:07Z
133587,Mwenyuka,und,"","",South African National Biodiversity Institute. 2021. Botanical Database of Southern Africa (BODATSA) [offline dataset]. http://newposa.sanbi.org [Note that these data are not available at this URL as of 2021],Kikuyu,Ken-ichi Ueda,2021-10-21T20:17:07Z
133587,ol-reteti,und,"","",South African National Biodiversity Institute. 2021. Botanical Database of Southern Africa (BODATSA) [offline dataset]. http://newposa.sanbi.org [Note that these data are not available at this URL as of 2021],Kikuyu,Ken-ichi Ueda,2021-10-21T20:17:07Z
340106,Muthuthi,und,"","",South African National Biodiversity Institute. 2021. Botanical Database of Southern Africa (BODATSA) [offline dataset]. http://newposa.sanbi.org [Note that these data are not available at this URL as of 2021],Kikuyu,Ken-ichi Ueda,2021-10-21T20:17:07Z
589698,Muthithioi,und,"","",South African National Biodiversity Institute. 2021. Botanical Database of Southern Africa (BODATSA) [offline dataset]. http://newposa.sanbi.org [Note that these data are not available at this URL as of 2021],Kikuyu,Ken-ichi Ueda,2021-10-21T20:17:08Z
590061,Muhukura,und,"","",South African National Biodiversity Institute. 2021. Botanical Database of Southern Africa (BODATSA) [offline dataset]. http://newposa.sanbi.org [Note that these data are not available at this URL as of 2021],Kikuyu,Ken-ichi Ueda,2021-10-21T20:17:08Z
367839,Gitunguru-kia-ngoma,und,"","",South African National Biodiversity Institute. 2021. Botanical Database of Southern Africa (BODATSA) [offline dataset]. http://newposa.sanbi.org [Note that these data are not available at this URL as of 2021],Kikuyu,Ken-ichi Ueda,2021-10-21T20:17:09Z
367839,kikwahi,und,"","",South African National Biodiversity Institute. 2021. Botanical Database of Southern Africa (BODATSA) [offline dataset]. http://newposa.sanbi.org [Note that these data are not available at this URL as of 2021],Kikuyu,Ken-ichi Ueda,2021-10-21T20:17:09Z
367839,kikwashi,und,"","",South African National Biodiversity Institute. 2021. Botanical Database of Southern Africa (BODATSA) [offline dataset]. http://newposa.sanbi.org [Note that these data are not available at this URL as of 2021],Kikuyu,Ken-ichi Ueda,2021-10-21T20:17:10Z
367839,Mukangarithi,und,"","",South African National Biodiversity Institute. 2021. Botanical Database of Southern Africa (BODATSA) [offline dataset]. http://newposa.sanbi.org [Note that these data are not available at this URL as of 2021],Kikuyu,Ken-ichi Ueda,2021-10-21T20:17:10Z
428559,Ndirikumi,und,"","",South African National Biodiversity Institute. 2021. Botanical Database of Southern Africa (BODATSA) [offline dataset]. http://newposa.sanbi.org [Note that these data are not available at this URL as of 2021],Kikuyu,Ken-ichi Ueda,2021-10-21T20:17:10Z
435322,Muiri,und,"","",South African National Biodiversity Institute. 2021. Botanical Database of Southern Africa (BODATSA) [offline dataset]. http://newposa.sanbi.org [Note that these data are not available at this URL as of 2021],Kikuyu,Ken-ichi Ueda,2021-10-21T20:17:11Z
578244,Mugaita,und,"","",South African National Biodiversity Institute. 2021. Botanical Database of Southern Africa (BODATSA) [offline dataset]. http://newposa.sanbi.org [Note that these data are not available at this URL as of 2021],Kikuyu,Ken-ichi Ueda,2021-10-21T20:17:11Z
79141,Manugu,und,"","",South African National Biodiversity Institute. 2021. Botanical Database of Southern Africa (BODATSA) [offline dataset]. http://newposa.sanbi.org [Note that these data are not available at this URL as of 2021],Kikuyu,Ken-ichi Ueda,2021-10-21T20:17:12Z
79141,Nagu,und,"","",South African National Biodiversity Institute. 2021. Botanical Database of Southern Africa (BODATSA) [offline dataset]. http://newposa.sanbi.org [Note that these data are not available at this URL as of 2021],Kikuyu,Ken-ichi Ueda,2021-10-21T20:17:12Z
474039,Muriricua,und,"","",South African National Biodiversity Institute. 2021. Botanical Database of Southern Africa (BODATSA) [offline dataset]. http://newposa.sanbi.org [Note that these data are not available at this URL as of 2021],Kikuyu,Ken-ichi Ueda,2021-10-21T20:17:12Z
182206,Thiga,und,"","",South African National Biodiversity Institute. 2021. Botanical Database of Southern Africa (BODATSA) [offline dataset]. http://newposa.sanbi.org [Note that these data are not available at this URL as of 2021],Kikuyu,Ken-ichi Ueda,2021-10-21T20:17:13Z
342745,Morogorogo,und,"","",,Kikuyu,Tammo Reichgelt,2022-07-18T20:13:08Z
136323,Muthengera,und,"","",,Kikuyu,Tammo Reichgelt,2022-07-19T02:26:45Z
132925,Mukohokoho,und,"","",,Kikuyu,Tammo Reichgelt,2022-07-20T14:09:17Z
132925,Murendetii,und,"","",,Kikuyu,Tammo Reichgelt,2022-07-20T14:26:06Z
444573,Mutonga,und,"","",,Kikuyu,Tammo Reichgelt,2022-07-20T15:01:40Z
441345,Muthuta,und,"","",,Kikuyu,Tammo Reichgelt,2022-07-20T15:04:43Z
441345,Muikoni,und,"","",,Kikuyu,Tammo Reichgelt,2022-07-20T15:04:57Z
132931,Muthaiti,und,"","",,Kikuyu,Tammo Reichgelt,2022-07-20T15:25:46Z
132931,Musili,und,"","",,Kikuyu,Tammo Reichgelt,2022-07-20T15:26:01Z
582302,Muguyumundu,und,"","",,Kikuyu,Tammo Reichgelt,2022-07-20T15:30:57Z
582302,Mugaingundu,und,"","",,Kikuyu,Tammo Reichgelt,2022-07-20T15:31:13Z
1077573,Kamukururi,und,"","",,Kikuyu,Tammo Reichgelt,2022-07-20T15:36:15Z
1077573,Mukekenye,und,"","",,Kikuyu,Tammo Reichgelt,2022-07-20T15:36:27Z
152137,Muraya,und,"","",,Kikuyu,Tammo Reichgelt,2022-07-20T15:47:03Z
152137,Suguya,und,"","",,Kikuyu,Tammo Reichgelt,2022-07-20T15:47:15Z
593974,Mugaruka,und,"","",,Kikuyu,Tammo Reichgelt,2022-07-21T02:01:20Z
593398,Mugagatio,und,"","",,Kikuyu,Tammo Reichgelt,2022-07-21T02:09:41Z
48598,Muhoko,und,"","",,Kikuyu,Tammo Reichgelt,2022-07-21T02:10:49Z
590768,Mwathathia,und,"","",,Kikuyu,Tammo Reichgelt,2022-07-21T19:40:44Z
343065,Muchingiri,und,"","",,Kikuyu,Tammo Reichgelt,2022-07-21T20:03:07Z
584493,Muchingiri,und,"","",,Kikuyu,Tammo Reichgelt,2022-07-21T20:06:44Z
1046695,Mundara,und,"","",,Kikuyu,Tammo Reichgelt,2022-10-24T12:09:13Z
1046695,Muthigitha,und,"","",,Kikuyu,Tammo Reichgelt,2022-10-24T12:09:33Z
135875,Mutarakwa,und,"Kiambu, KE | Nyeri, KE | Kirinyaga, KE","",,Kikuyu,Zarek Cockar,2023-03-08T07:14:04Z
343032,Mukinyai,und,"Kiambu, KE | Nyeri, KE | Kirinyaga, KE | Laikipia, KE","",,Kikuyu,Zarek Cockar,2023-03-08T07:58:32Z
1417064,mutuu,und,"","",,Kikuyu,Botswanabugs,2023-03-13T12:21:51Z
1428,Nganga,und,"","",,Kikuyu,Botswanabugs,2024-01-31T10:08:03Z
593902,Muthigiu,und,"Kiambu, KE | Nyeri, KE | Nyandarua, KE | Laikipia, KE | Kirinyaga, KE","",,Kikuyu,Zarek Cockar,2024-02-06T12:38:29Z
1572043,Mutamaiyu,und,"","",,Kikuyu,Duarte Frade,2024-10-31T07:48:56Z
1572043,Mutero,und,"","",,Kikuyu,Duarte Frade,2024-10-31T07:50:00Z
1588195,Mwerere,und,"","",South African National Biodiversity Institute. 2021. Botanical Database of Southern Africa (BODATSA) [offline dataset]. http://newposa.sanbi.org [Note that these data are not available at this URL as of 2021],Kikuyu,,2024-11-11T17:43:03Z
1473181,kamba,und,"","",,Kikuyu,Botswanabugs,2025-01-26T13:01:21Z
