id,vernacularName,language,locality,countryCode,source,lexicon,contributor,created
43339,Harie Dido,und,"","",,Oromo,Bobby McCabe,2017-11-13T19:42:06Z
40151,Hoosiftoota,und,"","",,Oromo,John E. Christensen,2019-02-07T16:16:06Z
52188,Whale shark,und,"","",,Oromo,Zane Roskoph,2021-08-03T14:05:25Z
41967,Qeerransa,und,"","",,Oromo,Zane Roskoph,2021-08-26T16:26:07Z
184346,Deekuku,und,"","",,Oromo,Tammo Reichgelt,2022-07-20T19:24:14Z
890958,Qatu,und,"","",,Oromo,Tammo Reichgelt,2022-07-20T19:32:32Z
890958,Hafursaa,und,"","",,Oromo,Tammo Reichgelt,2022-07-20T19:32:49Z
890958,K’adu,und,"","",,Oromo,Tammo Reichgelt,2022-07-20T19:33:00Z
430781,Qadhu,und,"","",,Oromo,Tammo Reichgelt,2022-07-20T19:34:54Z
186043,K’alkacca,und,"","",,Oromo,Tammo Reichgelt,2022-07-20T19:58:48Z
208321,Dumashio,und,"","",,Oromo,Tammo Reichgelt,2022-07-20T20:03:53Z
