id,vernacularName,language,locality,countryCode,source,lexicon,contributor,created
469308,letlhajwa,und,"","",,Sengwato,Botswanabugs,2019-09-27T12:48:06Z
340314,motsebe,und,"","",,Sengwato,Botswanabugs,2019-09-28T07:21:11Z
581602,Mhitshwane,und,"","",,Sengwato,Botswanabugs,2020-12-31T02:37:02Z
340228,mokalabata,und,"","",,Sengwato,Botswanabugs,2021-06-29T17:01:06Z
340228,Mokalomafswi,und,"","",,Sengwato,Botswanabugs,2021-06-29T17:04:24Z
340321,motlha,und,"","",,Sengwato,Botswanabugs,2021-06-29T17:32:37Z
460439,morutse,und,"","",,Sengwato,Botswanabugs,2021-06-29T17:57:36Z
460439,Thutse,und,"","",,Sengwato,Botswanabugs,2021-06-29T17:59:00Z
182191,moarasope,und,"","",,Sengwato,Botswanabugs,2021-06-29T18:05:14Z
57920,mofelarure,und,"","",,Sengwato,Botswanabugs,2021-06-30T02:10:13Z
469311,hatshwane,und,"","",,Sengwato,Botswanabugs,2021-07-01T17:09:38Z
430533,motsiara,und,"","",,Sengwato,Botswanabugs,2021-07-01T17:12:14Z
637214,lehupu,und,"","",,Sengwato,Botswanabugs,2021-07-01T17:15:14Z
474039,mhatlha,und,"","",,Sengwato,Botswanabugs,2021-07-01T17:22:02Z
340176,morobolo,und,"","",,Sengwato,Botswanabugs,2021-07-02T01:20:41Z
431646,mokakata,und,"","",,Sengwato,Botswanabugs,2021-07-02T01:23:16Z
595012,morutla,und,"","",,Sengwato,Botswanabugs,2021-07-03T12:16:52Z
169410,molelwana,und,"","",,Sengwato,Botswanabugs,2021-07-03T15:23:58Z
468761,motlhomaganyane,und,"","",,Sengwato,Botswanabugs,2021-07-04T12:10:44Z
338731,motlhogomaganyane,und,"","",,Sengwato,Botswanabugs,2021-07-04T12:19:33Z
79069,bogopa,und,"","",,Sengwato,Botswanabugs,2021-07-04T12:36:38Z
340143,monwana,und,"","",,Sengwato,Botswanabugs,2021-07-06T09:44:50Z
336805,molalaphage,und,"","",,Sengwato,Botswanabugs,2021-07-06T09:50:50Z
336805,tshwangphofu,und,"","",,Sengwato,Botswanabugs,2021-07-06T09:51:55Z
516181,mosokelatsebe,und,"","",,Sengwato,Botswanabugs,2021-07-08T17:18:37Z
79020,mosilabele,und,"","",,Sengwato,Botswanabugs,2021-07-09T03:50:37Z
593890,motshotlho,und,"","",,Sengwato,Botswanabugs,2021-07-09T03:53:08Z
429245,mogolori,und,"","",,Sengwato,Botswanabugs,2021-07-09T03:58:46Z
429245,mogodiri,und,"","",,Sengwato,Botswanabugs,2021-07-09T04:01:01Z
546326,sedupaphiri,und,"","",,Sengwato,Botswanabugs,2021-07-09T04:14:39Z
546326,mogolori,und,"","",,Sengwato,Botswanabugs,2021-07-09T04:19:05Z
340199,mokongwa,und,"","",,Sengwato,Botswanabugs,2021-07-09T04:30:37Z
527004,mohurokwana,und,"","",,Sengwato,Botswanabugs,2021-07-09T05:13:22Z
527004,lebuta,und,"","",,Sengwato,Botswanabugs,2021-07-09T05:36:58Z
527004,morokolopodi,und,"","",,Sengwato,Botswanabugs,2021-07-09T05:38:26Z
527004,molalatau,und,"","",,Sengwato,Botswanabugs,2021-07-09T05:40:20Z
81491,moporota,und,"","",,Sengwato,Khama III Memorial Museum in Serowe,2021-07-09T09:48:20Z
592795,mosisa,und,"","",,Sengwato,Botswanabugs,2021-07-10T04:09:58Z
132448,motswalakgoro,und,"","",,Sengwato,Botswanabugs,2021-07-10T04:14:20Z
199960,mahuraanaga,und,"","",,Sengwato,Botswanabugs,2021-07-10T04:23:59Z
199960,leatla,und,"","",,Sengwato,Botswanabugs,2021-07-10T04:24:40Z
53083,motlalemetse,und,"","",,Sengwato,Botswanabugs,2021-07-10T04:36:05Z
580627,mhalatsamaru,und,"","",,Sengwato,Botswanabugs,2021-07-10T04:55:57Z
430695,mhalatsamaru,und,"","",,Sengwato,Botswanabugs,2021-07-10T05:11:09Z
416750,mongololo,und,"","",,Sengwato,Botswanabugs,2021-07-10T09:35:39Z
515460,bohitlha,und,"","",,Sengwato,Botswanabugs,2021-07-10T10:38:56Z
515460,patadikgagane,und,"","",,Sengwato,Botswanabugs,2021-07-10T10:42:15Z
580689,mhalatsamaru,und,"","",,Sengwato,Khama III Memorial Museum in Serowe,2021-07-20T06:53:52Z
592667,kganyane,und,"","",,Sengwato,Khama III Memorial Museum in Serowe,2021-07-20T07:03:22Z
428559,mopenwaeng,und,"","",,Sengwato,Khama III Memorial Museum in Serowe,2021-07-20T08:02:20Z
491251,mosagasagane,und,"","",,Sengwato,Botswanabugs,2021-07-21T03:47:32Z
553829,letswailakhudu,und,"","",,Sengwato,Botswanabugs,2021-07-21T04:03:43Z
567478,mosihawapoo,und,"","",,Sengwato,Botswanabugs,2021-07-21T04:06:34Z
181061,mogatololo,und,"","",,Sengwato,Botswanabugs,2021-07-21T04:35:40Z
165503,mmapuupuu,und,"","",,Sengwato,Botswanabugs,2021-07-25T11:07:30Z
165503,mmapuupuutshegatshega,und,"","",,Sengwato,Botswanabugs,2021-07-25T11:12:48Z
590058,mohuruswa,und,"","",,Sengwato,Botswanabugs,2021-07-25T11:15:33Z
14930,legodi,und,"","",,Sengwato,Botswanabugs,2021-07-27T04:15:58Z
532043,mhalatsamaru,und,"","",,Sengwato,Botswanabugs,2021-07-27T05:40:26Z
532043,morokolopodi,und,"","",,Sengwato,Botswanabugs,2021-07-27T05:43:59Z
186043,moreketli,und,"","",,Sengwato,Botswanabugs,2021-07-27T06:08:35Z
588676,mmotswana,und,"","",,Sengwato,Botswanabugs,2021-07-30T10:43:04Z
588678,bolaole,und,"","",,Sengwato,Botswanabugs,2021-07-30T10:45:31Z
343067,kgomodimetse,und,"","",,Sengwato,Botswanabugs,2021-08-01T10:54:39Z
343067,kgomodimetseng,und,"","",,Sengwato,Botswanabugs,2021-08-01T10:55:09Z
343067,mosukubjane,und,"","",,Sengwato,Botswanabugs,2021-08-01T10:56:55Z
589256,kgomodimetseng,und,"","",,Sengwato,Botswanabugs,2021-08-01T10:59:56Z
589256,mosukubjwane,und,"","",,Sengwato,Botswanabugs,2021-08-01T11:01:52Z
186271,modimelo,und,"","",,Sengwato,Botswanabugs,2021-08-01T12:11:34Z
588162,madi aphalane,und,"","",,Sengwato,Botswanabugs,2021-08-01T14:11:17Z
76609,setlhabakolobe,und,"","",,Sengwato,Botswanabugs,2021-08-02T09:14:02Z
55854,setlhabakolobe,und,"","",,Sengwato,Botswanabugs,2021-08-02T09:16:00Z
338772,mmotu,und,"","",,Sengwato,Botswanabugs,2021-08-09T07:27:07Z
908007,mompudu,und,"","",,Sengwato,Botswanabugs,2021-08-09T07:36:27Z
340059,mhodiri,und,"","",,Sengwato,Botswanabugs,2021-08-12T09:26:03Z
505821,mothapo,und,"","",,Sengwato,Botswanabugs,2021-08-13T18:19:49Z
582629,mokomoto,und,"","",,Sengwato,Botswanabugs,2021-08-13T19:32:28Z
488493,mophaphama,und,"","",,Sengwato,Botswanabugs,2021-08-13T19:33:38Z
488493,mopapama,und,"","",,Sengwato,Botswanabugs,2021-08-13T19:34:18Z
340295,mohota,und,"","",,Sengwato,Botswanabugs,2021-08-13T19:35:29Z
464608,mmola,und,"","",,Sengwato,Botswanabugs,2021-08-19T17:03:25Z
340175,monoga,und,"","",,Sengwato,Botswanabugs,2021-08-19T17:06:08Z
340162,mmola,und,"","",,Sengwato,Botswanabugs,2021-08-19T17:09:53Z
400698,bohitlha,und,"","",,Sengwato,Botswanabugs,2021-08-25T18:15:21Z
584388,monamane,und,"Serowe, CE, BW","",,Sengwato,Botswanabugs,2021-08-25T23:13:53Z
337799,serokolo,und,"","",,Sengwato,Botswanabugs,2021-08-25T23:40:34Z
337799,tlhaba dilebanye,und,"","",,Sengwato,Botswanabugs,2021-08-25T23:43:39Z
200053,leetsane,und,"","",,Sengwato,Botswanabugs,2021-08-26T13:58:03Z
594422,mokala,und,"","",,Sengwato,Botswanabugs,2021-08-30T09:32:09Z
431070,leloba,und,"","",,Sengwato,Botswanabugs,2021-09-01T08:06:33Z
594427,moreomabele,und,"","",,Sengwato,Botswanabugs,2021-09-13T12:16:59Z
567325,mokgwelekgwele,und,"","",,Sengwato,Botswanabugs,2021-09-13T12:31:09Z
594417,Mokgwa,und,"","",,Sengwato,Botswanabugs,2021-09-13T12:42:49Z
594421,Moloto,und,"","",,Sengwato,Botswanabugs,2021-09-13T12:46:39Z
595949,mosaoka,und,"","",,Sengwato,Botswanabugs,2021-09-13T14:00:26Z
116293,Kwathe,und,"","",,Sengwato,Botswanabugs,2021-09-24T19:43:44Z
372390,Mmankgodi,und,"","",,Sengwato,Botswanabugs,2021-11-11T02:25:11Z
528081,Kgokong,und,"","",,Sengwato,Botswanabugs,2021-11-11T12:01:36Z
128533,lepero,und,"","",,Sengwato,Khama III Memorial Museum in Serowe,2021-11-15T01:22:54Z
43561,mogwele,und,"","",,Sengwato,Botswanabugs,2021-11-18T11:28:03Z
45848,nthue,und,"","",,Sengwato,Botswanabugs,2021-11-19T02:22:26Z
45848,nthufe,und,"","",,Sengwato,Botswanabugs,2021-11-19T02:23:02Z
42424,photi,und,"","",,Sengwato,Botswanabugs,2021-11-19T02:27:35Z
75192,phofu,und,"","",,Sengwato,Botswanabugs,2021-11-19T02:33:16Z
42095,motlhose,und,"","",,Sengwato,Botswanabugs,2021-11-19T02:41:30Z
42055,lesie,und,"","",,Sengwato,Botswanabugs,2021-11-19T02:45:42Z
42055,mjane,und,"","",,Sengwato,Botswanabugs,2021-11-19T02:48:40Z
42055,mmyane,und,"","",,Sengwato,Botswanabugs,2021-11-19T02:49:07Z
42157,thutlwa,und,"","",,Sengwato,Botswanabugs,2021-11-19T03:36:27Z
57560,matshwaratsela,und,"","",,Sengwato,Botswanabugs,2021-11-19T03:54:34Z
132863,letswee,und,"","",,Sengwato,Botswanabugs,2021-12-05T09:46:37Z
43747,serathi,und,"","",,Sengwato,Botswanabugs,2021-12-05T09:54:44Z
43747,mokuru,und,"","",,Sengwato,Botswanabugs,2021-12-05T09:57:54Z
41921,letototo,und,"","",,Sengwato,Botswanabugs,2021-12-05T10:00:27Z
41921,letsara,und,"","",,Sengwato,Botswanabugs,2021-12-05T10:01:27Z
41906,lefswekete,und,"","",,Sengwato,Botswanabugs,2021-12-05T10:05:48Z
43125,mmutlwa,und,"","",,Sengwato,Botswanabugs,2022-01-10T05:42:47Z
349757,kgotodua,und,"","",,Sengwato,Khama III Memorial Museum in Serowe,2022-01-12T05:16:19Z
182274,mmilo,und,"","",,Sengwato,Botswanabugs,2022-05-18T07:40:04Z
1393366,mosifapoo,und,"","",https://www.inaturalist.org/taxon_names/2593314/edit,Sengwato,,2022-05-23T03:44:41Z
119673,mophethe,und,"","",,Sengwato,Botswanabugs,2022-05-25T03:24:50Z
122099,mophethe,und,"","",,Sengwato,Botswanabugs,2022-05-25T03:26:12Z
30851,lebolobolo,und,"","",,Sengwato,Botswanabugs,2022-06-02T10:17:59Z
47735,sebokolodi,und,"","",,Sengwato,Botswanabugs,2022-06-04T14:11:05Z
47206,sebonesanawa,und,"","",,Sengwato,Botswanabugs,2022-06-04T14:26:16Z
57652,modimo,und,"","",,Sengwato,Botswanabugs,2022-06-04T14:32:21Z
26196,letlametlo,und,Botswana,BW,,Sengwato,Botswanabugs,2022-06-12T05:01:39Z
45929,Ntlolane,und,"","",,Sengwato,Botswanabugs,2022-07-04T04:12:10Z
19350,Marubisi,und,"Serowe, CE, BW","",,Sengwato,Botswanabugs,2022-07-06T04:09:51Z
144281,lehututu,und,"","",,Sengwato,Botswanabugs,2022-07-06T04:34:46Z
30405,phika,und,"","",,Sengwato,Botswanabugs,2022-08-18T09:33:28Z
427214,mokgabisanaga,und,"","",,Sengwato,Botswanabugs,2022-10-16T12:06:43Z
527004,mosetlatou,und,"","",,Sengwato,Botswanabugs,2022-11-05T08:56:33Z
595198,moetapele,und,"","",,Sengwato,Botswanabugs,2022-11-16T03:22:36Z
595437,lenano,und,"","",,Sengwato,Botswanabugs,2022-11-16T03:33:46Z
169898,segowe,und,"","",,Sengwato,Botswanabugs,2022-11-16T03:47:13Z
595743,tshuga,und,"","",,Sengwato,Botswanabugs,2022-11-16T03:54:15Z
595778,mogakangwaga,und,"","",,Sengwato,Botswanabugs,2022-11-16T04:00:19Z
571051,morama,und,"","",,Sengwato,Botswanabugs,2022-11-16T04:08:15Z
593974,Mmaba,und,"","",,Sengwato,Botswanabugs,2022-12-06T11:08:03Z
595941,murura,und,"","",,Sengwato,Botswanabugs,2023-03-20T11:11:52Z
362174,monokwane,und,"","",,Sengwato,Botswanabugs,2023-04-06T15:55:04Z
77394,seloka,und,"","",,Sengwato,Botswanabugs,2023-04-18T14:52:44Z
42278,phala,und,"","",,Sengwato,Botswanabugs,2023-04-25T06:28:41Z
26052,kwena,und,"","",,Sengwato,Botswanabugs,2023-04-25T07:05:46Z
371414,phage,und,"","",,Sengwato,Botswanabugs,2023-04-25T07:11:25Z
47062,thakadu,und,"","",,Sengwato,Botswanabugs,2023-04-25T07:26:30Z
42334,kwalata,und,"","",,Sengwato,Botswanabugs,2023-04-25T07:32:53Z
32806,lebodu,und,"","",,Sengwato,Botswanabugs,2023-04-25T07:41:51Z
41911,Moswe,und,"","",,Sengwato,Botswanabugs,2023-04-25T09:53:14Z
336810,mogonono,und,"","",,Sengwato,Botswanabugs,2023-04-27T19:59:21Z
1473181,motsentsela,und,"","",https://www.inaturalist.org/taxon_names/3310885/edit,Sengwato,,2023-06-09T13:59:12Z
1363126,phiho,und,"","",,Sengwato,Botswanabugs,2023-06-18T04:08:04Z
340228,mokgalo,und,"","",,Sengwato,Botswanabugs,2023-06-28T06:03:15Z
1306005,thukhwi,und,"","",https://www.inaturalist.org/taxon_names/2785936/edit,Sengwato,Bobby McCabe,2023-07-04T00:45:01Z
1306005,mmabudu,und,"","",https://www.inaturalist.org/taxon_names/2785941/edit,Sengwato,Bobby McCabe,2023-07-04T00:45:02Z
7414,Sebotha,und,"Serowe, CE, BW","",,Sengwato,Botswanabugs,2023-07-13T05:27:52Z
581177,Setoto,und,"Serowe, CE, BW","",,Sengwato,Botswanabugs,2023-07-13T05:30:48Z
594427,Mokoba,und,"Serowe, CE, BW","",,Sengwato,Botswanabugs,2023-07-13T05:34:21Z
595946,Mogotlho,und,"Serowe, CE, BW","",,Sengwato,Botswanabugs,2023-07-13T08:09:19Z
489563,Mosu,und,"Serowe, CE, BW","",,Sengwato,Botswanabugs,2023-07-13T09:44:49Z
495256,palamela,und,"Serowe, CE, BW","",,Sengwato,Botswanabugs,2023-07-13T20:34:16Z
61415,Mahambakantwana,und,"Serowe, CE, BW | Botswana",BW,,Sengwato,Botswanabugs,2023-07-14T05:38:19Z
665469,Mahambakantwana,und,"Botswana | Serowe, CE, BW",BW,,Sengwato,Botswanabugs,2023-07-14T05:46:07Z
144460,segootsane,und,Botswana,BW,,Sengwato,Botswanabugs,2023-07-14T07:40:07Z
117214,Tlhangwe,und,Botswana,BW,,Sengwato,Botswanabugs,2023-07-14T07:45:31Z
6912,sehudi,und,"Botswana | Serowe, CE, BW",BW,,Sengwato,Botswanabugs,2023-07-14T07:56:34Z
144663,korwe,und,Botswana,BW,,Sengwato,Botswanabugs,2023-07-14T08:14:01Z
57556,tshwene,und,Botswana,BW,,Sengwato,Botswanabugs,2023-07-16T16:57:00Z
162855,tharesethala,und,"","",,Sengwato,Botswanabugs,2023-07-26T06:57:02Z
495974,lesogo,und,"","",,Sengwato,Botswanabugs,2023-09-12T06:20:50Z
14115,Mogale,und,"","",,Sengwato,Botswanabugs,2023-09-12T16:03:16Z
340324,Mmilo,und,"","",,Sengwato,Botswanabugs,2023-11-04T13:19:22Z
527059,moretlwa,und,"","",,Sengwato,Botswanabugs,2023-11-09T03:44:37Z
42093,letlhalerwa,und,"","",,Sengwato,Botswanabugs,2023-11-09T04:59:38Z
147000,Monepenepe,und,Botswana,BW,,Sengwato,Botswanabugs,2023-11-09T07:03:35Z
41963,nkwe,und,"","",,Sengwato,Botswanabugs,2023-11-20T06:48:34Z
1584750,lerura,und,"","",https://www.inaturalist.org/taxon_names/2675529/edit,Sengwato,Wynand Uys,2024-10-29T21:42:33Z
411086,modisane,und,"","",https://www.inaturalist.org/taxon_names/3324872/edit,Sengwato,Iván Reséndiz Cruz,2024-11-03T09:37:35Z
1588521,Morula,und,"","",https://www.inaturalist.org/taxon_names/2800455/edit,Sengwato,,2024-11-12T07:54:09Z
1588579,moretologa,und,"","",https://www.inaturalist.org/taxon_names/3023572/edit,Sengwato,,2024-11-12T08:13:27Z
340408,motswiri,und,Botswana,BW,,Sengwato,Botswanabugs,2024-11-23T07:37:36Z
595337,Moralala,und,"Serowe, CE, BW","",,Sengwato,Botswanabugs,2024-12-29T12:45:18Z
343039,Mokosho,und,Botswana,BW,,Sengwato,Botswanabugs,2025-01-04T05:52:12Z
578301,monnakamongwe,und,Botswana,BW,,Sengwato,Botswanabugs,2025-01-26T04:26:38Z
361277,Monnakamongwe,und,"Botswana | Serowe, CE, BW",BW,,Sengwato,Botswanabugs,2025-01-26T10:22:44Z
