id,vernacularName,language,locality,countryCode,source,lexicon,contributor,created
7043,دریانشین,und,"","",,Farsi,elham,2015-06-27T13:52:33Z
19022,مکائو ارغوانی,und,"","",,Farsi,John E. Christensen,2017-12-09T08:50:44Z
3800,سفیدغاز,und,"","",,Farsi,John E. Christensen,2018-02-08T09:50:15Z
53350,شاه‌بلوط (سرده),und,"","",,Farsi,John E. Christensen,2018-07-06T13:57:25Z
54327,زنبور سرخ اروپایی,und,"","",,Farsi,John E. Christensen,2018-10-30T10:01:14Z
51611,سیزاب,und,"","",,Farsi,John E. Christensen,2018-11-05T09:45:30Z
48486,کفش‌دوزک,und,"","",,Farsi,John E. Christensen,2019-02-25T19:01:09Z
82814,لاله مردابی,und,"","",,Farsi,John E. Christensen,2019-05-05T10:40:25Z
57563,کنگر فرنگی خاردار,und,"","",,Farsi,John E. Christensen,2019-07-06T09:43:06Z
42065,روباه ترکمنی,und,"","",,Farsi,Farshad Eskandari,2020-05-22T15:02:18Z
41959,گربه شنی,und,"","",,Farsi,Farshad Eskandari,2020-05-22T15:44:54Z
108103,سگ ماهي,und,"","",http://www.catalogueoflife.org/annual-checklist/details/species/id/10061660/common/73806,Farsi,,2021-07-09T12:43:17Z
445815,سگ ماهي,und,"","",http://www.catalogueoflife.org/annual-checklist/details/species/id/10058262/common/17883,Farsi,,2021-07-09T12:43:17Z
620925,سگ ماهي,und,"","",http://www.catalogueoflife.org/annual-checklist/details/species/id/10081815/common/74116,Farsi,,2021-07-09T12:43:17Z
611835,سگ ماهي,und,"","",http://www.catalogueoflife.org/annual-checklist/details/species/id/10058277/common/17815,Farsi,,2021-07-09T12:43:18Z
620887,سگ ماهي,und,"","",http://www.catalogueoflife.org/annual-checklist/details/species/id/10081746/common/74245,Farsi,,2021-07-09T12:43:18Z
98114,سگ ماهي,und,"","",http://www.catalogueoflife.org/annual-checklist/details/species/id/10058308/common/17678,Farsi,,2021-07-09T12:43:18Z
620892,سگ ماهي,und,"","",http://www.catalogueoflife.org/annual-checklist/details/species/id/10081759/common/74230,Farsi,,2021-07-09T12:43:18Z
98119,سگ ماهي,und,"","",http://www.catalogueoflife.org/annual-checklist/details/species/id/10058314/common/17659,Farsi,,2021-07-09T12:43:18Z
446042,سگ ماهي,und,"","",http://www.catalogueoflife.org/annual-checklist/details/species/id/10081780/common/74186,Farsi,,2021-07-09T12:43:19Z
620924,سگ ماهي,und,"","",http://www.catalogueoflife.org/annual-checklist/details/species/id/10081813/common/74123,Farsi,,2021-07-09T12:43:20Z
108103,لوچ,und,"","",http://www.catalogueoflife.org/annual-checklist/details/species/id/10061660/common/73807,Farsi,,2021-07-09T12:43:38Z
445815,لوچ,und,"","",http://www.catalogueoflife.org/annual-checklist/details/species/id/10058262/common/17884,Farsi,,2021-07-09T12:43:39Z
611835,لوچ,und,"","",http://www.catalogueoflife.org/annual-checklist/details/species/id/10058277/common/17816,Farsi,,2021-07-09T12:43:39Z
98114,لوچ,und,"","",http://www.catalogueoflife.org/annual-checklist/details/species/id/10058308/common/17676,Farsi,,2021-07-09T12:43:39Z
98119,لوچ,und,"","",http://www.catalogueoflife.org/annual-checklist/details/species/id/10058314/common/17660,Farsi,,2021-07-09T12:43:40Z
620887,گربه ماهي,und,"","",http://www.catalogueoflife.org/annual-checklist/details/species/id/10081746/common/74246,Farsi,,2021-07-12T12:14:21Z
620892,گربه ماهي,und,"","",http://www.catalogueoflife.org/annual-checklist/details/species/id/10081759/common/74231,Farsi,,2021-07-12T12:14:22Z
446042,گربه ماهي,und,"","",http://www.catalogueoflife.org/annual-checklist/details/species/id/10081780/common/74187,Farsi,,2021-07-12T12:14:22Z
446227,گربه ماهي,und,"","",http://www.catalogueoflife.org/annual-checklist/details/species/id/10081478/common/10709,Farsi,,2021-07-12T12:14:22Z
620924,گربه ماهي,und,"","",http://www.catalogueoflife.org/annual-checklist/details/species/id/10081813/common/74124,Farsi,,2021-07-12T12:14:22Z
112581,گربه ماهي,und,"","",http://www.catalogueoflife.org/annual-checklist/details/species/id/10081697/common/84337,Farsi,,2021-07-12T12:14:23Z
620925,گربه ماهي,und,"","",http://www.catalogueoflife.org/annual-checklist/details/species/id/10081815/common/74117,Farsi,,2021-07-12T12:14:24Z
446482,گربه ماهي,und,"","",http://www.catalogueoflife.org/annual-checklist/details/species/id/10081705/common/84298,Farsi,,2021-07-12T12:14:24Z
446174,سس ماهي,und,"","",http://www.catalogueoflife.org/annual-checklist/details/species/id/10059989/common/58179,Farsi,,2021-07-12T12:27:17Z
49618,سس ماهي,und,"","",http://www.catalogueoflife.org/annual-checklist/details/species/id/10059975/common/58250,Farsi,,2021-07-12T12:27:17Z
95188,سس ماهي,und,"","",http://www.catalogueoflife.org/annual-checklist/details/species/id/10058836/common/57525,Farsi,,2021-07-12T12:27:17Z
446213,سس ماهي,und,"","",http://www.catalogueoflife.org/annual-checklist/details/species/id/10060042/common/341347,Farsi,,2021-07-12T12:27:17Z
446169,سس ماهي,und,"","",http://www.catalogueoflife.org/annual-checklist/details/species/id/10059979/common/58225,Farsi,,2021-07-12T12:27:18Z
425951,سس ماهي,und,"","",http://www.catalogueoflife.org/annual-checklist/details/species/id/10059112/common/341708,Farsi,,2021-07-12T12:27:18Z
321791,سس ماهي,und,"","",http://www.catalogueoflife.org/annual-checklist/details/species/id/10059984/common/58207,Farsi,,2021-07-12T12:27:19Z
445685,سس ماهي,und,"","",http://www.catalogueoflife.org/annual-checklist/details/species/id/10058895/common/57249,Farsi,,2021-07-12T12:27:19Z
613216,سس ماهي,und,"","",http://www.catalogueoflife.org/annual-checklist/details/species/id/10059985/common/58204,Farsi,,2021-07-12T12:27:20Z
104835,سس ماهي,und,"","",http://www.catalogueoflife.org/annual-checklist/details/species/id/10059970/common/58316,Farsi,Cole Gaerber,2021-07-12T12:27:20Z
95319,سس ماهي,und,"","",http://www.catalogueoflife.org/annual-checklist/details/species/id/10058943/common/57013,Farsi,,2021-07-12T12:27:20Z
446172,سس ماهي,und,"","",http://www.catalogueoflife.org/annual-checklist/details/species/id/10059986/common/58199,Farsi,,2021-07-12T12:27:21Z
104836,سس ماهي,und,"","",http://www.catalogueoflife.org/annual-checklist/details/species/id/10059971/common/58294,Farsi,Cole Gaerber,2021-07-12T12:27:21Z
96728,سياه ماهي,und,"","",http://www.catalogueoflife.org/annual-checklist/details/species/id/10059092/common/14749,Farsi,,2021-07-12T12:30:11Z
445738,سياه ماهي,und,"","",http://www.catalogueoflife.org/annual-checklist/details/species/id/10059095/common/14739,Farsi,,2021-07-12T12:30:12Z
360043,سياه ماهي,und,"","",http://www.catalogueoflife.org/annual-checklist/details/species/id/10059098/common/14734,Farsi,,2021-07-12T12:30:12Z
612621,سياه ماهي,und,"","",http://www.catalogueoflife.org/annual-checklist/details/species/id/10059085/common/14761,Farsi,,2021-07-12T12:30:12Z
446036,سنگ ليس,und,"","",http://www.catalogueoflife.org/annual-checklist/details/species/id/10059401/common/82239,Farsi,,2021-07-12T12:37:12Z
361334,سنگ ليس,und,"","",http://www.catalogueoflife.org/annual-checklist/details/species/id/10059430/common/82215,Farsi,,2021-07-12T12:37:12Z
612969,سنگ ليس,und,"","",http://www.catalogueoflife.org/annual-checklist/details/species/id/10059519/common/81987,Farsi,,2021-07-12T12:37:12Z
612973,سنگ ليس,und,"","",http://www.catalogueoflife.org/annual-checklist/details/species/id/10059529/common/81961,Farsi,,2021-07-12T12:37:12Z
612969,ماهي سنگي,und,"","",http://www.catalogueoflife.org/annual-checklist/details/species/id/10059519/common/81988,Farsi,,2021-07-12T12:37:26Z
612973,ماهي سنگي,und,"","",http://www.catalogueoflife.org/annual-checklist/details/species/id/10059529/common/81962,Farsi,,2021-07-12T12:37:26Z
446036,ماهي سنگي,und,"","",http://www.catalogueoflife.org/annual-checklist/details/species/id/10059401/common/82240,Farsi,,2021-07-12T12:37:26Z
361334,ماهي سنگي,und,"","",http://www.catalogueoflife.org/annual-checklist/details/species/id/10059430/common/82216,Farsi,,2021-07-12T12:37:27Z
112581,گربه ماهي روگاهي,und,"","",http://www.catalogueoflife.org/annual-checklist/details/species/id/10081697/common/84345,Farsi,,2021-07-13T14:59:17Z
102975,فيل ماهي,und,"","",http://www.catalogueoflife.org/annual-checklist/details/species/id/10053457/common/230168,Farsi,,2021-07-13T15:13:35Z
84996,كوسه,und,"","",http://www.catalogueoflife.org/annual-checklist/details/species/id/10055550/common/129982,Farsi,,2021-07-13T16:45:16Z
48156,سوف معمولي,und,"","",http://www.catalogueoflife.org/annual-checklist/details/species/id/10071449/common/135096,Farsi,,2021-07-14T18:03:47Z
128274,آزاد پرورشي,und,"","",http://www.catalogueoflife.org/annual-checklist/details/species/id/10059694/common/257278,Farsi,,2021-07-15T15:22:38Z
128274,فيتوفاگ,und,"","",http://www.catalogueoflife.org/annual-checklist/details/species/id/10059694/common/257277,Farsi,,2021-07-15T15:22:44Z
128274,كپور نقره اي,und,"","",http://www.catalogueoflife.org/annual-checklist/details/species/id/10059694/common/257276,Farsi,,2021-07-15T15:22:50Z
612503,Mahi-e-Khayate-ye-Samii,und,"","",,Farsi,Zane Roskoph,2021-07-15T17:21:15Z
612504,Mahi-e-Khayate-ye-Tabarestan,und,"","",,Farsi,Zane Roskoph,2021-07-15T17:22:08Z
1263864,نارون گل‌پشه‌ای,und,Iran,IR,,Farsi,Zane Roskoph,2021-07-15T17:50:23Z
1263864,نارون برگ‌ریز,und,"","",,Farsi,Zane Roskoph,2021-07-15T17:50:45Z
1263865,ارجنک,und,"","",,Farsi,Zane Roskoph,2021-07-15T17:53:22Z
1263866,انچوچک‎,und,"","",,Farsi,Zane Roskoph,2021-07-15T17:55:02Z
752746,گلپرک,und,"","",,Farsi,Zane Roskoph,2021-07-15T19:32:59Z
752748,تنگرس,und,"","",,Farsi,Zane Roskoph,2021-07-16T11:33:39Z
113155,آزاد ماهي,und,"","",http://www.catalogueoflife.org/annual-checklist/details/species/id/10078754/common/232486,Farsi,,2021-07-16T12:21:53Z
113155,زيبا,und,"","",http://www.catalogueoflife.org/annual-checklist/details/species/id/10078754/common/232485,Farsi,,2021-07-16T12:22:02Z
27773,سمندر کوهستانی لرستان,und,"","",,Farsi,Zane Roskoph,2021-07-16T17:01:51Z
47516,قزل آلاي رنگين كمان,und,"","",http://www.catalogueoflife.org/annual-checklist/details/species/id/10078654/common/19112,Farsi,,2021-07-19T12:18:52Z
128186,پری ماهی سلطنتی,und,"","",,Farsi,Zane Roskoph,2021-07-28T23:57:20Z
52466,فریباماهی هندی,und,"","",,Farsi,Zane Roskoph,2021-07-29T02:08:07Z
210884,قزل‌آلای دریاچه عقاب,und,"","",,Farsi,Zane Roskoph,2021-07-29T22:22:44Z
1157473,قزل‌آلای رنگین‌کمان کاملوپس,und,"","",,Farsi,Zane Roskoph,2021-07-29T22:23:49Z
320327,قزل‌آلای نوارقرمز رودخانه مک‌کلاد,und,"","",,Farsi,Zane Roskoph,2021-07-29T22:28:06Z
47516,قزل‌آلای رنگین‌کمان,und,"","",,Farsi,Zane Roskoph,2021-07-29T22:57:46Z
35327,ایگوانای تاجدار فیجی,und,"","",,Farsi,Zane Roskoph,2021-07-30T02:15:16Z
97654,عاج‌ماهی رنگی‌پوش,und,"","",,Farsi,Zane Roskoph,2021-07-30T11:26:09Z
110381,اره‌ماهی درازدندان,und,"","",,Farsi,Zane Roskoph,2021-07-30T14:38:50Z
26076,تمساح فیلیپین,und,"","",,Farsi,Zane Roskoph,2021-07-30T15:04:05Z
26061,تمساح کوبایی,und,"","",,Farsi,Zane Roskoph,2021-07-30T15:17:27Z
101334,فرشته‌ماهی دم‌چلچله‌ای,und,"","",,Farsi,Zane Roskoph,2021-07-30T17:11:50Z
121321,قورباغه‌ماهی کامرسون,und,"","",,Farsi,Zane Roskoph,2021-07-30T18:57:15Z
119392,قورباغه‌ماهی زگیل‌دار,und,"","",,Farsi,Zane Roskoph,2021-07-30T19:05:00Z
83884,ماهی پیکاسو,und,"","",,Farsi,Zane Roskoph,2021-07-30T19:10:30Z
120940,مارماهی رنگین پلنگی,und,"","",,Farsi,Zane Roskoph,2021-07-31T16:34:08Z
619608,دلقک‌ماهی سیشل,und,"","",,Farsi,Zane Roskoph,2021-08-01T14:39:46Z
539233,لاک‌پشت غول‌پیکر آلدابرا,und,"","",,Farsi,Zane Roskoph,2021-08-01T16:47:00Z
18910,پاراکی وارد,und,"","",,Farsi,Zane Roskoph,2021-08-01T17:39:15Z
123749,خرس روان,und,"","",,Farsi,Zane Roskoph,2021-08-02T00:33:51Z
46091,مارموت جزیره ونکوور,und,"","",,Farsi,Zane Roskoph,2021-08-02T00:58:36Z
31062,مار هالیس,und,"","",,Farsi,Zane Roskoph,2021-08-02T12:35:03Z
14301,رنگینک پشت‌آبی,und,"","",,Farsi,Zane Roskoph,2021-08-02T22:51:40Z
26081,تمساح اورینوکو,und,"","",,Farsi,Zane Roskoph,2021-08-02T23:15:30Z
2107,شب‌خروش پیپ گوآن,und,"","",,Farsi,Zane Roskoph,2021-08-02T23:49:57Z
2107,شب‌خروش نی‌لبک‌زن ترینیداد,und,"","",,Farsi,Zane Roskoph,2021-08-02T23:57:32Z
144644,دم‌دراز ترینیداد,und,"","",,Farsi,Zane Roskoph,2021-08-03T00:04:50Z
121196,جراح‌ماهی آبی آتلانتیک,und,"","",,Farsi,Zane Roskoph,2021-08-03T13:03:53Z
52459,جراح‌ماهی زرد,und,"","",,Farsi,Zane Roskoph,2021-08-03T13:11:48Z
112325,آروانا آسیایی,und,"","",,Farsi,Zane Roskoph,2021-08-03T13:33:48Z
112841,کوسه گرینلند,und,"","",,Farsi,Zane Roskoph,2021-08-03T14:34:48Z
52451,ناسو لیتوراتوس,und,"","",,Farsi,Zane Roskoph,2021-08-03T15:54:44Z
52451,تک‌شاخ‌ماهی سرنرم,und,"","",,Farsi,Zane Roskoph,2021-08-03T15:59:06Z
52452,تک‌شاخ‌ماهی الگانس,und,"","",,Farsi,Zane Roskoph,2021-08-03T17:49:14Z
179896,پری‌ماهی کلاه‌سیاه,und,"","",,Farsi,Zane Roskoph,2021-08-03T17:53:33Z
196489,آتش‌ماهی زیبا,und,"","",,Farsi,Zane Roskoph,2021-08-03T18:03:01Z
113597,گربه‌ماهی طاق‌باز بزرگ,und,"","",,Farsi,Zane Roskoph,2021-08-03T19:24:04Z
37641,ریگ‌ماهی,und,"","",,Farsi,Zane Roskoph,2021-08-05T13:53:13Z
130176,خزه ایرلندی,und,"","",,Farsi,Zane Roskoph,2021-08-05T18:02:26Z
97845,زمردماهی آتشی,und,"","",,Farsi,Zane Roskoph,2021-08-06T11:45:40Z
719045,الیکایی سنت کیلدا,und,"","",,Farsi,Zane Roskoph,2021-08-06T14:43:29Z
719043,الیکایی جزیرک فیر,und,"","",,Farsi,Zane Roskoph,2021-08-06T14:45:14Z
625981,الیکایی شتلند,und,"","",,Farsi,Zane Roskoph,2021-08-06T14:46:23Z
10421,نوک‌ضربدری اسکاتلندی,und,"","",,Farsi,Zane Roskoph,2021-08-06T15:13:08Z
199918,هشت‌پای حلقه‌آبی,und,"","",,Farsi,Zane Roskoph,2021-08-09T11:29:15Z
460249,شش‌ماهی کوئینزلند,und,"","",,Farsi,Zane Roskoph,2021-08-09T12:25:07Z
56073,ماهی ماندارین روانگردان,und,"","",,Farsi,Zane Roskoph,2021-08-09T13:14:48Z
101335,فرشته‌ماهی نقاب‌دار,und,"","",,Farsi,Zane Roskoph,2021-08-09T14:04:37Z
187508,گربه‌ماهی چشم‌بلوری,und,"","",,Farsi,Zane Roskoph,2021-08-09T14:16:10Z
46838,حشره‌خوار پنجه‌پهن اوآکساکان,und,"","",,Farsi,Zane Roskoph,2021-08-09T16:28:55Z
46822,حشره‌خوار گوش‌کوچک فیلیپ,und,"","",,Farsi,Zane Roskoph,2021-08-09T16:30:38Z
44384,موش دم‌سیاه,und,"","",,Farsi,Zane Roskoph,2021-08-09T16:41:03Z
1330,کبک جنگلی ریش دار,und,"","",,Farsi,Zane Roskoph,2021-08-09T19:13:14Z
44896,موش پنبه الن,und,"","",,Farsi,Zane Roskoph,2021-08-09T19:40:17Z
44896,موش پنبه میاهوآتلان,und,"","",,Farsi,Zane Roskoph,2021-08-09T19:42:55Z
129054,لاله باغچه‌ای,und,"","",,Farsi,Zane Roskoph,2021-08-10T12:06:56Z
47916,شاپرک ماه,und,"","",,Farsi,Zane Roskoph,2021-08-10T13:28:37Z
146565,ایگوانای شاخ‌دار,und,"","",,Farsi,Zane Roskoph,2021-08-10T15:31:16Z
508329,زنبق سیاه‌چرده,und,"","",,Farsi,Zane Roskoph,2021-08-10T15:57:54Z
438493,زنبق وارطانی,und,"","",,Farsi,Zane Roskoph,2021-08-10T16:06:26Z
508390,زنبق کمانی,und,"","",,Farsi,Zane Roskoph,2021-08-10T16:12:19Z
709635,زنبق ریشوی آلمانی,und,"","",,Farsi,Zane Roskoph,2021-08-10T16:17:54Z
447865,زنبق یهودیه,und,"","",,Farsi,Zane Roskoph,2021-08-10T16:32:33Z
119395,میگوی طاووسی,und,"","",,Farsi,Zane Roskoph,2021-08-10T18:54:25Z
35323,ایگوآناهای زمینی گالاپاگوس,und,"","",,Farsi,Zane Roskoph,2021-08-10T19:20:26Z
4555,کاکایی عاجی,und,"","",,Farsi,Zane Roskoph,2021-08-11T12:18:56Z
96744,كاراس,und,"","",http://www.catalogueoflife.org/annual-checklist/2012/details/species/id/9741333,Farsi,,2021-10-23T15:27:09Z
1367250,مار خانگی سیشل,und,"","",https://www.inaturalist.org/taxon_names/2630307/edit,Farsi,,2022-03-22T16:09:54Z
74319,غزال قرمز,und,"","",https://www.inaturalist.org/taxon_names/2631545/edit,Farsi,,2022-03-24T20:30:36Z
58612,اوشين,und,"","",http://www.catalogueoflife.org/annual-checklist/2012/details/species/id/9741333,Farsi,,2022-05-12T13:20:55Z
58612,كاراس,und,"","",http://www.catalogueoflife.org/annual-checklist/2012/details/species/id/9741333,Farsi,,2022-05-12T13:20:56Z
