id,vernacularName,language,locality,countryCode,source,lexicon,contributor,created
47120,Үрмәксе һымаҡтар,und,"","",,Bashkir,John E. Christensen,2017-11-30T07:02:47Z
47549,Энәтирелеләр,und,"","",,Bashkir,John E. Christensen,2017-12-02T21:38:48Z
61396,Мәтрүшкә,und,"","",,Bashkir,John E. Christensen,2018-04-29T08:08:11Z
47162,Ҡыяҡлылар,und,"","",,Bashkir,John E. Christensen,2018-11-30T08:20:49Z
6930,Һуна өйрәк,und,"","",,Bashkir,John E. Christensen,2018-12-14T15:02:14Z
63573,Шыршы,und,"","",,Bashkir,John E. Christensen,2018-12-16T09:43:14Z
40151,Һөтимәрҙәр,und,"","",,Bashkir,John E. Christensen,2019-02-07T18:15:17Z
118552,Бесәй,und,"","",,Bashkir,John E. Christensen,2019-04-14T11:44:28Z
61267,Ҡандалалар,und,"","",,Bashkir,John E. Christensen,2019-06-13T08:57:10Z
52818,Меңъяпраҡ,und,"","",,Bashkir,John E. Christensen,2019-09-01T13:19:46Z
505478,Тауыҡ,und,"","",,Bashkir,John E. Christensen,2019-10-05T14:36:37Z
2715,Күгәрсендәр,und,"","",,Bashkir,John E. Christensen,2020-02-26T13:30:26Z
891696,Һайыҫҡан,und,"","",,Bashkir,John E. Christensen,2020-04-30T14:00:35Z
56160,бесәй үләне,und,"","",,Bashkir,jules_f,2020-09-17T14:02:39Z
53095,балтырған,und,"","",,Bashkir,jules_f,2020-09-17T15:50:04Z
499936,Сосновский балтырғаны,und,"","",,Bashkir,jules_f,2020-09-17T15:59:46Z
130228,Мантегацци балтырғаны,und,"","",,Bashkir,jules_f,2020-09-17T16:01:17Z
439018,Лесков балтырғаны,und,"","",,Bashkir,jules_f,2020-09-17T16:06:11Z
516304,Стевен балтырғаны,und,"","",,Bashkir,jules_f,2020-09-17T16:09:14Z
163682,ябай балтырған,und,"","",,Bashkir,jules_f,2020-09-17T16:10:15Z
50636,юл япрағы,und,"","",,Bashkir,jules_f,2020-09-17T16:13:17Z
558634,Киндер турғайы,und,"","",,Bashkir,Марина Горбунова-Ëлкина,2020-11-06T19:37:31Z
558634,тарма турғайы,und,"","",,Bashkir,Марина Горбунова-Ëлкина,2020-11-06T19:37:50Z
20979,Ҡойроҡһоҙҙар,und,"","",,Bashkir,John E. Christensen,2020-12-07T08:21:37Z
852595,тоҙут һымаҡ әрем,und,"","",,Bashkir,jules_f,2021-01-22T12:48:18Z
112581,Йәйен,und,"","",,Bashkir,Zane Roskoph,2021-08-14T18:01:44Z
153003,Мораҡ,und,"","",,Bashkir,Zane Roskoph,2021-08-18T16:08:11Z
41964,Арыҫлан,und,"","",,Bashkir,Zane Roskoph,2021-08-24T13:00:50Z
74831,Барыс,und,"","",,Bashkir,Zane Roskoph,2021-08-24T15:43:52Z
42407,Зубр,und,"","",,Bashkir,Zane Roskoph,2021-08-25T12:49:01Z
41967,Юлбарыҫ,und,"","",,Bashkir,Zane Roskoph,2021-08-26T14:57:35Z
1,Хайуандар,und,"","",,Bashkir,John E. Christensen,2022-10-03T11:40:06Z
4643,ҡыйғыр,und,"","",,Bashkir,Марина Горбунова-Ëлкина,2022-11-17T18:58:21Z
5106,Бүҙәнә ҡарсығаһы,und,"","",,Bashkir,Марина Горбунова-Ëлкина,2022-12-27T00:32:38Z
6990,Боған,und,"","",,Bashkir,Марина Горбунова-Ëлкина,2022-12-27T01:16:44Z
8088,Бараба,und,"","",,Bashkir,Марина Горбунова-Ëлкина,2022-12-27T01:34:25Z
17871,Ҙур ала тумыртҡа,und,"","",,Bashkir,Марина Горбунова-Ëлкина,2022-12-27T04:29:07Z
117055,Төйөт,und,"","",,Bashkir,Марина Горбунова-Ëлкина,2022-12-27T04:56:53Z
116804,Сыбар ҡурҙай,und,"","",,Bashkir,Марина Горбунова-Ëлкина,2022-12-27T05:03:33Z
116804,Ҡамыш турғайы,und,"","",,Bashkir,Марина Горбунова-Ëлкина,2022-12-27T05:03:55Z
116804,Ҡамыш сыпсығы,und,"","",,Bashkir,Марина Горбунова-Ëлкина,2022-12-27T05:04:07Z
5268,Төйлөгән,und,"","",,Bashkir,Марина Горбунова-Ëлкина,2022-12-27T05:16:43Z
75445,Укроп,und,"","",,Bashkir,Марина Горбунова-Ëлкина,2022-12-27T05:24:47Z
117016,Теңкелдәк төйөт,und,"","",,Bashkir,Марина Горбунова-Ëлкина,2022-12-27T05:49:56Z
43128,Үрғуян,und,"","",,Bashkir,Марина Горбунова-Ëлкина,2022-12-28T01:19:36Z
558429,Керелдәк сөрәгәй,und,"","",,Bashkir,Марина Горбунова-Ëлкина,2022-12-30T03:42:38Z
558429,сөрәгәй,und,"","",,Bashkir,Марина Горбунова-Ëлкина,2022-12-30T03:47:26Z
558429,сөрәкә,und,"","",,Bashkir,Марина Горбунова-Ëлкина,2022-12-30T03:47:36Z
558429,сөрәкә өйрәк,und,"","",,Bashkir,Марина Горбунова-Ëлкина,2022-12-30T03:47:47Z
558429,сүрәгәй,und,"","",,Bashkir,Марина Горбунова-Ëлкина,2022-12-30T03:47:56Z
118948,Билдәш энәғараҡ,und,"","",,Bashkir,Марина Горбунова-Ëлкина,2023-02-12T15:29:31Z
144757,Ала ҡарға,und,"","",,Bashkir,Марина Горбунова-Ëлкина,2023-02-12T15:32:25Z
20526,Африка дөйәғошо,und,"","",,Bashkir,Johan Devos,2023-02-28T22:13:23Z
42048,Бүре,und,"","",,Bashkir,Марина Горбунова-Ëлкина,2023-03-10T18:33:39Z
47793,Айырығойроҡтар,und,"","",,Bashkir,Boris Eliseev,2023-05-05T11:03:10Z
1579015,Ҡор ҡарсығаһы,und,"","",https://www.inaturalist.org/taxon_names/3190750/edit,Bashkir,Sean Cozart,2024-10-24T23:42:35Z
