id,vernacularName,language,locality,countryCode,source,lexicon,contributor,created
25120,Sahon'orana,und,"","",,Malagasy,lwnrngr,2011-05-05T06:15:53Z
194688,Voatsiperifery,und,"","",,Malagasy,sea-kangaroo,2012-12-03T09:07:15Z
8369,Sariheza,und,"","",,Malagasy,Cédric de Foucault,2015-01-27T18:17:32Z
114114,Voronondry,und,"","",,Malagasy,Cédric de Foucault,2015-01-27T18:20:54Z
114114,Fitilimbengy,und,"","",,Malagasy,Cédric de Foucault,2015-01-27T18:21:24Z
5247,Fihiaka,und,"","",,Malagasy,Cédric de Foucault,2015-01-27T18:26:14Z
493,Droviky,und,"","",,Malagasy,Cédric de Foucault,2015-01-27T18:29:14Z
4801,Rakibondrano,und,"","",,Malagasy,Cédric de Foucault,2015-01-27T18:31:43Z
13163,Todiana,und,"","",,Malagasy,Cédric de Foucault,2015-01-27T18:33:56Z
72728,Tintsina,und,"","",,Malagasy,Cédric de Foucault,2015-01-27T18:36:16Z
340008,Satramirina,und,"","",,Malagasy,Cédric de Foucault,2015-01-31T19:09:11Z
154283,Satrana be,und,"","",,Malagasy,Cédric de Foucault,2015-01-31T19:12:55Z
346381,Kotikana Kindro,und,"","",,Malagasy,Cédric de Foucault,2015-01-31T19:14:55Z
429365,Sely be,und,"","",,Malagasy,Cédric de Foucault,2015-01-31T19:17:31Z
164238,Valavelona kely,und,"","",,Malagasy,Cédric de Foucault,2015-01-31T19:19:14Z
142422,Sofindambo,und,"","",,Malagasy,Cédric de Foucault,2015-01-31T19:25:25Z
183179,Fanihy tiavato,und,"","",,Malagasy,Cédric de Foucault,2015-01-31T20:02:53Z
191316,Manary boty,und,"","",,Malagasy,Cédric de Foucault,2015-01-31T20:10:20Z
191286,Manary baomby,und,"","",,Malagasy,Cédric de Foucault,2015-01-31T20:11:18Z
133599,Kindro madinika,und,"","",,Malagasy,Cédric de Foucault,2015-02-02T09:55:55Z
429345,Motrobeantsinanana,und,"","",,Malagasy,Cédric de Foucault,2015-02-02T10:01:19Z
191286,Manarimboty,und,"","",,Malagasy,Cédric de Foucault,2015-02-02T10:09:28Z
191286,Manaritoloho,und,"","",,Malagasy,Cédric de Foucault,2015-02-02T10:09:53Z
362952,Coco masombika,und,"","",,Malagasy,Cédric de Foucault,2015-02-02T10:22:38Z
166920,Madirokarany,und,"","",,Malagasy,Cédric de Foucault,2015-02-02T10:23:49Z
428365,Mokonazy,und,"","",,Malagasy,Cédric de Foucault,2015-02-02T10:31:03Z
169414,Mokotra,und,"","",,Malagasy,Cédric de Foucault,2015-02-02T10:41:48Z
169414,Maroambonga,und,"","",,Malagasy,Cédric de Foucault,2015-02-02T10:42:42Z
429346,Mandravasarotra,und,Madagascar | Madagascar | Anjajavy Reserves,"MG,MG",,Malagasy,Cédric de Foucault,2015-02-02T16:14:46Z
60832,Bonara,und,"","",,Malagasy,Cédric de Foucault,2015-02-02T18:49:28Z
430231,Jajavy,und,Anjajavy Reserves,"",,Malagasy,Cédric de Foucault,2015-02-04T16:43:25Z
430388,Mainaty,und,"","",,Malagasy,Cédric de Foucault,2015-02-04T19:34:48Z
363748,Manjakabenitany,und,"","",,Malagasy,Cédric de Foucault,2015-02-04T20:28:40Z
430394,Arofy mena,und,"","",,Malagasy,Cédric de Foucault,2015-02-04T20:31:58Z
430393,Foraha,und,"","",,Malagasy,Cédric de Foucault,2015-02-04T20:33:13Z
430393,Tsihanimposa,und,"","",,Malagasy,Cédric de Foucault,2015-02-04T20:33:23Z
430395,Rengitra,und,"","",,Malagasy,Cédric de Foucault,2015-02-04T20:43:07Z
32923,Rakolaka bory tandroka,und,"","",,Malagasy,Cédric de Foucault,2015-02-04T20:46:37Z
132903,Morango keliravina,und,"","",,Malagasy,Cédric de Foucault,2015-02-05T15:20:54Z
74959,Tsibahaka,und,"","",,Malagasy,Cédric de Foucault,2015-02-05T19:31:02Z
74959,Komba malandy,und,"","",,Malagasy,Cédric de Foucault,2015-02-05T19:31:53Z
451237,Mangarahara,und,"","",,Malagasy,Cédric de Foucault,2015-07-14T05:43:01Z
66100,Antsirevo volontany,und,"","",,Malagasy,Cédric de Foucault,2015-07-16T12:31:10Z
107726,Androngovato,und,"","",,Malagasy,Cédric de Foucault,2015-07-16T12:38:31Z
19078,Sarovazo,und,"","",,Malagasy,Cédric de Foucault,2015-07-16T12:45:24Z
19078,Karako,und,"","",,Malagasy,Cédric de Foucault,2015-07-16T12:46:09Z
40874,Fanihy be,und,"","",,Malagasy,Cédric de Foucault,2015-07-16T12:54:08Z
29368,Bibimora,und,"","",,Malagasy,Cédric de Foucault,2015-07-16T12:54:31Z
3776,Akohoala,und,"","",,Malagasy,Cédric de Foucault,2015-07-16T12:57:15Z
8628,Tsaotsao,und,"","",,Malagasy,Cédric de Foucault,2015-07-16T13:00:17Z
8628,Voronjaza,und,"","",,Malagasy,Cédric de Foucault,2015-07-16T13:00:37Z
29456,Antoalegny,und,"","",,Malagasy,Cédric de Foucault,2015-07-16T13:02:51Z
29456,Lapata,und,"","",,Malagasy,Cédric de Foucault,2015-07-16T13:03:17Z
123690,Kikao manga,und,"","",,Malagasy,Cédric de Foucault,2015-07-16T16:47:50Z
119385,Botagna,und,"","",,Malagasy,Cédric de Foucault,2015-07-16T16:49:47Z
194896,Kikao mavo,und,"","",,Malagasy,Cédric de Foucault,2015-07-16T16:54:06Z
69675,Jaodary,und,"","",,Malagasy,Cédric de Foucault,2015-07-16T16:59:05Z
132369,Ango,und,"","",,Malagasy,Cédric de Foucault,2015-07-16T17:02:54Z
47251,Jano be,und,"","",,Malagasy,Cédric de Foucault,2015-07-16T17:04:37Z
106222,Bika ndranomasina,und,"","",,Malagasy,Cédric de Foucault,2015-07-16T17:10:19Z
429399,Antseraka,und,"","",,Malagasy,Cédric de Foucault,2015-07-16T17:19:25Z
98531,Ndroaro bory,und,"","",,Malagasy,Cédric de Foucault,2015-07-16T17:49:31Z
111000,Tabaka,und,"","",,Malagasy,Cédric de Foucault,2015-07-16T17:50:23Z
47541,Ndroaro,und,"","",,Malagasy,Cédric de Foucault,2015-07-16T17:51:02Z
52188,Feso marokita,und,"","",,Malagasy,Cédric de Foucault,2015-07-16T17:56:24Z
188954,Fony,und,"","",,Malagasy,Cédric de Foucault,2015-07-17T06:16:03Z
196667,Honkovavy,und,"Mahajanga, MG | Anjajavy Reserves","",,Malagasy,Cédric de Foucault,2015-07-17T13:02:34Z
190475,Honkolahy,und,"Mahajanga, MG | Anjajavy Reserves","",,Malagasy,Cédric de Foucault,2015-07-17T13:03:09Z
429473,Farafaka,und,"","",,Malagasy,Cédric de Foucault,2015-07-17T13:10:21Z
159698,Foraha,und,"","",,Malagasy,Cédric de Foucault,2015-07-17T13:13:01Z
425753,Lovinjo,und,"","",,Malagasy,Cédric de Foucault,2015-07-17T13:13:38Z
82768,Voaro,und,"","",,Malagasy,Cédric de Foucault,2015-07-17T13:14:25Z
1876,Gory Hakoko,und,"","",,Malagasy,Cédric de Foucault,2015-07-18T17:34:42Z
1862,Gory Mandehetokana,und,"","",,Malagasy,Cédric de Foucault,2015-07-18T17:36:42Z
1865,Tivoka,und,"","",,Malagasy,Cédric de Foucault,2015-07-18T17:38:17Z
1923,Tôtônkafa,und,"","",,Malagasy,Cédric de Foucault,2015-07-18T17:43:53Z
470423,Ramy,und,"","",,Malagasy,Cédric de Foucault,2015-07-26T07:19:00Z
334675,Omby,und,"","",,Malagasy,Cédric de Foucault,2015-08-02T18:51:22Z
362952,Laafa,und,"","",,Malagasy,Cédric de Foucault,2015-08-10T07:22:42Z
363069,Tsingovotra,und,"","",,Malagasy,Cédric de Foucault,2015-08-10T07:30:15Z
345932,Madiovozona,und,"","",,Malagasy,Cédric de Foucault,2015-08-10T07:35:38Z
340008,Satrana,und,"","",,Malagasy,Cédric de Foucault,2015-08-10T07:42:17Z
153280,Kikao be vody,und,"","",,Malagasy,Cédric de Foucault,2015-08-25T11:33:23Z
47263,Jano,und,"","",,Malagasy,Cédric de Foucault,2015-08-25T11:43:24Z
100111,Alovy,und,"","",,Malagasy,Cédric de Foucault,2015-08-25T11:58:29Z
119719,Vovorontsatra,und,"","",,Malagasy,Cédric de Foucault,2015-08-25T12:16:59Z
47257,Angoho,und,"","",,Malagasy,Cédric de Foucault,2015-08-25T12:18:32Z
135281,Votro,und,"","",,Malagasy,Cédric de Foucault,2015-08-25T12:24:21Z
204571,Vontry tebokamainty,und,"","",,Malagasy,Cédric de Foucault,2015-08-26T06:54:46Z
154723,Votro,und,"","",,Malagasy,Cédric de Foucault,2015-08-26T07:07:09Z
47293,Menahelika,und,"","",,Malagasy,Cédric de Foucault,2015-08-26T07:14:16Z
47293,Tsivaravara,und,"","",,Malagasy,Cédric de Foucault,2015-08-26T07:15:28Z
359839,Kotrokotro,und,"","",,Malagasy,Cédric de Foucault,2015-08-26T07:21:17Z
359838,Tamporoha,und,"","",,Malagasy,Cédric de Foucault,2015-08-26T07:24:21Z
335690,Tamporoha,und,"","",,Malagasy,Cédric de Foucault,2015-08-26T07:37:03Z
122033,Vango,und,"","",,Malagasy,Cédric de Foucault,2015-08-26T07:38:47Z
127131,Ampandro,und,"","",,Malagasy,Cédric de Foucault,2015-08-26T07:40:45Z
127132,Ampandro be,und,"","",,Malagasy,Cédric de Foucault,2015-08-26T07:42:59Z
161235,Lombiro,und,"","",,Malagasy,Cédric de Foucault,2015-08-27T05:36:25Z
348836,Hazomananjary,und,"","",,Malagasy,Cédric de Foucault,2015-08-27T14:02:38Z
340170,Vakakoa,und,Madagascar,MG,,Malagasy,Cédric de Foucault,2015-08-27T17:47:19Z
165536,Tangilotra,und,"","",,Malagasy,Cédric de Foucault,2015-08-27T18:01:25Z
183179,Tiavato,und,"","",,Malagasy,Cédric de Foucault,2015-08-31T10:48:22Z
431381,Lelanomby,und,"","",,Malagasy,Cédric de Foucault,2015-09-01T15:17:08Z
343907,Vontaka,und,"","",,Malagasy,randrianandrasana,2015-09-02T12:10:03Z
75723,Afiafy,und,"","",,Malagasy,Cédric de Foucault,2015-09-03T13:59:21Z
196657,Fobo,und,"","",,Malagasy,Cédric de Foucault,2015-09-03T14:30:30Z
416328,Mandriampotaka,und,"","",,Malagasy,Cédric de Foucault,2015-09-03T15:18:23Z
83882,Dingadinga rasta,und,"","",,Malagasy,Cédric de Foucault,2015-09-03T17:52:17Z
14637,Tsakorovana,und,Madagascar,MG,,Malagasy,Scott Loarie,2015-09-09T09:14:01Z
51822,songosongo,und,Madagascar,MG,,Malagasy,Franck Rakotonasolo,2015-09-09T11:54:49Z
161930,Ovibe,und,"","",,Malagasy,Mamy Tiana RAJAONAH,2015-10-14T12:43:18Z
474367,Ovy sera,und,"","",,Malagasy,Mamy Tiana RAJAONAH,2015-10-14T12:49:26Z
2288,Vorombaratra,und,"","",,Malagasy,Cédric de Foucault,2015-10-15T08:59:51Z
42138,Lamboala,und,"","",,Malagasy,Cédric de Foucault,2015-10-15T09:17:35Z
8269,Drongo,und,"","",,Malagasy,Cédric de Foucault,2015-10-19T17:43:14Z
41578,Fosa,und,"","",,Malagasy,Cédric de Foucault,2015-10-19T17:49:57Z
322801,Lolonandriana,und,"","",,Malagasy,Cédric de Foucault,2015-10-19T18:15:06Z
1656,Toloho,und,"","",,Malagasy,Cédric de Foucault,2015-10-19T18:21:13Z
322801,Andriandolo,und,"","",,Malagasy,Cédric de Foucault,2015-10-19T18:23:00Z
8269,Railovy,und,"","",,Malagasy,Cédric de Foucault,2015-10-19T18:33:33Z
126156,valalan'amboa,und,"","",,Malagasy,Ken-ichi Ueda,2015-10-21T16:47:14Z
163027,Jingoma,und,"","",,Malagasy,Cédric de Foucault,2015-11-03T18:06:49Z
163027,Tsingoma,und,"","",,Malagasy,Cédric de Foucault,2015-11-03T18:16:05Z
163027,Voandamoty,und,"","",,Malagasy,Cédric de Foucault,2015-11-03T18:16:39Z
343875,Hintsy,und,"","",,Malagasy,Cédric de Foucault,2015-11-03T18:34:22Z
47447,Bonaramantsina,und,Anjajavy Reserves | Madagascar,MG,,Malagasy,Cédric de Foucault,2015-11-03T18:46:10Z
41578,Kavahy,und,"","",,Malagasy,Cédric de Foucault,2015-11-20T11:52:49Z
484957,Famamo,und,"","",,Malagasy,Romer Rabarijaona,2016-01-04T12:21:14Z
429378,Varona,und,"","",,Malagasy,Cédric de Foucault,2016-01-15T18:58:40Z
429378,Hodotrovy,und,"","",,Malagasy,Cédric de Foucault,2016-01-15T19:00:16Z
191370,Sarikomanga,und,"","",,Malagasy,Cédric de Foucault,2016-01-15T19:35:32Z
193310,Moromony,und,Madagascar,MG,,Malagasy,Cédric de Foucault,2016-01-15T19:45:44Z
429380,Malazo voavy,und,"","",,Malagasy,Cédric de Foucault,2016-01-15T20:04:56Z
430000,Taintsindambo,und,"","",,Malagasy,Cédric de Foucault,2016-01-15T20:21:16Z
83160,Sikidy,und,"","",,Malagasy,Cédric de Foucault,2016-01-26T15:44:01Z
346376,Sadrakidraky,und,"","",,Malagasy,Cédric de Foucault,2016-01-26T15:52:58Z
360343,Viko,und,"","",,Malagasy,Cédric de Foucault,2016-01-30T16:02:17Z
460430,Mampisara,und,"","",,Malagasy,Cédric de Foucault,2016-02-16T15:57:42Z
487508,Tsivoaninanony,und,"","",,Malagasy,Cédric de Foucault,2016-02-16T16:05:09Z
488914,Voantsakalava,und,"","",,Malagasy,Cédric de Foucault,2016-03-09T13:26:04Z
487826,Tsivoaninanony,und,"","",,Malagasy,Cédric de Foucault,2016-03-09T13:27:44Z
40150,Rere,und,"","",,Malagasy,Cédric de Foucault,2016-03-24T13:03:27Z
29744,Menara,und,"","",,Malagasy,Cédric de Foucault,2016-04-21T17:22:16Z
34653,Matahotrandro volontakatra,und,"","",,Malagasy,Cédric de Foucault,2016-04-21T17:47:15Z
114287,Androngo mena hatoka,und,"","",,Malagasy,Cédric de Foucault,2016-04-21T18:00:15Z
34095,Matahotrandron'i Sambirano,und,"","",,Malagasy,Cédric de Foucault,2016-04-21T18:02:52Z
3834,Lokanonta,und,"","",,Malagasy,Cédric de Foucault,2016-04-23T17:51:56Z
3756,Kobabe,und,"","",,Malagasy,Cédric de Foucault,2016-04-23T17:53:54Z
34100,Matahotrandro andavabato,und,"","",,Malagasy,Cédric de Foucault,2016-04-23T18:04:26Z
68439,Androngo matetika,und,"","",,Malagasy,Cédric de Foucault,2016-04-23T18:10:15Z
29663,Tompotany miovaloko,und,"","",,Malagasy,Cédric de Foucault,2016-04-23T18:11:21Z
30350,Marolongo,und,"","",,Malagasy,Cédric de Foucault,2016-04-23T18:19:15Z
29742,Sabomalandy,und,"","",,Malagasy,Cédric de Foucault,2016-04-23T18:27:23Z
34039,Katsatsamaintso,und,"","",,Malagasy,Cédric de Foucault,2016-04-23T18:30:44Z
34039,Fingoko,und,"","",,Malagasy,Cédric de Foucault,2016-04-23T18:31:56Z
29867,Fandrefiala masiaka,und,"","",,Malagasy,Cédric de Foucault,2016-04-23T18:35:04Z
68436,Antsatsaka Sakalava,und,"","",,Malagasy,Cédric de Foucault,2016-04-23T18:37:03Z
418736,Velomihantona,und,"","",,Malagasy,Cédric de Foucault,2016-04-23T18:40:49Z
425036,Lolotsara,und,"","",,Malagasy,Cédric de Foucault,2016-04-23T18:45:43Z
73547,Borà,und,"","",,Malagasy,Cédric de Foucault,2016-04-23T19:01:12Z
4658,Hitsikitsika,und,"","",,Malagasy,Cédric de Foucault,2016-04-23T19:04:53Z
73547,Takodara,und,"","",,Malagasy,Cédric de Foucault,2016-04-23T19:05:16Z
4658,Voromahery,und,"","",,Malagasy,Cédric de Foucault,2016-04-23T19:05:47Z
20885,Kibobo,und,"","",,Malagasy,Cédric de Foucault,2016-04-23T19:10:25Z
4776,Famakiakora,und,"","",,Malagasy,Cédric de Foucault,2016-04-23T19:14:27Z
2258,Vorondreo,und,"","",,Malagasy,Cédric de Foucault,2016-04-23T19:15:52Z
13703,Kitriotrio,und,"","",,Malagasy,Cédric de Foucault,2016-04-23T19:34:02Z
5268,Papango,und,"","",,Malagasy,Cédric de Foucault,2016-04-23T20:10:45Z
5268,Bemanana,und,"","",,Malagasy,Cédric de Foucault,2016-04-23T20:12:23Z
496731,Ovy jia,und,"","",,Malagasy,Mamy Tiana RAJAONAH,2016-05-30T09:24:51Z
500324,Hazomafana,und,"","",,Malagasy,Cédric de Foucault,2016-07-04T17:31:31Z
39670,Fano Stakoy,und,"","",,Malagasy,Cédric de Foucault,2016-08-02T19:43:49Z
39659,Fano zaty,und,"","",,Malagasy,Cédric de Foucault,2016-08-02T19:45:34Z
39665,Fano apombo,und,"","",,Malagasy,Cédric de Foucault,2016-08-02T20:06:34Z
39672,Fano hara,und,"","",,Malagasy,Cédric de Foucault,2016-08-02T20:11:29Z
475353,sohisika,und,Madagascar,MG,,Malagasy,James Ojascastro,2016-08-19T00:28:14Z
429423,Amaninomby,und,"","",,Malagasy,Cédric de Foucault,2016-11-16T08:28:18Z
139444,Amberivatry,und,"","",,Malagasy,Cédric de Foucault,2016-11-16T09:06:45Z
139444,Antsotry,und,"","",,Malagasy,Cédric de Foucault,2016-11-16T09:07:16Z
1,Biby,und,"","",,Malagasy,John E. Christensen,2017-12-04T11:41:54Z
47208,Borera,und,"","",,Malagasy,John E. Christensen,2017-12-22T08:29:23Z
39532,Sokatra,und,"","",,Malagasy,John E. Christensen,2018-02-02T07:40:35Z
851888,Katro,und,"","",,Malagasy,Cédric de Foucault,2019-01-13T19:35:43Z
47217,Orkide,und,"","",,Malagasy,John E. Christensen,2019-03-15T10:46:55Z
42439,Sora,und,"","",,Malagasy,Bobby McCabe,2019-06-09T06:27:36Z
42437,Tambotrika,und,"","",,Malagasy,Bobby McCabe,2019-06-09T06:31:23Z
42477,Sokina,und,"","",,Malagasy,Bobby McCabe,2019-06-09T06:32:45Z
938889,Ambiaty,und,"","",https://www.inaturalist.org/taxon_names/757179/edit,Malagasy,,2019-09-15T10:52:16Z
707910,Tsilehitry,und,"","",,Malagasy,Kitty Maurey,2019-12-12T03:02:32Z
980023,Voronondry,und,"","",https://www.inaturalist.org/taxon_names/839189/edit,Malagasy,Sam Gordon,2020-01-15T02:30:49Z
980023,Fitilimbengy,und,"","",https://www.inaturalist.org/taxon_names/839190/edit,Malagasy,Sam Gordon,2020-01-15T02:30:50Z
341479,Zono,und,"","",,Malagasy,Bobby McCabe,2020-02-16T02:10:00Z
7052,Onjo,und,"","",,Malagasy,Bobby McCabe,2020-05-06T03:22:43Z
7052,Fotsy maso,und,"","",,Malagasy,Bobby McCabe,2020-05-06T03:23:00Z
558430,Kazazaka,und,"","",,Malagasy,max kirsch,2020-07-02T02:54:47Z
558430,Kizazaka,und,"","",,Malagasy,max kirsch,2020-07-02T02:54:53Z
43606,Ampongy,und,"","",,Malagasy,David Fritz,2020-07-12T20:43:02Z
74095,Ampongy,und,"","",,Malagasy,David Fritz,2020-07-12T20:43:44Z
43615,Varimena,und,"","",,Malagasy,Josh Cantor,2021-01-23T03:13:32Z
43617,Maky,und,"","",,Malagasy,Josh Cantor,2021-01-23T17:37:54Z
84996,Boriloha,und,"","",http://www.catalogueoflife.org/annual-checklist/details/species/id/10055550/common/130040,Malagasy,Wich’yanan (Jay) Limparungpatthanakij,2021-07-13T16:48:30Z
50873,Masiake,und,"","",http://www.catalogueoflife.org/annual-checklist/details/species/id/10064513/common/239584,Malagasy,iSea,2021-07-13T19:23:16Z
1240540,Vontsira Fotsy,und,"","",,Malagasy,Bobby McCabe,2021-07-18T16:31:03Z
154282,Tson Tso,und,"","",,Malagasy,Zane Roskoph,2021-07-27T16:38:36Z
94016,Varavarana,und,"","",,Malagasy,Zane Roskoph,2021-07-27T16:57:09Z
49639,Alovo,und,"","",,Malagasy,Zane Roskoph,2021-07-29T00:42:58Z
50873,Antsantsa fotsy,und,"","",,Malagasy,Zane Roskoph,2021-07-30T14:01:30Z
50873,Akiofotsy,und,"","",,Malagasy,Zane Roskoph,2021-07-30T14:19:59Z
50873,Farao,und,"","",,Malagasy,Zane Roskoph,2021-07-30T14:20:31Z
83884,Tsontso,und,"","",,Malagasy,Zane Roskoph,2021-07-30T19:21:39Z
52456,Alovo,und,"","",,Malagasy,Zane Roskoph,2021-08-01T00:03:00Z
52456,Lovo Taratake,und,"","",,Malagasy,Zane Roskoph,2021-08-01T00:03:51Z
52188,Antsantsa trozona,und,"","",,Malagasy,Zane Roskoph,2021-08-03T14:01:12Z
41955,Geparda,und,"","",,Malagasy,Zane Roskoph,2021-08-13T12:12:28Z
41964,Liona,und,"","",,Malagasy,Zane Roskoph,2021-08-24T12:47:23Z
41967,Tigra,und,"","",,Malagasy,Zane Roskoph,2021-08-26T16:11:45Z
153280,Lanoramalekoko,und,"","",http://www.catalogueoflife.org/annual-checklist/details/species/id/10069945/common/133286,Malagasy,Wich’yanan (Jay) Limparungpatthanakij,2021-08-29T13:39:51Z
153280,Kikao bevody,und,"","",,Malagasy,Zane Roskoph,2021-08-29T13:40:28Z
153280,Treotreoka,und,"","",http://www.catalogueoflife.org/annual-checklist/details/species/id/10069945/common/133235,Malagasy,Wich’yanan (Jay) Limparungpatthanakij,2021-08-29T13:40:53Z
153280,Antriotrioka,und,"","",,Malagasy,Zane Roskoph,2021-08-29T13:41:21Z
153280,Kikao,und,"","",,Malagasy,Zane Roskoph,2021-08-29T13:41:42Z
153280,Batola,und,"","",http://www.catalogueoflife.org/annual-checklist/details/species/id/10069945/common/133351,Malagasy,Wich’yanan (Jay) Limparungpatthanakij,2021-08-29T13:41:58Z
153280,Lanora,und,"","",http://www.catalogueoflife.org/annual-checklist/details/species/id/10069945/common/133287,Malagasy,Wich’yanan (Jay) Limparungpatthanakij,2021-08-29T13:42:12Z
153280,Akao,und,"","",,Malagasy,Zane Roskoph,2021-08-29T14:05:22Z
84181,Lafidaja Vola,und,"","",,Malagasy,Zane Roskoph,2021-09-13T12:38:44Z
83879,Fihihompondo,und,"","",,Malagasy,Zane Roskoph,2021-09-15T23:34:38Z
49601,Takabatra,und,"","",,Malagasy,Zane Roskoph,2021-09-19T15:33:42Z
47257,Lamatra,und,"","",,Malagasy,Zane Roskoph,2021-09-20T00:30:50Z
68025,Lemy,und,"","",,Malagasy,Zane Roskoph,2021-09-25T14:53:05Z
97004,Tsaramaso,und,"","",http://www.catalogueoflife.org/annual-checklist/2012/details/species/id/9741333,Malagasy,,2021-10-09T16:10:46Z
114930,Tsaramaso,und,"","",http://www.catalogueoflife.org/annual-checklist/2012/details/species/id/9741333,Malagasy,Donald Davesne,2021-10-09T16:10:46Z
97004,Alovo,und,"","",,Malagasy,Zane Roskoph,2021-10-09T16:11:13Z
97004,Aloro,und,"","",http://www.catalogueoflife.org/annual-checklist/2012/details/species/id/9741333,Malagasy,,2021-10-09T16:11:25Z
49963,Voritse,und,"","",http://www.catalogueoflife.org/annual-checklist/2012/details/species/id/9741333,Malagasy,,2021-12-04T03:44:24Z
1361284,Tangampoly,und,"","",https://www.inaturalist.org/taxon_names/747732/edit,Malagasy,Thomas Mesaglio,2022-02-23T08:01:10Z
1361284,Honko rasta,und,"","",https://www.inaturalist.org/taxon_names/756696/edit,Malagasy,Thomas Mesaglio,2022-02-23T08:01:14Z
1360115,Treotreoka,und,"","",http://www.catalogueoflife.org/annual-checklist/details/species/id/10069927/common/131158,Malagasy,,2022-03-16T05:00:18Z
1360115,Batola,und,"","",http://www.catalogueoflife.org/annual-checklist/details/species/id/10069927/common/131244,Malagasy,,2022-03-16T05:00:19Z
1360115,Lanora,und,"","",http://www.catalogueoflife.org/annual-checklist/details/species/id/10069927/common/131197,Malagasy,,2022-03-16T05:00:19Z
469472,paoma,und,"","",,Malagasy,,2022-03-27T04:50:31Z
1424165,Torotoroka,und,"","",https://www.inaturalist.org/taxon_names/748163/edit,Malagasy,,2022-11-01T01:23:18Z
1424162,Torotoroka,und,"","",https://www.inaturalist.org/taxon_names/2275461/edit,Malagasy,Sean Cozart,2022-11-01T01:23:58Z
20526,Aotirisy,und,"","",,Malagasy,Johan Devos,2023-02-28T22:47:24Z
451416,Taritariky,und,"","",,Malagasy,M. Whitson,2023-04-06T21:00:25Z
335625,tsiparapandy,und,"","",,Malagasy,Mark,2023-04-26T10:38:21Z
335625,kanda,und,"","",,Malagasy,Mark,2023-04-26T11:34:39Z
451754,kanda,und,"","",,Malagasy,Mark,2023-04-26T11:35:57Z
451754,tsiparapandy,und,"","",,Malagasy,Mark,2023-04-26T11:36:55Z
469138,Kapiknala,und,Madagascar,MG,,Malagasy,Laurence Ramon,2023-07-25T18:04:36Z
429332,Farehitsy,und,Madagascar,MG,,Malagasy,Laurence Ramon,2023-07-25T18:14:24Z
738532,Fihamy,und,"","",,Malagasy,Laurence Ramon,2023-07-25T18:16:22Z
276373,Malida,und,"","",,Malagasy,Laurence Ramon,2023-07-25T18:19:11Z
467892,Hatratra,und,"","",,Malagasy,Angemarie,2023-08-09T14:16:20Z
83781,FANTSIOLITSE,und,"","",,Malagasy,Cresson Didie,2023-08-25T13:57:56Z
429583,Voantany,und,"","",,Malagasy,Tony Rebelo,2023-10-29T15:26:33Z
1505672,Ankoay,und,"","",https://www.inaturalist.org/taxon_names/663951/edit,Malagasy,,2023-10-29T18:23:13Z
485213,Katepoky,und,"Atsimo-Andrefana, MG, TL","",,Malagasy,Angemarie,2024-01-17T12:25:51Z
1530343,sahonkely mavomavo,und,"","",https://www.inaturalist.org/taxon_names/764265/edit,Malagasy,,2024-02-06T20:52:17Z
1530337,sahonkely anatihazo misi tebok'efatra,und,"","",https://www.inaturalist.org/taxon_names/764740/edit,Malagasy,,2024-02-06T20:52:23Z
1581939,Fandraokibo,und,"","",https://www.inaturalist.org/taxon_names/662405/edit,Malagasy,Donald Davesne,2024-10-23T21:34:19Z
1591063,Ravintsara,und,"","",https://www.inaturalist.org/taxon_names/769852/edit,Malagasy,Wojciech Duda,2024-11-22T16:40:54Z
52299,Vorotse,und,"","",http://www.catalogueoflife.org/annual-checklist/2012/details/species/id/9741333,Malagasy,,2024-12-01T18:48:27Z
52299,Akio kary,und,"","",http://www.catalogueoflife.org/annual-checklist/2012/details/species/id/9741333,Malagasy,,2024-12-01T18:48:43Z
52299,Bemaso,und,"","",http://www.catalogueoflife.org/annual-checklist/2012/details/species/id/9741333,Malagasy,,2024-12-01T18:48:59Z
1602304,Tsinaimposa,und,"","",https://www.inaturalist.org/taxon_names/801307/edit,Malagasy,,2025-01-18T21:23:07Z
