id,vernacularName,language,locality,countryCode,source,lexicon,contributor,created
27735,salamander nair,und,"","",,Romansh,max kirsch,2011-05-05T06:16:38Z
40151,Mammals,und,"","",,Romansh,John E. Christensen,2017-12-18T06:43:09Z
43793,Castur europeic,und,"","",,Romansh,John E. Christensen,2017-12-30T15:20:44Z
3,Utschels,und,"","",,Romansh,John E. Christensen,2018-01-01T14:29:38Z
204472,Girun da mieurs,und,"","",,Romansh,John E. Christensen,2018-01-17T15:41:51Z
55563,Margarittina,und,"","",,Romansh,John E. Christensen,2018-05-10T16:54:24Z
47336,Furmiclas,und,"","",,Romansh,John E. Christensen,2018-11-02T13:11:23Z
41964,Liun,und,"","",,Romansh,Zane Roskoph,2021-08-24T15:10:30Z
1286843,Poleschet da charetsch,und,"","",,Romansh,max kirsch,2022-04-12T19:27:51Z
1579015,Sprer,und,"","",https://www.inaturalist.org/taxon_names/1078879/edit,Romansh,Sean Cozart,2024-10-24T23:42:24Z
