id,vernacularName,language,locality,countryCode,source,lexicon,contributor,created
127438,Buga-ong,und,"","",http://www.ubio.org/browser/details.php?namebankID=1547863,Davawenyo,,2012-04-26T02:11:15Z
94016,Mul-mul,und,"","",,Davawenyo,Zane Roskoph,2021-07-27T16:52:26Z
63597,Ipus-ipus,und,"","",,Davawenyo,Zane Roskoph,2021-07-27T19:21:45Z
63597,Mul-mul,und,"","",,Davawenyo,Zane Roskoph,2021-07-27T19:22:04Z
424818,Alibang-bang,und,"","",,Davawenyo,Zane Roskoph,2021-07-28T12:58:18Z
424818,Mongit,und,"","",,Davawenyo,Zane Roskoph,2021-07-28T12:58:59Z
132410,Mongit,und,"","",,Davawenyo,Zane Roskoph,2021-07-28T14:55:11Z
49639,Lapu-lapu,und,"","",,Davawenyo,Zane Roskoph,2021-07-29T00:22:56Z
318323,Kitong badlisan,und,"","",,Davawenyo,Zane Roskoph,2021-07-30T16:04:08Z
83884,Pakol,und,"","",,Davawenyo,Zane Roskoph,2021-07-30T19:17:53Z
83884,Pugot,und,"","",,Davawenyo,Zane Roskoph,2021-07-30T19:18:06Z
52451,Mongit,und,"","",,Davawenyo,Zane Roskoph,2021-08-03T16:01:46Z
102059,Labayan,und,"","",,Davawenyo,Zane Roskoph,2021-08-17T23:32:18Z
102059,Mul-mul,und,"","",,Davawenyo,Zane Roskoph,2021-08-17T23:32:41Z
106222,Gisaw,und,"","",,Davawenyo,Zane Roskoph,2021-09-01T17:21:07Z
84181,Alibang-bang,und,"","",,Davawenyo,Zane Roskoph,2021-09-13T12:32:54Z
83879,Sunghan,und,"","",,Davawenyo,Zane Roskoph,2021-09-15T23:22:16Z
47257,Tangigue,und,"","",,Davawenyo,Zane Roskoph,2021-09-20T00:17:06Z
81498,Labayan,und,"","",,Davawenyo,Zane Roskoph,2021-12-04T06:44:38Z
81498,Mul-mul,und,"","",,Davawenyo,Zane Roskoph,2021-12-04T06:45:04Z
102075,Labayan,und,"","",,Davawenyo,Zane Roskoph,2021-12-04T14:07:51Z
102075,Mul-mul,und,"","",,Davawenyo,Zane Roskoph,2021-12-04T14:08:14Z
105065,Labayan,und,"","",,Davawenyo,Zane Roskoph,2021-12-04T14:24:03Z
105065,Mul-mul,und,"","",,Davawenyo,Zane Roskoph,2021-12-04T14:24:27Z
471636,Lagaw,und,"","",,Davawenyo,Zane Roskoph,2021-12-04T14:59:14Z
105062,Mul-mul,und,"","",,Davawenyo,Zane Roskoph,2021-12-04T15:03:58Z
122514,Timbungan,und,"","",,Davawenyo,Zane Roskoph,2021-12-06T00:08:52Z
619681,Pata,und,"","",,Davawenyo,Zane Roskoph,2021-12-24T16:27:52Z
424314,Pata,und,"","",,Davawenyo,Zane Roskoph,2021-12-24T16:36:38Z
447759,Pata,und,"","",,Davawenyo,Zane Roskoph,2021-12-24T16:52:53Z
325535,Pata,und,"","",,Davawenyo,Zane Roskoph,2021-12-24T17:04:03Z
181026,Pata,und,"","",,Davawenyo,Zane Roskoph,2021-12-24T17:15:19Z
121661,Baka-baka,und,"","",,Davawenyo,Zane Roskoph,2021-12-28T15:20:04Z
121661,Butiti,und,"","",,Davawenyo,Zane Roskoph,2021-12-28T15:20:55Z
97312,Tad,und,"","",http://www.catalogueoflife.org/annual-checklist/2012/details/species/id/9741333,Davawenyo,,2023-07-12T18:00:19Z
