id,vernacularName,language,locality,countryCode,source,lexicon,contributor,created
209885,boné,und,"","",,Tseltal,Ken-ichi Ueda,2013-05-16T08:02:30Z
210070,canolté,und,"","",,Tseltal,Ken-ichi Ueda,2013-05-16T08:03:40Z
135765,cantaj,und,"","",,Tseltal,Ken-ichi Ueda,2013-05-16T08:03:40Z
206778,canyutilté,und,"","",,Tseltal,Ken-ichi Ueda,2013-05-16T08:03:43Z
292128,chabecté,und,"","",,Tseltal,Ken-ichi Ueda,2013-05-16T08:04:47Z
281785,chapay,und,"","",,Tseltal,Ken-ichi Ueda,2013-05-16T08:05:03Z
283328,chapaya,und,"","",,Tseltal,Carlos Galindo-Leal,2013-05-16T08:05:03Z
316763,chelele,und,"","",,Tseltal,Ken-ichi Ueda,2013-05-16T08:05:12Z
138368,chelele,und,"","",,Tseltal,Ken-ichi Ueda,2013-05-16T08:05:12Z
209925,chelele,und,"","",,Tseltal,Carlos Galindo-Leal,2013-05-16T08:05:12Z
122850,chenec,und,"","",,Tseltal,Zachary Dankowicz,2013-05-16T08:05:13Z
138797,chik chish,und,"","",,Tseltal,Ken-ichi Ueda,2013-05-16T08:05:27Z
209919,chiquicob,und,"","",,Tseltal,Ken-ichi Ueda,2013-05-16T08:05:37Z
210073,chuchum,und,"","",,Tseltal,Ken-ichi Ueda,2013-05-16T08:05:50Z
284772,chupacté,und,"","",,Tseltal,Ken-ichi Ueda,2013-05-16T08:05:52Z
62831,cic on,und,"","",,Tseltal,Ken-ichi Ueda,2013-05-16T08:05:55Z
278021,coccoc huamal,und,"","",,Tseltal,Ken-ichi Ueda,2013-05-16T08:06:08Z
282409,cololté,und,"","",,Tseltal,Ken-ichi Ueda,2013-05-16T08:06:29Z
209875,cosanté,und,"","",,Tseltal,Ken-ichi Ueda,2013-05-16T08:07:06Z
284819,coshosté,und,"","",,Tseltal,Ken-ichi Ueda,2013-05-16T08:07:06Z
285653,coshosté,und,"","",,Tseltal,Ken-ichi Ueda,2013-05-16T08:07:06Z
209906,guach,und,"","",,Tseltal,Gabriel Bonfa,2013-05-16T08:10:18Z
48514,ich,und,"","",,Tseltal,Nick Block,2013-05-16T08:15:25Z
133291,ichi' bok,und,"","",,Tseltal,Joshua Ekrut,2013-05-16T08:15:26Z
135728,ichtaj,und,"","",,Tseltal,,2013-05-16T08:15:26Z
132130,iquilté,und,"","",,Tseltal,Adrian Bojorquez,2013-05-16T08:15:33Z
48448,ishín,und,"","",,Tseltal,Ken-ichi Ueda,2013-05-16T08:15:35Z
206793,izitzuch,und,"","",,Tseltal,Ken-ichi Ueda,2013-05-16T08:15:48Z
283164,jelc'istez,und,"","",,Tseltal,Ken-ichi Ueda,2013-05-16T08:16:05Z
273850,jun,und,"","",,Tseltal,Ken-ichi Ueda,2013-05-16T08:16:22Z
289866,k'ante,und,"","",,Tseltal,Ken-ichi Ueda,2013-05-16T08:16:31Z
273715,laec,und,"","",,Tseltal,Ken-ichi Ueda,2013-05-16T08:16:49Z
209983,majash,und,"","",,Tseltal,Ken-ichi Ueda,2013-05-16T08:18:20Z
159126,meste,und,"","",,Tseltal,Ken-ichi Ueda,2013-05-16T08:19:09Z
277620,mojowil akan,und,"","",,Tseltal,Ken-ichi Ueda,2013-05-16T08:19:22Z
83585,no ci,und,"","",,Tseltal,Ken-ichi Ueda,2013-05-16T08:20:09Z
192936,pataté,und,"","",,Tseltal,Ken-ichi Ueda,2013-05-16T08:22:38Z
284197,pichitam,und,"","",,Tseltal,Ken-ichi Ueda,2013-05-16T08:22:54Z
277430,polpoc,und,"","",,Tseltal,Ken-ichi Ueda,2013-05-16T08:23:28Z
209998,sabanté,und,"","",,Tseltal,Ken-ichi Ueda,2013-05-16T08:23:58Z
290981,sacbalamté,und,"","",,Tseltal,Ken-ichi Ueda,2013-05-16T08:24:00Z
283380,sacjavén,und,"","",,Tseltal,Ken-ichi Ueda,2013-05-16T08:24:00Z
278714,sacmumús,und,"","",,Tseltal,Ken-ichi Ueda,2013-05-16T08:24:01Z
83122,sakbalamté,und,"","",,Tseltal,Ken-ichi Ueda,2013-05-16T08:24:03Z
138695,sanichté,und,"","",,Tseltal,Ken-ichi Ueda,2013-05-16T08:24:19Z
199400,sich,und,"","",,Tseltal,Joshua Ekrut,2013-05-16T08:24:36Z
209892,sla ek',und,"","",,Tseltal,Ken-ichi Ueda,2013-05-16T08:24:44Z
285413,Tajchac,und,"","",,Tseltal,Carlos Galindo-Leal,2013-05-16T08:24:59Z
154796,telpucuj,und,"","",,Tseltal,Ken-ichi Ueda,2013-05-16T08:25:25Z
284350,te'wamal,und,"","",,Tseltal,Ken-ichi Ueda,2013-05-16T08:25:34Z
169442,tsutsul,und,"","",,Tseltal,wsyxbcl,2013-05-16T08:26:27Z
291166,tulipán,und,"","",,Tseltal,Ken-ichi Ueda,2013-05-16T08:26:32Z
62876,tulipán,und,"","",,Tseltal,Ken-ichi Ueda,2013-05-16T08:26:33Z
126585,Tulipán,und,"","",,Tseltal,Carlos Galindo-Leal,2013-05-16T08:26:33Z
120942,tulipán,und,"","",,Tseltal,Ken-ichi Ueda,2013-05-16T08:26:33Z
165118,tulipán,und,"","",,Tseltal,Ken-ichi Ueda,2013-05-16T08:26:34Z
126566,tulipán,und,"","",,Tseltal,Ken-ichi Ueda,2013-05-16T08:26:34Z
210071,tulipán,und,"","",,Tseltal,Ken-ichi Ueda,2013-05-16T08:26:34Z
290325,tzaate,und,"","",,Tseltal,Ken-ichi Ueda,2013-05-16T08:26:43Z
60146,tzeauj,und,"","",,Tseltal,Ken-ichi Ueda,2013-05-16T08:26:47Z
287034,tzelepat,und,"","",,Tseltal,Ken-ichi Ueda,2013-05-16T08:26:49Z
287688,tzelepat,und,"","",,Tseltal,Bodo Nuñez Oberg,2013-05-16T08:26:49Z
278513,tzitzap,und,"","",,Tseltal,Ken-ichi Ueda,2013-05-16T08:26:53Z
281771,tzutzunac,und,"","",,Tseltal,Ken-ichi Ueda,2013-05-16T08:27:00Z
154538,tzuyui,und,"","",,Tseltal,Adrian Bojorquez,2013-05-16T08:27:01Z
163327,ujcum,und,"","",,Tseltal,wsyxbcl,2013-05-16T08:27:06Z
290996,Wamal,und,Mexico,MX,,Tseltal,Iván Reséndiz Cruz,2013-05-16T08:27:27Z
160255,Warum,und,"","",,Tseltal,Ken-ichi Ueda,2013-05-16T08:27:27Z
62809,Yas te,und,"","",,Tseltal,Ken-ichi Ueda,2013-05-16T08:28:14Z
289343,tzitit,und,"","",,Tseltal,Ken-ichi Ueda,2014-02-20T20:45:34Z
343829,ca tuluk',und,"","",,Tseltal,Bodo Nuñez Oberg,2014-03-02T14:14:10Z
170883,jaas,und,"","",,Tseltal,Carlos Galindo-Leal,2014-10-13T18:18:14Z
165144,Jaas,und,"","",,Tseltal,Leoncio Paz,2015-03-11T21:20:54Z
84300,chijilté,und,"","",,Tseltal,wsyxbcl,2018-04-04T15:02:04Z
570676,tulipán,und,"","",,Tseltal,,2018-04-18T20:02:33Z
119956,cololté,und,"","",,Tseltal,Ken-ichi Ueda,2019-01-23T00:06:32Z
278903,goté,und,"","",,Tseltal,Ken-ichi Ueda,2019-02-17T17:54:53Z
291241,tzijté,und,"","",,Tseltal,Ken-ichi Ueda,2019-02-17T23:15:02Z
286428,jaas,und,"","",,Tseltal,Ken-ichi Ueda,2019-02-18T02:07:36Z
132163,sutatí,und,"","",,Tseltal,Ken-ichi Ueda,2019-02-18T02:28:42Z
898801,lootsyash,und,"","",,Tseltal,Ken-ichi Ueda,2019-06-08T00:53:31Z
349260,shashib,und,"","",,Tseltal,Bodo Nuñez Oberg,2019-06-08T02:21:04Z
869906,K'anal Nich Wamal,und,"","",,Tseltal,Pedro Nájera Quezada,2019-08-21T19:56:21Z
869906,Tan Wamal,und,"","",,Tseltal,Pedro Nájera Quezada,2019-08-21T19:56:22Z
210060,ujtui,und,"","",https://www.inaturalist.org/taxon_names/449464/edit,Tseltal,,2019-09-28T19:48:43Z
275317,colocoshté,und,"","",https://www.inaturalist.org/taxon_names/444186/edit,Tseltal,,2020-07-05T14:21:45Z
287852,atzulté,und,"","",https://www.inaturalist.org/taxon_names/442383/edit,Tseltal,,2021-07-30T22:45:01Z
285499,tulipán,und,"","",https://www.inaturalist.org/taxon_names/449318/edit,Tseltal,,2021-07-31T02:01:34Z
278913,chitan wamal,und,"","",https://www.inaturalist.org/taxon_names/443925/edit,Tseltal,,2022-10-12T23:23:16Z
1429474,tulipán,und,"","",https://www.inaturalist.org/taxon_names/449314/edit,Tseltal,,2022-11-26T21:49:24Z
277144,tulipán,und,"","",https://www.inaturalist.org/taxon_names/449321/edit,Tseltal,,2023-02-13T17:37:59Z
1471581,yat-mash,und,"","",https://www.inaturalist.org/taxon_names/449777/edit,Tseltal,,2023-05-31T20:26:47Z
1478802,tz'elel,und,"","",https://www.inaturalist.org/taxon_names/449386/edit,Tseltal,,2023-07-08T03:25:06Z
278192,chitam-té,und,"","",https://www.inaturalist.org/taxon_names/443924/edit,Tseltal,,2023-09-04T17:25:38Z
