id,vernacularName,language,locality,countryCode,source,lexicon,contributor,created
239734,CAANG,und,"","",,U.S.D.A. Symbol,Bobby McCabe,2018-02-14T00:51:06Z
239733,CAANA4,und,"","",,U.S.D.A. Symbol,Bobby McCabe,2018-02-14T00:55:52Z
48514,CAAN4,und,"","",,U.S.D.A. Symbol,Bobby McCabe,2018-02-14T00:57:38Z
280907,CABA29,und,"","",,U.S.D.A. Symbol,Bobby McCabe,2018-02-14T01:02:49Z
278269,TRCA34,und,"","",,U.S.D.A. Symbol,Bobby McCabe,2021-06-05T00:15:08Z
505356,PLJA,und,"","",,U.S.D.A. Symbol,Bobby McCabe,2021-06-07T01:36:02Z
75880,BROB,und,"","",,U.S.D.A. Symbol,Bobby McCabe,2021-07-16T03:24:50Z
75598,ARTR2,und,"","",,U.S.D.A. Symbol,Bobby McCabe,2021-07-16T03:33:23Z
77312,GUSA2,und,"","",,U.S.D.A. Symbol,Bobby McCabe,2021-07-16T04:26:06Z
77312,GUDI3,und,"","",,U.S.D.A. Symbol,Bobby McCabe,2021-07-16T13:57:55Z
77312,GULE,und,"","",,U.S.D.A. Symbol,Bobby McCabe,2021-07-16T13:58:13Z
77312,GULI2,und,"","",,U.S.D.A. Symbol,Bobby McCabe,2021-07-16T13:58:41Z
77312,GULI3,und,"","",,U.S.D.A. Symbol,Bobby McCabe,2021-07-16T13:59:14Z
77312,GULI4,und,"","",,U.S.D.A. Symbol,Bobby McCabe,2021-07-16T13:59:33Z
77312,GULO3,und,"","",,U.S.D.A. Symbol,Bobby McCabe,2021-07-16T13:59:49Z
77312,GUPO2,und,"","",,U.S.D.A. Symbol,Bobby McCabe,2021-07-16T14:00:04Z
77312,GUSAP,und,"","",,U.S.D.A. Symbol,Bobby McCabe,2021-07-16T14:00:17Z
77312,GUTE3,und,"","",,U.S.D.A. Symbol,Bobby McCabe,2021-07-16T14:00:36Z
77312,SOSA5,und,"","",,U.S.D.A. Symbol,Bobby McCabe,2021-07-16T14:00:58Z
77312,XASA4,und,"","",,U.S.D.A. Symbol,Bobby McCabe,2021-07-16T14:02:09Z
77312,XASAP,und,"","",,U.S.D.A. Symbol,Bobby McCabe,2021-07-16T14:02:25Z
77312,XATE2,und,"","",,U.S.D.A. Symbol,Bobby McCabe,2021-07-16T14:02:42Z
148405,ESVI2,und,"","",,U.S.D.A. Symbol,Bobby McCabe,2021-07-16T14:14:05Z
148405,COVI9,und,"","",,U.S.D.A. Symbol,Bobby McCabe,2021-07-16T14:31:02Z
148405,MAVI8,und,"","",,U.S.D.A. Symbol,Bobby McCabe,2021-07-16T14:31:41Z
868396,ESVID,und,"","",,U.S.D.A. Symbol,Bobby McCabe,2021-07-16T14:59:20Z
868396,CODE8,und,"","",,U.S.D.A. Symbol,Bobby McCabe,2021-07-16T14:59:35Z
868396,COVID,und,"","",,U.S.D.A. Symbol,Bobby McCabe,2021-07-16T14:59:51Z
868396,MADE2,und,"","",,U.S.D.A. Symbol,Bobby McCabe,2021-07-16T15:00:16Z
868396,MAVID,und,"","",,U.S.D.A. Symbol,Bobby McCabe,2021-07-16T15:00:29Z
162737,ESSA,und,"","",,U.S.D.A. Symbol,Bobby McCabe,2021-07-16T18:18:21Z
162738,ESSN,und,"","",,U.S.D.A. Symbol,Bobby McCabe,2021-07-16T18:42:30Z
162738,COSN,und,"","",,U.S.D.A. Symbol,Bobby McCabe,2021-07-16T18:51:41Z
162738,MASN,und,"","",,U.S.D.A. Symbol,Bobby McCabe,2021-07-16T18:51:54Z
871601,ESOR,und,"","",,U.S.D.A. Symbol,Bobby McCabe,2021-07-16T18:53:21Z
871601,ESORK,und,"","",,U.S.D.A. Symbol,Bobby McCabe,2021-07-16T18:59:54Z
871601,ESORM,und,"","",,U.S.D.A. Symbol,Bobby McCabe,2021-07-16T19:00:15Z
871601,ESORO,und,"","",,U.S.D.A. Symbol,Bobby McCabe,2021-07-16T19:00:33Z
314313,ESTUT,und,"","",,U.S.D.A. Symbol,Bobby McCabe,2021-07-16T19:17:32Z
162739,ESTU,und,"","",,U.S.D.A. Symbol,Bobby McCabe,2021-07-16T19:18:16Z
314276,ESTUV,und,"","",,U.S.D.A. Symbol,Bobby McCabe,2021-07-16T19:18:31Z
162739,COST7,und,"","",,U.S.D.A. Symbol,Bobby McCabe,2021-07-16T19:30:48Z
162739,ESST,und,"","",,U.S.D.A. Symbol,Bobby McCabe,2021-07-16T19:31:02Z
162739,MATU3,und,"","",,U.S.D.A. Symbol,Bobby McCabe,2021-07-16T19:31:15Z
166380,PEHA12,und,"","",,U.S.D.A. Symbol,Zane Roskoph,2021-08-10T11:57:30Z
59568,HEBU,und,"","",,U.S.D.A. Symbol,Zane Roskoph,2021-08-10T11:58:53Z
62261,NAAM,und,"","",,U.S.D.A. Symbol,Zane Roskoph,2021-08-10T12:01:51Z
355648,LEBU,und,"","",,U.S.D.A. Symbol,Zane Roskoph,2021-08-10T12:03:10Z
129054,TUGE,und,"","",,U.S.D.A. Symbol,Zane Roskoph,2021-08-10T12:05:01Z
331121,CIAU7,und,"","",,U.S.D.A. Symbol,Zane Roskoph,2021-08-10T12:15:47Z
123356,CIME3,und,"","",,U.S.D.A. Symbol,Zane Roskoph,2021-08-10T12:33:32Z
122812,CIAU5,und,"","",,U.S.D.A. Symbol,Zane Roskoph,2021-08-10T13:03:00Z
709635,IRGE,und,"","",,U.S.D.A. Symbol,Zane Roskoph,2021-08-10T16:23:38Z
52148,LIPU11,und,"","",,U.S.D.A. Symbol,Bobby McCabe,2021-08-25T13:47:17Z
47788,YUBA,und,"","",,U.S.D.A. Symbol,Bobby McCabe,2021-08-25T13:48:27Z
57891,EPVI,und,"","",,U.S.D.A. Symbol,Bobby McCabe,2021-08-25T13:49:46Z
79185,SPCR,und,"","",,U.S.D.A. Symbol,Bobby McCabe,2021-08-25T13:50:50Z
52136,IPAG,und,"","",,U.S.D.A. Symbol,Bobby McCabe,2021-08-25T13:55:31Z
76278,CHLE4,und,"","",,U.S.D.A. Symbol,Bobby McCabe,2021-08-25T13:57:37Z
160199,CAIN14,und,"","",,U.S.D.A. Symbol,Bobby McCabe,2021-08-25T13:58:55Z
57066,MEOF,und,"","",,U.S.D.A. Symbol,Bobby McCabe,2021-08-25T13:59:52Z
52378,CEMO2,und,"","",,U.S.D.A. Symbol,Bobby McCabe,2021-08-25T14:02:26Z
59924,LIIN2,und,"","",,U.S.D.A. Symbol,Bobby McCabe,2021-08-25T14:04:56Z
78083,MILI3,und,"","",,U.S.D.A. Symbol,Bobby McCabe,2021-08-25T14:07:20Z
60313,SPAI,und,"","",,U.S.D.A. Symbol,Bobby McCabe,2021-08-25T14:09:32Z
61099,AMUT,und,"","",,U.S.D.A. Symbol,Bobby McCabe,2021-08-25T14:11:06Z
126671,SPCO,und,"","",,U.S.D.A. Symbol,Bobby McCabe,2021-08-25T14:16:40Z
148148,TOIN,und,"","",,U.S.D.A. Symbol,Bobby McCabe,2021-08-25T14:17:42Z
58376,ELEL5,und,"","",,U.S.D.A. Symbol,Bobby McCabe,2021-08-25T14:23:45Z
57183,KOMA,und,"","",,U.S.D.A. Symbol,Bobby McCabe,2021-08-25T14:29:24Z
166328,PEBA2,und,"","",,U.S.D.A. Symbol,Bobby McCabe,2021-08-25T14:30:21Z
77600,JUOS,und,"","",,U.S.D.A. Symbol,Bobby McCabe,2021-08-25T14:35:54Z
57902,PIED,und,"","",,U.S.D.A. Symbol,Bobby McCabe,2021-08-25T14:37:59Z
71257,BOGR2,und,"","",,U.S.D.A. Symbol,Bobby McCabe,2021-08-25T14:44:13Z
1220378,ACHY,und,"","",,U.S.D.A. Symbol,Bobby McCabe,2021-08-25T15:07:38Z
76235,CHER2,und,"","",,U.S.D.A. Symbol,Bobby McCabe,2021-08-25T15:11:09Z
58087,STPI,und,"","",,U.S.D.A. Symbol,Bobby McCabe,2021-08-25T15:12:52Z
58210,MIMU,und,"","",,U.S.D.A. Symbol,Bobby McCabe,2021-08-25T15:14:13Z
67804,PUTR2,und,"","",,U.S.D.A. Symbol,Bobby McCabe,2021-08-25T15:15:28Z
71127,ARLU,und,"","",,U.S.D.A. Symbol,Bobby McCabe,2021-08-25T15:16:13Z
75592,ARNO4,und,"","",,U.S.D.A. Symbol,Bobby McCabe,2021-08-25T15:18:47Z
75390,ALSI8,und,"","",,U.S.D.A. Symbol,Bobby McCabe,2021-08-25T15:20:00Z
76139,CAAND,und,"","",,U.S.D.A. Symbol,Bobby McCabe,2021-08-25T15:21:53Z
75309,AGCR,und,"","",,U.S.D.A. Symbol,Bobby McCabe,2021-08-25T15:22:49Z
58369,BRTE,und,"","",,U.S.D.A. Symbol,Bobby McCabe,2021-08-25T15:26:16Z
78462,PEPU7,und,"","",,U.S.D.A. Symbol,Bobby McCabe,2021-08-25T15:26:46Z
157659,HECO26,und,"","",,U.S.D.A. Symbol,Bobby McCabe,2021-08-25T15:27:46Z
57896,SATR12,und,"","",,U.S.D.A. Symbol,Bobby McCabe,2021-08-25T15:29:41Z
162620,ERJA,und,"","",,U.S.D.A. Symbol,Bobby McCabe,2021-08-25T15:30:08Z
58127,CHAL7,und,"","",,U.S.D.A. Symbol,Bobby McCabe,2021-08-25T15:33:37Z
148435,CRCR3,und,"","",,U.S.D.A. Symbol,Bobby McCabe,2021-08-25T15:34:20Z
148407,CHFE3,und,"","",,U.S.D.A. Symbol,Bobby McCabe,2021-08-25T15:35:10Z
770886,CRCI3,und,"","",,U.S.D.A. Symbol,Bobby McCabe,2021-08-25T15:38:14Z
472472,CYWH,und,"","",,U.S.D.A. Symbol,Bobby McCabe,2021-08-25T15:39:24Z
78326,PAMU11,und,"","",,U.S.D.A. Symbol,Bobby McCabe,2021-08-25T15:43:39Z
148074,HYRI,und,"","",,U.S.D.A. Symbol,Bobby McCabe,2021-08-25T15:44:58Z
77473,HYFI,und,"","",,U.S.D.A. Symbol,Bobby McCabe,2021-08-25T15:46:08Z
57909,AMAC2,und,"","",,U.S.D.A. Symbol,Bobby McCabe,2021-08-25T15:48:06Z
148960,MUPU2,und,"","",,U.S.D.A. Symbol,Bobby McCabe,2021-08-25T15:48:59Z
57934,ERNA10,und,"","",,U.S.D.A. Symbol,Bobby McCabe,2021-08-25T15:50:44Z
149010,COWR2,und,"","",,U.S.D.A. Symbol,Bobby McCabe,2021-08-25T15:52:09Z
76327,CHGR6,und,"","",,U.S.D.A. Symbol,Bobby McCabe,2021-08-25T15:53:47Z
76973,ERCE2,und,"","",,U.S.D.A. Symbol,Bobby McCabe,2021-08-25T15:59:37Z
78269,OPPO,und,"","",,U.S.D.A. Symbol,Bobby McCabe,2021-08-25T16:31:47Z
1044521,SCCL5,und,"","",,U.S.D.A. Symbol,Bobby McCabe,2021-08-27T01:06:08Z
75563,ARPU,und,"","",,U.S.D.A. Symbol,Bobby McCabe,2021-09-05T02:44:32Z
170384,YUBA2,und,"","",,U.S.D.A. Symbol,Bobby McCabe,2021-09-09T13:48:13Z
77399,HEVI4,und,"","",,U.S.D.A. Symbol,Bobby McCabe,2021-09-16T02:29:37Z
58113,ATCA2,und,"","",,U.S.D.A. Symbol,Bobby McCabe,2021-09-16T02:31:53Z
78148,MUSQ3,und,"","",,U.S.D.A. Symbol,Bobby McCabe,2021-09-18T15:58:43Z
58195,MEAL6,und,"","",,U.S.D.A. Symbol,Bobby McCabe,2021-09-18T16:05:30Z
58991,POOL,und,"","",,U.S.D.A. Symbol,Bobby McCabe,2021-09-18T16:14:17Z
116377,QUGA,und,"","",,U.S.D.A. Symbol,Bobby McCabe,2021-09-18T17:03:46Z
162628,ERLE10,und,"","",,U.S.D.A. Symbol,Bobby McCabe,2021-09-18T17:08:08Z
170255,VIPE2,und,"","",,U.S.D.A. Symbol,Zane Roskoph,2021-09-21T11:53:10Z
82816,VISO,und,"","",,U.S.D.A. Symbol,Zane Roskoph,2021-09-21T11:53:51Z
154238,OXCA4,und,"","",,U.S.D.A. Symbol,Zane Roskoph,2021-09-21T11:54:41Z
241908,OXCAC,und,"","",,U.S.D.A. Symbol,Zane Roskoph,2021-09-21T11:56:04Z
241909,OXCAC2,und,"","",,U.S.D.A. Symbol,Zane Roskoph,2021-09-21T11:56:35Z
241910,OXCAC3,und,"","",,U.S.D.A. Symbol,Zane Roskoph,2021-09-21T11:56:59Z
241916,OXCAW,und,"","",,U.S.D.A. Symbol,Zane Roskoph,2021-09-21T11:59:28Z
241911,OXCAD2,und,"","",,U.S.D.A. Symbol,Zane Roskoph,2021-09-21T12:00:06Z
241912,OXCAD,und,"","",,U.S.D.A. Symbol,Zane Roskoph,2021-09-21T12:00:36Z
241913,OXCAJ,und,"","",,U.S.D.A. Symbol,Zane Roskoph,2021-09-21T12:01:05Z
154242,OXCAJ3,und,"","",,U.S.D.A. Symbol,Zane Roskoph,2021-09-21T12:01:42Z
241914,OXCAM2,und,"","",,U.S.D.A. Symbol,Zane Roskoph,2021-09-21T12:02:33Z
154243,OXCAR3,und,"","",,U.S.D.A. Symbol,Zane Roskoph,2021-09-21T12:03:59Z
241915,OXCAS3,und,"","",,U.S.D.A. Symbol,Zane Roskoph,2021-09-21T12:04:31Z
154244,OXCAV,und,"","",,U.S.D.A. Symbol,Zane Roskoph,2021-09-21T12:05:02Z
138674,OXLA3,und,"","",,U.S.D.A. Symbol,Zane Roskoph,2021-09-21T12:06:13Z
241923,OXLAL2,und,"","",,U.S.D.A. Symbol,Zane Roskoph,2021-09-21T12:06:37Z
148918,OXLAB,und,"","",,U.S.D.A. Symbol,Zane Roskoph,2021-09-21T12:06:59Z
241922,OXLAA2,und,"","",,U.S.D.A. Symbol,Zane Roskoph,2021-09-21T12:07:26Z
166022,OXPO,und,"","",,U.S.D.A. Symbol,Zane Roskoph,2021-09-21T12:08:56Z
166025,OXSE,und,"","",,U.S.D.A. Symbol,Zane Roskoph,2021-09-21T12:10:23Z
241930,OXSES2,und,"","",,U.S.D.A. Symbol,Zane Roskoph,2021-09-21T12:10:44Z
241929,OXSES,und,"","",,U.S.D.A. Symbol,Zane Roskoph,2021-09-21T12:11:13Z
148411,CHPA28,und,"","",,U.S.D.A. Symbol,Bobby McCabe,2021-09-21T15:20:08Z
505356,HIJA,und,"","",,U.S.D.A. Symbol,Bobby McCabe,2021-09-22T04:05:59Z
82276,ECTR,und,"","",,U.S.D.A. Symbol,Bobby McCabe,2021-09-22T04:50:10Z
240464,ECTRT,und,"","",,U.S.D.A. Symbol,Bobby McCabe,2021-09-22T04:53:33Z
167602,PUPI,und,"","",,U.S.D.A. Symbol,Bobby McCabe,2021-09-22T05:12:46Z
78640,POFE,und,"","",,U.S.D.A. Symbol,Bobby McCabe,2021-09-22T18:30:21Z
770853,CRFL6,und,"","",,U.S.D.A. Symbol,Bobby McCabe,2021-09-23T20:31:24Z
56996,SIAL2,und,"","",,U.S.D.A. Symbol,Bobby McCabe,2021-09-23T21:15:56Z
62983,MEMU3,und,"","",,U.S.D.A. Symbol,Bobby McCabe,2021-09-23T21:59:03Z
79542,XASP,und,"","",,U.S.D.A. Symbol,Bobby McCabe,2021-10-01T02:10:07Z
169626,TEIV,und,"","",,U.S.D.A. Symbol,Bobby McCabe,2021-10-01T02:12:53Z
278259,MICO15,und,"","",,U.S.D.A. Symbol,Bobby McCabe,2021-10-01T02:14:55Z
61535,STCO6,und,"","",,U.S.D.A. Symbol,Bobby McCabe,2021-10-01T02:19:48Z
78268,OPPH,und,"","",,U.S.D.A. Symbol,Bobby McCabe,2021-10-01T13:28:28Z
47687,ERCI6,und,"","",,U.S.D.A. Symbol,Bobby McCabe,2021-10-01T13:35:34Z
67802,SAVE4,und,"","",,U.S.D.A. Symbol,Bobby McCabe,2021-10-01T13:41:31Z
83647,ECFE,und,"","",,U.S.D.A. Symbol,Bobby McCabe,2021-10-01T13:45:10Z
550259,CHSE6,und,"","",,U.S.D.A. Symbol,Bobby McCabe,2021-10-01T13:59:12Z
867365,RHTR,und,"","",,U.S.D.A. Symbol,Bobby McCabe,2021-10-01T14:03:00Z
58039,STEX,und,"","",,U.S.D.A. Symbol,Bobby McCabe,2021-10-01T14:05:45Z
58115,ATCO,und,"","",,U.S.D.A. Symbol,Bobby McCabe,2021-10-01T14:07:08Z
76277,CHIN2,und,"","",,U.S.D.A. Symbol,Bobby McCabe,2021-10-01T14:11:25Z
76806,PASM,und,"","",,U.S.D.A. Symbol,Bobby McCabe,2021-10-01T14:12:15Z
76806,ELSM3,und,"","",,U.S.D.A. Symbol,Bobby McCabe,2021-10-01T14:12:30Z
77331,HAGL,und,"","",,U.S.D.A. Symbol,Bobby McCabe,2021-10-01T14:21:52Z
77670,LEMO2,und,"","",,U.S.D.A. Symbol,Bobby McCabe,2021-10-01T14:22:34Z
79144,SOTR,und,"","",,U.S.D.A. Symbol,Bobby McCabe,2021-10-01T21:46:55Z
121932,ASMO7,und,"","",,U.S.D.A. Symbol,Bobby McCabe,2021-10-01T21:50:56Z
146799,IPLO2,und,"","",,U.S.D.A. Symbol,Bobby McCabe,2021-10-01T21:52:41Z
236520,IPLOA,und,"","",,U.S.D.A. Symbol,Bobby McCabe,2021-10-01T21:53:55Z
157822,ABFR2,und,"","",,U.S.D.A. Symbol,Bobby McCabe,2021-10-01T22:02:58Z
169373,STAR10,und,"","",,U.S.D.A. Symbol,Bobby McCabe,2021-10-01T22:04:36Z
243101,STARG,und,"","",,U.S.D.A. Symbol,Bobby McCabe,2021-10-01T22:05:17Z
243100,STARA,und,"","",,U.S.D.A. Symbol,Bobby McCabe,2021-10-01T22:05:40Z
79211,STAC,und,"","",,U.S.D.A. Symbol,Bobby McCabe,2021-10-01T22:08:57Z
56013,TACH2,und,"","",,U.S.D.A. Symbol,Bobby McCabe,2021-10-01T22:20:28Z
75397,AMPA,und,"","",,U.S.D.A. Symbol,Bobby McCabe,2021-10-01T22:42:08Z
76146,CALI4,und,"","",,U.S.D.A. Symbol,Bobby McCabe,2021-10-01T22:43:53Z
1286621,ERMI4,und,"","",https://www.inaturalist.org/taxon_names/2699844/edit,U.S.D.A. Symbol,,2021-10-01T22:56:50Z
79331,TECA2,und,"","",,U.S.D.A. Symbol,Bobby McCabe,2021-10-02T00:09:01Z
120145,JUMO,und,"","",,U.S.D.A. Symbol,Bobby McCabe,2021-10-02T00:10:18Z
121785,TROC,und,"","",,U.S.D.A. Symbol,Bobby McCabe,2021-10-02T00:11:02Z
135484,EPTO,und,"","",,U.S.D.A. Symbol,Bobby McCabe,2021-10-02T00:13:51Z
148983,ERAL4,und,"","",,U.S.D.A. Symbol,Bobby McCabe,2021-10-02T00:17:10Z
156618,PHCO47,und,"","",,U.S.D.A. Symbol,Bobby McCabe,2021-10-02T00:30:10Z
157373,FERU,und,"","",,U.S.D.A. Symbol,Bobby McCabe,2021-10-02T00:33:52Z
161924,DIWI2,und,"","",,U.S.D.A. Symbol,Bobby McCabe,2021-10-02T00:35:02Z
166321,PEAN4,und,"","",,U.S.D.A. Symbol,Bobby McCabe,2021-10-02T00:35:50Z
166706,PHLO2,und,"","",,U.S.D.A. Symbol,Bobby McCabe,2021-10-02T00:36:46Z
474008,CHMI8,und,"","",,U.S.D.A. Symbol,Bobby McCabe,2021-10-02T00:37:59Z
50628,ERCA14,und,"","",,U.S.D.A. Symbol,Bobby McCabe,2021-10-02T00:38:58Z
52113,KRLA2,und,"","",,U.S.D.A. Symbol,Bobby McCabe,2021-10-02T00:41:45Z
57983,HEAN3,und,"","",,U.S.D.A. Symbol,Bobby McCabe,2021-10-02T00:50:59Z
58040,STPA4,und,"","",,U.S.D.A. Symbol,Bobby McCabe,2021-10-02T00:52:03Z
58072,DEPI,und,"","",,U.S.D.A. Symbol,Bobby McCabe,2021-10-02T00:53:18Z
68583,PELI2,und,"","",,U.S.D.A. Symbol,Bobby McCabe,2021-10-02T01:11:12Z
76289,CHWA,und,"","",,U.S.D.A. Symbol,Bobby McCabe,2021-10-02T01:12:32Z
76326,CHDE2,und,"","",,U.S.D.A. Symbol,Bobby McCabe,2021-10-02T01:12:56Z
76655,DICA18,und,"","",,U.S.D.A. Symbol,Bobby McCabe,2021-10-02T01:14:16Z
83078,CANU3,und,"","",,U.S.D.A. Symbol,Bobby McCabe,2021-10-02T01:16:56Z
126663,OEPA,und,"","",,U.S.D.A. Symbol,Bobby McCabe,2021-10-02T01:18:00Z
135883,JUSC2,und,"","",,U.S.D.A. Symbol,Bobby McCabe,2021-10-02T01:18:40Z
143645,ERRA3,und,"","",,U.S.D.A. Symbol,Bobby McCabe,2021-10-02T01:19:23Z
148432,PLIN7,und,"","",,U.S.D.A. Symbol,Bobby McCabe,2021-10-02T01:20:01Z
148445,SCPA9,und,"","",,U.S.D.A. Symbol,Bobby McCabe,2021-10-02T01:21:48Z
148994,STSA3,und,"","",,U.S.D.A. Symbol,Bobby McCabe,2021-10-02T01:22:30Z
158975,ASPR5,und,"","",,U.S.D.A. Symbol,Bobby McCabe,2021-10-02T01:24:00Z
159085,ATOB,und,"","",,U.S.D.A. Symbol,Bobby McCabe,2021-10-02T01:24:32Z
164113,IPMU3,und,"","",,U.S.D.A. Symbol,Bobby McCabe,2021-10-02T02:16:50Z
169176,SPFE,und,"","",,U.S.D.A. Symbol,Bobby McCabe,2021-10-02T02:18:17Z
332339,MAGR2,und,"","",,U.S.D.A. Symbol,Bobby McCabe,2021-10-02T02:20:34Z
526815,PSTE5,und,"","",,U.S.D.A. Symbol,Bobby McCabe,2021-10-02T02:25:57Z
877971,MONU,und,"","",,U.S.D.A. Symbol,Bobby McCabe,2021-10-02T02:26:43Z
48461,PIPO,und,"","",,U.S.D.A. Symbol,Bobby McCabe,2021-10-02T02:28:26Z
52989,CIVU,und,"","",,U.S.D.A. Symbol,Bobby McCabe,2021-10-02T02:32:29Z
54143,TRDU,und,"","",,U.S.D.A. Symbol,Bobby McCabe,2021-10-02T02:34:31Z
57912,ARDR4,und,"","",,U.S.D.A. Symbol,Bobby McCabe,2021-10-02T02:37:18Z
58211,FOPU2,und,"","",,U.S.D.A. Symbol,Bobby McCabe,2021-10-02T02:37:56Z
79184,SPCO4,und,"","",,U.S.D.A. Symbol,Bobby McCabe,2021-10-02T02:40:16Z
59008,SAEX,und,"","",,U.S.D.A. Symbol,Bobby McCabe,2021-10-02T02:41:58Z
59991,COUM,und,"","",,U.S.D.A. Symbol,Bobby McCabe,2021-10-02T02:43:30Z
75857,BOBA2,und,"","",,U.S.D.A. Symbol,Bobby McCabe,2021-10-02T02:47:02Z
75858,BOCU,und,"","",,U.S.D.A. Symbol,Bobby McCabe,2021-10-02T02:48:01Z
77305,GRSQ,und,"","",,U.S.D.A. Symbol,Bobby McCabe,2021-10-02T02:50:36Z
77907,LYPA,und,"","",,U.S.D.A. Symbol,Bobby McCabe,2021-10-02T02:53:37Z
78618,PLPA2,und,"","",,U.S.D.A. Symbol,Bobby McCabe,2021-10-02T02:54:48Z
78678,POAV,und,"","",,U.S.D.A. Symbol,Bobby McCabe,2021-10-02T02:58:37Z
79054,SESP3,und,"","",,U.S.D.A. Symbol,Bobby McCabe,2021-10-02T03:00:27Z
79176,SPGR2,und,"","",,U.S.D.A. Symbol,Bobby McCabe,2021-10-02T03:02:00Z
79345,THME,und,"","",,U.S.D.A. Symbol,Bobby McCabe,2021-10-02T03:05:42Z
79488,VEBR,und,"","",,U.S.D.A. Symbol,Bobby McCabe,2021-10-02T03:08:12Z
121786,SCSC15,und,"","",,U.S.D.A. Symbol,Bobby McCabe,2021-10-02T03:09:19Z
122601,PEAN,und,"","",,U.S.D.A. Symbol,Bobby McCabe,2021-10-02T03:09:59Z
126667,SPPA2,und,"","",,U.S.D.A. Symbol,Bobby McCabe,2021-10-02T03:11:59Z
148052,ABEL,und,"","",,U.S.D.A. Symbol,Bobby McCabe,2021-10-02T03:13:07Z
148123,HEMI2,und,"","",,U.S.D.A. Symbol,Bobby McCabe,2021-10-02T03:14:11Z
148327,ATSA,und,"","",,U.S.D.A. Symbol,Bobby McCabe,2021-10-02T03:16:00Z
161206,CRMI5,und,"","",,U.S.D.A. Symbol,Bobby McCabe,2021-10-02T03:18:37Z
169175,SPDI3,und,"","",,U.S.D.A. Symbol,Bobby McCabe,2021-10-02T03:20:00Z
542436,EREA3,und,"","",,U.S.D.A. Symbol,Bobby McCabe,2021-10-02T03:21:03Z
52120,POFR2,und,"","",,U.S.D.A. Symbol,Bobby McCabe,2021-10-02T03:23:55Z
52130,POAN3,und,"","",,U.S.D.A. Symbol,Bobby McCabe,2021-10-02T03:24:37Z
52821,ACMI2,und,"","",,U.S.D.A. Symbol,Bobby McCabe,2021-10-02T03:25:52Z
53501,BREU,und,"","",,U.S.D.A. Symbol,Bobby McCabe,2021-10-02T14:47:03Z
54605,MAVU,und,"","",,U.S.D.A. Symbol,Bobby McCabe,2021-10-02T14:50:23Z
55364,GRHI,und,"","",,U.S.D.A. Symbol,Bobby McCabe,2021-10-02T14:52:45Z
55736,SAMI3,und,"","",,U.S.D.A. Symbol,Bobby McCabe,2021-10-02T14:53:51Z
57056,MELU,und,"","",,U.S.D.A. Symbol,Bobby McCabe,2021-10-02T14:55:02Z
57057,MESA,und,"","",,U.S.D.A. Symbol,Bobby McCabe,2021-10-02T14:55:59Z
58138,CUFO,und,"","",,U.S.D.A. Symbol,Bobby McCabe,2021-10-02T14:57:27Z
58291,RUHY,und,"","",,U.S.D.A. Symbol,Bobby McCabe,2021-10-02T14:58:25Z
58341,PHJU,und,"","",,U.S.D.A. Symbol,Bobby McCabe,2021-10-02T14:59:34Z
58372,DISP,und,"","",,U.S.D.A. Symbol,Bobby McCabe,2021-10-02T15:21:24Z
58776,AMRE,und,"","",,U.S.D.A. Symbol,Bobby McCabe,2021-10-02T15:22:37Z
58803,BRCA3,und,"","",,U.S.D.A. Symbol,Bobby McCabe,2021-10-02T15:24:35Z
58907,MEAL2,und,"","",,U.S.D.A. Symbol,Bobby McCabe,2021-10-02T15:26:47Z
59034,NIAT,und,"","",,U.S.D.A. Symbol,Bobby McCabe,2021-10-02T15:27:30Z
59609,ASKE,und,"","",,U.S.D.A. Symbol,Bobby McCabe,2021-10-02T15:28:21Z
62298,ASAS,und,"","",,U.S.D.A. Symbol,Bobby McCabe,2021-10-02T15:31:42Z
62474,OPFR,und,"","",,U.S.D.A. Symbol,Bobby McCabe,2021-10-02T15:32:40Z
63352,CADR,und,"","",,U.S.D.A. Symbol,Bobby McCabe,2021-10-02T15:33:48Z
68410,TESP2,und,"","",,U.S.D.A. Symbol,Bobby McCabe,2021-10-02T15:36:28Z
68602,PECE,und,"","",,U.S.D.A. Symbol,Bobby McCabe,2021-10-02T15:37:15Z
75596,ARSP5,und,"","",,U.S.D.A. Symbol,Bobby McCabe,2021-10-02T15:37:55Z
75596,PIDE4,und,"","",,U.S.D.A. Symbol,Bobby McCabe,2021-10-02T15:38:18Z
75899,BRCI2,und,"","",,U.S.D.A. Symbol,Bobby McCabe,2021-10-02T15:38:47Z
75903,BRIN2,und,"","",,U.S.D.A. Symbol,Bobby McCabe,2021-10-02T15:43:44Z
127960,ARCA12,und,"","",,U.S.D.A. Symbol,Bobby McCabe,2021-10-05T03:28:07Z
78669,POIN3,und,"","",,U.S.D.A. Symbol,Bobby McCabe,2021-10-11T01:02:24Z
60496,ERGR9,und,"","",,U.S.D.A. Symbol,Bobby McCabe,2021-10-12T06:52:30Z
76652,DICA4,und,"","",,U.S.D.A. Symbol,Bobby McCabe,2021-10-12T22:32:33Z
76633,DESC,und,"","",,U.S.D.A. Symbol,Bobby McCabe,2021-10-12T22:44:08Z
168672,SCME4,und,"","",,U.S.D.A. Symbol,Bobby McCabe,2021-10-15T18:26:19Z
77030,ERSH,und,"","",,U.S.D.A. Symbol,Bobby McCabe,2021-10-15T19:32:54Z
1282701,CEMOP,und,"","",,U.S.D.A. Symbol,Bobby McCabe,2022-04-11T22:10:28Z
79056,SEGR4,und,"","",,U.S.D.A. Symbol,Bobby McCabe,2022-04-11T23:54:41Z
75260,ACSP,und,"","",,U.S.D.A. Symbol,Bobby McCabe,2022-04-11T23:56:51Z
80292,ACSPS2,und,"","",,U.S.D.A. Symbol,Bobby McCabe,2022-04-12T00:01:19Z
80291,ACSPH,und,"","",,U.S.D.A. Symbol,Bobby McCabe,2022-04-12T00:02:46Z
490764,ACSP12,und,"","",,U.S.D.A. Symbol,Bobby McCabe,2022-04-12T00:12:37Z
75286,ADCO2,und,"","",,U.S.D.A. Symbol,Bobby McCabe,2022-04-12T00:20:40Z
75408,AMDU2,und,"","",,U.S.D.A. Symbol,Bobby McCabe,2022-04-12T00:31:34Z
64064,ARHO2,und,"","",,U.S.D.A. Symbol,Bobby McCabe,2022-04-12T00:51:11Z
68538,BAMU,und,"","",,U.S.D.A. Symbol,Bobby McCabe,2022-04-12T01:25:23Z
75740,BAPL3,und,"","",,U.S.D.A. Symbol,Bobby McCabe,2022-04-12T01:30:38Z
75739,BAPA,und,"","",,U.S.D.A. Symbol,Bobby McCabe,2022-04-12T01:36:45Z
77141,VUOC,und,"","",https://www.inaturalist.org/taxon_names/2699341/edit,U.S.D.A. Symbol,Thomas Koffel,2022-04-20T08:52:47Z
1257656,ABAR,und,"","",,U.S.D.A. Symbol,Bobby McCabe,2022-04-26T20:28:08Z
181747,ECENE,und,"","",,U.S.D.A. Symbol,Bobby McCabe,2022-04-26T20:29:59Z
76754,ECEN,und,"","",,U.S.D.A. Symbol,Bobby McCabe,2022-04-26T20:31:14Z
924339,ECENV,und,"","",,U.S.D.A. Symbol,Bobby McCabe,2022-04-26T20:48:46Z
1383554,ECENM,und,"","",,U.S.D.A. Symbol,Bobby McCabe,2022-04-26T20:49:33Z
1383556,ECENP,und,"","",,U.S.D.A. Symbol,Bobby McCabe,2022-04-26T20:52:45Z
1383553,ECENH,und,"","",,U.S.D.A. Symbol,Bobby McCabe,2022-04-26T20:53:31Z
1383550,ECENA,und,"","",,U.S.D.A. Symbol,Bobby McCabe,2022-04-26T21:05:01Z
1383551,ECENA2,und,"","",,U.S.D.A. Symbol,Bobby McCabe,2022-04-26T21:05:15Z
1383552,ECENC,und,"","",,U.S.D.A. Symbol,Bobby McCabe,2022-04-26T21:05:43Z
68205,LATR2,und,"","",,U.S.D.A. Symbol,Bobby McCabe,2022-04-26T21:25:18Z
54466,FECYC,und,"","",,U.S.D.A. Symbol,Bobby McCabe,2022-04-26T21:33:32Z
318112,FECYL,und,"","",,U.S.D.A. Symbol,Bobby McCabe,2022-04-26T21:33:57Z
58083,LELA,und,"","",,U.S.D.A. Symbol,Bobby McCabe,2022-04-26T21:36:21Z
241303,LELAW,und,"","",,U.S.D.A. Symbol,Bobby McCabe,2022-04-26T22:07:56Z
54453,FECY,und,"","",,U.S.D.A. Symbol,Bobby McCabe,2022-04-26T22:14:52Z
58084,LELAL,und,"","",,U.S.D.A. Symbol,Bobby McCabe,2022-04-26T22:17:50Z
54999,ERFA2,und,"","",,U.S.D.A. Symbol,Bobby McCabe,2022-05-11T16:45:43Z
58332,LYAN,und,"","",,U.S.D.A. Symbol,Bobby McCabe,2022-05-11T16:49:22Z
49354,CYAC8,und,"","",,U.S.D.A. Symbol,Bobby McCabe,2022-05-11T17:03:44Z
50153,SPAM2,und,"","",,U.S.D.A. Symbol,Bobby McCabe,2022-05-11T17:09:21Z
58057,CRPT,und,"","",,U.S.D.A. Symbol,Bobby McCabe,2022-05-11T17:30:22Z
58455,KRER,und,"","",,U.S.D.A. Symbol,Bobby McCabe,2022-05-11T17:50:50Z
68416,CYRA9,und,"","",,U.S.D.A. Symbol,Bobby McCabe,2022-05-11T17:54:52Z
76317,CHRI,und,"","",,U.S.D.A. Symbol,Bobby McCabe,2022-05-11T18:02:10Z
76304,CHBR,und,"","",,U.S.D.A. Symbol,Bobby McCabe,2022-05-11T18:17:56Z
75737,VIPA14,und,"","",,U.S.D.A. Symbol,Bobby McCabe,2022-05-27T19:39:55Z
60241,ANCA10,und,"","",,U.S.D.A. Symbol,Bobby McCabe,2022-06-26T18:43:33Z
58331,DAWR2,und,"","",,U.S.D.A. Symbol,Bobby McCabe,2022-06-26T18:45:39Z
68400,YUSC2,und,"","",,U.S.D.A. Symbol,Bobby McCabe,2022-06-26T19:32:20Z
57872,OPBA2,und,"","",,U.S.D.A. Symbol,Bobby McCabe,2022-06-26T19:35:07Z
77613,KRGR,und,"","",,U.S.D.A. Symbol,Bobby McCabe,2022-06-26T19:38:21Z
164368,KRRA,und,"","",,U.S.D.A. Symbol,Bobby McCabe,2022-06-26T19:53:53Z
277899,KRIX,und,"","",,U.S.D.A. Symbol,Bobby McCabe,2022-06-26T20:00:04Z
47785,YUBR,und,"","",,U.S.D.A. Symbol,Bobby McCabe,2022-06-27T04:25:44Z
870498,ECPO2,und,"","",,U.S.D.A. Symbol,Bobby McCabe,2022-07-02T01:22:43Z
158911,ASHU,und,"","",,U.S.D.A. Symbol,Bobby McCabe,2022-07-02T02:36:37Z
56201,GAFL2,und,"","",,U.S.D.A. Symbol,Bobby McCabe,2022-07-02T03:13:14Z
871500,ECJO3,und,"","",,U.S.D.A. Symbol,Bobby McCabe,2022-07-02T05:28:39Z
59459,ERIN4,und,"","",,U.S.D.A. Symbol,Bobby McCabe,2022-07-02T05:45:53Z
52391,PIST,und,"","",,U.S.D.A. Symbol,Bobby McCabe,2022-07-02T05:50:26Z
55620,SODU,und,"","",,U.S.D.A. Symbol,Bobby McCabe,2022-07-02T05:52:34Z
81156,OPBAB2,und,"","",,U.S.D.A. Symbol,Bobby McCabe,2022-07-02T05:54:17Z
81157,OPBAB,und,"","",,U.S.D.A. Symbol,Bobby McCabe,2022-07-02T05:55:28Z
241831,OPBAL,und,"","",,U.S.D.A. Symbol,Bobby McCabe,2022-07-02T05:57:13Z
81158,OPBAT,und,"","",,U.S.D.A. Symbol,Bobby McCabe,2022-07-02T05:58:42Z
58309,PRFA,und,"","",,U.S.D.A. Symbol,Bobby McCabe,2022-07-02T06:23:59Z
76814,ENVI,und,"","",,U.S.D.A. Symbol,Bobby McCabe,2022-07-02T06:24:54Z
78771,PSCO2,und,"","",,U.S.D.A. Symbol,Bobby McCabe,2022-07-02T06:26:18Z
49357,CYEC3,und,"","",,U.S.D.A. Symbol,Bobby McCabe,2022-07-02T06:28:06Z
76607,DAPU7,und,"","",,U.S.D.A. Symbol,Bobby McCabe,2022-07-02T06:30:12Z
77083,ESGL,und,"","",,U.S.D.A. Symbol,Bobby McCabe,2022-07-02T06:31:02Z
77989,MESP2,und,"","",,U.S.D.A. Symbol,Bobby McCabe,2022-07-02T06:38:03Z
78967,SADO4,und,"","",,U.S.D.A. Symbol,Bobby McCabe,2022-07-02T06:39:07Z
58184,PHFR2,und,"","",,U.S.D.A. Symbol,Bobby McCabe,2022-07-02T06:42:01Z
78565,PHCR4,und,"","",,U.S.D.A. Symbol,Bobby McCabe,2022-07-07T16:45:43Z
78700,POGR5,und,"","",,U.S.D.A. Symbol,Bobby McCabe,2022-07-07T16:50:53Z
79018,SAME,und,"","",,U.S.D.A. Symbol,Bobby McCabe,2022-07-07T16:52:48Z
57880,CHST,und,"","",,U.S.D.A. Symbol,Bobby McCabe,2022-07-07T16:57:24Z
76282,CHNE4,und,"","",,U.S.D.A. Symbol,Bobby McCabe,2022-08-08T16:01:23Z
58222,OEDE2,und,"","",,U.S.D.A. Symbol,Bobby McCabe,2022-08-08T17:19:15Z
79195,STEL,und,"","",,U.S.D.A. Symbol,Bobby McCabe,2022-08-08T23:26:59Z
169328,STCO2,und,"","",,U.S.D.A. Symbol,Bobby McCabe,2022-08-08T23:30:42Z
79196,STVI,und,"","",,U.S.D.A. Symbol,Bobby McCabe,2022-08-08T23:44:06Z
169329,STTO,und,"","",,U.S.D.A. Symbol,Bobby McCabe,2022-08-08T23:55:31Z
548940,STPIB,und,"","",,U.S.D.A. Symbol,Bobby McCabe,2022-08-09T00:03:32Z
169327,STAL2,und,"","",,U.S.D.A. Symbol,Bobby McCabe,2022-08-09T00:12:31Z
1039181,GRPU3,und,"","",,U.S.D.A. Symbol,Bobby McCabe,2022-08-24T16:16:26Z
163595,HEPA,und,"","",,U.S.D.A. Symbol,Bobby McCabe,2022-08-25T02:15:36Z
59922,HECA,und,"","",,U.S.D.A. Symbol,Bobby McCabe,2022-08-25T02:25:03Z
80923,HECAC3,und,"","",,U.S.D.A. Symbol,Bobby McCabe,2022-08-25T02:30:11Z
80924,HECAN2,und,"","",,U.S.D.A. Symbol,Bobby McCabe,2022-08-25T02:33:21Z
80925,HECAS4,und,"","",,U.S.D.A. Symbol,Bobby McCabe,2022-08-25T02:34:43Z
64250,HECA2,und,"","",,U.S.D.A. Symbol,Bobby McCabe,2022-08-25T02:42:59Z
163596,HEQU2,und,"","",,U.S.D.A. Symbol,Bobby McCabe,2022-08-25T02:47:04Z
117515,HEUN,und,"","",,U.S.D.A. Symbol,Bobby McCabe,2022-08-25T02:57:58Z
117515,HEUNU,und,"","",,U.S.D.A. Symbol,Bobby McCabe,2022-08-25T02:58:50Z
162316,ENAR,und,"","",,U.S.D.A. Symbol,Bobby McCabe,2022-08-25T03:24:16Z
76816,ENCO,und,"","",,U.S.D.A. Symbol,Bobby McCabe,2022-08-25T03:28:55Z
76817,ENNU,und,"","",,U.S.D.A. Symbol,Bobby McCabe,2022-08-25T03:29:32Z
181618,ENNUC,und,"","",,U.S.D.A. Symbol,Bobby McCabe,2022-08-25T03:35:34Z
181619,ENNUN,und,"","",,U.S.D.A. Symbol,Bobby McCabe,2022-08-25T03:36:19Z
157341,FLCE,und,"","",,U.S.D.A. Symbol,Bobby McCabe,2022-08-25T03:39:56Z
163036,FLPR2,und,"","",,U.S.D.A. Symbol,Bobby McCabe,2022-08-25T03:40:55Z
77248,GECA2,und,"","",,U.S.D.A. Symbol,Bobby McCabe,2022-08-25T03:46:03Z
77249,GEVI,und,"","",,U.S.D.A. Symbol,Bobby McCabe,2022-08-25T03:47:00Z
64715,XYTO2,und,"","",,U.S.D.A. Symbol,Bobby McCabe,2022-08-25T16:06:34Z
243423,XYTOI,und,"","",,U.S.D.A. Symbol,Bobby McCabe,2022-08-25T16:08:23Z
1365422,XYTOP,und,"","",,U.S.D.A. Symbol,Bobby McCabe,2022-08-25T16:09:50Z
81446,XYTOT,und,"","",,U.S.D.A. Symbol,Bobby McCabe,2022-08-25T16:11:11Z
79544,XYCO2,und,"","",,U.S.D.A. Symbol,Bobby McCabe,2022-08-25T16:13:15Z
170347,XYCO3,und,"","",,U.S.D.A. Symbol,Bobby McCabe,2022-08-25T16:15:21Z
170348,XYCR2,und,"","",,U.S.D.A. Symbol,Bobby McCabe,2022-08-25T16:16:07Z
170349,XYGL,und,"","",,U.S.D.A. Symbol,Bobby McCabe,2022-08-25T16:26:14Z
170349,XYGLG,und,"","",,U.S.D.A. Symbol,Bobby McCabe,2022-08-25T16:28:00Z
170349,XYGLV,und,"","",,U.S.D.A. Symbol,Bobby McCabe,2022-08-25T16:28:49Z
1246438,XYGLL,und,"","",,U.S.D.A. Symbol,Bobby McCabe,2022-08-25T16:36:16Z
79545,XYOR,und,"","",,U.S.D.A. Symbol,Bobby McCabe,2022-08-25T16:43:43Z
51875,TRPR2,und,"","",,U.S.D.A. Symbol,Bobby McCabe,2022-08-26T00:12:38Z
81381,SPAMA,und,"","",,U.S.D.A. Symbol,Bobby McCabe,2022-08-26T00:15:56Z
81382,SPAMR,und,"","",,U.S.D.A. Symbol,Bobby McCabe,2022-08-26T00:17:41Z
81383,SPAMR2,und,"","",,U.S.D.A. Symbol,Bobby McCabe,2022-08-26T00:18:48Z
238683,SPAMM,und,"","",,U.S.D.A. Symbol,Bobby McCabe,2022-08-26T00:19:19Z
117515,HEUND,und,"","",https://www.inaturalist.org/taxon_names/3075477/edit,U.S.D.A. Symbol,,2022-08-26T00:29:15Z
54465,FEEA2,und,"","",,U.S.D.A. Symbol,Bobby McCabe,2022-08-26T00:34:32Z
76824,EPNE,und,"","",,U.S.D.A. Symbol,Bobby McCabe,2022-08-26T00:42:15Z
135481,EPAN,und,"","",,U.S.D.A. Symbol,Bobby McCabe,2022-08-26T00:43:29Z
340430,EPAL3,und,"","",,U.S.D.A. Symbol,Bobby McCabe,2022-08-26T00:45:55Z
170713,EPAR,und,"","",,U.S.D.A. Symbol,Bobby McCabe,2022-08-26T00:46:43Z
57890,EPCA2,und,"","",,U.S.D.A. Symbol,Bobby McCabe,2022-08-26T00:47:40Z
135471,EPCO2,und,"","",,U.S.D.A. Symbol,Bobby McCabe,2022-08-26T00:48:35Z
53883,EPCU,und,"","",,U.S.D.A. Symbol,Bobby McCabe,2022-08-26T00:50:11Z
135495,EPEQ2,und,"","",,U.S.D.A. Symbol,Bobby McCabe,2022-08-26T00:50:59Z
340431,EPDI2,und,"","",,U.S.D.A. Symbol,Bobby McCabe,2022-08-26T00:55:58Z
76823,EPFU,und,"","",,U.S.D.A. Symbol,Bobby McCabe,2022-08-26T00:57:04Z
53882,EPFA,und,"","",,U.S.D.A. Symbol,Bobby McCabe,2022-08-26T01:00:44Z
135477,EPGE2,und,"","",,U.S.D.A. Symbol,Bobby McCabe,2022-08-26T01:02:10Z
135490,EPPE,und,"","",,U.S.D.A. Symbol,Bobby McCabe,2022-08-26T01:04:45Z
135489,EPSI3,und,"","",,U.S.D.A. Symbol,Bobby McCabe,2022-08-26T01:05:58Z
240507,EPTOP,und,"","",,U.S.D.A. Symbol,Bobby McCabe,2022-08-26T01:07:31Z
240508,EPTOT,und,"","",,U.S.D.A. Symbol,Bobby McCabe,2022-08-26T01:07:48Z
241586,LYANA4,und,"","",,U.S.D.A. Symbol,Bobby McCabe,2022-08-26T01:56:23Z
241587,LYAND,und,"","",,U.S.D.A. Symbol,Bobby McCabe,2022-08-26T01:56:49Z
241588,LYANW,und,"","",,U.S.D.A. Symbol,Bobby McCabe,2022-08-26T01:57:14Z
314255,CYACA2,und,"","",,U.S.D.A. Symbol,Bobby McCabe,2022-08-26T02:01:13Z
80650,CYACC2,und,"","",,U.S.D.A. Symbol,Bobby McCabe,2022-08-26T02:01:49Z
181640,CYACM,und,"","",,U.S.D.A. Symbol,Bobby McCabe,2022-08-26T02:02:10Z
321641,CYACT,und,"","",,U.S.D.A. Symbol,Bobby McCabe,2022-08-26T02:02:28Z
58272,ERFAP,und,"","",,U.S.D.A. Symbol,Bobby McCabe,2022-08-26T02:08:36Z
58980,ERFAF2,und,"","",,U.S.D.A. Symbol,Bobby McCabe,2022-08-26T02:09:15Z
80782,ERFAF,und,"","",,U.S.D.A. Symbol,Bobby McCabe,2022-08-26T02:10:26Z
80781,ERFAF3,und,"","",,U.S.D.A. Symbol,Bobby McCabe,2022-08-26T02:11:25Z
77421,PLRI3,und,"","",,U.S.D.A. Symbol,Bobby McCabe,2022-09-03T03:12:31Z
639768,GRPA11,und,"","",,U.S.D.A. Symbol,Bobby McCabe,2022-09-06T02:43:14Z
49353,CYAB2,und,"","",,U.S.D.A. Symbol,Bobby McCabe,2022-09-06T04:22:23Z
274274,CYAR14,und,"","",,U.S.D.A. Symbol,Bobby McCabe,2022-09-06T04:24:06Z
49351,CYBI9,und,"","",,U.S.D.A. Symbol,Bobby McCabe,2022-09-06T04:27:20Z
76564,CYCA25,und,"","",,U.S.D.A. Symbol,Bobby McCabe,2022-09-06T04:30:14Z
274277,CYDA4,und,"","",,U.S.D.A. Symbol,Bobby McCabe,2022-09-06T04:37:03Z
274441,CYTU3,und,"","",,U.S.D.A. Symbol,Bobby McCabe,2022-09-06T04:46:29Z
78362,PEPA2,und,"","",,U.S.D.A. Symbol,Bobby McCabe,2022-09-07T01:33:12Z
148408,CHMI7,und,"","",,U.S.D.A. Symbol,Bobby McCabe,2022-09-07T16:47:37Z
76981,ERDE6,und,"","",,U.S.D.A. Symbol,Bobby McCabe,2022-09-07T17:16:12Z
76329,CHVI8,und,"","",,U.S.D.A. Symbol,Bobby McCabe,2022-09-07T17:20:31Z
59658,GIST,und,"","",,U.S.D.A. Symbol,Bobby McCabe,2022-09-07T17:40:35Z
68559,CORA,und,"","",,U.S.D.A. Symbol,Bobby McCabe,2022-09-07T17:42:41Z
75334,ALIN,und,"","",,U.S.D.A. Symbol,Bobby McCabe,2022-09-07T17:43:26Z
158163,ALCH,und,"","",,U.S.D.A. Symbol,Bobby McCabe,2022-09-07T17:46:04Z
75746,BEJU,und,"","",,U.S.D.A. Symbol,Bobby McCabe,2022-09-07T17:47:17Z
79286,SUMO,und,"","",,U.S.D.A. Symbol,Bobby McCabe,2022-09-07T17:50:17Z
78365,PEPL,und,"","",,U.S.D.A. Symbol,Bobby McCabe,2022-09-07T18:45:49Z
58282,ERTR8,und,"","",,U.S.D.A. Symbol,Bobby McCabe,2022-09-07T18:46:42Z
75413,HYSA,und,"","",,U.S.D.A. Symbol,Bobby McCabe,2022-09-07T18:50:53Z
887139,VICO,und,"","",,U.S.D.A. Symbol,Bobby McCabe,2022-09-07T19:16:33Z
170221,VIDE3,und,"","",,U.S.D.A. Symbol,Bobby McCabe,2022-09-07T19:18:54Z
75736,VILA3,und,"","",,U.S.D.A. Symbol,Bobby McCabe,2022-09-07T19:19:57Z
867099,VIPH,und,"","",,U.S.D.A. Symbol,Bobby McCabe,2022-09-07T19:21:47Z
75738,VIRE,und,"","",,U.S.D.A. Symbol,Bobby McCabe,2022-09-07T19:23:11Z
828844,VIST,und,"","",,U.S.D.A. Symbol,Bobby McCabe,2022-09-07T19:24:43Z
907525,VITR9,und,"","",,U.S.D.A. Symbol,Bobby McCabe,2022-09-07T19:25:36Z
288640,VIDE6,und,"","",,U.S.D.A. Symbol,Bobby McCabe,2022-09-07T19:28:53Z
76331,CABR23,und,"","",,U.S.D.A. Symbol,Bobby McCabe,2022-09-07T19:41:20Z
79717,CABRP,und,"","",,U.S.D.A. Symbol,Bobby McCabe,2022-09-07T19:42:02Z
79716,CABRB4,und,"","",,U.S.D.A. Symbol,Bobby McCabe,2022-09-07T19:42:32Z
79715,CABRA,und,"","",,U.S.D.A. Symbol,Bobby McCabe,2022-09-07T19:43:04Z
58050,AMTE3,und,"","",,U.S.D.A. Symbol,Bobby McCabe,2022-09-07T19:56:12Z
77011,ERNI4,und,"","",,U.S.D.A. Symbol,Bobby McCabe,2022-09-07T20:22:52Z
77905,LYCO2,und,"","",,U.S.D.A. Symbol,Bobby McCabe,2022-09-07T20:23:45Z
78467,PESC4,und,"","",,U.S.D.A. Symbol,Bobby McCabe,2022-09-07T22:23:03Z
58230,PLOV,und,"","",,U.S.D.A. Symbol,Bobby McCabe,2022-09-07T22:25:04Z
58236,ERER2,und,"","",,U.S.D.A. Symbol,Bobby McCabe,2022-09-07T22:27:43Z
59210,BRRU2,und,"","",,U.S.D.A. Symbol,Bobby McCabe,2022-09-07T22:29:07Z
68403,THMO,und,"","",,U.S.D.A. Symbol,Bobby McCabe,2022-09-07T22:30:28Z
75394,AMFI,und,"","",,U.S.D.A. Symbol,Bobby McCabe,2022-09-07T22:31:39Z
75706,ATHY,und,"","",,U.S.D.A. Symbol,Bobby McCabe,2022-09-07T22:33:50Z
75870,BRTO,und,"","",,U.S.D.A. Symbol,Bobby McCabe,2022-09-07T22:35:24Z
75871,BRAT,und,"","",,U.S.D.A. Symbol,Bobby McCabe,2022-09-07T22:35:58Z
78082,MILA6,und,"","",,U.S.D.A. Symbol,Bobby McCabe,2022-09-07T22:37:41Z
78366,PERE,und,"","",,U.S.D.A. Symbol,Bobby McCabe,2022-09-07T22:40:33Z
78772,PSAR4,und,"","",,U.S.D.A. Symbol,Bobby McCabe,2022-09-07T22:42:28Z
78774,PSFR,und,"","",,U.S.D.A. Symbol,Bobby McCabe,2022-09-07T22:44:22Z
78773,PSEM,und,"","",,U.S.D.A. Symbol,Bobby McCabe,2022-09-07T22:46:03Z
58453,PSSP3,und,"","",,U.S.D.A. Symbol,Bobby McCabe,2022-09-07T22:46:54Z
78787,PUST,und,"","",,U.S.D.A. Symbol,Bobby McCabe,2022-09-07T22:48:14Z
275404,CHSE8,und,"","",,U.S.D.A. Symbol,Bobby McCabe,2022-09-07T22:49:01Z
587659,MOCE,und,"","",,U.S.D.A. Symbol,Bobby McCabe,2022-09-07T22:49:32Z
76519,CRNE2,und,"","",,U.S.D.A. Symbol,Bobby McCabe,2022-09-07T22:52:48Z
78250,OESU3,und,"","",,U.S.D.A. Symbol,Bobby McCabe,2022-09-07T22:53:49Z
78559,PHCA8,und,"","",,U.S.D.A. Symbol,Bobby McCabe,2022-09-07T22:56:14Z
79359,THPE4,und,"","",,U.S.D.A. Symbol,Bobby McCabe,2022-09-07T22:57:38Z
148406,CHAL11,und,"","",,U.S.D.A. Symbol,Bobby McCabe,2022-09-07T22:58:37Z
49345,PHCR,und,"","",,U.S.D.A. Symbol,Bobby McCabe,2022-09-07T23:00:24Z
53200,SACO6,und,"","",,U.S.D.A. Symbol,Bobby McCabe,2022-09-07T23:04:18Z
57881,ESMI,und,"","",,U.S.D.A. Symbol,Bobby McCabe,2022-09-07T23:05:55Z
57969,ENAC,und,"","",,U.S.D.A. Symbol,Bobby McCabe,2022-09-07T23:08:52Z
58120,ATPO,und,"","",,U.S.D.A. Symbol,Bobby McCabe,2022-09-07T23:10:39Z
68578,PEUT,und,"","",,U.S.D.A. Symbol,Bobby McCabe,2022-09-07T23:13:11Z
71232,LASE3,und,"","",,U.S.D.A. Symbol,Bobby McCabe,2022-09-07T23:13:57Z
75298,AGUT,und,"","",,U.S.D.A. Symbol,Bobby McCabe,2022-09-07T23:15:23Z
75856,BOAR,und,"","",,U.S.D.A. Symbol,Bobby McCabe,2022-09-07T23:16:08Z
123134,DISC71,und,"","",,U.S.D.A. Symbol,Bobby McCabe,2022-09-11T18:20:09Z
122658,LEGL19,und,"","",,U.S.D.A. Symbol,Bobby McCabe,2022-09-11T18:31:24Z
163550,HECI5,und,"","",,U.S.D.A. Symbol,Bobby McCabe,2022-09-11T18:34:50Z
125668,CLAM3,und,"","",,U.S.D.A. Symbol,Bobby McCabe,2022-09-11T18:47:16Z
125668,CLKI,und,"","",,U.S.D.A. Symbol,Bobby McCabe,2022-09-11T18:48:46Z
123751,CLDE70,und,"","",,U.S.D.A. Symbol,Bobby McCabe,2022-09-11T18:50:24Z
244075,TORU70,und,"","",,U.S.D.A. Symbol,Bobby McCabe,2022-09-11T18:55:49Z
68293,POCO38,und,"","",,U.S.D.A. Symbol,Bobby McCabe,2022-09-11T18:59:46Z
56406,MAPO16,und,"","",,U.S.D.A. Symbol,Bobby McCabe,2022-09-11T19:54:24Z
50310,ARTR,und,"","",,U.S.D.A. Symbol,Bobby McCabe,2022-09-11T19:57:31Z
54518,LEMI3,und,"","",,U.S.D.A. Symbol,Bobby McCabe,2022-09-11T20:00:46Z
48961,SYFO,und,"","",,U.S.D.A. Symbol,Bobby McCabe,2022-09-11T20:02:24Z
76793,ELCA7,und,"","",,U.S.D.A. Symbol,Bobby McCabe,2022-09-11T20:10:10Z
78705,POAM5,und,"","",,U.S.D.A. Symbol,Bobby McCabe,2022-09-11T20:11:42Z
78562,PHTO,und,"","",,U.S.D.A. Symbol,Bobby McCabe,2022-09-11T20:15:44Z
77050,ANLA7,und,"","",,U.S.D.A. Symbol,Bobby McCabe,2022-09-19T17:41:39Z
77964,MAPA9,und,"","",,U.S.D.A. Symbol,Bobby McCabe,2022-09-20T15:32:19Z
75841,BOBA3,und,"","",,U.S.D.A. Symbol,Bobby McCabe,2022-09-20T15:40:40Z
77603,KAPA,und,"","",,U.S.D.A. Symbol,Bobby McCabe,2022-09-20T18:45:24Z
78142,MUPO2,und,"","",,U.S.D.A. Symbol,Bobby McCabe,2022-09-20T18:49:49Z
75287,ADPO,und,"","",,U.S.D.A. Symbol,Bobby McCabe,2022-09-20T18:50:41Z
79364,TICA3,und,"","",,U.S.D.A. Symbol,Bobby McCabe,2022-10-01T04:41:32Z
49339,ENFA,und,"","",,U.S.D.A. Symbol,Bobby McCabe,2022-10-01T04:44:35Z
76820,ENDE,und,"","",,U.S.D.A. Symbol,Bobby McCabe,2022-10-01T04:50:16Z
769898,CRCI2,und,"","",,U.S.D.A. Symbol,Bobby McCabe,2022-10-01T04:53:55Z
958419,STLO4,und,"","",,U.S.D.A. Symbol,Bobby McCabe,2022-10-01T04:55:53Z
52108,BASA2,und,"","",,U.S.D.A. Symbol,Bobby McCabe,2022-10-01T04:59:13Z
1415100,CLSE,und,"","",https://www.inaturalist.org/taxon_names/2699966/edit,U.S.D.A. Symbol,,2022-10-04T05:40:34Z
1415100,PESE7,und,"","",https://www.inaturalist.org/taxon_names/2699967/edit,U.S.D.A. Symbol,,2022-10-04T05:40:35Z
1452518,CYAT,und,"","",https://www.inaturalist.org/taxon_names/2701907/edit,U.S.D.A. Symbol,Victor HOYEAU,2023-03-09T11:44:39Z
166540,PEPA13,und,"","",,U.S.D.A. Symbol,Bobby McCabe,2023-07-10T22:27:59Z
59459,ERIND,und,"","",,U.S.D.A. Symbol,Bobby McCabe,2024-01-19T03:28:07Z
59459,ERINI4,und,"","",,U.S.D.A. Symbol,Bobby McCabe,2024-01-19T03:28:07Z
158056,AGGA,und,"","",,U.S.D.A. Symbol,Skyler Principe,2024-02-22T23:01:06Z
158070,AGSK,und,"","",,U.S.D.A. Symbol,Skyler Principe,2024-02-22T23:02:08Z
160387,CHERN,und,"","",,U.S.D.A. Symbol,Skyler Principe,2024-03-12T20:48:17Z
1482818,JUME4,und,"","",https://www.inaturalist.org/taxon_names/2700006/edit,U.S.D.A. Symbol,,2024-03-20T20:57:41Z
1544319,MATE4,und,"","",https://www.inaturalist.org/taxon_names/2991813/edit,U.S.D.A. Symbol,,2024-04-08T05:05:28Z
158647,ARCA19,und,"","",https://www.inaturalist.org/taxon_names/3088589/edit,U.S.D.A. Symbol,,2024-11-23T01:39:40Z
158647,ARSE7,und,"","",https://www.inaturalist.org/taxon_names/3088590/edit,U.S.D.A. Symbol,,2024-11-23T01:39:40Z
158647,ARNE2,und,"","",https://www.inaturalist.org/taxon_names/3088570/edit,U.S.D.A. Symbol,,2024-11-23T01:39:41Z
1595253,YUBRJ,und,"","",https://www.inaturalist.org/taxon_names/3076756/edit,U.S.D.A. Symbol,Aaron Roe,2024-12-12T23:14:57Z
47785,YUBRB,und,"","",https://www.inaturalist.org/taxon_names/3076757/edit,U.S.D.A. Symbol,Aaron Roe,2024-12-12T23:52:34Z
