id,vernacularName,language,locality,countryCode,source,lexicon,contributor,created
114230,Khalat,und,"","",http://www.catalogueoflife.org/annual-checklist/details/species/id/10061239/common/93550,Khasi,,2021-07-14T17:46:12Z
115010,Parhin,und,"","",,Khasi,Zane Roskoph,2021-07-19T15:57:28Z
135814,Dieng Kseh,und,"Meghalaya, IN","",,Khasi,Ramnarayan K,2021-07-21T19:08:22Z
95038,Khakala,und,"","",http://www.catalogueoflife.org/annual-checklist/details/species/id/10081711/common/150932,Khasi,,2021-07-27T12:58:20Z
114231,Khomet,und,"","",http://www.catalogueoflife.org/annual-checklist/details/species/id/10061246/common/93453,Khasi,,2021-07-27T14:09:27Z
93987,Khakoi,und,"","",http://www.catalogueoflife.org/annual-checklist/2012/details/species/id/9741333,Khasi,,2021-12-04T16:29:46Z
866390,Soh Biskot,und,"","",https://www.inaturalist.org/taxon_names/2614711/edit,Khasi,Chris Thawley,2023-03-17T00:57:41Z
