id,vernacularName,language,locality,countryCode,source,lexicon,contributor,created
53726,Tabebuia,und,"","","FA Bisby, YR Roskov, MA Ruggiero, TM Orrell, LE Paglinawan, PW Brewer, N Bailly, J van Hertum, eds (2007). Species 2000 & ITIS Catalogue of Life: 2007 Annual Checklist Taxonomic Classification. CD-ROM; Species 2000: Reading, U.K.",Latin,Ricardo da Silva Ribeiro,2009-10-25T00:54:27Z
47170,Fungi imperfecti,und,"","",http://eol.org/pages/20651323,Latin,James Kameron Mitchell,2017-07-05T20:42:59Z
123880,Diatomae,und,"","",,Latin,John E. Christensen,2018-03-02T13:41:22Z
61851,Eristalis pratorum,und,"","",,Latin,Wouter Staelens,2018-07-12T14:49:11Z
43584,hominum,und,"","",,Latin,Andrés Ramírez-Barrera,2019-09-15T21:26:20Z
131236,vira,und,"","",,Latin,James K. Douch,2020-01-25T14:35:33Z
71973,Hierochloë,und,"","",,Latin,cassi saari,2020-02-10T16:17:49Z
201627,Bruchus,und,"","",,Latin,Dewald du Plessis,2020-03-15T06:43:44Z
201627,Locusta,und,"","",,Latin,Dewald du Plessis,2020-03-15T06:44:46Z
119686,Attacus,und,"","",,Latin,Dewald du Plessis,2020-03-15T06:55:20Z
325445,Attacus,und,"","",,Latin,Dewald du Plessis,2020-03-15T06:56:30Z
71251,Ophiomachus,und,"","",,Latin,Dewald du Plessis,2020-03-16T07:11:31Z
43335,Hippotigris,und,"","",,Latin,Dewald du Plessis,2020-04-24T12:53:44Z
144091,Urus,und,"Scotland, GB","",,Latin,Dewald du Plessis,2020-04-24T13:13:38Z
42309,Leucoryx,und,Egypt | Sudan,"EG,SD",,Latin,Dewald du Plessis,2020-04-24T14:42:44Z
42157,Camelopardalis,und,Ethiopia,ET,,Latin,Dewald du Plessis,2020-04-24T15:03:47Z
47126,Plantae,und,"","",,Latin,Andrés Ramírez-Barrera,2020-05-16T23:28:25Z
118552,domesticis cattus,und,"","",,Latin,Andrés Ramírez-Barrera,2020-05-16T23:32:28Z
127421,Hormaphis spinosus,und,"","",,Latin,John Kelly,2021-02-17T22:19:45Z
62336,Herba Angelica,und,"","",,Latin,Dewald du Plessis,2021-04-28T20:24:27Z
41964,Leo,und,"","",,Latin,Zane Roskoph,2021-08-24T12:24:37Z
41967,tigris,und,"","",,Latin,Zane Roskoph,2021-08-26T16:08:08Z
83469,Laternaria phosphorea,und,"","",,Latin,Yurii Basov,2022-02-19T04:42:50Z
469472,malum,und,"","",,Latin,,2022-03-27T04:46:53Z
64615,Hepaticae,und,"","",,Latin,Karina Zhuzenova,2022-04-24T07:30:10Z
447191,Anisum stellatum,und,"","",,Latin,Evgeny Ananyev,2022-08-03T11:50:40Z
360212,Secale cornutum,und,"","",,Latin,Evgeny Ananyev,2022-08-04T19:32:40Z
77295,Liquiritia glabra,und,"","",,Latin,Evgeny Ananyev,2022-08-04T19:37:41Z
127021,Fungus betulinus,und,"","",,Latin,Evgeny Ananyev,2022-12-06T09:40:53Z
705098,Monstera karstenianum,und,"","",,Latin,Jim Morefield,2023-09-07T20:22:57Z
705098,Monstera radicans,und,"","",,Latin,Jim Morefield,2023-09-07T20:23:35Z
163357,Govenia capitata,und,"","",,Latin,Gerardo A. Salazar,2024-03-27T01:44:00Z
156276,Atrema americanum,und,"","",,Latin,Southern Appalachia,2024-04-04T15:21:39Z
47144,Canis,und,"","",,Latin,Gustav JK Golden,2024-04-05T02:36:17Z
122971,Gingiberi,und,"","",,Latin,Gustav JK Golden,2024-04-05T02:38:26Z
122971,Zingiber,und,"","",,Latin,Gustav JK Golden,2024-04-05T02:39:21Z
1559284,Colobopsis minus,und,Earth,"",,Latin,naturallat,2024-07-04T17:06:12Z
901034,Colobopsis vitreus,und,Earth,"",,Latin,naturallat,2024-07-04T17:15:31Z
