id,vernacularName,language,locality,countryCode,source,lexicon,contributor,created
340245,mura,und,"","",,Meru,Botswanabugs,2020-01-13T06:47:16Z
132932,Mukwego,und,"","",South African National Biodiversity Institute. 2021. Botanical Database of Southern Africa (BODATSA) [offline dataset]. http://newposa.sanbi.org [Note that these data are not available at this URL as of 2021],Meru,Ken-ichi Ueda,2021-10-21T20:19:18Z
184342,isau,und,"","",South African National Biodiversity Institute. 2021. Botanical Database of Southern Africa (BODATSA) [offline dataset]. http://newposa.sanbi.org [Note that these data are not available at this URL as of 2021],Meru,Ken-ichi Ueda,2021-10-21T20:19:19Z
342724,makirutu,und,"","",South African National Biodiversity Institute. 2021. Botanical Database of Southern Africa (BODATSA) [offline dataset]. http://newposa.sanbi.org [Note that these data are not available at this URL as of 2021],Meru,Ken-ichi Ueda,2021-10-21T20:19:19Z
190367,muraa,und,"","",South African National Biodiversity Institute. 2021. Botanical Database of Southern Africa (BODATSA) [offline dataset]. http://newposa.sanbi.org [Note that these data are not available at this URL as of 2021],Meru,Ken-ichi Ueda,2021-10-21T20:19:19Z
521451,iwuwu,und,"","",South African National Biodiversity Institute. 2021. Botanical Database of Southern Africa (BODATSA) [offline dataset]. http://newposa.sanbi.org [Note that these data are not available at this URL as of 2021],Meru,Ken-ichi Ueda,2021-10-21T20:19:20Z
506952,mkuna,und,"","",South African National Biodiversity Institute. 2021. Botanical Database of Southern Africa (BODATSA) [offline dataset]. http://newposa.sanbi.org [Note that these data are not available at this URL as of 2021],Meru,Ken-ichi Ueda,2021-10-21T20:19:20Z
506952,olmkuna,und,"","",South African National Biodiversity Institute. 2021. Botanical Database of Southern Africa (BODATSA) [offline dataset]. http://newposa.sanbi.org [Note that these data are not available at this URL as of 2021],Meru,Ken-ichi Ueda,2021-10-21T20:19:20Z
506952,olmkuno,und,"","",South African National Biodiversity Institute. 2021. Botanical Database of Southern Africa (BODATSA) [offline dataset]. http://newposa.sanbi.org [Note that these data are not available at this URL as of 2021],Meru,Ken-ichi Ueda,2021-10-21T20:19:21Z
435322,kondekonde,und,"","",South African National Biodiversity Institute. 2021. Botanical Database of Southern Africa (BODATSA) [offline dataset]. http://newposa.sanbi.org [Note that these data are not available at this URL as of 2021],Meru,Ken-ichi Ueda,2021-10-21T20:19:21Z
578244,Mugeta,und,"","",South African National Biodiversity Institute. 2021. Botanical Database of Southern Africa (BODATSA) [offline dataset]. http://newposa.sanbi.org [Note that these data are not available at this URL as of 2021],Meru,Ken-ichi Ueda,2021-10-21T20:19:22Z
578244,Muthitha,und,"","",South African National Biodiversity Institute. 2021. Botanical Database of Southern Africa (BODATSA) [offline dataset]. http://newposa.sanbi.org [Note that these data are not available at this URL as of 2021],Meru,Ken-ichi Ueda,2021-10-21T20:19:22Z
406462,Mwaraka,und,"","",South African National Biodiversity Institute. 2021. Botanical Database of Southern Africa (BODATSA) [offline dataset]. http://newposa.sanbi.org [Note that these data are not available at this URL as of 2021],Meru,Ken-ichi Ueda,2021-10-21T20:19:23Z
136323,Mubiribiri,und,"","",,Meru,Tammo Reichgelt,2022-07-19T02:28:23Z
132925,Muako,und,"","",,Meru,Tammo Reichgelt,2022-07-20T14:27:38Z
1279047,Mu-unkuma,und,"","",,Meru,Tammo Reichgelt,2022-07-20T14:43:48Z
1164576,Muganjuki,und,"","",,Meru,Tammo Reichgelt,2022-07-20T14:44:37Z
444573,Mutongu,und,"","",,Meru,Tammo Reichgelt,2022-07-20T15:01:53Z
132931,Muura,und,"","",,Meru,Tammo Reichgelt,2022-07-20T15:26:30Z
1077573,Murage,und,"","",,Meru,Tammo Reichgelt,2022-07-20T15:37:08Z
590768,Mukondo,und,"","",,Meru,Tammo Reichgelt,2022-07-21T19:49:32Z
590768,Muthangira,und,"","",,Meru,Tammo Reichgelt,2022-07-21T19:49:45Z
61374,Nkabakabu,und,"","",,Meru,sunrise_again,2022-10-20T18:55:45Z
1046695,Mnyorokianjoro,und,"","",,Meru,Tammo Reichgelt,2022-10-24T12:10:24Z
1428,Nkanga,und,"","",,Meru,Botswanabugs,2024-01-31T10:33:40Z
1572043,lorieni,und,"","",,Meru,Duarte Frade,2024-10-31T07:08:40Z
1588195,oltawakalyan,und,"","",South African National Biodiversity Institute. 2021. Botanical Database of Southern Africa (BODATSA) [offline dataset]. http://newposa.sanbi.org [Note that these data are not available at this URL as of 2021],Meru,,2024-11-11T17:43:01Z
1588195,Mutu,und,"","",South African National Biodiversity Institute. 2021. Botanical Database of Southern Africa (BODATSA) [offline dataset]. http://newposa.sanbi.org [Note that these data are not available at this URL as of 2021],Meru,,2024-11-11T17:43:01Z
1588195,msesewe,und,"","",South African National Biodiversity Institute. 2021. Botanical Database of Southern Africa (BODATSA) [offline dataset]. http://newposa.sanbi.org [Note that these data are not available at this URL as of 2021],Meru,,2024-11-11T17:43:02Z
