id,vernacularName,language,locality,countryCode,source,lexicon,contributor,created
340245,inkanyi,und,"","",,Shangaan,Botswanabugs,2020-01-13T07:21:20Z
30820,Chipigani,und,"","",,Shangaan,Botswanabugs,2020-02-12T07:44:56Z
334379,mkonde,und,"","",,Shangaan,Botswanabugs,2021-08-11T13:16:50Z
334379,ishupa,und,"","",,Shangaan,Botswanabugs,2021-08-11T13:19:15Z
122098,nsisani,und,"","",South African National Biodiversity Institute. 2021. Botanical Database of Southern Africa (BODATSA) [offline dataset]. http://newposa.sanbi.org [Note that these data are not available at this URL as of 2021],Shangaan,Ken-ichi Ueda,2021-10-21T20:26:22Z
502780,munga,und,"","",South African National Biodiversity Institute. 2021. Botanical Database of Southern Africa (BODATSA) [offline dataset]. http://newposa.sanbi.org [Note that these data are not available at this URL as of 2021],Shangaan,Ken-ichi Ueda,2021-10-21T20:26:22Z
348763,nkelenga,und,"","",South African National Biodiversity Institute. 2021. Botanical Database of Southern Africa (BODATSA) [offline dataset]. http://newposa.sanbi.org [Note that these data are not available at this URL as of 2021],Shangaan,Ken-ichi Ueda,2021-10-21T20:26:22Z
597515,mabophe,und,"","",South African National Biodiversity Institute. 2021. Botanical Database of Southern Africa (BODATSA) [offline dataset]. http://newposa.sanbi.org [Note that these data are not available at this URL as of 2021],Shangaan,Ken-ichi Ueda,2021-10-21T20:26:22Z
340276,dovosha,und,"","",South African National Biodiversity Institute. 2021. Botanical Database of Southern Africa (BODATSA) [offline dataset]. http://newposa.sanbi.org [Note that these data are not available at this URL as of 2021],Shangaan,Ken-ichi Ueda,2021-10-21T20:26:23Z
340175,shivulanguva,und,"","",South African National Biodiversity Institute. 2021. Botanical Database of Southern Africa (BODATSA) [offline dataset]. http://newposa.sanbi.org [Note that these data are not available at this URL as of 2021],Shangaan,Ken-ichi Ueda,2021-10-21T20:26:23Z
509176,imangamabye,und,"","",South African National Biodiversity Institute. 2021. Botanical Database of Southern Africa (BODATSA) [offline dataset]. http://newposa.sanbi.org [Note that these data are not available at this URL as of 2021],Shangaan,Ken-ichi Ueda,2021-10-21T20:26:23Z
340136,phalakhwari,und,"","",South African National Biodiversity Institute. 2021. Botanical Database of Southern Africa (BODATSA) [offline dataset]. http://newposa.sanbi.org [Note that these data are not available at this URL as of 2021],Shangaan,Ken-ichi Ueda,2021-10-21T20:26:24Z
184447,ribaba,und,"","",South African National Biodiversity Institute. 2021. Botanical Database of Southern Africa (BODATSA) [offline dataset]. http://newposa.sanbi.org [Note that these data are not available at this URL as of 2021],Shangaan,Ken-ichi Ueda,2021-10-21T20:26:24Z
597939,nnulu,und,"","",South African National Biodiversity Institute. 2021. Botanical Database of Southern Africa (BODATSA) [offline dataset]. http://newposa.sanbi.org [Note that these data are not available at this URL as of 2021],Shangaan,Ken-ichi Ueda,2021-10-21T20:26:24Z
597939,Nulu,und,"","",South African National Biodiversity Institute. 2021. Botanical Database of Southern Africa (BODATSA) [offline dataset]. http://newposa.sanbi.org [Note that these data are not available at this URL as of 2021],Shangaan,Ken-ichi Ueda,2021-10-21T20:26:25Z
132932,chuguru,und,"","",South African National Biodiversity Institute. 2021. Botanical Database of Southern Africa (BODATSA) [offline dataset]. http://newposa.sanbi.org [Note that these data are not available at this URL as of 2021],Shangaan,Ken-ichi Ueda,2021-10-21T20:26:26Z
132932,chunguru,und,"","",South African National Biodiversity Institute. 2021. Botanical Database of Southern Africa (BODATSA) [offline dataset]. http://newposa.sanbi.org [Note that these data are not available at this URL as of 2021],Shangaan,Ken-ichi Ueda,2021-10-21T20:26:26Z
132932,swatima,und,"","",South African National Biodiversity Institute. 2021. Botanical Database of Southern Africa (BODATSA) [offline dataset]. http://newposa.sanbi.org [Note that these data are not available at this URL as of 2021],Shangaan,Ken-ichi Ueda,2021-10-21T20:26:26Z
342724,khawa,und,"","",South African National Biodiversity Institute. 2021. Botanical Database of Southern Africa (BODATSA) [offline dataset]. http://newposa.sanbi.org [Note that these data are not available at this URL as of 2021],Shangaan,Ken-ichi Ueda,2021-10-21T20:26:27Z
340060,shikukutse,und,"","",South African National Biodiversity Institute. 2021. Botanical Database of Southern Africa (BODATSA) [offline dataset]. http://newposa.sanbi.org [Note that these data are not available at this URL as of 2021],Shangaan,Ken-ichi Ueda,2021-10-21T20:26:27Z
343032,nhlangula,und,"","",South African National Biodiversity Institute. 2021. Botanical Database of Southern Africa (BODATSA) [offline dataset]. http://newposa.sanbi.org [Note that these data are not available at this URL as of 2021],Shangaan,Ken-ichi Ueda,2021-10-21T20:26:27Z
428367,ngwamutsumba,und,"","",South African National Biodiversity Institute. 2021. Botanical Database of Southern Africa (BODATSA) [offline dataset]. http://newposa.sanbi.org [Note that these data are not available at this URL as of 2021],Shangaan,Ken-ichi Ueda,2021-10-21T20:26:28Z
340123,nkuwa,und,"","",South African National Biodiversity Institute. 2021. Botanical Database of Southern Africa (BODATSA) [offline dataset]. http://newposa.sanbi.org [Note that these data are not available at this URL as of 2021],Shangaan,Ken-ichi Ueda,2021-10-21T20:26:28Z
599386,kuwane,und,"","",South African National Biodiversity Institute. 2021. Botanical Database of Southern Africa (BODATSA) [offline dataset]. http://newposa.sanbi.org [Note that these data are not available at this URL as of 2021],Shangaan,Ken-ichi Ueda,2021-10-21T20:26:28Z
340173,mphimbi,und,"","",South African National Biodiversity Institute. 2021. Botanical Database of Southern Africa (BODATSA) [offline dataset]. http://newposa.sanbi.org [Note that these data are not available at this URL as of 2021],Shangaan,Ken-ichi Ueda,2021-10-21T20:26:29Z
586670,shihlangwa,und,"","",South African National Biodiversity Institute. 2021. Botanical Database of Southern Africa (BODATSA) [offline dataset]. http://newposa.sanbi.org [Note that these data are not available at this URL as of 2021],Shangaan,Ken-ichi Ueda,2021-10-21T20:26:29Z
586670,sihlangwa,und,"","",South African National Biodiversity Institute. 2021. Botanical Database of Southern Africa (BODATSA) [offline dataset]. http://newposa.sanbi.org [Note that these data are not available at this URL as of 2021],Shangaan,Ken-ichi Ueda,2021-10-21T20:26:29Z
428461,tatazaan,und,"","",South African National Biodiversity Institute. 2021. Botanical Database of Southern Africa (BODATSA) [offline dataset]. http://newposa.sanbi.org [Note that these data are not available at this URL as of 2021],Shangaan,Ken-ichi Ueda,2021-10-21T20:26:29Z
428461,thathasane,und,"","",South African National Biodiversity Institute. 2021. Botanical Database of Southern Africa (BODATSA) [offline dataset]. http://newposa.sanbi.org [Note that these data are not available at this URL as of 2021],Shangaan,Ken-ichi Ueda,2021-10-21T20:26:30Z
133558,tshidzungu,und,"","",South African National Biodiversity Institute. 2021. Botanical Database of Southern Africa (BODATSA) [offline dataset]. http://newposa.sanbi.org [Note that these data are not available at this URL as of 2021],Shangaan,Ken-ichi Ueda,2021-10-21T20:26:30Z
81491,mptungurhu,und,"","",South African National Biodiversity Institute. 2021. Botanical Database of Southern Africa (BODATSA) [offline dataset]. http://newposa.sanbi.org [Note that these data are not available at this URL as of 2021],Shangaan,Ken-ichi Ueda,2021-10-21T20:26:30Z
343067,musuzwane,und,"","",South African National Biodiversity Institute. 2021. Botanical Database of Southern Africa (BODATSA) [offline dataset]. http://newposa.sanbi.org [Note that these data are not available at this URL as of 2021],Shangaan,Ken-ichi Ueda,2021-10-21T20:26:31Z
340128,pumbulu,und,"","",South African National Biodiversity Institute. 2021. Botanical Database of Southern Africa (BODATSA) [offline dataset]. http://newposa.sanbi.org [Note that these data are not available at this URL as of 2021],Shangaan,Ken-ichi Ueda,2021-10-21T20:26:31Z
589698,igqwabali,und,"","",South African National Biodiversity Institute. 2021. Botanical Database of Southern Africa (BODATSA) [offline dataset]. http://newposa.sanbi.org [Note that these data are not available at this URL as of 2021],Shangaan,Ken-ichi Ueda,2021-10-21T20:26:31Z
469795,ikalimela,und,"","",South African National Biodiversity Institute. 2021. Botanical Database of Southern Africa (BODATSA) [offline dataset]. http://newposa.sanbi.org [Note that these data are not available at this URL as of 2021],Shangaan,Ken-ichi Ueda,2021-10-21T20:26:32Z
428559,sikwakwashe,und,"","",South African National Biodiversity Institute. 2021. Botanical Database of Southern Africa (BODATSA) [offline dataset]. http://newposa.sanbi.org [Note that these data are not available at this URL as of 2021],Shangaan,Ken-ichi Ueda,2021-10-21T20:26:32Z
428559,xikwakwashu,und,"","",South African National Biodiversity Institute. 2021. Botanical Database of Southern Africa (BODATSA) [offline dataset]. http://newposa.sanbi.org [Note that these data are not available at this URL as of 2021],Shangaan,Ken-ichi Ueda,2021-10-21T20:26:32Z
138688,ndzedze,und,"","",South African National Biodiversity Institute. 2021. Botanical Database of Southern Africa (BODATSA) [offline dataset]. http://newposa.sanbi.org [Note that these data are not available at this URL as of 2021],Shangaan,Ken-ichi Ueda,2021-10-21T20:26:33Z
138688,nhlanhlanhu,und,"","",South African National Biodiversity Institute. 2021. Botanical Database of Southern Africa (BODATSA) [offline dataset]. http://newposa.sanbi.org [Note that these data are not available at this URL as of 2021],Shangaan,Ken-ichi Ueda,2021-10-21T20:26:33Z
138688,ntsetse,und,"","",South African National Biodiversity Institute. 2021. Botanical Database of Southern Africa (BODATSA) [offline dataset]. http://newposa.sanbi.org [Note that these data are not available at this URL as of 2021],Shangaan,Ken-ichi Ueda,2021-10-21T20:26:33Z
592162,nkolokotso,und,"","",South African National Biodiversity Institute. 2021. Botanical Database of Southern Africa (BODATSA) [offline dataset]. http://newposa.sanbi.org [Note that these data are not available at this URL as of 2021],Shangaan,Ken-ichi Ueda,2021-10-21T20:26:34Z
367323,fuco,und,"","",South African National Biodiversity Institute. 2021. Botanical Database of Southern Africa (BODATSA) [offline dataset]. http://newposa.sanbi.org [Note that these data are not available at this URL as of 2021],Shangaan,Ken-ichi Ueda,2021-10-21T20:26:34Z
584388,nkuba,und,"","",South African National Biodiversity Institute. 2021. Botanical Database of Southern Africa (BODATSA) [offline dataset]. http://newposa.sanbi.org [Note that these data are not available at this URL as of 2021],Shangaan,Ken-ichi Ueda,2021-10-21T20:26:34Z
584388,nkubatsebi,und,"","",South African National Biodiversity Institute. 2021. Botanical Database of Southern Africa (BODATSA) [offline dataset]. http://newposa.sanbi.org [Note that these data are not available at this URL as of 2021],Shangaan,Ken-ichi Ueda,2021-10-21T20:26:34Z
584388,shimapana,und,"","",South African National Biodiversity Institute. 2021. Botanical Database of Southern Africa (BODATSA) [offline dataset]. http://newposa.sanbi.org [Note that these data are not available at this URL as of 2021],Shangaan,Ken-ichi Ueda,2021-10-21T20:26:35Z
584388,tsebi,und,"","",South African National Biodiversity Institute. 2021. Botanical Database of Southern Africa (BODATSA) [offline dataset]. http://newposa.sanbi.org [Note that these data are not available at this URL as of 2021],Shangaan,Ken-ichi Ueda,2021-10-21T20:26:35Z
600866,nshelela,und,"","",South African National Biodiversity Institute. 2021. Botanical Database of Southern Africa (BODATSA) [offline dataset]. http://newposa.sanbi.org [Note that these data are not available at this URL as of 2021],Shangaan,Ken-ichi Ueda,2021-10-21T20:26:35Z
369448,uvovovo,und,"","",South African National Biodiversity Institute. 2021. Botanical Database of Southern Africa (BODATSA) [offline dataset]. http://newposa.sanbi.org [Note that these data are not available at this URL as of 2021],Shangaan,Ken-ichi Ueda,2021-10-21T20:26:36Z
79141,kophe,und,"","",South African National Biodiversity Institute. 2021. Botanical Database of Southern Africa (BODATSA) [offline dataset]. http://newposa.sanbi.org [Note that these data are not available at this URL as of 2021],Shangaan,Ken-ichi Ueda,2021-10-21T20:26:37Z
340253,ndzopfori,und,"","",South African National Biodiversity Institute. 2021. Botanical Database of Southern Africa (BODATSA) [offline dataset]. http://newposa.sanbi.org [Note that these data are not available at this URL as of 2021],Shangaan,Ken-ichi Ueda,2021-10-21T20:26:38Z
340253,tshopfori,und,"","",South African National Biodiversity Institute. 2021. Botanical Database of Southern Africa (BODATSA) [offline dataset]. http://newposa.sanbi.org [Note that these data are not available at this URL as of 2021],Shangaan,Ken-ichi Ueda,2021-10-21T20:26:38Z
340253,tshopfoti,und,"","",South African National Biodiversity Institute. 2021. Botanical Database of Southern Africa (BODATSA) [offline dataset]. http://newposa.sanbi.org [Note that these data are not available at this URL as of 2021],Shangaan,Ken-ichi Ueda,2021-10-21T20:26:38Z
594959,kukumezane,und,"","",South African National Biodiversity Institute. 2021. Botanical Database of Southern Africa (BODATSA) [offline dataset]. http://newposa.sanbi.org [Note that these data are not available at this URL as of 2021],Shangaan,Ken-ichi Ueda,2021-10-21T20:26:39Z
601313,Mutwa,und,"","",South African National Biodiversity Institute. 2021. Botanical Database of Southern Africa (BODATSA) [offline dataset]. http://newposa.sanbi.org [Note that these data are not available at this URL as of 2021],Shangaan,Ken-ichi Ueda,2021-10-21T20:26:39Z
336810,nkonola,und,"","",South African National Biodiversity Institute. 2021. Botanical Database of Southern Africa (BODATSA) [offline dataset]. http://newposa.sanbi.org [Note that these data are not available at this URL as of 2021],Shangaan,Ken-ichi Ueda,2021-10-21T20:26:39Z
336810,nkonona,und,"","",South African National Biodiversity Institute. 2021. Botanical Database of Southern Africa (BODATSA) [offline dataset]. http://newposa.sanbi.org [Note that these data are not available at this URL as of 2021],Shangaan,Ken-ichi Ueda,2021-10-21T20:26:39Z
336810,nkonono,und,"","",South African National Biodiversity Institute. 2021. Botanical Database of Southern Africa (BODATSA) [offline dataset]. http://newposa.sanbi.org [Note that these data are not available at this URL as of 2021],Shangaan,Ken-ichi Ueda,2021-10-21T20:26:40Z
336810,nkunona,und,"","",South African National Biodiversity Institute. 2021. Botanical Database of Southern Africa (BODATSA) [offline dataset]. http://newposa.sanbi.org [Note that these data are not available at this URL as of 2021],Shangaan,Ken-ichi Ueda,2021-10-21T20:26:40Z
587504,intsonga,und,"","",South African National Biodiversity Institute. 2021. Botanical Database of Southern Africa (BODATSA) [offline dataset]. http://newposa.sanbi.org [Note that these data are not available at this URL as of 2021],Shangaan,Ken-ichi Ueda,2021-10-21T20:26:40Z
587504,xibaha,und,"","",South African National Biodiversity Institute. 2021. Botanical Database of Southern Africa (BODATSA) [offline dataset]. http://newposa.sanbi.org [Note that these data are not available at this URL as of 2021],Shangaan,Ken-ichi Ueda,2021-10-21T20:26:41Z
130789,simbongana,und,"","",South African National Biodiversity Institute. 2021. Botanical Database of Southern Africa (BODATSA) [offline dataset]. http://newposa.sanbi.org [Note that these data are not available at this URL as of 2021],Shangaan,Ken-ichi Ueda,2021-10-21T20:26:41Z
243419,ntsekele,und,"","",South African National Biodiversity Institute. 2021. Botanical Database of Southern Africa (BODATSA) [offline dataset]. http://newposa.sanbi.org [Note that these data are not available at this URL as of 2021],Shangaan,Ken-ichi Ueda,2021-10-21T20:26:41Z
362174,khinugumorupa,und,"","",South African National Biodiversity Institute. 2021. Botanical Database of Southern Africa (BODATSA) [offline dataset]. http://newposa.sanbi.org [Note that these data are not available at this URL as of 2021],Shangaan,Ken-ichi Ueda,2021-10-21T20:26:42Z
362174,nugane,und,"","",South African National Biodiversity Institute. 2021. Botanical Database of Southern Africa (BODATSA) [offline dataset]. http://newposa.sanbi.org [Note that these data are not available at this URL as of 2021],Shangaan,Ken-ichi Ueda,2021-10-21T20:26:42Z
81500,shimuwu,und,"","",,Shangaan,Botswanabugs,2021-11-11T16:43:55Z
81500,ximuwu,und,"","",,Shangaan,Botswanabugs,2021-11-11T16:44:46Z
43125,mpfundla,und,"","",,Shangaan,Botswanabugs,2022-01-10T05:46:21Z
75083,shikwaru,und,"","",,Shangaan,Botswanabugs,2022-01-10T05:55:43Z
1306005,Ndloti,und,"","",https://www.inaturalist.org/taxon_names/2899695/edit,Shangaan,Bobby McCabe,2022-02-28T01:14:37Z
41886,mhisi,und,"","",,Shangaan,Botswanabugs,2022-03-24T08:19:48Z
42305,nhlangu,und,"","",,Shangaan,Botswanabugs,2022-03-24T11:54:44Z
42276,nondo,und,"","",,Shangaan,Botswanabugs,2022-03-24T11:58:48Z
502780,umunga,und,"","",,Shangaan,Botswanabugs,2023-03-20T11:15:20Z
595947,risavana,und,"","",,Shangaan,Botswanabugs,2023-03-20T11:42:14Z
595958,musivitha,und,"","",,Shangaan,Botswanabugs,2023-03-20T11:46:56Z
594422,umuthu omkulu,und,"","",,Shangaan,Botswanabugs,2023-03-21T07:09:48Z
25001,chinani,und,"","",,Shangaan,Botswanabugs,2023-05-14T04:17:20Z
1473181,nyiri,und,"","",South African National Biodiversity Institute. 2021. Botanical Database of Southern Africa (BODATSA) [offline dataset]. http://newposa.sanbi.org [Note that these data are not available at this URL as of 2021],Shangaan,,2023-06-09T13:59:18Z
1473181,nyiyi,und,"","",South African National Biodiversity Institute. 2021. Botanical Database of Southern Africa (BODATSA) [offline dataset]. http://newposa.sanbi.org [Note that these data are not available at this URL as of 2021],Shangaan,,2023-06-09T13:59:18Z
41963,yingwe,und,"","",,Shangaan,Botswanabugs,2023-11-20T06:57:50Z
1588195,nchongo,und,"","",South African National Biodiversity Institute. 2021. Botanical Database of Southern Africa (BODATSA) [offline dataset]. http://newposa.sanbi.org [Note that these data are not available at this URL as of 2021],Shangaan,,2024-11-11T17:43:04Z
1588521,nkanye,und,"","",South African National Biodiversity Institute. 2021. Botanical Database of Southern Africa (BODATSA) [offline dataset]. http://newposa.sanbi.org [Note that these data are not available at this URL as of 2021],Shangaan,,2024-11-12T07:54:13Z
1588521,nkanyi,und,"","",South African National Biodiversity Institute. 2021. Botanical Database of Southern Africa (BODATSA) [offline dataset]. http://newposa.sanbi.org [Note that these data are not available at this URL as of 2021],Shangaan,,2024-11-12T07:54:14Z
343039,mukalaunga,und,"","",,Shangaan,Botswanabugs,2025-01-04T05:56:10Z
343039,hlofungu,und,"","",,Shangaan,Botswanabugs,2025-01-04T05:57:34Z
