id,vernacularName,language,locality,countryCode,source,lexicon,contributor,created
524159,Koodoo,und,Southern Africa,"",,Khoisan,Tony Rebelo,2017-12-12T06:19:49Z
76467,Kerkei,und,"","",,Khoisan,,2017-12-18T18:22:37Z
119383,Cabong,und,"","",,Khoisan,Tony Rebelo,2017-12-19T10:59:02Z
841204,Ts'ama,und,"","",,Khoisan,Dewald du Plessis,2021-04-17T11:52:26Z
598067,Gaukum,und,"","",South African National Biodiversity Institute. 2021. Botanical Database of Southern Africa (BODATSA) [offline dataset]. http://newposa.sanbi.org [Note that these data are not available at this URL as of 2021],Khoisan,Ken-ichi Ueda,2021-10-21T20:16:53Z
533457,Guarrie,und,"","",South African National Biodiversity Institute. 2021. Botanical Database of Southern Africa (BODATSA) [offline dataset]. http://newposa.sanbi.org [Note that these data are not available at this URL as of 2021],Khoisan,Ken-ichi Ueda,2021-10-21T20:16:53Z
1038374,d/kooi dabee,und,"","",South African National Biodiversity Institute. 2021. Botanical Database of Southern Africa (BODATSA) [offline dataset]. http://newposa.sanbi.org [Note that these data are not available at this URL as of 2021],Khoisan,Ken-ichi Ueda,2021-10-21T20:16:53Z
119476,koerhassie,und,"","",South African National Biodiversity Institute. 2021. Botanical Database of Southern Africa (BODATSA) [offline dataset]. http://newposa.sanbi.org [Note that these data are not available at this URL as of 2021],Khoisan,Ken-ichi Ueda,2021-10-21T20:16:54Z
311268,kauimp,und,"","",South African National Biodiversity Institute. 2021. Botanical Database of Southern Africa (BODATSA) [offline dataset]. http://newposa.sanbi.org [Note that these data are not available at this URL as of 2021],Khoisan,Ken-ichi Ueda,2021-10-21T20:16:54Z
311268,t'nau,und,"","",South African National Biodiversity Institute. 2021. Botanical Database of Southern Africa (BODATSA) [offline dataset]. http://newposa.sanbi.org [Note that these data are not available at this URL as of 2021],Khoisan,Ken-ichi Ueda,2021-10-21T20:16:54Z
590086,geita,und,"","",South African National Biodiversity Institute. 2021. Botanical Database of Southern Africa (BODATSA) [offline dataset]. http://newposa.sanbi.org [Note that these data are not available at this URL as of 2021],Khoisan,Ken-ichi Ueda,2021-10-21T20:16:55Z
590086,nceta,und,"","",South African National Biodiversity Institute. 2021. Botanical Database of Southern Africa (BODATSA) [offline dataset]. http://newposa.sanbi.org [Note that these data are not available at this URL as of 2021],Khoisan,Ken-ichi Ueda,2021-10-21T20:16:55Z
528602,ciena,und,"","",South African National Biodiversity Institute. 2021. Botanical Database of Southern Africa (BODATSA) [offline dataset]. http://newposa.sanbi.org [Note that these data are not available at this URL as of 2021],Khoisan,Ken-ichi Ueda,2021-10-21T20:16:55Z
575088,I/guara,und,"","",South African National Biodiversity Institute. 2021. Botanical Database of Southern Africa (BODATSA) [offline dataset]. http://newposa.sanbi.org [Note that these data are not available at this URL as of 2021],Khoisan,Ken-ichi Ueda,2021-10-21T20:16:56Z
575088,p/guara,und,"","",South African National Biodiversity Institute. 2021. Botanical Database of Southern Africa (BODATSA) [offline dataset]. http://newposa.sanbi.org [Note that these data are not available at this URL as of 2021],Khoisan,Ken-ichi Ueda,2021-10-21T20:16:56Z
575088,t' kuni,und,"","",South African National Biodiversity Institute. 2021. Botanical Database of Southern Africa (BODATSA) [offline dataset]. http://newposa.sanbi.org [Note that these data are not available at this URL as of 2021],Khoisan,Ken-ichi Ueda,2021-10-21T20:16:56Z
338734,gami\awib,und,"","",South African National Biodiversity Institute. 2021. Botanical Database of Southern Africa (BODATSA) [offline dataset]. http://newposa.sanbi.org [Note that these data are not available at this URL as of 2021],Khoisan,Ken-ichi Ueda,2021-10-21T20:16:57Z
338734,nama dau\anab,und,"","",South African National Biodiversity Institute. 2021. Botanical Database of Southern Africa (BODATSA) [offline dataset]. http://newposa.sanbi.org [Note that these data are not available at this URL as of 2021],Khoisan,Ken-ichi Ueda,2021-10-21T20:16:57Z
168423,Ghaiwortel,und,"","",South African National Biodiversity Institute. 2021. Botanical Database of Southern Africa (BODATSA) [offline dataset]. http://newposa.sanbi.org [Note that these data are not available at this URL as of 2021],Khoisan,Ken-ichi Ueda,2021-10-21T20:16:57Z
168423,Khai,und,"","",South African National Biodiversity Institute. 2021. Botanical Database of Southern Africa (BODATSA) [offline dataset]. http://newposa.sanbi.org [Note that these data are not available at this URL as of 2021],Khoisan,Ken-ichi Ueda,2021-10-21T20:16:58Z
168423,t'kay,und,"","",South African National Biodiversity Institute. 2021. Botanical Database of Southern Africa (BODATSA) [offline dataset]. http://newposa.sanbi.org [Note that these data are not available at this URL as of 2021],Khoisan,Ken-ichi Ueda,2021-10-21T20:16:58Z
1108941,Haban,und,"","",,Khoisan,koos_the_reader,2023-05-10T20:01:12Z
1108941,Hawan,und,"","",,Khoisan,koos_the_reader,2023-05-10T20:01:48Z
