id,vernacularName,language,locality,countryCode,source,lexicon,contributor,created
98477,Gwyniad,und,"","",,Welsh,Tig,2013-04-26T07:24:44Z
111994,Torgoch,und,"","",,Welsh,Tig,2015-12-07T10:43:17Z
101176,Ciglas,und,"","",,Welsh,Tig,2015-12-07T17:29:40Z
57157,Crydwellt mawr,und,"","",,Welsh,John E. Christensen,2017-11-29T09:28:55Z
47126,Planhigyn,und,"","",,Welsh,John E. Christensen,2017-12-06T07:49:06Z
51807,Troed y golomen,und,"","",,Welsh,John E. Christensen,2017-12-09T15:27:59Z
5267,Barcud Coch,und,"","",,Welsh,John E. Christensen,2017-12-15T07:01:49Z
26036,Ymlusgiad,und,"","",,Welsh,John E. Christensen,2017-12-19T08:07:53Z
47114,Gastropod,und,"","",,Welsh,John E. Christensen,2017-12-20T15:35:27Z
43791,Afanc,und,"","",,Welsh,John E. Christensen,2017-12-26T20:11:19Z
20978,Amffibiad,und,"","",,Welsh,John E. Christensen,2018-01-07T09:25:19Z
61827,Lili Jersey,und,"","",,Welsh,John E. Christensen,2018-01-24T16:16:04Z
42134,Baedd Gwyllt,und,"","",,Welsh,John E. Christensen,2018-02-13T08:03:31Z
18230,Ysgytiwr gogleddol,und,"","",,Welsh,John E. Christensen,2018-02-23T13:44:55Z
131605,Tegeirian y milwr,und,"","",,Welsh,John E. Christensen,2018-03-10T14:24:14Z
8088,Ysgrech y coed,und,"","",,Welsh,John E. Christensen,2018-03-24T06:42:05Z
52913,Ysgellog,und,"","",,Welsh,John E. Christensen,2018-03-29T15:38:33Z
56222,Dail troed yr ebol,und,"","",,Welsh,John E. Christensen,2018-04-10T16:30:30Z
143243,Camri,und,"","",,Welsh,John E. Christensen,2018-04-25T14:41:54Z
47603,Dant y llew,und,"","",,Welsh,John E. Christensen,2018-04-30T15:04:55Z
56006,Pidyn-y-gog y gors,und,"","",,Welsh,John E. Christensen,2018-05-02T08:13:27Z
61396,Penrhudd,und,"","",,Welsh,John E. Christensen,2018-05-14T08:14:01Z
64549,Bwrned mawr,und,"","",,Welsh,John E. Christensen,2018-05-15T09:07:19Z
58722,Pinwydden yr Alban,und,"","",,Welsh,,2018-06-16T13:12:06Z
85553,Neidr,und,"","",,Welsh,John E. Christensen,2018-06-24T13:40:56Z
569428,Gwenci,und,"","",,Welsh,John E. Christensen,2018-07-05T06:52:48Z
45933,Gwiwer,und,"","",,Welsh,John E. Christensen,2018-07-12T15:22:49Z
151882,Coeden ginco,und,"","",,Welsh,John E. Christensen,2018-08-12T07:03:30Z
55884,Rhosyn gwyllt,und,"","",,Welsh,John E. Christensen,2018-10-18T13:44:29Z
122970,Blodyn-yr-haul oddfog,und,"","",,Welsh,John E. Christensen,2018-11-04T13:19:57Z
64714,Llusen y gors,und,"","",,Welsh,John E. Christensen,2018-11-19T09:50:16Z
47851,Derwen,und,"","",,Welsh,John E. Christensen,2018-11-26T15:16:04Z
63573,Sbriwsen,und,"","",,Welsh,John E. Christensen,2018-12-16T09:43:38Z
121943,Rhedynen,und,"","",,Welsh,John E. Christensen,2018-12-17T16:19:43Z
70054,Melon dŵr,und,"","",,Welsh,John E. Christensen,2018-12-24T10:46:53Z
7006,Gŵydd,und,"","",,Welsh,John E. Christensen,2019-01-04T08:39:16Z
8034,Cigfran yddfwinau,und,"","",,Welsh,John E. Christensen,2019-01-06T08:55:54Z
48561,Ysgallen,und,"","",,Welsh,John E. Christensen,2019-01-16T07:26:24Z
4756,Fwltur pengoch America,und,"","",,Welsh,John E. Christensen,2019-01-23T10:06:48Z
40151,Mamal,und,"","",,Welsh,John E. Christensen,2019-02-07T18:21:10Z
210289,Gwyran,und,"","",,Welsh,John E. Christensen,2019-02-10T11:04:36Z
47516,Brithyll Seithliw,und,"","",,Welsh,John E. Christensen,2019-03-13T09:39:36Z
47217,Tegeirian,und,"","",,Welsh,John E. Christensen,2019-03-15T10:42:44Z
51741,Llysiau'r gymalwst,und,"","",,Welsh,John E. Christensen,2019-05-01T07:59:37Z
43367,Primat,und,"","",,Welsh,John E. Christensen,2019-05-11T11:12:48Z
40019,Crwban tir,und,"","",,Welsh,John E. Christensen,2019-05-28T13:28:31Z
57563,Marchysgallen y gerddi,und,"","",,Welsh,John E. Christensen,2019-07-06T09:44:33Z
914922,Canclwm Japan,und,"","",,Welsh,John E. Christensen,2019-07-30T18:49:02Z
8010,Cigfran,und,"","",,Welsh,John E. Christensen,2019-08-02T13:54:21Z
47927,Gwas neidr,und,"","",,Welsh,John E. Christensen,2019-11-11T21:23:33Z
505478,Iâr (ddof),und,"","",,Welsh,John E. Christensen,2019-11-19T14:09:36Z
127355,Bara'r hwch,und,"","",,Welsh,John E. Christensen,2019-11-24T15:34:43Z
82393,Cnwp-fwsogl Alpaidd,und,"","",,Welsh,Johan Devos,2020-01-29T19:27:08Z
131236,firysau,und,"","",,Welsh,James K. Douch,2020-02-23T03:11:30Z
131586,Cróch an fhómhair,und,"","",,Welsh,Johan Devos,2020-06-05T19:38:47Z
207836,Seren-Fethlehem gynnar,und,"","",,Welsh,Johan Devos,2020-06-05T21:47:48Z
526556,Dwrgi,und,"","",,Welsh,John E. Christensen,2020-06-07T11:36:58Z
350033,amanita benfelen,und,"Wales, GB","",,Welsh,anneliese merrigan,2020-07-20T21:49:00Z
118400,amanita borffor,und,"","",,Welsh,anneliese merrigan,2020-07-20T21:50:10Z
938922,amanita droednoeth,und,"","",,Welsh,anneliese merrigan,2020-07-20T21:51:06Z
48715,amanita'r gwybed,und,"","",,Welsh,anneliese merrigan,2020-07-20T21:51:49Z
19350,Tylluan,und,"","",,Welsh,John E. Christensen,2020-08-30T20:05:14Z
630955,Gwenynen,und,"","",,Welsh,John E. Christensen,2020-09-28T16:00:54Z
118402,Corwystrysen fwsogl fach,und,"","",,Welsh,Johan Devos,2020-12-13T21:43:29Z
499715,Corwystrysen fwsogl,und,"","",,Welsh,Johan Devos,2020-12-13T21:45:47Z
354693,Bogail gwyrddlas,und,"","",,Welsh,Johan Devos,2020-12-13T21:48:45Z
129485,plu-wyfynod gwyn,und,"","",https://www.inaturalist.org/taxon_names/2359167/edit,Welsh,Christoph Posch,2020-12-24T15:02:35Z
47903,Cactws,und,"","",,Welsh,John E. Christensen,2021-02-10T13:16:59Z
48648,Eog,und,"","",http://www.catalogueoflife.org/annual-checklist/details/species/id/10078694/common/45819,Welsh,iSea,2021-07-09T13:34:07Z
48156,Draenogyn Cegfawr,und,"","",https://eol.org/pages/46580134,Welsh,iSea,2021-07-14T18:19:33Z
47516,Brithyll seiethliw,und,"","",,Welsh,Zane Roskoph,2021-07-19T12:32:20Z
111974,Torgoch,und,"","",,Welsh,Zane Roskoph,2021-07-19T18:59:37Z
50873,Morgi mawr gwyn,und,"","",,Welsh,Zane Roskoph,2021-07-30T13:50:01Z
42007,Pwma,und,"","",,Welsh,Zane Roskoph,2021-08-01T00:46:33Z
14301,Manacin cefnlas,und,"","",,Welsh,Zane Roskoph,2021-08-02T19:41:22Z
52188,Morgi morfilaidd,und,"","",,Welsh,Zane Roskoph,2021-08-03T13:52:12Z
112841,Morgi´r Ynys Las,und,"","",,Welsh,Zane Roskoph,2021-08-03T14:31:46Z
719045,Dryw Hirta,und,"","",,Welsh,Zane Roskoph,2021-08-06T14:43:09Z
719043,Dryw Fair Isle,und,"","",,Welsh,Zane Roskoph,2021-08-06T14:45:30Z
450204,Cotoneaster y gogarth,und,"","",,Welsh,Zane Roskoph,2021-08-06T14:55:41Z
1112984,Heboglys Attenborough,und,"","",,Welsh,Zane Roskoph,2021-08-06T15:03:43Z
336377,Creulys Gymreig,und,"","",,Welsh,Zane Roskoph,2021-08-06T15:05:54Z
371680,Effros Cymreig,und,"","",,Welsh,Zane Roskoph,2021-08-06T15:06:40Z
207576,Chweinllys y maes,und,"","",,Welsh,Zane Roskoph,2021-08-06T15:08:59Z
10421,Gylfingroes yr Alban,und,"","",,Welsh,Zane Roskoph,2021-08-06T15:11:59Z
1330,Sofliar coed farfog,und,"","",,Welsh,Zane Roskoph,2021-08-09T19:12:53Z
12711,Brych gyddfwyn y gorllewin,und,"","",,Welsh,Zane Roskoph,2021-08-09T19:23:45Z
339893,Tanagr prysgoed cyffredin,und,"","",,Welsh,Zane Roskoph,2021-08-09T19:31:44Z
129054,Tiwlip yr ardd,und,"","",,Welsh,Zane Roskoph,2021-08-10T12:06:11Z
47916,Gwyfyn lwna,und,"","",,Welsh,Zane Roskoph,2021-08-10T13:28:20Z
117182,Telor cyrs Nauru,und,"","",,Welsh,Zane Roskoph,2021-08-10T15:46:07Z
709635,Gellesgen farfog,und,"","",,Welsh,Zane Roskoph,2021-08-10T16:16:52Z
3451,Turtur y Galapagos,und,"","",,Welsh,Zane Roskoph,2021-08-11T11:41:09Z
144516,Gwylan dywyll,und,"","",,Welsh,Zane Roskoph,2021-08-11T11:52:49Z
4555,Gwylan ifori,und,"","",,Welsh,Zane Roskoph,2021-08-11T12:10:27Z
4564,Gwylan y Galapagos,und,"","",,Welsh,Zane Roskoph,2021-08-11T12:28:14Z
367474,Rhegen Galapagos,und,"","",,Welsh,Zane Roskoph,2021-08-11T15:04:22Z
3802,Hugan,und,"","",,Welsh,Zane Roskoph,2021-08-11T15:39:11Z
41644,arth wen,und,"","",,Welsh,Zane Roskoph,2021-08-11T16:08:52Z
54699,Llwyn te,und,"","",,Welsh,Zane Roskoph,2021-08-12T12:54:51Z
18941,Cea,und,"","",,Welsh,Zane Roskoph,2021-08-12T14:43:34Z
112581,Pencath,und,"","",,Welsh,Zane Roskoph,2021-08-14T18:06:53Z
41553,Morfil Glas,und,"","",,Welsh,Zane Roskoph,2021-08-15T14:46:24Z
41461,Morfil Gwyn,und,"","",,Welsh,Zane Roskoph,2021-08-15T18:02:32Z
41964,Llew,und,"","",,Welsh,Zane Roskoph,2021-08-24T12:17:42Z
41967,Teigr,und,"","",,Welsh,Zane Roskoph,2021-08-26T15:11:06Z
1277880,Cerddinen wen fach,und,"","",https://www.inaturalist.org/taxon_names/2635610/edit,Welsh,,2021-09-03T01:33:11Z
114122,Tiwna asgell-hir,und,"","",,Welsh,Zane Roskoph,2021-09-18T19:03:59Z
152974,Llyfrothen,und,"","",,Welsh,Zane Roskoph,2021-09-19T12:41:04Z
60603,Iâr fôr,und,"","",,Welsh,Zane Roskoph,2021-09-19T15:09:17Z
49601,Pysgodyn haul,und,"","",,Welsh,Zane Roskoph,2021-09-19T15:45:19Z
97990,Pennog,und,"","",,Welsh,Zane Roskoph,2021-09-19T18:17:17Z
82128,Heulgi,und,"","",,Welsh,Zane Roskoph,2021-09-19T22:55:25Z
213519,Morflaidd,und,"","",,Welsh,Zane Roskoph,2021-10-02T13:50:27Z
47639,Ilyffant môr,und,"","",,Welsh,Zane Roskoph,2021-10-02T14:19:58Z
122916,Opa,und,"","",,Welsh,Zane Roskoph,2021-10-03T23:29:22Z
320790,sgorpion môr Norwy,und,"","",,Welsh,Johan Devos,2021-11-24T08:46:21Z
130386,sgorpion môr,und,"","",,Welsh,Johan Devos,2021-11-24T08:49:13Z
1286843,Dryw'r hesg,und,"","",,Welsh,max kirsch,2022-04-12T19:19:39Z
47125,Planhigyn blodeuol,und,"","",,Welsh,John E. Christensen,2022-09-05T12:40:17Z
1,Anifail,und,"","",,Welsh,John E. Christensen,2022-10-03T11:42:47Z
1,Anifeiliaid,und,"","",,Welsh,Yann Kemper,2022-11-18T04:54:58Z
1431809,Llygoden bengron Sgomer,und,"","",https://www.inaturalist.org/taxon_names/2635606/edit,Welsh,,2022-12-06T18:16:51Z
325871,gwibiwr yr hocys,und,"","",,Welsh,Kitty Maurey,2022-12-10T02:17:25Z
411141,Helyglys Seland Newydd,und,"","",,Welsh,pigeonmann,2022-12-31T02:20:57Z
447878,Corfiaren,und,"","",,Welsh,Johan Devos,2023-01-14T10:25:28Z
64546,Llwyn Mwyar Mair,und,"","",,Welsh,Johan Devos,2023-01-14T10:41:39Z
64546,Mwyaren Fair,und,"","",,Welsh,Johan Devos,2023-01-14T10:42:07Z
47543,Miaren Oren,und,"","",,Welsh,Johan Devos,2023-01-22T17:02:01Z
47543,Mieri Oren,und,"","",,Welsh,Johan Devos,2023-01-22T17:02:23Z
47543,Mwyaren Oren,und,"","",,Welsh,Johan Devos,2023-01-22T17:02:43Z
84227,Llwyn Mwyar Gwin,und,"","",,Welsh,Johan Devos,2023-01-28T12:02:12Z
450242,Miaren Goeswen,und,"","",,Welsh,Johan Devos,2023-01-28T12:05:51Z
450242,Mieri Coeswyn,und,"","",,Welsh,Johan Devos,2023-01-28T12:06:13Z
417619,Llwyn Mwyar Logan,und,"","",,Welsh,Johan Devos,2023-01-31T22:46:28Z
417619,Llwyni Mwyar Logan,und,"","",,Welsh,Johan Devos,2023-01-31T22:46:55Z
20526,Estrys,und,"","",,Welsh,Johan Devos,2023-02-28T22:18:57Z
143532,Hesgen Eurwerdd Lefn,und,"","",,Welsh,Johan Devos,2023-03-15T20:07:06Z
1269296,golfan eira Meinertzhagen,und,"","",https://www.inaturalist.org/taxon_names/2631300/edit,Welsh,Donald Davesne,2023-10-31T00:00:43Z
47726,Masarnen Dail Ynn,und,"","",,Welsh,jamie-aa,2023-12-03T23:25:34Z
118622,pysgodyn darn arian,und,"","",,Welsh,Johan Devos,2024-02-28T20:23:16Z
118637,lleden benglwm Eckstrom,und,"","",,Welsh,Johan Devos,2024-02-28T20:33:02Z
120667,lleden Thor,und,"","",,Welsh,Johan Devos,2024-02-28T20:45:33Z
115167,pysgodyn cleddyf,und,"","",,Welsh,Johan Devos,2024-02-28T20:57:52Z
342287,gobi lliwgar,und,"","",,Welsh,Johan Devos,2024-02-28T21:01:53Z
118698,gobi mannog,und,"","",,Welsh,Johan Devos,2024-02-28T21:07:28Z
118706,bill bigog,und,"","",,Welsh,Johan Devos,2024-02-28T21:11:09Z
116999,Gwalch y Pysgod,und,"","",,Welsh,Sean Frederick Tuck,2024-05-23T10:13:20Z
53983,Menyg Ellyllon,und,"","",,Welsh,Sean Frederick Tuck,2024-05-23T10:15:25Z
855297,Mochyn Daear,und,"","",,Welsh,Sean Frederick Tuck,2024-05-23T10:18:00Z
2599,Glas y Dorlan,und,"","",,Welsh,Sean Frederick Tuck,2024-05-23T10:19:22Z
4270,Mulfran,und,"","",,Welsh,Sean Frederick Tuck,2024-05-23T10:23:15Z
4270,Bilidowcar,und,"","",,Welsh,Sean Frederick Tuck,2024-05-23T10:24:41Z
118649,Diawl Dan Draed,und,"","",,Welsh,Sean Frederick Tuck,2024-05-23T10:30:47Z
46970,Twrch Daear,und,"","",,Welsh,Sean Frederick Tuck,2024-05-23T10:40:18Z
41733,Morlo Llwyd,und,"","",,Welsh,Sean Frederick Tuck,2024-05-23T10:42:11Z
41766,Morlo Ysgithrog,und,"","",,Welsh,Sean Frederick Tuck,2024-05-23T10:43:41Z
41708,Morlo Cyffredin,und,"","",,Welsh,Sean Frederick Tuck,2024-05-23T10:44:59Z
41720,Morlo Barfog,und,"","",,Welsh,Sean Frederick Tuck,2024-05-23T10:46:22Z
41706,Morlo Cycyllog,und,"","",,Welsh,Sean Frederick Tuck,2024-05-23T10:47:38Z
41691,Morlo Cylchog,und,"","",,Welsh,Sean Frederick Tuck,2024-05-23T10:48:42Z
93696,Llwynog Môr,und,"","",,Welsh,Sean Frederick Tuck,2024-05-23T10:50:32Z
43042,Draenog,und,"","",,Welsh,Sean Frederick Tuck,2024-05-23T10:57:48Z
99269,Draenogyn Môr,und,"","",,Welsh,Sean Frederick Tuck,2024-05-23T10:58:39Z
144525,Môr-wennol Fraith,und,"","",,Welsh,Sean Frederick Tuck,2024-05-23T11:00:22Z
4436,Môr-wennol Wridog,und,"","",,Welsh,Sean Frederick Tuck,2024-05-23T11:01:25Z
144529,Môr-wennol Fach,und,"","",,Welsh,Sean Frederick Tuck,2024-05-23T11:02:06Z
4470,Môr-wennol y De,und,"","",,Welsh,Sean Frederick Tuck,2024-05-23T11:05:14Z
144537,Môr-wennol gawraidd,und,"","",,Welsh,Sean Frederick Tuck,2024-05-23T11:06:22Z
4478,Môr-wennol fronwen,und,"","",,Welsh,Sean Frederick Tuck,2024-05-23T11:07:06Z
144536,Môr-wennol Ylfinbraff,und,"","",,Welsh,Sean Frederick Tuck,2024-05-23T11:09:31Z
144539,Môr-wennol Fawr,und,"","",,Welsh,Sean Frederick Tuck,2024-05-23T11:12:30Z
144540,Môr-wennol Bigfelen,und,"","",,Welsh,Sean Frederick Tuck,2024-05-23T11:13:27Z
144542,Môr-wennol Gain,und,"","",,Welsh,Sean Frederick Tuck,2024-05-23T11:14:43Z
144543,Môr-wennol Gribog Leiaf,und,"","",,Welsh,Sean Frederick Tuck,2024-05-23T11:15:25Z
144541,Môr-wennol bigddu,und,"","",,Welsh,Sean Frederick Tuck,2024-05-23T11:16:05Z
144534,Môr-wennol Saunders,und,"","",,Welsh,Sean Frederick Tuck,2024-05-23T11:17:12Z
144530,Môr-wennol Leiaf,und,"","",,Welsh,Sean Frederick Tuck,2024-05-23T11:18:33Z
144528,Môr-wennol Aleutia,und,"","",,Welsh,Sean Frederick Tuck,2024-05-23T11:19:51Z
144527,Môr-wennol Ffrwynog,und,"","",,Welsh,Sean Frederick Tuck,2024-05-23T11:20:54Z
4428,Môr-wennol yr Afon,und,"","",,Welsh,Sean Frederick Tuck,2024-05-23T11:21:46Z
4450,Môr-wennol gyffredin,und,"","",,Welsh,Sean Frederick Tuck,2024-05-23T11:23:52Z
4464,Môr-wennol Fochwen,und,"","",,Welsh,Sean Frederick Tuck,2024-05-23T11:24:34Z
4449,Môr-wennol y Gogledd,und,"","",,Welsh,Sean Frederick Tuck,2024-05-23T11:25:05Z
4457,Môr-wennol Forster,und,"","",,Welsh,Sean Frederick Tuck,2024-05-23T11:25:41Z
62148,Corswennol farfog,und,"","",,Welsh,Sean Frederick Tuck,2024-05-23T11:27:08Z
4514,Corswennol adeinwen,und,"","",,Welsh,Sean Frederick Tuck,2024-05-23T11:28:09Z
4512,Corswennol ddu,und,"","",,Welsh,Sean Frederick Tuck,2024-05-23T11:28:55Z
4535,Hurtyn Cyffredin,und,"","",,Welsh,Sean Frederick Tuck,2024-05-23T11:30:58Z
4538,Hurtyn bach,und,"","",,Welsh,Sean Frederick Tuck,2024-05-23T11:31:51Z
4537,Hurtyn du,und,"","",,Welsh,Sean Frederick Tuck,2024-05-23T11:32:20Z
7024,Hwyaden Fwythblu,und,"","",,Welsh,Sean Frederick Tuck,2024-05-23T11:33:31Z
7164,Hwyaden fwythblu Steller,und,"","",,Welsh,Sean Frederick Tuck,2024-05-23T11:34:25Z
7030,Hwyaden fwythblu'r Gogledd,und,"","",,Welsh,Sean Frederick Tuck,2024-05-23T11:35:06Z
7029,Hwyaden fwythblu sbectolog,und,"","",,Welsh,Sean Frederick Tuck,2024-05-23T11:35:59Z
551307,Morgwn,und,"","",,Welsh,Sean Frederick Tuck,2024-05-23T11:37:14Z
52299,Morgi rhesog,und,"","",,Welsh,Sean Frederick Tuck,2024-05-23T11:38:18Z
110361,Morgi Glas,und,"","",,Welsh,Sean Frederick Tuck,2024-05-23T11:39:53Z
101184,Morgi Cegddu,und,"","",,Welsh,Sean Frederick Tuck,2024-05-23T11:41:01Z
56050,Morgi Serennog,und,"","",,Welsh,Sean Frederick Tuck,2024-05-23T11:41:41Z
112381,Morgi Brych,und,"","",,Welsh,Sean Frederick Tuck,2024-05-23T11:43:06Z
106253,Morgi Llyfn,und,"","",,Welsh,Sean Frederick Tuck,2024-05-23T11:52:32Z
100597,Morgi Seithliw,und,"","",,Welsh,Sean Frederick Tuck,2024-05-23T11:53:16Z
56765,Morgi Pen Morthwyl,und,"","",,Welsh,Sean Frederick Tuck,2024-05-23T11:53:54Z
63508,Corgi Môr,und,"","",,Welsh,Sean Frederick Tuck,2024-05-23T11:54:43Z
118610,Cythraul y Môr,und,"","",,Welsh,Sean Frederick Tuck,2024-05-23T11:57:36Z
39677,Crwban môr lledrgefn,und,"","",,Welsh,Sean Frederick Tuck,2024-05-23T12:00:53Z
55387,Penhwyad,und,"","",,Welsh,Sean Frederick Tuck,2024-05-23T12:02:41Z
4647,Hebog tramor,und,"","",,Welsh,Sean Frederick Tuck,2024-05-23T12:04:53Z
4504,Pâl,und,"","",,Welsh,Sean Frederick Tuck,2024-05-23T12:06:04Z
4509,Pâl pentusw,und,"","",,Welsh,Sean Frederick Tuck,2024-05-23T12:07:12Z
4508,Pâl corniog,und,"","",,Welsh,Sean Frederick Tuck,2024-05-23T12:07:45Z
8029,Ydfran,und,"","",,Welsh,Sean Frederick Tuck,2024-05-23T12:12:34Z
8031,Brân y Tai,und,"","",,Welsh,Sean Frederick Tuck,2024-05-23T12:15:18Z
204496,Brân dyddyn,und,"","",,Welsh,Sean Frederick Tuck,2024-05-23T12:16:28Z
144757,Brân Lwyd,und,"","",,Welsh,Sean Frederick Tuck,2024-05-23T12:17:06Z
8026,Brân y Goedwig,und,"","",,Welsh,Sean Frederick Tuck,2024-05-23T12:17:43Z
8038,Brân Fraith,und,"","",,Welsh,Sean Frederick Tuck,2024-05-23T12:18:04Z
8046,Cigfran Gynffondaen,und,"","",,Welsh,Sean Frederick Tuck,2024-05-23T12:18:36Z
891696,Pioden,und,"","",,Welsh,Sean Frederick Tuck,2024-05-23T12:24:17Z
7998,Brain,und,"","",,Welsh,Sean Frederick Tuck,2024-05-23T12:25:25Z
6912,"Elyrch, gwyddau a hwyaid",und,"","",,Welsh,Sean Frederick Tuck,2024-05-23T12:33:12Z
42184,Iwrch,und,"","",,Welsh,Sean Frederick Tuck,2024-05-23T12:35:46Z
204113,Carw coch,und,"","",,Welsh,Sean Frederick Tuck,2024-05-23T12:37:19Z
43128,Ysgyfarnog,und,"","",,Welsh,Sean Frederick Tuck,2024-05-23T12:38:53Z
42161,Danas,und,"","",,Welsh,Sean Frederick Tuck,2024-05-23T12:40:58Z
42187,Carw mwntjac,und,"","",,Welsh,Sean Frederick Tuck,2024-05-23T12:41:40Z
46001,Gwiwer goch,und,"","",,Welsh,Sean Frederick Tuck,2024-05-23T12:43:09Z
41850,Dwrgi,und,"","",,Welsh,Sean Frederick Tuck,2024-05-23T12:50:03Z
44282,Llygoden bengron y gwair,und,"","",,Welsh,Sean Frederick Tuck,2024-05-23T12:51:39Z
40364,Ystlum lleiaf,und,"","",,Welsh,Sean Frederick Tuck,2024-05-23T12:53:53Z
41482,Dolffin Trwynbwl,und,"","",,Welsh,Sean Frederick Tuck,2024-05-23T12:56:23Z
41808,Carlwm,und,"","",,Welsh,Sean Frederick Tuck,2024-05-23T12:58:39Z
209233,Ceffyl,und,"","",,Welsh,Sean Frederick Tuck,2024-05-23T12:59:42Z
41440,Llamhidydd yr harbwr,und,"","",,Welsh,Sean Frederick Tuck,2024-05-23T13:00:54Z
67819,Llygoden bengron y dŵr,und,"","",,Welsh,Sean Frederick Tuck,2024-05-23T13:01:44Z
1264432,Minc Americanaidd,und,"","",,Welsh,Sean Frederick Tuck,2024-05-23T13:03:16Z
123070,Gafr,und,"","",,Welsh,Sean Frederick Tuck,2024-05-23T13:04:17Z
41526,Dolffin Cyffredin,und,"","",,Welsh,Sean Frederick Tuck,2024-05-23T13:05:03Z
46471,Llyg lleiaf,und,"","",,Welsh,Sean Frederick Tuck,2024-05-23T13:05:48Z
42210,Carw Sica,und,"","",,Welsh,Sean Frederick Tuck,2024-05-23T13:06:28Z
43793,Afanc Ewropeaidd,und,"","",,Welsh,Sean Frederick Tuck,2024-05-23T13:07:30Z
41796,Bele goed,und,"","",,Welsh,Sean Frederick Tuck,2024-05-23T13:09:55Z
46017,Gwiwer lwyd,und,"","",,Welsh,Sean Frederick Tuck,2024-05-23T13:11:02Z
43151,Cwningen Ewropeaidd,und,"","",,Welsh,Sean Frederick Tuck,2024-05-23T13:12:24Z
42069,Llwynog,und,"","",,Welsh,Sean Frederick Tuck,2024-05-23T14:58:22Z
42069,Cadno,und,"","",,Welsh,Sean Frederick Tuck,2024-05-23T14:58:49Z
1431273,Llygoden bengron goch,und,"","",,Welsh,Sean Frederick Tuck,2024-05-23T15:00:54Z
45562,Llygoden y coed,und,"","",,Welsh,Sean Frederick Tuck,2024-05-23T15:02:23Z
44576,Llygoden ffyrnig,und,"","",,Welsh,Sean Frederick Tuck,2024-05-23T15:03:19Z
121578,Dafad,und,"","",,Welsh,Sean Frederick Tuck,2024-05-23T15:04:40Z
74113,Buwch,und,"","",,Welsh,Sean Frederick Tuck,2024-05-23T15:05:40Z
118552,Cath,und,"","",,Welsh,Sean Frederick Tuck,2024-05-23T15:06:28Z
210400,Ystlum Natterer,und,"","",,Welsh,Sean Frederick Tuck,2024-05-23T15:07:27Z
40416,Ystlum hirglust,und,"","",,Welsh,Sean Frederick Tuck,2024-05-23T15:07:57Z
46414,Llyg cyffredin,und,"","",,Welsh,Sean Frederick Tuck,2024-05-23T15:08:28Z
44705,Llygoden y tŷ,und,"","",,Welsh,Sean Frederick Tuck,2024-05-23T15:09:11Z
74908,Ystlum lleiaf,und,"","",,Welsh,Sean Frederick Tuck,2024-05-23T15:10:42Z
41812,Ffwlbart,und,"","",,Welsh,Sean Frederick Tuck,2024-05-23T15:11:21Z
46859,Llyg y dŵr,und,"","",,Welsh,Sean Frederick Tuck,2024-05-23T15:12:53Z
55908,ysgyfarnog mynydd,und,"","",,Welsh,Sean Frederick Tuck,2024-05-23T15:14:35Z
40572,Ystlum mawr,und,"","",,Welsh,Sean Frederick Tuck,2024-05-23T15:15:17Z
45316,Llygoden yr ŷd,und,"","",,Welsh,Sean Frederick Tuck,2024-05-23T15:15:56Z
45856,Pathew,und,"","",,Welsh,Sean Frederick Tuck,2024-05-23T15:16:30Z
40695,Ystlum pedol lleiaf,und,"","",,Welsh,Sean Frederick Tuck,2024-05-23T15:17:46Z
41550,Morfil Pigfain,und,"","",,Welsh,Sean Frederick Tuck,2024-05-23T15:19:55Z
45550,Llygoden fronfelen,und,"","",,Welsh,Sean Frederick Tuck,2024-05-23T15:20:26Z
41566,Morfil Cefngrwm,und,"","",,Welsh,Sean Frederick Tuck,2024-05-23T15:20:55Z
42199,Carw Llychlyn,und,"","",,Welsh,Sean Frederick Tuck,2024-05-23T15:21:55Z
41541,Dolffin Risso,und,"","",,Welsh,Sean Frederick Tuck,2024-05-23T15:22:22Z
41521,Lleiddiad,und,"","",,Welsh,Sean Frederick Tuck,2024-05-23T15:23:32Z
424254,Ystlum y dŵr,und,"","",,Welsh,Sean Frederick Tuck,2024-05-23T15:24:04Z
207811,Ystlum adain lydan,und,"","",,Welsh,Sean Frederick Tuck,2024-05-23T15:25:10Z
40645,Ystlum pedol mwyaf,und,"","",,Welsh,Sean Frederick Tuck,2024-05-23T15:26:08Z
399272,Ffured,und,"","",,Welsh,Sean Frederick Tuck,2024-05-23T15:26:56Z
40581,Ystlum du,und,"","",,Welsh,Sean Frederick Tuck,2024-05-23T15:27:21Z
41421,Morfil Trwyn Potel,und,"","",,Welsh,Sean Frederick Tuck,2024-05-23T15:29:02Z
74383,Pathew tew,und,"","",,Welsh,Sean Frederick Tuck,2024-05-23T15:30:44Z
40314,Ystlum barfog,und,"","",,Welsh,Sean Frederick Tuck,2024-05-23T15:31:31Z
41529,Morfil Pengrwn,und,"","",,Welsh,Sean Frederick Tuck,2024-05-23T15:32:08Z
41562,Morfil asgellog llwyd,und,"","",,Welsh,Sean Frederick Tuck,2024-05-23T15:32:33Z
74890,Morfil Sberm,und,"","",,Welsh,Sean Frederick Tuck,2024-05-23T15:33:19Z
148030,Asyn,und,"","",,Welsh,Sean Frederick Tuck,2024-05-23T15:34:27Z
41413,Morfil Gylfinog Sowerby,und,"","",,Welsh,Sean Frederick Tuck,2024-05-23T15:36:05Z
41505,Dolffin Pigwyn,und,"","",,Welsh,Sean Frederick Tuck,2024-05-23T15:36:35Z
41559,Morfil Asgellog Sei,und,"","",,Welsh,Sean Frederick Tuck,2024-05-23T15:37:16Z
47144,Ci,und,"","",,Welsh,Sean Frederick Tuck,2024-05-23T15:37:59Z
74697,Ystlum Bechstein,und,"","",,Welsh,Sean Frederick Tuck,2024-05-23T15:38:47Z
40415,Ystlum hirglust llwyd,und,"","",,Welsh,Sean Frederick Tuck,2024-05-23T15:39:23Z
40573,Ystlum Leisler,und,"","",,Welsh,Sean Frederick Tuck,2024-05-23T15:40:48Z
44575,Llygoden ddu,und,"","",,Welsh,Sean Frederick Tuck,2024-05-23T15:43:16Z
74699,Ystlum Brandt,und,"","",,Welsh,Sean Frederick Tuck,2024-05-23T15:43:54Z
19410,troellwr mawr,und,"","",,Welsh,Sean Frederick Tuck,2024-05-24T18:36:27Z
207956,Brith y Gors,und,"","",,Welsh,Sean Frederick Tuck,2024-06-02T10:04:46Z
3978,Pibydd y Dorlan,und,"","",,Welsh,Sean Frederick Tuck,2024-06-10T07:32:49Z
12992,Tingoch,und,"","",,Welsh,Sean Frederick Tuck,2024-06-10T07:34:27Z
3931,Cyffylog,und,"","",,Welsh,Sean Frederick Tuck,2024-06-10T07:35:44Z
12749,Coch Dan Adain,und,"","",,Welsh,Sean Frederick Tuck,2024-06-10T07:36:58Z
10069,Pinc y Mynydd,und,"","",,Welsh,Sean Frederick Tuck,2024-06-10T07:38:52Z
5106,Gwalch Glas,und,"","",,Welsh,Sean Frederick Tuck,2024-06-10T08:33:38Z
204456,Telor mawr y cyrs,und,"","",,Welsh,Sean Frederick Tuck,2024-06-10T08:36:22Z
117181,Telor y dŵr,und,"","",,Welsh,Sean Frederick Tuck,2024-06-10T08:37:38Z
116802,Telor y Gwerni,und,"","",,Welsh,Sean Frederick Tuck,2024-06-10T08:38:54Z
116804,Telor yr hesg,und,"","",,Welsh,Sean Frederick Tuck,2024-06-10T08:40:29Z
204455,Telor y cyrs,und,"","",,Welsh,Sean Frederick Tuck,2024-06-10T08:41:35Z
72458,Pibydd brych,und,"","",,Welsh,Sean Frederick Tuck,2024-06-10T08:42:55Z
7278,Titw cynffonhir,und,"","",,Welsh,Sean Frederick Tuck,2024-06-10T08:44:09Z
7106,Hwyaden gribog,und,"","",,Welsh,Sean Frederick Tuck,2024-06-10T08:45:35Z
7107,Hwyaden y coed,und,"","",,Welsh,Sean Frederick Tuck,2024-06-10T08:46:10Z
7347,Ehedydd,und,"","",,Welsh,Sean Frederick Tuck,2024-06-10T08:49:12Z
4501,gwalch y penwaig,und,"","",,Welsh,Sean Frederick Tuck,2024-06-10T08:52:20Z
4501,Llurs,und,"","",,Welsh,Sean Frederick Tuck,2024-06-10T08:52:38Z
867,Petrisen goesgoch,und,"","",,Welsh,Sean Frederick Tuck,2024-06-10T08:53:27Z
4524,Carfil bach,und,"","",,Welsh,Sean Frederick Tuck,2024-06-10T08:54:24Z
72486,Gŵydd yr Aifft,und,"","",,Welsh,Sean Frederick Tuck,2024-06-10T08:55:55Z
6933,Hwyaden lostfain,und,"","",,Welsh,Sean Frederick Tuck,2024-06-10T08:56:47Z
485176,Chwiwell America,und,"","",,Welsh,Sean Frederick Tuck,2024-06-10T08:58:52Z
6937,Corhwyaden,und,"","",,Welsh,Sean Frederick Tuck,2024-06-10T08:59:51Z
558438,Hwyaden lydanbig,und,"","",,Welsh,Sean Frederick Tuck,2024-06-10T09:01:09Z
558433,Hwyaden asgell-las,und,"","",,Welsh,Sean Frederick Tuck,2024-06-10T09:01:50Z
558441,chwiwell,und,"","",,Welsh,Sean Frederick Tuck,2024-06-10T09:02:57Z
6930,Hwyaden wyllt,und,"","",,Welsh,Sean Frederick Tuck,2024-06-10T09:04:39Z
558429,Hwyaden addfain,und,"","",,Welsh,Sean Frederick Tuck,2024-06-10T09:07:05Z
6924,Hwyaden ddu,und,"","",,Welsh,Sean Frederick Tuck,2024-06-10T09:07:33Z
558439,Hwyaden lwyd,und,"","",,Welsh,Sean Frederick Tuck,2024-06-10T09:08:08Z
7019,Gŵydd dalcenwen,und,"","",,Welsh,Sean Frederick Tuck,2024-06-10T09:09:22Z
7018,Gŵydd wyllt,und,"","",,Welsh,Sean Frederick Tuck,2024-06-10T09:10:15Z
7007,Gŵydd droedbinc,und,"","",,Welsh,Sean Frederick Tuck,2024-06-10T09:10:55Z
558426,Gŵydd yr eira,und,"","",,Welsh,Sean Frederick Tuck,2024-06-10T09:11:24Z
7013,Gŵydd dalcenwen fechan,und,"","",,Welsh,Sean Frederick Tuck,2024-06-10T09:13:20Z
7009,Gŵydd y llafur,und,"","",,Welsh,Sean Frederick Tuck,2024-06-10T09:16:30Z
13712,Corhedydd melyn,und,"","",,Welsh,Sean Frederick Tuck,2024-06-10T09:18:08Z
13721,Corhedydd gyddfgoch,und,"","",,Welsh,Sean Frederick Tuck,2024-06-10T09:18:53Z
13727,Corhedydd Pechora,und,"","",,Welsh,Sean Frederick Tuck,2024-06-10T09:19:48Z
13724,Corhedydd cefnwyrdd,und,"","",,Welsh,Sean Frederick Tuck,2024-06-10T09:20:44Z
13734,Corhedydd y graig,und,"","",,Welsh,Sean Frederick Tuck,2024-06-10T09:21:09Z
13729,Corhedydd y waun,und,"","",,Welsh,Sean Frederick Tuck,2024-06-10T09:21:39Z
13726,Corhedydd Richard,und,"","",,Welsh,Sean Frederick Tuck,2024-06-10T09:22:20Z
13713,Corhedydd y dŵr,und,"","",,Welsh,Sean Frederick Tuck,2024-06-10T09:22:41Z
13711,Corhedydd y coed,und,"","",,Welsh,Sean Frederick Tuck,2024-06-10T09:23:09Z
6612,Gwennol ddu fach,und,"","",,Welsh,Sean Frederick Tuck,2024-06-10T09:23:42Z
6638,Gwennol ddu,und,"","",,Welsh,Sean Frederick Tuck,2024-06-10T09:24:17Z
6643,Coblyn Gwelw,und,"","",,Welsh,Sean Frederick Tuck,2024-06-10T09:26:22Z
6643,Gwennol Welw-ddu,und,"","",,Welsh,Sean Frederick Tuck,2024-06-10T09:26:43Z
5074,Eryr euraid,und,"","",,Welsh,Sean Frederick Tuck,2024-06-10T09:27:23Z
144455,Crëyr mawr gwyn,und,"","",,Welsh,Sean Frederick Tuck,2024-06-10T09:29:22Z
4954,Crëyr glas,und,"","",,Welsh,Sean Frederick Tuck,2024-06-10T09:30:38Z
4951,Crëyr porffor,und,"","",,Welsh,Sean Frederick Tuck,2024-06-10T09:31:15Z
4994,Crëyr melyn,und,"","",,Welsh,Sean Frederick Tuck,2024-06-10T09:31:47Z
3938,Cwtiad y traeth,und,"","",,Welsh,Sean Frederick Tuck,2024-06-10T09:32:32Z
20315,Tylluan glustiog,und,"","",,Welsh,Sean Frederick Tuck,2024-06-10T09:33:06Z
20307,Tylluan gorniog,und,"","",,Welsh,Sean Frederick Tuck,2024-06-10T09:33:51Z
19998,Tylluan fach,und,"","",,Welsh,Sean Frederick Tuck,2024-06-10T09:35:52Z
7056,Hwyaden bengoch America,und,"","",,Welsh,Sean Frederick Tuck,2024-06-10T09:36:33Z
7044,Hwyaden dorchog,und,"","",,Welsh,Sean Frederick Tuck,2024-06-10T09:37:15Z
7045,Hwyaden bengoch,und,"","",,Welsh,Sean Frederick Tuck,2024-06-10T09:37:55Z
7046,Hwyaden gopog,und,"","",,Welsh,Sean Frederick Tuck,2024-06-10T09:38:21Z
7047,Hwyaden benddu,und,"","",,Welsh,Sean Frederick Tuck,2024-06-10T09:38:55Z
7055,Hwyaden lygadwen,und,"","",,Welsh,Sean Frederick Tuck,2024-06-10T09:39:32Z
3962,Pibydd Cynffonhir,und,"","",,Welsh,Sean Frederick Tuck,2024-06-10T09:59:38Z
7429,Cynffon sidan,und,"","",,Welsh,Sean Frederick Tuck,2024-06-10T10:00:23Z
5034,Aderyn bwn America,und,"","",,Welsh,Sean Frederick Tuck,2024-06-10T10:01:05Z
5033,Aderyn y bwn,und,"","",,Welsh,Sean Frederick Tuck,2024-06-10T10:02:20Z
5033,Bwmp y gors,und,"","",,Welsh,Sean Frederick Tuck,2024-06-10T10:02:40Z
7087,Gŵydd ddu,und,"","",,Welsh,Sean Frederick Tuck,2024-06-10T10:03:11Z
7089,Gŵydd Canada,und,"","",,Welsh,Sean Frederick Tuck,2024-06-10T10:03:37Z
7101,Gŵydd wyran,und,"","",,Welsh,Sean Frederick Tuck,2024-06-10T10:04:03Z
7102,Gŵydd frongoch,und,"","",,Welsh,Sean Frederick Tuck,2024-06-10T10:04:27Z
144594,Tylluan yr eira,und,"","",,Welsh,Sean Frederick Tuck,2024-06-10T10:06:05Z
6990,Hwyaden lygad aur,und,"","",,Welsh,Sean Frederick Tuck,2024-06-10T10:06:52Z
4134,Pedryn Bulwer,und,"","",,Welsh,Sean Frederick Tuck,2024-06-10T10:07:52Z
4923,Rhedwr y moelydd,und,"","",,Welsh,Sean Frederick Tuck,2024-06-10T10:08:27Z
204472,Bwncath,und,"","",,Welsh,Sean Frederick Tuck,2024-06-10T10:09:10Z
5200,Boda bacsiog,und,"","",,Welsh,Sean Frederick Tuck,2024-06-10T10:09:39Z
47928,Mursennod,und,"","",,Welsh,Sean Frederick Tuck,2024-08-07T10:21:30Z
35453,Madfall Gyffredin,und,"","",,Welsh,Sean Frederick Tuck,2024-08-07T10:27:50Z
343021,Neidr Ddefaid,und,"","",,Welsh,Sean Frederick Tuck,2024-08-07T10:30:40Z
966698,Gwiber,und,"","",,Welsh,Sean Frederick Tuck,2024-08-07T10:31:55Z
851211,Neidr y Gwair,und,"","",,Welsh,Sean Frederick Tuck,2024-08-07T10:34:26Z
35912,Madfall y Tywod,und,"","",,Welsh,Sean Frederick Tuck,2024-08-07T10:35:07Z
204533,Gwylan y Penwaig,und,"","",,Welsh,Sean Frederick Tuck,2024-08-07T11:17:45Z
13094,Robin Goch,und,"","",,Welsh,Sean Frederick Tuck,2024-08-07T11:18:37Z
201192,Clochdar y Cerrig,und,"","",,Welsh,Sean Frederick Tuck,2024-08-07T11:20:02Z
12716,Mwyalchen,und,"","",,Welsh,Sean Frederick Tuck,2024-08-07T11:22:07Z
13858,Aderyn To,und,"","",,Welsh,Sean Frederick Tuck,2024-08-07T11:24:54Z
10070,Ji-binc,und,"","",,Welsh,Sean Frederick Tuck,2024-08-07T11:27:10Z
144849,Titw Tomos Las,und,"","",,Welsh,Sean Frederick Tuck,2024-08-07T11:28:42Z
4843,Pioden Fôr,und,"","",,Welsh,Sean Frederick Tuck,2024-08-07T11:39:55Z
13988,Llwyd y Gwrych,und,"","",,Welsh,Sean Frederick Tuck,2024-08-07T11:42:28Z
6921,Alarch Dof,und,"","",,Welsh,Sean Frederick Tuck,2024-08-07T11:43:46Z
144510,Gwylan Benddu,und,"","",,Welsh,Sean Frederick Tuck,2024-08-07T11:47:52Z
13695,Siglen Fraith,und,"","",,Welsh,Sean Frederick Tuck,2024-08-07T11:48:42Z
9398,Nico,und,"","",,Welsh,Sean Frederick Tuck,2024-08-07T11:49:27Z
4943,Crëyr Bach,und,"","",,Welsh,Sean Frederick Tuck,2024-08-07T11:52:27Z
12748,Bronfraith,und,"","",,Welsh,Sean Frederick Tuck,2024-08-07T11:53:18Z
203153,Titw Mawr,und,"","",,Welsh,Sean Frederick Tuck,2024-08-07T11:54:12Z
8349,Brân Goesgoch,und,"","",,Welsh,Sean Frederick Tuck,2024-08-07T11:55:54Z
201282,Iâr Ddŵr,und,"","",,Welsh,Sean Frederick Tuck,2024-08-07T11:57:04Z
558634,Llinos,und,"","",,Welsh,Sean Frederick Tuck,2024-08-07T11:58:43Z
117016,Siff-Saff,und,"","",,Welsh,Sean Frederick Tuck,2024-08-07T11:59:22Z
11901,Gwennol,und,"","",,Welsh,Sean Frederick Tuck,2024-08-07T12:00:24Z
3048,Ysguthan,und,"","",,Welsh,Sean Frederick Tuck,2024-08-07T12:01:03Z
12822,Tinwen y garn,und,"","",,Welsh,Sean Frederick Tuck,2024-08-07T12:02:03Z
17871,Cnocell Fraith Fawr,und,"","",,Welsh,Sean Frederick Tuck,2024-08-07T12:02:46Z
4381,Gwylan Gefnddu Leiaf,und,"","",,Welsh,Sean Frederick Tuck,2024-08-07T12:32:46Z
145363,Dryw,und,"","",,Welsh,Sean Frederick Tuck,2024-08-07T12:33:44Z
3896,Gylfinir,und,"","",,Welsh,Sean Frederick Tuck,2024-08-07T12:35:10Z
14850,Drudwen,und,"","",,Welsh,Sean Frederick Tuck,2024-08-07T12:36:09Z
482,Cwtiar,und,"","",,Welsh,Sean Frederick Tuck,2024-08-07T12:37:15Z
1289470,Llwydfron,und,"","",,Welsh,Sean Frederick Tuck,2024-08-07T12:38:57Z
4519,Gwylog,und,"","",,Welsh,Sean Frederick Tuck,2024-08-07T12:40:20Z
14824,Delor Cnau,und,"","",,Welsh,Sean Frederick Tuck,2024-08-07T12:41:14Z
3017,Colomen Graig,und,"","",,Welsh,Sean Frederick Tuck,2024-08-07T12:44:20Z
981,Ffesant,und,"","",,Welsh,Sean Frederick Tuck,2024-08-07T12:45:09Z
7004,Hwyaden Ddanheddog,und,"","",,Welsh,Sean Frederick Tuck,2024-08-07T12:46:27Z
472766,Cudyll Coch,und,"","",,Welsh,Sean Frederick Tuck,2024-08-07T12:47:40Z
9201,Bras Cyrs,und,"","",,Welsh,Sean Frederick Tuck,2024-08-07T12:48:17Z
9462,Coch y Berllan,und,"","",,Welsh,Sean Frederick Tuck,2024-08-07T12:49:01Z
3879,Pibydd Coesgoch,und,"","",,Welsh,Sean Frederick Tuck,2024-08-07T12:49:33Z
4368,Gwylan Gefnddu Fawr,und,"","",,Welsh,Sean Frederick Tuck,2024-08-10T11:22:50Z
13688,Siglen Lwyd,und,"","",,Welsh,Sean Frederick Tuck,2024-08-10T11:23:34Z
117055,Telor Helyg,und,"","",,Welsh,Sean Frederick Tuck,2024-08-10T11:24:10Z
7067,Hwyaden yr Eithin,und,"","",,Welsh,Sean Frederick Tuck,2024-08-10T11:26:16Z
4208,Gwyach Fawr Gopog,und,"","",,Welsh,Sean Frederick Tuck,2024-08-10T11:27:49Z
2969,Turtur Dorchog,und,"","",,Welsh,Sean Frederick Tuck,2024-08-10T11:28:26Z
145303,Pila Gwyrdd,und,"","",,Welsh,Sean Frederick Tuck,2024-08-10T11:30:10Z
4237,Gwyach Fach,und,"","",,Welsh,Sean Frederick Tuck,2024-08-10T11:30:39Z
15282,Telor Penddu,und,"","",,Welsh,Sean Frederick Tuck,2024-08-10T11:31:39Z
4857,Cornchwiglen,und,"","",,Welsh,Sean Frederick Tuck,2024-08-10T11:32:05Z
793469,Dryw Eurben,und,"","",,Welsh,Sean Frederick Tuck,2024-08-10T11:32:59Z
12735,Brych Coed,und,"","",,Welsh,Sean Frederick Tuck,2024-08-10T11:33:30Z
4801,Cwtiad Torchog,und,"","",,Welsh,Sean Frederick Tuck,2024-08-10T11:34:32Z
145360,Llinos Werdd,und,"","",,Welsh,Sean Frederick Tuck,2024-08-10T11:35:22Z
7647,Bronwen y Dŵr,und,"","",,Welsh,Sean Frederick Tuck,2024-08-10T11:36:31Z
1289604,Mulfran Werdd,und,"","",,Welsh,Sean Frederick Tuck,2024-08-10T11:37:22Z
4180,Aderyn Drycin y Graig,und,"","",,Welsh,Sean Frederick Tuck,2024-08-10T11:39:29Z
144823,Titw Penddu,und,"","",,Welsh,Sean Frederick Tuck,2024-08-10T11:40:11Z
3857,Pibydd y Mawn,und,"","",,Welsh,Sean Frederick Tuck,2024-08-10T11:45:15Z
7450,Dringwr Bach,und,"","",,Welsh,Sean Frederick Tuck,2024-08-10T11:45:54Z
3947,Rhostog Gynffonddu,und,"","",,Welsh,Sean Frederick Tuck,2024-08-10T11:46:49Z
64705,Gwennol y Bondo,und,"","",,Welsh,Sean Frederick Tuck,2024-08-10T11:47:18Z
19898,Tylluan Frech,und,"","",,Welsh,Sean Frederick Tuck,2024-08-10T11:48:05Z
11941,Gwennol y Glennydd,und,"","",,Welsh,Sean Frederick Tuck,2024-08-10T14:52:46Z
12971,Gwybedog Mannog,und,"","",,Welsh,Sean Frederick Tuck,2024-08-10T14:53:21Z
4494,Gwylan Goesddu,und,"","",,Welsh,Sean Frederick Tuck,2024-08-10T14:54:33Z
204512,Gwybedog Brith,und,"","",,Welsh,Sean Frederick Tuck,2024-08-10T14:55:39Z
3849,Pibydd y Tywod,und,"","",,Welsh,Sean Frederick Tuck,2024-08-10T14:56:12Z
4093,Aderyn Drycin Manaw,und,"","",,Welsh,Sean Frederick Tuck,2024-08-10T14:57:03Z
5173,Boda Gwerni,und,"","",,Welsh,Sean Frederick Tuck,2024-08-10T14:57:47Z
12707,Socan Eira,und,"","",,Welsh,Sean Frederick Tuck,2024-08-10T14:58:55Z
3901,Coegylfinir,und,"","",,Welsh,Sean Frederick Tuck,2024-08-10T15:05:15Z
144243,Cnocell Werdd,und,"","",,Welsh,Sean Frederick Tuck,2024-08-10T15:06:01Z
144517,Gwylan Môr y Canoldir,und,"","",,Welsh,Sean Frederick Tuck,2024-08-10T15:07:31Z
318836,Gïach Cyffredin,und,"","",,Welsh,Sean Frederick Tuck,2024-08-10T15:10:10Z
3878,Pibydd Coeswyrdd,und,"","",,Welsh,Sean Frederick Tuck,2024-08-10T15:10:44Z
4418,Gwylog Ddu,und,"","",,Welsh,Sean Frederick Tuck,2024-08-10T15:11:26Z
7120,Hwyaden Fwsg,und,"","",,Welsh,Sean Frederick Tuck,2024-08-10T15:13:32Z
4883,Cambig,und,"","",,Welsh,Sean Frederick Tuck,2024-08-10T15:15:24Z
9801,Gylfinbraff,und,"","",,Welsh,Sean Frederick Tuck,2024-08-10T15:16:12Z
6996,Hwyaden Frongoch,und,"","",,Welsh,Sean Frederick Tuck,2024-08-10T15:16:39Z
3033,Colomen Wyllt,und,"","",,Welsh,Sean Frederick Tuck,2024-08-10T15:17:10Z
1907,Cog,und,"","",,Welsh,Sean Frederick Tuck,2024-08-10T15:18:03Z
4356,Gwylan y Gweunydd,und,"","",,Welsh,Sean Frederick Tuck,2024-08-10T15:18:40Z
9195,Bras Melyn,und,"","",,Welsh,Sean Frederick Tuck,2024-08-10T15:20:07Z
12908,Crec yr Eithin,und,"","",,Welsh,Sean Frederick Tuck,2024-08-10T15:20:33Z
339593,Pibydd Torchog,und,"","",,Welsh,Sean Frederick Tuck,2024-08-10T15:21:54Z
4889,Cwtiad Aur,und,"","",,Welsh,Sean Frederick Tuck,2024-08-10T15:22:34Z
10411,Gylfingroes,und,"","",,Welsh,Sean Frederick Tuck,2024-08-10T15:23:07Z
1289697,Grugiar Ddu,und,"","",,Welsh,Sean Frederick Tuck,2024-08-10T15:24:05Z
13000,Tingoch du,und,"","",,Welsh,Sean Frederick Tuck,2024-08-10T15:24:27Z
3731,Llwybig,und,"","",,Welsh,Sean Frederick Tuck,2024-08-10T15:25:03Z
513926,Rhegen Dŵr,und,"","",,Welsh,Sean Frederick Tuck,2024-08-10T15:26:05Z
116858,Telor Cetti,und,"","",,Welsh,Sean Frederick Tuck,2024-08-10T15:26:36Z
931,Grugiar,und,"","",,Welsh,Sean Frederick Tuck,2024-08-10T15:27:16Z
3845,Pibydd yr Aber,und,"","",,Welsh,Sean Frederick Tuck,2024-08-10T16:02:15Z
3856,Pibydd Du,und,"","",,Welsh,Sean Frederick Tuck,2024-08-10T16:03:08Z
3882,Pibydd Coesgoch Mannog,und,"","",,Welsh,Sean Frederick Tuck,2024-08-10T16:04:23Z
20445,Tylluan Wen,und,"","",,Welsh,Sean Frederick Tuck,2024-08-10T16:05:25Z
15302,Telor yr Ardd,und,"","",,Welsh,Sean Frederick Tuck,2024-08-10T16:06:04Z
4892,Cwtiad Llwyd,und,"","",,Welsh,Sean Frederick Tuck,2024-08-10T16:06:49Z
117059,Bras yr Eira,und,"","",,Welsh,Sean Frederick Tuck,2024-08-10T16:07:35Z
1204,Paun,und,"","",,Welsh,Sean Frederick Tuck,2024-08-10T16:09:31Z
1204,Peunes,und,"","",,Welsh,Sean Frederick Tuck,2024-08-10T16:09:51Z
116941,Troellwr Bach,und,"","",,Welsh,Sean Frederick Tuck,2024-08-10T16:11:08Z
117048,Telor Coed,und,"","",,Welsh,Sean Frederick Tuck,2024-08-10T16:11:35Z
6916,Alarch y Gogledd,und,"","",,Welsh,Sean Frederick Tuck,2024-08-10T16:11:57Z
144221,Môr-hwyaden Ddu,und,"","",,Welsh,Sean Frederick Tuck,2024-08-10T16:12:50Z
3885,Pibydd Gwyrdd,und,"","",,Welsh,Sean Frederick Tuck,2024-08-10T16:13:48Z
7170,Hwyaden Gynffon-hir,und,"","",,Welsh,Sean Frederick Tuck,2024-08-10T16:14:30Z
4643,Hebog yr Ehedydd,und,"","",,Welsh,Sean Frederick Tuck,2024-08-10T16:14:53Z
7014,Alarchŵydd,und,"","",,Welsh,Sean Frederick Tuck,2024-08-10T16:17:27Z
3951,Rhostog Gynffonfraith,und,"","",,Welsh,Sean Frederick Tuck,2024-08-10T16:18:36Z
4626,Trochydd Mawr,und,"","",,Welsh,Sean Frederick Tuck,2024-08-10T16:19:26Z
117097,Dryw Penfflamgoch,und,"","",,Welsh,Sean Frederick Tuck,2024-08-10T16:20:36Z
1289484,Llwydfron Fach,und,"","",,Welsh,Sean Frederick Tuck,2024-08-10T16:21:16Z
4627,Trochydd Gyddfgoch,und,"","",,Welsh,Sean Frederick Tuck,2024-08-10T16:21:47Z
4672,Cudyll Bach,und,"","",,Welsh,Sean Frederick Tuck,2024-08-10T16:22:17Z
6914,Alarch Du,und,"","",,Welsh,Sean Frederick Tuck,2024-08-10T16:22:44Z
144809,Titw'r Wern,und,"","",,Welsh,Sean Frederick Tuck,2024-08-10T16:23:22Z
204545,Siglen Felen,und,"","",,Welsh,Sean Frederick Tuck,2024-08-10T16:24:21Z
18911,Paracît torchog,und,"","",,Welsh,Sean Frederick Tuck,2024-08-10T16:24:44Z
3863,Pibydd cambig,und,"","",,Welsh,Sean Frederick Tuck,2024-08-10T16:25:14Z
73203,Llydandroed Llwyd,und,"","",,Welsh,Sean Frederick Tuck,2024-08-10T16:27:08Z
514057,Gŵydd lwyd × Gŵydd Canada,und,"","",,Welsh,Sean Frederick Tuck,2024-08-10T16:27:58Z
1289467,Telor Dartford,und,"","",,Welsh,Sean Frederick Tuck,2024-08-10T16:28:46Z
59202,Gwylan Goesfelen,und,"","",,Welsh,Sean Frederick Tuck,2024-08-10T16:29:24Z
3838,Pibydd Bach,und,"","",,Welsh,Sean Frederick Tuck,2024-08-10T16:31:17Z
4224,Gwyach Yddfgoch,und,"","",,Welsh,Sean Frederick Tuck,2024-08-10T16:31:56Z
12740,Mwyalchen y Mynydd,und,"","",,Welsh,Sean Frederick Tuck,2024-08-10T16:32:44Z
559064,Boda Tinwyn,und,"","",,Welsh,Sean Frederick Tuck,2024-08-10T16:33:20Z
3888,Pibydd Graean,und,"","",,Welsh,Sean Frederick Tuck,2024-08-10T16:33:51Z
145108,Drudwen Wridog,und,"","",,Welsh,Sean Frederick Tuck,2024-08-10T16:34:39Z
326092,Hwyaden wyllt × Hwyaden fwsg,und,"","",,Welsh,Sean Frederick Tuck,2024-08-10T16:35:32Z
1428,Iâr Gini Helmog,und,"","",,Welsh,Sean Frederick Tuck,2024-08-10T16:37:13Z
4205,Gwyach Yddfddu,und,"","",,Welsh,Sean Frederick Tuck,2024-08-10T16:37:59Z
4361,Gwylan yr Arctig,und,"","",,Welsh,Sean Frederick Tuck,2024-08-10T16:39:13Z
4489,Sgiwen y Gogledd,und,"","",,Welsh,Sean Frederick Tuck,2024-08-10T16:39:38Z
4621,Trochydd y Môr Tawel,und,"","",,Welsh,Sean Frederick Tuck,2024-08-10T16:40:06Z
144812,Titw'r Helyg,und,"","",,Welsh,Sean Frederick Tuck,2024-08-10T16:41:02Z
472287,Gŵydd lwyd × Alarchŵydd,und,"","",,Welsh,Sean Frederick Tuck,2024-08-10T16:42:30Z
3756,Ibis Du,und,"","",,Welsh,Sean Frederick Tuck,2024-08-10T16:43:01Z
7192,Lleian Wen,und,"","",,Welsh,Sean Frederick Tuck,2024-08-10T16:43:39Z
12038,Cigydd Cefngoch,und,"","",,Welsh,Sean Frederick Tuck,2024-08-10T16:45:19Z
145235,Telor Magnolia,und,"","",,Welsh,Sean Frederick Tuck,2024-08-10T16:46:23Z
882,Ceiliog coedwig coch,und,"","",,Welsh,Sean Frederick Tuck,2024-08-10T16:47:41Z
4209,Gwyach Gorniog,und,"","",,Welsh,Sean Frederick Tuck,2024-08-10T16:55:15Z
4788,Hutan Mynydd,und,"","",,Welsh,Sean Frederick Tuck,2024-08-10T16:55:45Z
13140,Brych Craig Cyffredin,und,"","",,Welsh,Sean Frederick Tuck,2024-08-10T16:57:28Z
18448,Pengam,und,"","",,Welsh,Sean Frederick Tuck,2024-08-10T16:58:47Z
116840,Bras y Gogledd,und,"","",,Welsh,Sean Frederick Tuck,2024-08-10T16:59:36Z
117000,Titw Barfog,und,"","",,Welsh,Sean Frederick Tuck,2024-08-10T17:00:24Z
144423,Gŵydd Ffa Twndra,und,"","",,Welsh,Sean Frederick Tuck,2024-08-10T17:07:12Z
145300,Llinos Bengoch,und,"","",,Welsh,Sean Frederick Tuck,2024-08-10T17:08:54Z
3865,Pibydd Cain,und,"","",,Welsh,Sean Frederick Tuck,2024-08-10T17:10:49Z
3873,Gïach Gylfinhir,und,"","",,Welsh,Sean Frederick Tuck,2024-08-10T17:11:27Z
4170,Pedryn Drycin,und,"","",,Welsh,Sean Frederick Tuck,2024-08-10T17:12:01Z
4389,Gwylan Bontaidd,und,"","",,Welsh,Sean Frederick Tuck,2024-08-10T17:12:30Z
4733,Ciconia gwyn,und,"","",,Welsh,Sean Frederick Tuck,2024-08-10T17:13:43Z
4893,Corgwtiad Aur America,und,"","",,Welsh,Sean Frederick Tuck,2024-08-10T17:14:12Z
4981,Crëyr Nos,und,"","",,Welsh,Sean Frederick Tuck,2024-08-10T17:14:41Z
5178,Boda Llwydwyn,und,"","",,Welsh,Sean Frederick Tuck,2024-08-10T17:15:19Z
7054,Hwyaden benddu fechan,und,"","",,Welsh,Sean Frederick Tuck,2024-08-10T17:16:11Z
12039,Cigydd pengoch,und,"","",,Welsh,Sean Frederick Tuck,2024-08-10T17:16:34Z
12837,Tinwen Felynllwyd,und,"","",,Welsh,Sean Frederick Tuck,2024-08-10T17:18:53Z
14110,Pila Gwellt Rhesog,und,"","",,Welsh,Sean Frederick Tuck,2024-08-10T17:23:35Z
20059,Eryrdylluan Ewrop,und,"","",,Welsh,Sean Frederick Tuck,2024-08-10T17:24:28Z
20969,Copog,und,"","",,Welsh,Sean Frederick Tuck,2024-08-10T17:26:29Z
116940,Telor Savi,und,"","",,Welsh,Sean Frederick Tuck,2024-08-10T17:27:28Z
144512,Gwylan Fechan,und,"","",,Welsh,Sean Frederick Tuck,2024-08-10T17:28:06Z
558425,Gŵydd Frech,und,"","",,Welsh,Sean Frederick Tuck,2024-08-10T17:29:43Z
559070,Cigydd Mawr,und,"","",,Welsh,Sean Frederick Tuck,2024-08-10T17:30:29Z
41,Garan,und,"","",,Welsh,Sean Frederick Tuck,2024-08-10T17:30:54Z
804,Sofliar,und,"","",,Welsh,Sean Frederick Tuck,2024-08-10T17:31:28Z
831,Petrisen,und,"","",,Welsh,Sean Frederick Tuck,2024-08-10T17:32:07Z
1230,Ffesant Euraid,und,"","",,Welsh,Sean Frederick Tuck,2024-08-10T17:32:48Z
2938,Turtur,und,"","",,Welsh,Sean Frederick Tuck,2024-08-10T17:33:11Z
3851,Pibydd Baird,und,"","",,Welsh,Sean Frederick Tuck,2024-08-10T17:34:06Z
3893,Melyngoes Bach,und,"","",,Welsh,Sean Frederick Tuck,2024-08-10T17:34:39Z
3911,Gïach Bach,und,"","",,Welsh,Sean Frederick Tuck,2024-08-10T17:36:30Z
4246,Gwyach Ylfinfraith,und,"","",,Welsh,Sean Frederick Tuck,2024-08-10T17:37:33Z
4349,Gwylan y Gogledd,und,"","",,Welsh,Sean Frederick Tuck,2024-08-10T17:38:29Z
4481,Sgiwen Lostfain,und,"","",,Welsh,Sean Frederick Tuck,2024-08-10T17:38:53Z
4491,Sgiwen Fach,und,"","",,Welsh,Sean Frederick Tuck,2024-08-10T17:39:53Z
4516,Gwylog Brünnich,und,"","",,Welsh,Sean Frederick Tuck,2024-08-10T17:40:39Z
4623,Trochydd Gyddfddu,und,"","",,Welsh,Sean Frederick Tuck,2024-08-10T17:41:15Z
4736,Ciconia Du,und,"","",,Welsh,Sean Frederick Tuck,2024-08-10T17:42:03Z
5020,Crëyr gwyrdd,und,"","",,Welsh,Sean Frederick Tuck,2024-08-10T17:42:23Z
7008,Gŵydd Benrhesog,und,"","",,Welsh,Sean Frederick Tuck,2024-08-11T08:34:24Z
7036,Môr-hwyaden yr Ewyn,und,"","",,Welsh,Sean Frederick Tuck,2024-08-11T08:35:31Z
7109,Hwyaden Gycyllog,und,"","",,Welsh,Sean Frederick Tuck,2024-08-11T08:36:58Z
5309,Eryr Môr,und,"","",,Welsh,Sean Frederick Tuck,2024-08-11T08:38:06Z
5325,Boda Mêl,und,"","",,Welsh,Sean Frederick Tuck,2024-08-11T08:39:54Z
6898,Hwyaden Chwibanog Wynebwen,und,"","",,Welsh,Sean Frederick Tuck,2024-08-11T08:42:12Z
6917,Alarch y Twndra,und,"","",,Welsh,Sean Frederick Tuck,2024-08-11T08:42:47Z
6993,Hwyaden Benfras,und,"","",,Welsh,Sean Frederick Tuck,2024-08-11T08:43:15Z
7370,Ehedydd du,und,"","",,Welsh,Sean Frederick Tuck,2024-08-11T08:45:00Z
9100,Bras persain,und,"","",,Welsh,Sean Frederick Tuck,2024-08-11T08:46:23Z
9197,Bras Bychan,und,"","",,Welsh,Sean Frederick Tuck,2024-08-11T08:46:55Z
9203,Bras Penddu,und,"","",,Welsh,Sean Frederick Tuck,2024-08-11T08:48:20Z
9721,Aderyn gyddf-felyn cyffredin,und,"","",,Welsh,Sean Frederick Tuck,2024-08-11T08:49:12Z
13687,Siglen Sitraidd,und,"","",,Welsh,Sean Frederick Tuck,2024-08-11T08:50:20Z
13851,Golfan Mynydd,und,"","",,Welsh,Sean Frederick Tuck,2024-08-11T08:51:21Z
18920,Rosela’r dwyrain,und,"","",,Welsh,Sean Frederick Tuck,2024-08-11T08:53:29Z
210941,Cynffonlas Ystlysgoch,und,"","",,Welsh,Sean Frederick Tuck,2024-08-11T08:55:22Z
339596,Pibydd Bronllwyd,und,"","",,Welsh,Sean Frederick Tuck,2024-08-11T08:55:56Z
558427,Gŵydd Ross,und,"","",,Welsh,Sean Frederick Tuck,2024-08-11T08:56:22Z
558633,Llinos y mynydd,und,"","",,Welsh,Sean Frederick Tuck,2024-08-11T17:18:38Z
559798,Gŵydd dalcenwen × Gŵydd Canada,und,"","",,Welsh,Sean Frederick Tuck,2024-08-11T17:19:38Z
792977,Cnocell fraith fach,und,"","",,Welsh,Sean Frederick Tuck,2024-08-11T17:20:24Z
850858,Môr-hwyaden y Gogledd,und,"","",,Welsh,Sean Frederick Tuck,2024-08-11T17:21:43Z
891704,Fireo llygatgoch,und,"","",,Welsh,Sean Frederick Tuck,2024-08-11T17:22:23Z
1289468,Telor Marmora,und,"","",,Welsh,Sean Frederick Tuck,2024-08-11T17:22:57Z
1289480,Telor llygad arian,und,"","",,Welsh,Sean Frederick Tuck,2024-08-11T17:23:40Z
326296,Llyffant dafadennog,und,"","",,Welsh,Sean Frederick Tuck,2024-08-11T17:26:32Z
25591,Broga,und,"","",,Welsh,Sean Frederick Tuck,2024-08-11T17:28:06Z
64377,Madfall ddŵr balfog,und,"","",,Welsh,Sean Frederick Tuck,2024-08-11T17:29:09Z
556656,Madfall ddŵr gyffredin,und,"","",,Welsh,Sean Frederick Tuck,2024-08-11T17:29:44Z
27718,Madfall ddŵr gribog,und,"","",,Welsh,Sean Frederick Tuck,2024-08-11T17:30:27Z
65450,Llyffant y twyni,und,"","",,Welsh,Sean Frederick Tuck,2024-08-11T17:31:33Z
103978,Llysywen Bendoll y Nant,und,"","",,Welsh,Sean Frederick Tuck,2024-08-11T18:27:43Z
49223,Llysywen bendoll y môr,und,"","",,Welsh,Sean Frederick Tuck,2024-08-11T18:28:51Z
103972,Llysywen bendoll yr afon,und,"","",,Welsh,Sean Frederick Tuck,2024-08-11T18:29:45Z
49096,Safngrwn,und,"","",,Welsh,Sean Frederick Tuck,2024-08-11T18:30:47Z
48397,Morgath Styds,und,"","",,Welsh,Sean Frederick Tuck,2024-08-11T18:33:45Z
112372,Morgi Lleiaf,und,"","",,Welsh,Sean Frederick Tuck,2024-08-11T19:09:44Z
111527,Morgath Fannog,und,"","",,Welsh,Sean Frederick Tuck,2024-08-11T19:10:46Z
111518,Morgath felen,und,"","",,Welsh,Sean Frederick Tuck,2024-08-11T19:15:53Z
61752,Morgath Lygaid-Bach,und,"","",,Welsh,Sean Frederick Tuck,2024-08-11T19:18:15Z
104539,Morgath lygadog,und,"","",,Welsh,Sean Frederick Tuck,2024-08-11T19:19:47Z
48402,Morgath Bigog,und,"","",,Welsh,Sean Frederick Tuck,2024-08-11T19:20:36Z
111535,Morgath Donnog,und,"","",,Welsh,Sean Frederick Tuck,2024-08-11T19:21:15Z
210294,Llyfrothen Benddu,und,"","",,Welsh,Sean Frederick Tuck,2024-08-11T19:27:22Z
47518,Brithyll,und,"","",,Welsh,Sean Frederick Tuck,2024-08-11T19:28:08Z
94105,Llysywen,und,"","",,Welsh,Sean Frederick Tuck,2024-08-11T19:28:40Z
114127,Cangen Las,und,"","",,Welsh,Sean Frederick Tuck,2024-08-11T19:29:47Z
110042,Gobi,und,"","",,Welsh,Sean Frederick Tuck,2024-08-11T19:34:35Z
112118,Pysgodyn Rhudd,und,"","",,Welsh,Sean Frederick Tuck,2024-08-11T19:35:48Z
48403,Crothell Dri Phigyn,und,"","",,Welsh,Sean Frederick Tuck,2024-08-11T19:36:29Z
109315,Pilcodyn,und,"","",,Welsh,Sean Frederick Tuck,2024-08-11T19:37:06Z
113533,Gwrachen Eurben,und,"","",,Welsh,Sean Frederick Tuck,2024-08-11T19:37:44Z
446242,Pibell Fôr Leiaf,und,"","",,Welsh,Sean Frederick Tuck,2024-08-11T19:38:12Z
320326,Brithyll Mair Pum-Barf,und,"","",,Welsh,Sean Frederick Tuck,2024-08-11T19:38:49Z
53911,Cerpyn,und,"","",,Welsh,Sean Frederick Tuck,2024-08-11T19:40:41Z
109631,Lleden Fwd,und,"","",,Welsh,Sean Frederick Tuck,2024-08-11T19:41:13Z
47523,Lleden Goch,und,"","",,Welsh,Sean Frederick Tuck,2024-08-11T19:43:17Z
118628,Ysgyfarnog môr,und,"","",,Welsh,Sean Frederick Tuck,2024-08-11T19:47:27Z
118692,Llyfrothen Montagu,und,"","",,Welsh,Sean Frederick Tuck,2024-08-11T19:48:12Z
69989,Rhufell,und,"","",,Welsh,Sean Frederick Tuck,2024-08-11T19:48:48Z
430553,Gwyniad Môr,und,"","",,Welsh,Sean Frederick Tuck,2024-08-11T19:49:23Z
103911,Cleiriach y Gwymon,und,"","",,Welsh,Sean Frederick Tuck,2024-08-11T19:50:11Z
113003,Twb y Dail,und,"","",,Welsh,Sean Frederick Tuck,2024-08-11T19:50:44Z
118589,Congren,und,"","",,Welsh,Sean Frederick Tuck,2024-08-11T19:55:33Z
118594,Pysgodyn Ystlys-Arian,und,"","",,Welsh,Sean Frederick Tuck,2024-08-11T19:56:11Z
118685,Twmpot,und,"","",,Welsh,Sean Frederick Tuck,2024-08-11T19:56:38Z
84083,Crothell Bymtheg-Pigyn,und,"","",,Welsh,Sean Frederick Tuck,2024-08-11T19:57:37Z
49606,Pysgodyn Clicied,und,"","",,Welsh,Sean Frederick Tuck,2024-08-11T19:58:44Z
92984,Merfog,und,"","",,Welsh,Sean Frederick Tuck,2024-08-11T20:00:50Z
109062,Draenogyn Dŵr Croyw,und,"","",,Welsh,Sean Frederick Tuck,2024-08-11T20:01:32Z
118601,Codyn Llwyd,und,"","",,Welsh,Sean Frederick Tuck,2024-08-11T20:02:16Z
118624,Pibell fôr fawr,und,"","",,Welsh,Sean Frederick Tuck,2024-08-11T20:04:07Z
118678,Macrell,und,"","",,Welsh,Sean Frederick Tuck,2024-08-11T20:04:42Z
332553,Morlas,und,"","",,Welsh,Sean Frederick Tuck,2024-08-11T20:06:34Z
344748,Gobi'r Tywod,und,"","",,Welsh,Sean Frederick Tuck,2024-08-11T20:07:38Z
1316614,Gobi brych,und,"","",,Welsh,Sean Frederick Tuck,2024-08-11T20:08:44Z
95099,Gwrachen farfog,und,"","",,Welsh,Sean Frederick Tuck,2024-08-11T20:10:05Z
98580,Bawd y Melinydd,und,"","",,Welsh,Sean Frederick Tuck,2024-08-11T20:20:43Z
363798,Pibell fôr hir,und,"","",,Welsh,Sean Frederick Tuck,2024-08-11T20:21:38Z
367966,Llymrïen,und,"","",,Welsh,Sean Frederick Tuck,2024-08-11T20:22:16Z
416585,Torbwt,und,"","",,Welsh,Sean Frederick Tuck,2024-08-11T20:22:45Z
118720,Chwyrnwr Llwyd,und,"","",,Welsh,Sean Frederick Tuck,2024-08-11T20:23:30Z
55396,Lleden Chwithig,und,"","",,Welsh,Sean Frederick Tuck,2024-08-11T20:23:57Z
118636,Lleden Fannog,und,"","",,Welsh,Sean Frederick Tuck,2024-08-11T20:43:10Z
118717,Bwgan Dŵr,und,"","",,Welsh,Sean Frederick Tuck,2024-08-11T20:43:46Z
324532,Corbennog,und,"","",,Welsh,Sean Frederick Tuck,2024-08-11T20:45:00Z
96130,Lleden Felen Fach,und,"","",,Welsh,Sean Frederick Tuck,2024-08-11T20:45:22Z
97345,Hyrddyn llwyd gweflog,und,"","",,Welsh,Sean Frederick Tuck,2024-08-11T21:02:01Z
104525,Orff,und,"","",,Welsh,Sean Frederick Tuck,2024-08-11T21:02:25Z
114177,Sgreten,und,"","",,Welsh,Sean Frederick Tuck,2024-08-11T21:03:02Z
228496,Chwitlyn Glas,und,"","",,Welsh,Sean Frederick Tuck,2024-08-11T21:03:30Z
446544,Pibell Fôr Nilsson,und,"","",,Welsh,Sean Frederick Tuck,2024-08-11T21:04:23Z
58612,Pysgodyn aur,und,"","",,Welsh,Sean Frederick Tuck,2024-08-11T21:04:50Z
64589,pysgodyn baedd,und,"","",,Welsh,Sean Frederick Tuck,2024-08-11T21:08:30Z
114455,Codyn Ebrill,und,"","",,Welsh,Sean Frederick Tuck,2024-08-11T21:08:54Z
118597,Cornbig,und,"","",,Welsh,Sean Frederick Tuck,2024-08-11T21:09:46Z
118695,Marchfacrell,und,"","",,Welsh,Sean Frederick Tuck,2024-08-11T21:12:10Z
118704,Gobi Du,und,"","",,Welsh,Sean Frederick Tuck,2024-08-11T21:12:38Z
445609,Penbwl môr,und,"","",,Welsh,Sean Frederick Tuck,2024-08-11T21:13:12Z
1462577,Lleden Benglwm Norwy,und,"","",,Welsh,Sean Frederick Tuck,2024-08-11T21:14:14Z
61387,Lleden Dywod,und,"","",,Welsh,Sean Frederick Tuck,2024-08-11T21:14:38Z
63740,Penfras,und,"","",,Welsh,Sean Frederick Tuck,2024-08-11T21:15:18Z
93193,Styrsiwn,und,"","",,Welsh,Sean Frederick Tuck,2024-08-11T21:15:55Z
95811,Merfog Gwyn,und,"","",,Welsh,Sean Frederick Tuck,2024-08-11T21:16:45Z
98753,Gwrachen Fair,und,"","",,Welsh,Sean Frederick Tuck,2024-08-11T21:17:11Z
101585,Llyfrothen Dŵr Croyw,und,"","",,Welsh,Sean Frederick Tuck,2024-08-11T21:17:40Z
118600,Pennog Mair,und,"","",,Welsh,Sean Frederick Tuck,2024-08-11T21:18:24Z
118655,Merfog Du,und,"","",,Welsh,Sean Frederick Tuck,2024-08-11T21:18:53Z
363797,Brithyll Mair Tair-Barf,und,"","",,Welsh,Sean Frederick Tuck,2024-08-11T21:22:43Z
446164,Iâr fôr Montagu,und,"","",,Welsh,Sean Frederick Tuck,2024-08-11T21:25:13Z
338048,Lleden benglwm,und,"","",,Welsh,Sean Frederick Tuck,2024-08-11T21:27:49Z
51884,danadl poethion,und,"","",,Welsh,Sean Frederick Tuck,2024-08-14T14:34:46Z
49133,Y fantell goch,und,"","",,Welsh,Sean Frederick Tuck,2024-08-14T14:36:06Z
52592,Gweirlöyn brych,und,"","",,Welsh,Sean Frederick Tuck,2024-08-14T14:37:40Z
204321,Llygad Ebrill,und,"","",,Welsh,Sean Frederick Tuck,2024-08-14T14:38:33Z
52821,Milddail,und,"","",,Welsh,Sean Frederick Tuck,2024-08-14T14:39:36Z
207977,Mantell paun,und,"","",,Welsh,Sean Frederick Tuck,2024-08-14T14:40:38Z
55653,Gweirlöyn y ddôl,und,"","",,Welsh,Sean Frederick Tuck,2024-08-14T14:41:51Z
51875,Meillionen goch,und,"","",,Welsh,Sean Frederick Tuck,2024-08-14T14:42:38Z
55563,llygad y dydd,und,"","",,Welsh,Sean Frederick Tuck,2024-08-14T14:43:19Z
55641,Glesyn cyffredin,und,"","",,Welsh,Sean Frederick Tuck,2024-08-14T14:44:22Z
51610,Llygad doli,und,"","",,Welsh,Sean Frederick Tuck,2024-08-14T14:45:10Z
55925,Y goesgoch,und,"","",,Welsh,Sean Frederick Tuck,2024-08-14T14:45:40Z
55830,Eidral,und,"","",,Welsh,Sean Frederick Tuck,2024-08-14T14:46:43Z
55757,Llysiau'r wennol,und,"","",,Welsh,Sean Frederick Tuck,2024-08-14T14:47:19Z
56061,Garlleg y berth,und,"","",,Welsh,Sean Frederick Tuck,2024-08-14T14:49:21Z
54468,Trilliw Bach,und,"","",,Welsh,Sean Frederick Tuck,2024-08-14T14:50:08Z
56174,Gwiberlys,und,"","",,Welsh,Sean Frederick Tuck,2024-08-14T14:51:52Z
950603,Blodyn y gwynt,und,"","",,Welsh,Sean Frederick Tuck,2024-08-14T14:54:09Z
60132,Ysgallen y maes,und,"","",,Welsh,Sean Frederick Tuck,2024-08-14T14:55:12Z
55576,cen oren cyffredin,und,"","",,Welsh,Sean Frederick Tuck,2024-08-14T14:57:25Z
124544,Gorthyfail,und,"","",,Welsh,Sean Frederick Tuck,2024-08-14T14:58:32Z
47435,Pys y ceirw,und,"","",,Welsh,Sean Frederick Tuck,2024-08-14T14:59:26Z
53178,Llyriad yr ais,und,"","",,Welsh,Sean Frederick Tuck,2024-08-14T15:00:00Z
56225,Mantell garpiog,und,"","",,Welsh,Sean Frederick Tuck,2024-08-18T09:32:13Z
121714,Pelen ddu,und,"","",,Welsh,Sean Frederick Tuck,2024-08-18T09:34:34Z
50813,Clustiau'r ysgaw,und,"","",,Welsh,Sean Frederick Tuck,2024-08-18T09:40:10Z
61318,Pidyn y gog,und,"","",,Welsh,Sean Frederick Tuck,2024-08-18T09:44:09Z
55976,Byddon chwerw,und,"","",,Welsh,Sean Frederick Tuck,2024-08-19T08:05:31Z
61536,Morwyn dywyll,und,"","",,Welsh,Sean Frederick Tuck,2024-08-19T08:06:39Z
62429,Gweirlöyn y perthi,und,"","",,Welsh,Sean Frederick Tuck,2024-08-19T08:09:28Z
53713,Ysgwydd felen,und,"","",,Welsh,Sean Frederick Tuck,2024-08-19T08:14:27Z
564969,Helyglys hardd,und,"","",,Welsh,Sean Frederick Tuck,2024-08-19T08:16:38Z
940028,Cyfrwy cennog,und,"","",,Welsh,Sean Frederick Tuck,2024-08-19T08:17:35Z
1024536,Serenllys mawr,und,"","",,Welsh,Sean Frederick Tuck,2024-08-19T08:19:09Z
47892,Jac y neidiwr,und,"","",,Welsh,Sean Frederick Tuck,2024-08-19T08:21:16Z
52764,Y feddyges las,und,"","",,Welsh,Sean Frederick Tuck,2024-08-19T08:22:42Z
54531,Blodyn y Gog,und,"","",,Welsh,Sean Frederick Tuck,2024-08-19T08:27:21Z
55620,Elinog,und,"","",,Welsh,Sean Frederick Tuck,2024-08-19T08:28:03Z
55640,Glesyn y celyn,und,"","",,Welsh,Sean Frederick Tuck,2024-08-19T08:29:27Z
55666,Rhwyddlwyn y maes,und,"","",,Welsh,Sean Frederick Tuck,2024-08-19T08:30:15Z
55759,Blodyn neidr,und,"","",,Welsh,Sean Frederick Tuck,2024-08-19T08:32:38Z
61152,Mursen fawr goch,und,"","",,Welsh,Sean Frederick Tuck,2024-08-19T08:34:13Z
82602,Corn-carw'r môr,und,"","",,Welsh,Sean Frederick Tuck,2024-08-19T08:36:18Z
126757,Bresychen y cŵn,und,"","",,Welsh,Sean Frederick Tuck,2024-08-19T08:37:52Z
129850,Briwlys y gwrych,und,"","",,Welsh,Sean Frederick Tuck,2024-08-19T08:38:29Z
325295,Gwyfyn pren bocs,und,"","",,Welsh,Sean Frederick Tuck,2024-08-19T08:39:21Z
791928,Gwlyddyn Mair,und,"","",,Welsh,Sean Frederick Tuck,2024-08-19T08:41:00Z
47779,Gellesgen gellesg,und,"","",,Welsh,Sean Frederick Tuck,2024-08-19T10:22:37Z
48245,Bonet Nain,und,"","",,Welsh,Sean Frederick Tuck,2024-08-19T10:24:02Z
51751,Eithinen Ffrengig,und,"","",,Welsh,Sean Frederick Tuck,2024-08-19T10:27:10Z
52519,Gwas neidr y De,und,"","",,Welsh,Sean Frederick Tuck,2024-08-19T10:28:10Z
55267,Cyrn gwyn,und,"","",,Welsh,Sean Frederick Tuck,2024-08-19T10:29:56Z
55501,Crawen flewog,und,"","",,Welsh,Sean Frederick Tuck,2024-08-19T10:31:01Z
55727,Trwyn-y-llo dail eiddew,und,"","",,Welsh,Sean Frederick Tuck,2024-08-19T10:32:27Z
55811,Draenen ddu,und,"","",,Welsh,Sean Frederick Tuck,2024-08-19T10:33:27Z
56002,Cribau'r-pannwr gwyllt,und,"","",,Welsh,Sean Frederick Tuck,2024-08-19T10:34:20Z
56152,Craf y geifr,und,"","",,Welsh,Sean Frederick Tuck,2024-08-19T10:35:31Z
56162,Hocysen hocys,und,"","",,Welsh,Sean Frederick Tuck,2024-08-19T10:36:15Z
56166,Y ganwraidd goesgoch,und,"","",,Welsh,Sean Frederick Tuck,2024-08-19T10:37:20Z
62067,Picellwr tinddu,und,"","",,Welsh,Sean Frederick Tuck,2024-08-19T10:38:31Z
62498,Llysiau'r gingroen,und,"","",,Welsh,Sean Frederick Tuck,2024-08-19T10:39:45Z
119791,Masarnen,und,"","",,Welsh,Sean Frederick Tuck,2024-08-19T10:41:34Z
124102,Ysgwydd helyg,und,"","",,Welsh,Sean Frederick Tuck,2024-08-19T10:42:43Z
129105,Tafod yr Hydd,und,"","",,Welsh,Sean Frederick Tuck,2024-08-19T10:43:40Z
129454,Deilen gron,und,"","",,Welsh,Sean Frederick Tuck,2024-08-19T10:44:28Z
160623,Ysgallen y Gors,und,"","",,Welsh,Sean Frederick Tuck,2024-08-19T10:45:45Z
160697,Barf hen ŵr,und,"","",,Welsh,Sean Frederick Tuck,2024-08-19T10:47:14Z
163682,Efwr,und,"","",,Welsh,Sean Frederick Tuck,2024-08-19T10:47:57Z
167598,Cedowydd,und,"","",,Welsh,Sean Frederick Tuck,2024-08-19T10:48:36Z
204339,Marddanhadlen felen,und,"","",,Welsh,Sean Frederick Tuck,2024-08-19T10:49:11Z
320282,Brychan fflamgoch,und,"","",,Welsh,Sean Frederick Tuck,2024-08-19T10:50:18Z
47392,Cap inc aflêr,und,"","",,Welsh,Sean Frederick Tuck,2024-08-19T10:52:39Z
48225,Pabi Califfornia,und,"","",,Welsh,Sean Frederick Tuck,2024-08-19T10:53:27Z
48588,Clychlys dail danadl,und,"","",,Welsh,Sean Frederick Tuck,2024-08-19T10:54:10Z
49365,Hesgen bendrom,und,"","",,Welsh,Sean Frederick Tuck,2024-08-19T10:55:41Z
51147,Draenen wen,und,"","",,Welsh,Sean Frederick Tuck,2024-08-19T10:57:09Z
51781,Teigr y benfelen,und,"","",,Welsh,Sean Frederick Tuck,2024-08-19T10:58:24Z
51843,Llysiau Steffan,und,"","",,Welsh,Sean Frederick Tuck,2024-08-19T10:59:33Z
52471,Ffacbysen y berth,und,"","",,Welsh,Sean Frederick Tuck,2024-08-19T11:00:43Z
52771,Melyn y rhafnwydd,und,"","",,Welsh,Sean Frederick Tuck,2024-08-19T11:01:52Z
52989,Marchysgallen,und,"","",,Welsh,Sean Frederick Tuck,2024-08-19T11:02:38Z
53021,Cwlwm y cythraul,und,"","",,Welsh,Sean Frederick Tuck,2024-08-19T11:03:27Z
53052,Ffenigl,und,"","",,Welsh,Sean Frederick Tuck,2024-08-19T11:04:07Z
53075,Pig-yr-aran larpiog,und,"","",,Welsh,Sean Frederick Tuck,2024-08-19T11:05:14Z
53313,Meillionen hopysaidd fach,und,"","",,Welsh,Sean Frederick Tuck,2024-08-19T11:05:55Z
53856,Celyn,und,"","",,Welsh,Sean Frederick Tuck,2024-08-19T11:06:36Z
54087,Gwyn gwythiennau gwyrddion,und,"","",,Welsh,Sean Frederick Tuck,2024-08-19T11:07:14Z
54134,Cwnffon twrci,und,"","",,Welsh,Sean Frederick Tuck,2024-08-19T11:07:55Z
54333,Llysiau Taliesin,und,"","",,Welsh,Sean Frederick Tuck,2024-08-19T11:08:36Z
55022,Clefryn,und,"","",,Welsh,Sean Frederick Tuck,2024-08-19T11:09:23Z
55505,Garlleg trionglog,und,"","",,Welsh,Sean Frederick Tuck,2024-08-19T11:10:06Z
55626,Gwyn bach,und,"","",,Welsh,Sean Frederick Tuck,2024-08-19T11:10:37Z
55655,Copor bach,und,"","",,Welsh,Sean Frederick Tuck,2024-08-19T11:11:28Z
55837,Coeden goeg-geirios,und,"","",,Welsh,Sean Frederick Tuck,2024-08-19T11:12:29Z
55844,Perfagl fach,und,"","",,Welsh,Sean Frederick Tuck,2024-08-19T11:12:59Z
55847,Piswydden piswydd,und,"","",,Welsh,Sean Frederick Tuck,2024-08-19T11:13:29Z
55896,Llysiau'r dryw,und,"","",,Welsh,Sean Frederick Tuck,2024-08-19T11:14:18Z
56136,Briallen,und,"","",,Welsh,Sean Frederick Tuck,2024-08-19T11:14:57Z
56224,Gold y gors,und,"","",,Welsh,Sean Frederick Tuck,2024-08-19T11:15:42Z
56582,Wylun y grug,und,"","",,Welsh,Sean Frederick Tuck,2024-08-19T11:16:32Z
57457,Briwlys y gors,und,"","",,Welsh,Sean Frederick Tuck,2024-08-19T11:17:27Z
57662,Llaethlys y coed,und,"","",,Welsh,Sean Frederick Tuck,2024-08-19T11:18:16Z
58698,Bysedd y meirw,und,"","",,Welsh,Sean Frederick Tuck,2024-08-19T11:18:54Z
61508,Mursen dinlas gyffredin,und,"","",,Welsh,Sean Frederick Tuck,2024-08-19T11:19:59Z
61972,Cragen felen,und,"","",,Welsh,Sean Frederick Tuck,2024-08-19T11:20:44Z
62083,Bwrned chwe smotyn,und,"","",,Welsh,Sean Frederick Tuck,2024-08-19T11:21:11Z
62426,Gweirlöyn y glaw,und,"","",,Welsh,Sean Frederick Tuck,2024-08-19T11:21:44Z
63583,Cap inc pletiog,und,"","",,Welsh,Sean Frederick Tuck,2024-08-19T11:22:27Z
64237,Corsen cyrs,und,"","",,Welsh,Sean Frederick Tuck,2024-08-19T11:23:02Z
64331,Gellesgen ddrewllyd,und,"","",,Welsh,Sean Frederick Tuck,2024-08-19T11:23:39Z
68007,Dulys,und,"","",,Welsh,Sean Frederick Tuck,2024-08-19T11:24:52Z
68853,Llwyn coeg-fefus,und,"","",,Welsh,Sean Frederick Tuck,2024-08-19T11:25:19Z
75916,Y gynffon las,und,"","",,Welsh,Sean Frederick Tuck,2024-08-19T11:26:31Z
76007,Ysgallen bendrom,und,"","",,Welsh,Sean Frederick Tuck,2024-08-19T11:27:09Z
77128,Clymog Rwsia,und,"","",,Welsh,Sean Frederick Tuck,2024-08-19T11:28:06Z
78346,Llysiau cwsg,und,"","",,Welsh,Sean Frederick Tuck,2024-08-19T11:28:40Z
81687,Isadain felen fawr,und,"","",,Welsh,Sean Frederick Tuck,2024-08-19T11:29:12Z
84517,Helyglys pêr,und,"","",,Welsh,Sean Frederick Tuck,2024-08-19T11:30:00Z
118283,Corwystrysen feddal,und,"","",,Welsh,Sean Frederick Tuck,2024-08-19T11:31:15Z
118936,Teigr Dyfnaint,und,"","",,Welsh,Sean Frederick Tuck,2024-08-19T11:32:00Z
119450,Grug ysgub,und,"","",,Welsh,Sean Frederick Tuck,2024-08-19T11:38:02Z
121763,Castanwydden bêr,und,"","",,Welsh,Sean Frederick Tuck,2024-08-19T11:38:50Z
123666,Cwlwm cariad,und,"","",,Welsh,Sean Frederick Tuck,2024-08-19T11:39:37Z
125312,Teigr ôl-adain goch,und,"","",,Welsh,Sean Frederick Tuck,2024-08-19T11:40:19Z
126575,Y bengaled,und,"","",,Welsh,Sean Frederick Tuck,2024-08-19T11:40:49Z
127345,Ffacbysen y cloddiau,und,"","",,Welsh,Sean Frederick Tuck,2024-08-19T11:41:15Z
131203,Tamaid y cythraul,und,"","",,Welsh,Sean Frederick Tuck,2024-08-19T11:48:59Z
133487,Llysiau'r neidr,und,"","",,Welsh,Sean Frederick Tuck,2024-08-19T11:49:41Z
158615,Dail arian,und,"","",,Welsh,Sean Frederick Tuck,2024-08-19T11:51:15Z
163812,Rhafnwydden y môr,und,"","",,Welsh,Sean Frederick Tuck,2024-08-19T11:51:59Z
181465,Crib-y-ceiliog,und,"","",,Welsh,Sean Frederick Tuck,2024-08-19T11:52:56Z
218844,Brychan cleisiog,und,"","",,Welsh,Sean Frederick Tuck,2024-08-19T11:54:13Z
311619,Pwtyn dwyresog,und,"","",,Welsh,Sean Frederick Tuck,2024-08-19T11:55:38Z
320699,Rhesen wen y rhedyn,und,"","",,Welsh,Sean Frederick Tuck,2024-08-19T11:56:38Z
335611,Emrallt gwelw,und,"","",,Welsh,Sean Frederick Tuck,2024-08-19T11:57:58Z
410641,Ysgwydd gefngrwm,und,"","",,Welsh,Sean Frederick Tuck,2024-08-19T11:59:10Z
711103,Clust-y-llygoden euraid,und,"","",,Welsh,Sean Frederick Tuck,2024-08-19T12:01:48Z
765394,Ysgawen,und,"","",,Welsh,Sean Frederick Tuck,2024-08-19T12:02:52Z
775410,Ysgwydd y fedwen,und,"","",,Welsh,Sean Frederick Tuck,2024-08-19T12:03:34Z
807416,Popi Cymreig,und,"","",,Welsh,Sean Frederick Tuck,2024-08-19T12:04:24Z
950617,Blodyn-y-gwynt y Balcanau,und,"","",,Welsh,Sean Frederick Tuck,2024-08-19T12:06:01Z
48473,Paled y peintiwr,und,"","",,Welsh,Sean Frederick Tuck,2024-08-19T12:07:10Z
118391,Cap maes cynnar,und,"","",,Welsh,Sean Frederick Tuck,2024-08-19T12:08:32Z
47553,Ywen Gyffredin,und,"","",,Welsh,Sean Frederick Tuck,2024-08-20T08:40:32Z
48162,Clai smotyn melyn,und,"","",,Welsh,Sean Frederick Tuck,2024-08-20T08:42:55Z
48523,Llus Eira,und,"","",,Welsh,Sean Frederick Tuck,2024-08-20T08:44:45Z
48538,Banadl gorweddol,und,"","",,Welsh,Sean Frederick Tuck,2024-08-20T08:45:22Z
48548,Mantell dramor,und,"","",,Welsh,Sean Frederick Tuck,2024-08-20T08:45:57Z
48685,Cynffon y gath,und,"","",,Welsh,Sean Frederick Tuck,2024-08-20T08:46:47Z
48969,Trwyn y llo,und,"","",,Welsh,Sean Frederick Tuck,2024-08-20T08:47:35Z
48984,Y benlas luosflwydd,und,"","",,Welsh,Sean Frederick Tuck,2024-08-20T08:48:04Z
49075,Botwm jeli piws,und,"","",,Welsh,Sean Frederick Tuck,2024-08-20T08:48:52Z
51678,Mursen las asur,und,"","",,Welsh,Sean Frederick Tuck,2024-08-20T08:51:09Z
51808,Trewyn brych,und,"","",,Welsh,Sean Frederick Tuck,2024-08-20T08:51:57Z
52287,Tafod yr ych,und,"","",,Welsh,Sean Frederick Tuck,2024-08-20T08:52:29Z
52589,Gweirlöyn bach y waun,und,"","",,Welsh,Sean Frederick Tuck,2024-08-20T08:54:14Z
52681,Rhedynen ungoes,und,"","",,Welsh,Sean Frederick Tuck,2024-08-20T08:55:03Z
52724,Marchrawnen yr ardir,und,"","",,Welsh,Sean Frederick Tuck,2024-08-20T08:56:10Z
52808,Gweunwellt unflwydd,und,"","",,Welsh,Sean Frederick Tuck,2024-08-20T08:56:45Z
52856,Y feidiog lwyd,und,"","",,Welsh,Sean Frederick Tuck,2024-08-20T08:57:19Z
52973,Clust-y-llygoden lydanddail,und,"","",,Welsh,Sean Frederick Tuck,2024-08-20T08:57:53Z
52992,Chwynnyn pinafal,und,"","",,Welsh,Sean Frederick Tuck,2024-08-20T08:58:21Z
53059,Llau'r offeiriad,und,"","",,Welsh,Sean Frederick Tuck,2024-08-20T08:59:30Z
53104,Melynydd,und,"","",,Welsh,Sean Frederick Tuck,2024-08-20T09:00:01Z
53197,Tafolen grech,und,"","",,Welsh,Sean Frederick Tuck,2024-08-20T09:00:58Z
53211,Creulys,und,"","",,Welsh,Sean Frederick Tuck,2024-08-20T09:01:32Z
53298,Gwlyddyn y dom,und,"","",,Welsh,Sean Frederick Tuck,2024-08-20T09:03:52Z
53326,Perfagl fawr,und,"","",,Welsh,Sean Frederick Tuck,2024-08-20T09:04:34Z
54227,Ffawydden,und,"","",,Welsh,Sean Frederick Tuck,2024-08-20T09:05:50Z
54428,Draenen wen lefn,und,"","",,Welsh,Sean Frederick Tuck,2024-08-20T09:08:00Z
54491,Collen,und,"","",,Welsh,Sean Frederick Tuck,2024-08-20T09:09:28Z
54573,Crawen dyllog,und,"","",,Welsh,Sean Frederick Tuck,2024-08-20T09:10:04Z
55245,Cap cwyr coch,und,"","",,Welsh,Sean Frederick Tuck,2024-08-20T09:11:30Z
55401,Gwyn mawr,und,"","",,Welsh,Sean Frederick Tuck,2024-08-20T09:12:04Z
55623,Bidog y tafol,und,"","",,Welsh,Sean Frederick Tuck,2024-08-20T09:13:02Z
55651,Gem fforch arian,und,"","",,Welsh,Sean Frederick Tuck,2024-08-20T09:13:48Z
55722,Pig-yr-aran y weirglodd,und,"","",,Welsh,Sean Frederick Tuck,2024-08-20T09:14:47Z
55724,Llysiau'r cwlwm,und,"","",,Welsh,Sean Frederick Tuck,2024-08-20T09:15:22Z
55745,Meillionen wen,und,"","",,Welsh,Sean Frederick Tuck,2024-08-20T09:16:07Z
55775,Grug y mêl,und,"","",,Welsh,Sean Frederick Tuck,2024-08-20T09:16:32Z
55795,Milfyw,und,"","",,Welsh,Sean Frederick Tuck,2024-08-20T09:16:56Z
55819,Briallen Fair Sawrus,und,"","",,Welsh,Sean Frederick Tuck,2024-08-20T09:18:17Z
55827,Crafanc-yr-arth ddrewllyd,und,"","",,Welsh,Sean Frederick Tuck,2024-08-20T09:19:24Z
55845,Fioled bêr,und,"","",,Welsh,Sean Frederick Tuck,2024-08-20T09:19:54Z
55851,Marddanhadlen goch,und,"","",,Welsh,Sean Frederick Tuck,2024-08-20T09:20:24Z
55875,Saffrwm cynnar,und,"","",,Welsh,Sean Frederick Tuck,2024-08-20T09:20:59Z
55876,Marddanhadlen wen,und,"","",,Welsh,Sean Frederick Tuck,2024-08-20T09:21:25Z
55882,Iorwg yr Iwerydd,und,"","",,Welsh,Sean Frederick Tuck,2024-08-20T09:22:11Z
55886,Swllt dyn tlawd,und,"","",,Welsh,Sean Frederick Tuck,2024-08-20T09:22:48Z
55891,Mapgoll,und,"","",,Welsh,Sean Frederick Tuck,2024-08-20T09:23:17Z
55950,Ffwng melog,und,"","",,Welsh,Sean Frederick Tuck,2024-08-20T09:23:52Z
55964,Cap porslen,und,"","",,Welsh,Sean Frederick Tuck,2024-08-20T09:24:25Z
55969,Gwifwrnwydd y gors,und,"","",,Welsh,Sean Frederick Tuck,2024-08-20T09:24:51Z
55977,Hocysen fwsg,und,"","",,Welsh,Sean Frederick Tuck,2024-08-20T09:25:37Z
55996,Gwalchwyfyn yr helyglys,und,"","",,Welsh,Sean Frederick Tuck,2024-08-20T09:26:10Z
56057,Llygad-llo mawr,und,"","",,Welsh,Sean Frederick Tuck,2024-08-20T09:28:53Z
56063,Criafolen,und,"","",,Welsh,Sean Frederick Tuck,2024-08-20T09:32:10Z
56064,Blodyn menyn,und,"","",,Welsh,Sean Frederick Tuck,2024-08-20T09:32:55Z
56099,Glesyn y coed,und,"","",,Welsh,Sean Frederick Tuck,2024-08-20T09:33:47Z
56133,Derwen mes coesynnog,und,"","",,Welsh,Sean Frederick Tuck,2024-08-20T09:34:27Z
56158,Marddanhadlen ddu,und,"","",,Welsh,Sean Frederick Tuck,2024-08-20T09:35:04Z
56293,Gwalchwyfyn hofran,und,"","",,Welsh,Sean Frederick Tuck,2024-08-20T09:36:02Z
57036,Llaethlys bach,und,"","",,Welsh,Sean Frederick Tuck,2024-08-20T09:37:08Z
58961,Llydan y ffordd,und,"","",,Welsh,Sean Frederick Tuck,2024-08-20T09:38:34Z
59260,Melyn-Mair yr ŷd,und,"","",,Welsh,Sean Frederick Tuck,2024-08-20T09:39:20Z
59570,Cacamwci,und,"","",,Welsh,Sean Frederick Tuck,2024-08-20T09:40:01Z
59588,Melyn y drain,und,"","",,Welsh,Sean Frederick Tuck,2024-08-20T09:41:39Z
60364,Rhododendron Cyffredin,und,"","",,Welsh,Sean Frederick Tuck,2024-08-20T09:43:04Z
60462,Brwynen flodeuog,und,"","",,Welsh,Sean Frederick Tuck,2024-08-20T09:43:42Z
60476,Clustog Fair,und,"","",,Welsh,Sean Frederick Tuck,2024-08-20T09:44:45Z
60780,Brychan y gaeaf,und,"","",,Welsh,Sean Frederick Tuck,2024-08-20T09:45:17Z
61321,Llysiau'r-milwr coch,und,"","",,Welsh,Sean Frederick Tuck,2024-08-20T09:45:54Z
61781,Gwibiwr mawr,und,"","",,Welsh,Sean Frederick Tuck,2024-08-20T09:47:38Z
61906,Tafod-y-llew gwrychog,und,"","",,Welsh,Sean Frederick Tuck,2024-08-20T09:48:14Z
63134,Erwain,und,"","",,Welsh,Sean Frederick Tuck,2024-08-20T09:51:04Z
63460,Bonet gwin coch,und,"","",,Welsh,Sean Frederick Tuck,2024-08-20T09:51:31Z
68838,Bresychen-y-cŵn flynyddol,und,"","",,Welsh,Sean Frederick Tuck,2024-08-20T09:54:36Z
69438,Creulys Rhydychen,und,"","",,Welsh,Sean Frederick Tuck,2024-08-20T09:55:26Z
70045,Troed yr arth,und,"","",,Welsh,Sean Frederick Tuck,2024-08-20T09:56:39Z
75501,Cyngaf mawr,und,"","",,Welsh,Sean Frederick Tuck,2024-08-20T09:58:24Z
75609,Duegredynen gwallt y forwyn,und,"","",,Welsh,Sean Frederick Tuck,2024-08-20T09:58:51Z
75931,Melyn Mair,und,"","",,Welsh,Sean Frederick Tuck,2024-08-20T09:59:26Z
75968,Taglys mawr,und,"","",,Welsh,Sean Frederick Tuck,2024-08-20T10:00:04Z
76610,Moronen y maes,und,"","",,Welsh,Sean Frederick Tuck,2024-08-20T10:00:30Z
77480,Dail y beiblau,und,"","",,Welsh,Sean Frederick Tuck,2024-08-20T10:01:22Z
77778,Llin-y-llyffant porffor,und,"","",,Welsh,Sean Frederick Tuck,2024-08-20T10:02:02Z
77965,Amranwen bêr,und,"","",,Welsh,Sean Frederick Tuck,2024-08-20T10:02:33Z
77990,Mintys y dŵr,und,"","",,Welsh,Sean Frederick Tuck,2024-08-20T10:03:01Z
82600,Mastigwydden,und,"","",,Welsh,Sean Frederick Tuck,2024-08-20T10:03:52Z
82623,Perfagl serennog,und,"","",,Welsh,Sean Frederick Tuck,2024-08-20T10:11:18Z
82685,Plucen felen,und,"","",,Welsh,Sean Frederick Tuck,2024-08-20T10:11:44Z
82691,Cwlwm y coed,und,"","",,Welsh,Sean Frederick Tuck,2024-08-20T10:12:17Z
82730,Tagaradr pigog,und,"","",,Welsh,Sean Frederick Tuck,2024-08-20T10:12:44Z
83459,Rhisglyn yr helyg,und,"","",,Welsh,Sean Frederick Tuck,2024-08-20T10:13:07Z
99901,Mursen las gyffredin,und,"","",,Welsh,Sean Frederick Tuck,2024-08-20T10:14:18Z
102800,Gweirlöyn llwyd,und,"","",,Welsh,Sean Frederick Tuck,2024-08-20T10:14:48Z
116384,Geometrydd,und,"","",,Welsh,Sean Frederick Tuck,2024-08-20T10:15:21Z
118073,Crawen ledraidd,und,"","",,Welsh,Sean Frederick Tuck,2024-08-20T10:17:13Z
118145,Coden fwg y ddôl,und,"","",,Welsh,Sean Frederick Tuck,2024-08-20T10:18:06Z
118401,Ffwng melog oddfog,und,"","",,Welsh,Sean Frederick Tuck,2024-08-20T10:18:41Z
118545,Gludlys arfor,und,"","",,Welsh,Sean Frederick Tuck,2024-08-20T10:20:56Z
118795,Dant y pysgodyn,und,"","",,Welsh,Sean Frederick Tuck,2024-08-20T10:21:36Z
123658,Ton rhubanog,und,"","",,Welsh,Sean Frederick Tuck,2024-08-20T10:24:58Z
125348,Saffrwm euraid,und,"","",,Welsh,Sean Frederick Tuck,2024-08-20T10:26:24Z
125440,Onnen ynn,und,"","",,Welsh,Sean Frederick Tuck,2024-08-20T10:26:56Z
125494,Argws brown,und,"","",,Welsh,Sean Frederick Tuck,2024-08-20T10:28:11Z
125787,Ytbysen y ddôl,und,"","",,Welsh,Sean Frederick Tuck,2024-08-20T10:28:42Z
127055,mwsogl y grugwydd,und,"","",,Welsh,Sean Frederick Tuck,2024-08-20T10:30:37Z
127391,Clust yr ewig,und,"","",,Welsh,Sean Frederick Tuck,2024-08-20T10:31:22Z
127506,Gwyfyn y cadno,und,"","",,Welsh,Sean Frederick Tuck,2024-08-20T10:31:47Z
127618,Brychan cyffredin,und,"","",,Welsh,Sean Frederick Tuck,2024-08-20T10:34:22Z
130403,Bwrned pum smotyn,und,"","",,Welsh,Sean Frederick Tuck,2024-08-20T10:36:28Z
143563,Madarch y maes,und,"","",,Welsh,Sean Frederick Tuck,2024-08-20T10:39:43Z
145601,Gwenith yr hydd,und,"","",,Welsh,Sean Frederick Tuck,2024-08-20T10:40:11Z
147293,Fioled y coed,und,"","",,Welsh,Sean Frederick Tuck,2024-08-20T10:41:14Z
153033,Siobyn coed bacsiog,und,"","",,Welsh,Sean Frederick Tuck,2024-08-20T10:42:35Z
162431,Grug croesddail,und,"","",,Welsh,Sean Frederick Tuck,2024-08-20T10:45:19Z
163112,Ffiwsia,und,"","",,Welsh,Sean Frederick Tuck,2024-08-20T10:45:58Z
163973,Eurinllys blewog,und,"","",,Welsh,Sean Frederick Tuck,2024-08-20T10:46:33Z
164834,Pysen-y-ceirw fawr,und,"","",,Welsh,Sean Frederick Tuck,2024-08-20T10:47:26Z
166466,Llysiau'r-gwrid gwyrdd,und,"","",,Welsh,Sean Frederick Tuck,2024-08-20T10:48:10Z
204335,Brwynen bellennaidd,und,"","",,Welsh,Sean Frederick Tuck,2024-08-20T10:51:03Z
205151,Gwyfyn llenni crychlyd,und,"","",,Welsh,Sean Frederick Tuck,2024-08-20T10:51:46Z
205231,Ton un smotyn,und,"","",,Welsh,Sean Frederick Tuck,2024-08-20T10:52:32Z
205294,Siobyn gwelw,und,"","",,Welsh,Sean Frederick Tuck,2024-08-20T10:53:22Z
205753,Brithyn tywyll,und,"","",,Welsh,Sean Frederick Tuck,2024-08-20T10:53:54Z
209691,Glesyn cynffon fer Lang,und,"","",,Welsh,Sean Frederick Tuck,2024-08-20T10:54:39Z
243705,Brychan yr ardd,und,"","",,Welsh,Sean Frederick Tuck,2024-08-20T10:55:53Z
319738,Gwrychredynen feddal,und,"","",,Welsh,Sean Frederick Tuck,2024-08-20T10:58:24Z
319745,Gwyn cleisiog,und,"","",,Welsh,Sean Frederick Tuck,2024-08-20T10:59:13Z
320763,Llwyd Vine,und,"","",,Welsh,Sean Frederick Tuck,2024-08-20T11:00:00Z
322983,Ton fach lwyd,und,"","",,Welsh,Sean Frederick Tuck,2024-08-20T11:01:18Z
324924,Pwtyn brych,und,"","",,Welsh,Sean Frederick Tuck,2024-08-20T11:02:01Z
325738,Rhesen lydan dywyll,und,"","",,Welsh,Sean Frederick Tuck,2024-08-20T11:02:27Z
326880,Cedowydd suddlon,und,"","",,Welsh,Sean Frederick Tuck,2024-08-20T11:03:08Z
336005,Clychlys ymlusgol,und,"","",,Welsh,Sean Frederick Tuck,2024-08-20T11:05:17Z
336113,Briweg y cerrig,und,"","",,Welsh,Sean Frederick Tuck,2024-08-20T11:05:53Z
337446,Tusw'r cyll,und,"","",,Welsh,Sean Frederick Tuck,2024-08-20T11:16:59Z
354801,Gwyfyn y rhos,und,"","",,Welsh,Sean Frederick Tuck,2024-08-20T11:19:40Z
354804,Troedwas cyffredin,und,"","",,Welsh,Sean Frederick Tuck,2024-08-20T11:20:15Z
358823,Ton welw,und,"","",,Welsh,Sean Frederick Tuck,2024-08-20T11:20:51Z
450670,Meligwellt y coed,und,"","",,Welsh,Sean Frederick Tuck,2024-08-20T11:23:23Z
461806,Chwimwyfyn oren,und,"","",,Welsh,Sean Frederick Tuck,2024-08-20T11:24:36Z
472070,Brychan hardd y calch,und,"","",,Welsh,Sean Frederick Tuck,2024-08-20T11:25:42Z
483342,Crych Blomer,und,"","",,Welsh,Sean Frederick Tuck,2024-08-20T11:26:39Z
563098,Picellwr praff,und,"","",,Welsh,Sean Frederick Tuck,2024-08-20T11:29:56Z
603136,Clais godreog,und,"","",,Welsh,Sean Frederick Tuck,2024-08-20T11:30:26Z
626665,Chwimwyfyn cyffredin,und,"","",,Welsh,Sean Frederick Tuck,2024-08-20T11:31:14Z
824510,Teigr bach,und,"","",,Welsh,Sean Frederick Tuck,2024-08-20T11:33:20Z
461937,Ôl-adain gopor,und,"","",,Welsh,Sean Frederick Tuck,2024-08-20T11:35:10Z
1225773,Cenwyfyn cleisiog,und,"","",,Welsh,Sean Frederick Tuck,2024-08-20T11:35:50Z
1280949,Pertyn brych,und,"","",,Welsh,Sean Frederick Tuck,2024-08-20T11:37:13Z
1289472,Telor Sardinia,und,"","",,Welsh,Sean Frederick Tuck,2024-08-20T11:37:49Z
1525548,Coes las y coed,und,"","",,Welsh,Sean Frederick Tuck,2024-08-20T11:39:28Z
79141,Codwarth du,und,"","",,Welsh,Sean Frederick Tuck,2024-08-24T17:30:46Z
77411,Cetmia chwysigennog,und,"","",,Welsh,jamie-aa,2024-09-26T19:29:22Z
85057,Gwas neidr eurdorchog,und,"","",,Welsh,Sean Frederick Tuck,2024-10-19T10:23:44Z
1579015,Gwalch marth,und,"","",https://www.inaturalist.org/taxon_names/3665730/edit,Welsh,Sean Cozart,2024-10-24T23:42:45Z
1580336,Cwtiad Torchog Bach,und,"","",https://www.inaturalist.org/taxon_names/3700673/edit,Welsh,,2024-10-27T23:01:33Z
160036,Swp-Hesgen y Fawnog,und,"","",,Welsh,Nick Abbate,2024-11-01T01:54:47Z
160036,Hesgen Gyffredin,und,"","",,Welsh,Nick Abbate,2024-11-01T01:55:12Z
160036,Hesg Cyffredin,und,"","",,Welsh,Nick Abbate,2024-11-01T01:55:27Z
54491,Coll-Lwyn,und,"","",,Welsh,Nick Abbate,2024-11-01T02:03:37Z
52681,Adainredyn Cyffredin,und,"","",,Welsh,Nick Abbate,2024-11-01T02:09:19Z
52681,Rhedyn Ungoes,und,"","",,Welsh,Nick Abbate,2024-11-01T02:09:40Z
58188,Minlys yr Âr,und,"","",,Welsh,Nick Abbate,2024-11-01T02:17:08Z
58188,Mintys Gwylltion,und,"","",,Welsh,Nick Abbate,2024-11-01T02:17:23Z
58188,Mintys y Maes,und,"","",,Welsh,Nick Abbate,2024-11-01T02:17:37Z
58188,Mintys y Meysydd,und,"","",,Welsh,Nick Abbate,2024-11-01T02:18:13Z
47571,Aethnenni,und,"","",,Welsh,Nick Abbate,2024-11-01T02:24:47Z
47571,Aethwydden,und,"","",,Welsh,Nick Abbate,2024-11-01T02:25:01Z
47571,Crydaethnen,und,"","",,Welsh,Nick Abbate,2024-11-01T02:25:18Z
47571,Gwiwydden,und,"","",,Welsh,Nick Abbate,2024-11-01T02:25:36Z
47571,Tafod y Gwragedd,und,"","",,Welsh,Nick Abbate,2024-11-01T02:26:01Z
411086,Crëyr gwartheg,und,"","",https://www.inaturalist.org/taxon_names/2304081/edit,Welsh,Iván Reséndiz Cruz,2024-11-03T09:37:25Z
1578721,Jac-y-do Dauria,und,"","",https://www.inaturalist.org/taxon_names/3656586/edit,Welsh,,2024-11-04T17:22:21Z
531733,Llinos Bengoch Fechan,und,"","",https://www.inaturalist.org/taxon_names/3700620/edit,Welsh,,2024-11-17T12:02:03Z
336399,Jac-y-do,und,"","",https://www.inaturalist.org/taxon_names/3656585/edit,Welsh,,2024-11-17T14:29:20Z
47219,Gwenyn Mêl Orllewinol,und,"","",,Welsh,Sean Frederick Tuck,2024-12-13T10:41:00Z
48662,Glöyn y llaethlys,und,"","",,Welsh,Sean Frederick Tuck,2024-12-13T10:42:11Z
4956,Crëyr Mawr Glas,und,"","",,Welsh,Sean Frederick Tuck,2024-12-13T10:43:51Z
12727,Robin America,und,"","",,Welsh,Sean Frederick Tuck,2024-12-13T10:46:08Z
58637,Swilyn tagell-ddu,und,"","",,Welsh,Zane Roskoph,2024-12-27T19:37:25Z
