id,vernacularName,language,locality,countryCode,source,lexicon,contributor,created
825289,Sundu,und,"","",https://www.inaturalist.org/taxon_names/1479575/edit,Fula,rjq,2021-02-25T02:26:48Z
102742,Lareo,und,"","",,Fula,Zane Roskoph,2021-07-16T16:11:27Z
594430,dibehi,und,"","",,Fula,Botswanabugs,2021-09-28T11:31:46Z
342724,bugi baley,und,"","",South African National Biodiversity Institute. 2021. Botanical Database of Southern Africa (BODATSA) [offline dataset]. http://newposa.sanbi.org [Note that these data are not available at this URL as of 2021],Fula,Ken-ichi Ueda,2021-10-21T20:12:19Z
342724,dalevi,und,"","",South African National Biodiversity Institute. 2021. Botanical Database of Southern Africa (BODATSA) [offline dataset]. http://newposa.sanbi.org [Note that these data are not available at this URL as of 2021],Fula,Ken-ichi Ueda,2021-10-21T20:12:19Z
342724,gubi,und,"","",South African National Biodiversity Institute. 2021. Botanical Database of Southern Africa (BODATSA) [offline dataset]. http://newposa.sanbi.org [Note that these data are not available at this URL as of 2021],Fula,Ken-ichi Ueda,2021-10-21T20:12:20Z
342724,gumi,und,"","",South African National Biodiversity Institute. 2021. Botanical Database of Southern Africa (BODATSA) [offline dataset]. http://newposa.sanbi.org [Note that these data are not available at this URL as of 2021],Fula,Ken-ichi Ueda,2021-10-21T20:12:20Z
342724,gumi-baledi,und,"","",South African National Biodiversity Institute. 2021. Botanical Database of Southern Africa (BODATSA) [offline dataset]. http://newposa.sanbi.org [Note that these data are not available at this URL as of 2021],Fula,Ken-ichi Ueda,2021-10-21T20:12:20Z
342724,gumi-baley,und,"","",South African National Biodiversity Institute. 2021. Botanical Database of Southern Africa (BODATSA) [offline dataset]. http://newposa.sanbi.org [Note that these data are not available at this URL as of 2021],Fula,Ken-ichi Ueda,2021-10-21T20:12:21Z
342724,nguni daleewi,und,"","",South African National Biodiversity Institute. 2021. Botanical Database of Southern Africa (BODATSA) [offline dataset]. http://newposa.sanbi.org [Note that these data are not available at this URL as of 2021],Fula,Ken-ichi Ueda,2021-10-21T20:12:21Z
141177,djambel gak,und,"","",South African National Biodiversity Institute. 2021. Botanical Database of Southern Africa (BODATSA) [offline dataset]. http://newposa.sanbi.org [Note that these data are not available at this URL as of 2021],Fula,Ken-ichi Ueda,2021-10-21T20:12:21Z
141177,jamabere jire,und,"","",South African National Biodiversity Institute. 2021. Botanical Database of Southern Africa (BODATSA) [offline dataset]. http://newposa.sanbi.org [Note that these data are not available at this URL as of 2021],Fula,Ken-ichi Ueda,2021-10-21T20:12:21Z
164238,chidige,und,"","",South African National Biodiversity Institute. 2021. Botanical Database of Southern Africa (BODATSA) [offline dataset]. http://newposa.sanbi.org [Note that these data are not available at this URL as of 2021],Fula,Ken-ichi Ueda,2021-10-21T20:12:22Z
164238,dialaduke,und,"","",South African National Biodiversity Institute. 2021. Botanical Database of Southern Africa (BODATSA) [offline dataset]. http://newposa.sanbi.org [Note that these data are not available at this URL as of 2021],Fula,Ken-ichi Ueda,2021-10-21T20:12:22Z
164238,duladukad,und,"","",South African National Biodiversity Institute. 2021. Botanical Database of Southern Africa (BODATSA) [offline dataset]. http://newposa.sanbi.org [Note that these data are not available at this URL as of 2021],Fula,Ken-ichi Ueda,2021-10-21T20:12:22Z
164238,kidi,und,"","",South African National Biodiversity Institute. 2021. Botanical Database of Southern Africa (BODATSA) [offline dataset]. http://newposa.sanbi.org [Note that these data are not available at this URL as of 2021],Fula,Ken-ichi Ueda,2021-10-21T20:12:23Z
164238,kokolaji,und,"","",South African National Biodiversity Institute. 2021. Botanical Database of Southern Africa (BODATSA) [offline dataset]. http://newposa.sanbi.org [Note that these data are not available at this URL as of 2021],Fula,Ken-ichi Ueda,2021-10-21T20:12:23Z
164238,kolakoladje,und,"","",South African National Biodiversity Institute. 2021. Botanical Database of Southern Africa (BODATSA) [offline dataset]. http://newposa.sanbi.org [Note that these data are not available at this URL as of 2021],Fula,Ken-ichi Ueda,2021-10-21T20:12:23Z
164238,kolakolaje,und,"","",South African National Biodiversity Institute. 2021. Botanical Database of Southern Africa (BODATSA) [offline dataset]. http://newposa.sanbi.org [Note that these data are not available at this URL as of 2021],Fula,Ken-ichi Ueda,2021-10-21T20:12:24Z
164238,kolkolwaahi,und,"","",South African National Biodiversity Institute. 2021. Botanical Database of Southern Africa (BODATSA) [offline dataset]. http://newposa.sanbi.org [Note that these data are not available at this URL as of 2021],Fula,Ken-ichi Ueda,2021-10-21T20:12:24Z
164238,kwolkwolkaje,und,"","",South African National Biodiversity Institute. 2021. Botanical Database of Southern Africa (BODATSA) [offline dataset]. http://newposa.sanbi.org [Note that these data are not available at this URL as of 2021],Fula,Ken-ichi Ueda,2021-10-21T20:12:24Z
164238,madi dirnadjem,und,"","",South African National Biodiversity Institute. 2021. Botanical Database of Southern Africa (BODATSA) [offline dataset]. http://newposa.sanbi.org [Note that these data are not available at this URL as of 2021],Fula,Ken-ichi Ueda,2021-10-21T20:12:25Z
164238,magale,und,"","",South African National Biodiversity Institute. 2021. Botanical Database of Southern Africa (BODATSA) [offline dataset]. http://newposa.sanbi.org [Note that these data are not available at this URL as of 2021],Fula,Ken-ichi Ueda,2021-10-21T20:12:25Z
81491,jirlaare,und,"","",South African National Biodiversity Institute. 2021. Botanical Database of Southern Africa (BODATSA) [offline dataset]. http://newposa.sanbi.org [Note that these data are not available at this URL as of 2021],Fula,Ken-ichi Ueda,2021-10-21T20:12:25Z
81491,jirlahi,und,"","",South African National Biodiversity Institute. 2021. Botanical Database of Southern Africa (BODATSA) [offline dataset]. http://newposa.sanbi.org [Note that these data are not available at this URL as of 2021],Fula,Ken-ichi Ueda,2021-10-21T20:12:26Z
81491,yirlahi,und,"","",South African National Biodiversity Institute. 2021. Botanical Database of Southern Africa (BODATSA) [offline dataset]. http://newposa.sanbi.org [Note that these data are not available at this URL as of 2021],Fula,Ken-ichi Ueda,2021-10-21T20:12:26Z
590061,lakad,und,"","",South African National Biodiversity Institute. 2021. Botanical Database of Southern Africa (BODATSA) [offline dataset]. http://newposa.sanbi.org [Note that these data are not available at this URL as of 2021],Fula,Ken-ichi Ueda,2021-10-21T20:12:26Z
601161,bale-balehi,und,"","",South African National Biodiversity Institute. 2021. Botanical Database of Southern Africa (BODATSA) [offline dataset]. http://newposa.sanbi.org [Note that these data are not available at this URL as of 2021],Fula,Ken-ichi Ueda,2021-10-21T20:12:27Z
601161,faladen,und,"","",South African National Biodiversity Institute. 2021. Botanical Database of Southern Africa (BODATSA) [offline dataset]. http://newposa.sanbi.org [Note that these data are not available at this URL as of 2021],Fula,Ken-ichi Ueda,2021-10-21T20:12:27Z
601161,falajin,und,"","",South African National Biodiversity Institute. 2021. Botanical Database of Southern Africa (BODATSA) [offline dataset]. http://newposa.sanbi.org [Note that these data are not available at this URL as of 2021],Fula,Ken-ichi Ueda,2021-10-21T20:12:27Z
601161,saujerehi,und,"","",South African National Biodiversity Institute. 2021. Botanical Database of Southern Africa (BODATSA) [offline dataset]. http://newposa.sanbi.org [Note that these data are not available at this URL as of 2021],Fula,Ken-ichi Ueda,2021-10-21T20:12:28Z
601161,wabberehi,und,"","",South African National Biodiversity Institute. 2021. Botanical Database of Southern Africa (BODATSA) [offline dataset]. http://newposa.sanbi.org [Note that these data are not available at this URL as of 2021],Fula,Ken-ichi Ueda,2021-10-21T20:12:28Z
113934,Duddu,und,"","",,Fula,Zane Roskoph,2021-12-23T20:14:15Z
705304,barkelé,und,"","",,Fula,Botswanabugs,2023-11-09T08:43:02Z
705304,bule barkelé,und,"","",,Fula,Botswanabugs,2023-11-09T08:44:22Z
557826,gavdi,und,"","",,Fula,Botswanabugs,2023-11-09T09:08:21Z
1398129,Herdsmen’s henna,und,"","",,Fula,brnhn,2025-01-12T09:38:21Z
