id,vernacularName,language,locality,countryCode,source,lexicon,contributor,created
3,Pijin,und,"","",,Bislama,John E. Christensen,2017-12-22T21:50:55Z
54919,Kukamba,und,"","",,Bislama,John E. Christensen,2018-02-15T09:22:28Z
18874,Barod,und,"","",,Bislama,John E. Christensen,2019-03-04T13:07:54Z
40019,Totel,und,"","",,Bislama,John E. Christensen,2019-05-28T13:29:37Z
58771,hea fen,und,"","",,Bislama,Chris Hoess,2021-10-11T01:41:59Z
1,Animol,und,"","",,Bislama,John E. Christensen,2022-10-03T11:39:10Z
81769,Kakros,und,"","",,Bislama,Yann Kemper,2022-11-18T05:29:32Z
196615,Stinggre,und,"","",,Bislama,Yann Kemper,2022-11-18T05:30:31Z
63205,Pistas,und,"","",,Bislama,Yann Kemper,2022-11-18T05:32:07Z
140999,Arurut,und,"","",,Bislama,Yann Kemper,2022-11-18T05:36:44Z
62831,Avoka,und,"","",,Bislama,Yann Kemper,2022-11-18T05:39:46Z
79210,Bafalo,und,"","",,Bislama,Yann Kemper,2022-11-18T05:41:54Z
60832,Benoa,und,"","",,Bislama,Yann Kemper,2022-11-18T05:43:57Z
202155,Bintri,und,"","",,Bislama,Yann Kemper,2022-11-18T05:46:34Z
67596,Blakanis,und,"","",,Bislama,Yann Kemper,2022-11-18T05:47:19Z
180389,blakpiko,und,"","",,Bislama,Yann Kemper,2022-11-18T05:48:38Z
51921,Bluflaoa,und,"","",,Bislama,Yann Kemper,2022-11-18T05:50:42Z
169326,Bluflaoa,und,"","",,Bislama,Yann Kemper,2022-11-18T05:51:55Z
123690,Blukarong,und,"","",,Bislama,Yann Kemper,2022-11-18T05:52:57Z
135283,Blumak piko,und,"","",,Bislama,Yann Kemper,2022-11-18T05:53:34Z
348101,Bluwota,und,"","",,Bislama,Yann Kemper,2022-11-18T05:54:05Z
439024,Bluwud,und,"","",,Bislama,Yann Kemper,2022-11-18T05:54:24Z
239653,Bolkabis,und,"","",,Bislama,Yann Kemper,2022-11-18T05:54:55Z
239653,Kabis,und,"","",,Bislama,Yann Kemper,2022-11-18T05:55:03Z
239653,Raonkabis,und,"","",,Bislama,Yann Kemper,2022-11-18T05:55:13Z
239653,Inglis kabis,und,"","",,Bislama,Yann Kemper,2022-11-18T05:55:24Z
239653,Rolkabis,und,"","",,Bislama,Yann Kemper,2022-11-18T05:55:33Z
70027,Bredfruit,und,"","",,Bislama,Yann Kemper,2022-11-18T05:56:07Z
74113,Buluk,und,"","",,Bislama,Yann Kemper,2022-11-18T05:56:52Z
62868,Burao,und,"","",,Bislama,Yann Kemper,2022-11-18T05:57:18Z
126840,Burao blong solwota,und,"","",,Bislama,Yann Kemper,2022-11-18T05:57:38Z
148030,Dongki,und,"","",,Bislama,Yann Kemper,2022-11-18T05:58:46Z
146977,Faefkona,und,"","",,Bislama,Yann Kemper,2022-11-18T06:03:02Z
189657,Fisposentri,und,"","",,Bislama,Yann Kemper,2022-11-18T06:04:54Z
108844,Flatnaora,und,"","",,Bislama,Yann Kemper,2022-11-18T06:05:40Z
56765,Flathed,und,"","",,Bislama,Yann Kemper,2022-11-18T06:06:39Z
47528,Fokonafis,und,"","",,Bislama,Yann Kemper,2022-11-18T06:07:03Z
208836,Frombwas,und,"","",,Bislama,Yann Kemper,2022-11-18T06:08:46Z
49612,sanpepafis,und,"","",,Bislama,Yann Kemper,2022-11-18T06:13:02Z
52453,strongskin,und,"","",,Bislama,Yann Kemper,2022-11-18T06:14:51Z
84370,Nakavika,und,"","",,Bislama,Yann Kemper,2022-11-18T06:17:11Z
332906,Blakpam,und,"","",,Bislama,Yann Kemper,2022-11-18T06:18:36Z
418530,nambiru,und,"","",,Bislama,Yann Kemper,2022-11-18T06:19:50Z
144017,Nilfis,und,"","",,Bislama,Yann Kemper,2022-11-18T06:22:28Z
129783,na mele,und,"","",,Bislama,Yann Kemper,2022-11-18T06:25:50Z
188243,Rasa fis,und,"","",http://www.catalogueoflife.org/annual-checklist/2012/details/species/id/9741333,Bislama,,2023-03-14T14:04:24Z
1457638,Stingwud,und,"","",https://www.inaturalist.org/taxon_names/3155928/edit,Bislama,,2023-08-16T05:58:50Z
