id,vernacularName,language,locality,countryCode,source,lexicon,contributor,created
121924,aorí,und,"","",,Rarámuri,Ken-ichi Ueda,2013-05-16T07:59:41Z
58138,arishi,und,"","",,Rarámuri,Oscar C. González Martínez,2013-05-16T07:59:58Z
76541,arishi,und,"","",,Rarámuri,Carlos Galindo-Leal,2013-05-16T07:59:59Z
64017,bacá,und,"","",,Rarámuri,Yoshimasa Uchiyama,2013-05-16T08:00:23Z
164777,Bacánoc,und,"","",,Rarámuri,Pedro Nájera Quezada,2013-05-16T08:00:24Z
48448,bachí,und,"","",,Rarámuri,Ken-ichi Ueda,2013-05-16T08:00:24Z
76770,basalaca,und,"","",,Rarámuri,Ken-ichi Ueda,2013-05-16T08:00:43Z
145588,batagá,und,"","",,Rarámuri,Ken-ichi Ueda,2013-05-16T08:00:43Z
57903,bishicuri,und,"","",,Rarámuri,Ken-ichi Ueda,2013-05-16T08:01:10Z
277431,chonki,und,"","",,Rarámuri,Ken-ichi Ueda,2013-05-16T08:05:47Z
60218,chuna,und,"","",,Rarámuri,Ken-ichi Ueda,2013-05-16T08:05:52Z
316762,chuna,und,"","",,Rarámuri,Ken-ichi Ueda,2013-05-16T08:05:52Z
278199,chuna,und,"","",,Rarámuri,Ken-ichi Ueda,2013-05-16T08:05:52Z
75396,chú'yaca,und,"","",,Rarámuri,Ken-ichi Ueda,2013-05-16T08:05:55Z
158733,cori,und,"","",,Rarámuri,Ken-ichi Ueda,2013-05-16T08:07:02Z
122796,corí,und,"","",,Rarámuri,Zinogre,2013-05-16T08:07:02Z
166630,gotóko,und,"","",,Rarámuri,Ken-ichi Ueda,2013-05-16T08:10:12Z
282658,Gurú,und,"","",,Rarámuri,Ken-ichi Ueda,2013-05-16T08:10:44Z
275883,gurú,und,"","",,Rarámuri,Ken-ichi Ueda,2013-05-16T08:10:44Z
54840,gusa'lo',und,"","",,Rarámuri,wildskyflower,2013-05-16T08:10:45Z
78174,huanéburi,und,"","",,Rarámuri,Carlos Alonso,2013-05-16T08:15:14Z
135729,huiyoco,und,"","",,Rarámuri,Bodo Nuñez Oberg,2013-05-16T08:15:21Z
121692,inóko,und,"","",,Rarámuri,Ken-ichi Ueda,2013-05-16T08:15:32Z
316802,kakwára,und,"","",,Rarámuri,Ken-ichi Ueda,2013-05-16T08:16:27Z
283153,kama'wi,und,"","",,Rarámuri,Ken-ichi Ueda,2013-05-16T08:16:28Z
244905,kapírame,und,"","",,Rarámuri,Bobby McCabe,2013-05-16T08:16:34Z
278554,kayá,und,"","",,Rarámuri,Adrian Bojorquez,2013-05-16T08:16:35Z
164344,kusí júkame,und,"","",,Rarámuri,Carlos G Velazco-Macias,2013-05-16T08:16:44Z
189235,maca,und,"","",,Rarámuri,Ken-ichi Ueda,2013-05-16T08:18:04Z
158336,maca,und,"","",,Rarámuri,Ken-ichi Ueda,2013-05-16T08:18:04Z
52700,masiyagüe,und,"","",,Rarámuri,Victor HOYEAU,2013-05-16T08:18:51Z
156514,matariqui,und,"","",,Rarámuri,Ken-ichi Ueda,2013-05-16T08:18:57Z
49665,Matéoco,und,"","",,Rarámuri,Ken-ichi Ueda,2013-05-16T08:18:58Z
143791,mateyó,und,"","",,Rarámuri,Bodo Nuñez Oberg,2013-05-16T08:18:58Z
159591,mató,und,"","",,Rarámuri,Bodo Nuñez Oberg,2013-05-16T08:18:59Z
158757,mo'cosi,und,"","",,Rarámuri,Ken-ichi Ueda,2013-05-16T08:19:20Z
122850,muni,und,"","",,Rarámuri,Zachary Dankowicz,2013-05-16T08:19:36Z
138627,munísowa,und,"","",,Rarámuri,Ken-ichi Ueda,2013-05-16T08:19:37Z
135746,nachurl'i,und,"","",,Rarámuri,Jorge Rojas S.,2013-05-16T08:19:46Z
274346,napisora,und,"","",,Rarámuri,Ken-ichi Ueda,2013-05-16T08:19:51Z
169593,nawéke,und,"","",,Rarámuri,Ken-ichi Ueda,2013-05-16T08:19:58Z
273732,okoro,und,"","",,Rarámuri,Ken-ichi Ueda,2013-05-16T08:20:46Z
53080,rasorá,und,"","",,Rarámuri,Ken-ichi Ueda,2013-05-16T08:23:49Z
168917,reárowa,und,"","",,Rarámuri,Ken-ichi Ueda,2013-05-16T08:23:49Z
122860,recómari,und,"","",,Rarámuri,Ken-ichi Ueda,2013-05-16T08:23:50Z
58127,remébari,und,"","",,Rarámuri,wsyxbcl,2013-05-16T08:23:50Z
53858,rerogüe,und,"","",,Rarámuri,Ken-ichi Ueda,2013-05-16T08:23:50Z
167643,rojá,und,"","",,Rarámuri,Ken-ichi Ueda,2013-05-16T08:23:52Z
135785,sawá,und,"","",,Rarámuri,Bodo Nuñez Oberg,2013-05-16T08:24:25Z
159237,sepé,und,"","",,Rarámuri,Ken-ichi Ueda,2013-05-16T08:24:28Z
290444,shitagapi,und,"","",,Rarámuri,Ken-ichi Ueda,2013-05-16T08:24:33Z
280512,sitagapi,und,"","",,Rarámuri,Adrian Bojorquez,2013-05-16T08:24:44Z
143907,soíwari,und,"","",,Rarámuri,Bodo Nuñez Oberg,2013-05-16T08:24:45Z
119302,sóko,und,"","",,Rarámuri,Ken-ichi Ueda,2013-05-16T08:24:45Z
167946,sopépari,und,"","",,Rarámuri,Ken-ichi Ueda,2013-05-16T08:24:47Z
158552,urúbishi,und,"","",,Rarámuri,Ken-ichi Ueda,2013-05-16T08:27:10Z
58892,uwí,und,"","",,Rarámuri,Bodo Nuñez Oberg,2013-05-16T08:27:12Z
78243,wakarí,und,"","",,Rarámuri,Ken-ichi Ueda,2013-05-16T08:27:27Z
181525,jupíchi,und,"","",,Rarámuri,Ken-ichi Ueda,2013-08-21T18:59:23Z
179628,masilówi,und,"","",,Rarámuri,Eréndira Canales,2013-11-20T16:30:43Z
179628,masirówi,und,"","",,Rarámuri,Eréndira Canales,2013-11-20T16:31:03Z
179628,masiló,und,"","",,Rarámuri,Eréndira Canales,2013-11-20T16:31:18Z
53387,sitagapi,und,"","",,Rarámuri,,2016-02-07T00:07:11Z
290804,Socolume,und,"","",,Rarámuri,Carlos Galindo-Leal,2016-02-11T03:20:29Z
281274,mapá,und,"","",,Rarámuri,wsyxbcl,2017-02-25T07:54:51Z
279804,Chukaka,und,"","",,Rarámuri,Oscar C. González Martínez,2018-11-01T21:06:03Z
8234,Chuyaka,und,"","",,Rarámuri,Oscar C. González Martínez,2018-11-01T21:06:45Z
282386,sipúraca,und,"","",,Rarámuri,Ken-ichi Ueda,2019-02-18T04:23:03Z
873768,huepá,und,"","",,Rarámuri,Valentin de Mazancourt,2019-03-13T15:24:06Z
887938,cusabi,und,"","",,Rarámuri,Ken-ichi Ueda,2019-05-03T16:53:27Z
898698,vinola,und,"","",,Rarámuri,Adrian Bojorquez,2019-06-08T01:59:39Z
349260,cajui,und,"","",,Rarámuri,Bodo Nuñez Oberg,2019-06-08T02:21:02Z
869906,Cachanowa,und,"","",,Rarámuri,Pedro Nájera Quezada,2019-08-21T19:56:19Z
159260,Sepeke,und,"","",,Rarámuri,Carlos Galindo-Leal,2019-12-17T16:07:47Z
160942,Ku´juve,und,"","",,Rarámuri,Carlos Galindo-Leal,2019-12-17T16:08:58Z
58879,Chu´á,und,"","",,Rarámuri,Carlos Galindo-Leal,2019-12-17T16:09:50Z
58776,Wasorí,und,"","",,Rarámuri,Carlos Galindo-Leal,2019-12-17T16:13:13Z
77676,Rochíwari,und,"","",,Rarámuri,Carlos Galindo-Leal,2019-12-17T16:18:31Z
52681,machogaka,und,"","",,Rarámuri,Oscar C. González Martínez,2020-10-05T17:46:30Z
362323,pipichowa,und,"","",,Rarámuri,Oscar C. González Martínez,2020-10-05T17:48:55Z
287946,coyorí,und,"","",,Rarámuri,Oscar C. González Martínez,2020-10-05T17:50:09Z
289111,Onowa,und,"","",,Rarámuri,Oscar C. González Martínez,2020-10-05T17:51:05Z
169389,Roninowa,und,"","",,Rarámuri,Oscar C. González Martínez,2020-10-05T17:52:39Z
289050,Bashigó,und,"","",,Rarámuri,Oscar C. González Martínez,2020-10-05T17:53:06Z
82358,Rojasoa,und,"","",,Rarámuri,Oscar C. González Martínez,2020-10-05T17:54:44Z
281591,Júpachi,und,"","",,Rarámuri,Oscar C. González Martínez,2020-10-05T17:56:52Z
75455,reweque,und,"","",,Rarámuri,Oscar C. González Martínez,2020-10-05T17:58:38Z
129413,Ulí,und,"","",,Rarámuri,Oscar C. González Martínez,2020-10-05T18:01:26Z
159651,anaraka,und,"","",https://www.inaturalist.org/taxon_names/442198/edit,Rarámuri,Carlos G Velazco-Macias,2021-01-14T17:11:45Z
158078,Húpachi,und,"","",,Rarámuri,Oscar C. González Martínez,2021-03-24T06:07:14Z
71127,Rosábari,und,"","",,Rarámuri,Oscar C. González Martínez,2021-03-24T06:11:51Z
281774,Rosábochi,und,"","",,Rarámuri,Oscar C. González Martínez,2021-03-24T06:14:04Z
124408,awé,und,"","",,Rarámuri,Oscar C. González Martínez,2021-03-24T06:44:11Z
290840,Aporaka,und,"","",,Rarámuri,Oscar C. González Martínez,2021-03-24T06:45:15Z
289435,Ripuriki,und,"","",,Rarámuri,Oscar C. González Martínez,2021-03-24T06:47:25Z
164432,re'ochari,und,"","",,Rarámuri,Oscar C. González Martínez,2021-03-24T06:50:14Z
154007,Yeyésowa,und,"","",,Rarámuri,Oscar C. González Martínez,2021-03-24T06:53:36Z
888956,Mapáruguwi,und,"","",,Rarámuri,Oscar C. González Martínez,2021-03-24T06:55:45Z
126980,Rochínue,und,"","",,Rarámuri,Oscar C. González Martínez,2021-03-24T06:59:28Z
278554,Iwíchuri,und,"","",,Rarámuri,Oscar C. González Martínez,2021-03-24T07:00:53Z
162703,Sawíwari,und,"","",,Rarámuri,Oscar C. González Martínez,2021-03-24T07:02:22Z
138018,Kalawala,und,"","",,Rarámuri,Oscar C. González Martínez,2021-03-24T07:03:48Z
63870,Kawasíola,und,"","",,Rarámuri,Oscar C. González Martínez,2021-03-24T07:05:57Z
168764,Magóra,und,"","",,Rarámuri,Oscar C. González Martínez,2021-03-24T07:07:52Z
168768,Magóra,und,"","",,Rarámuri,Oscar C. González Martínez,2021-03-24T07:09:07Z
157996,Pipichawe,und,"","",,Rarámuri,Oscar C. González Martínez,2021-03-24T07:10:48Z
161821,Bajuísuri,und,"","",,Rarámuri,Oscar C. González Martínez,2021-03-24T07:12:04Z
129395,Kaposí,und,"","",,Rarámuri,Oscar C. González Martínez,2021-03-24T07:13:54Z
159590,Mato,und,"","",,Rarámuri,Oscar C. González Martínez,2021-03-24T07:15:13Z
146622,Wachichili,und,"","",,Rarámuri,Oscar C. González Martínez,2021-03-24T07:16:26Z
54834,Usabi,und,"","",,Rarámuri,Oscar C. González Martínez,2021-03-24T07:18:34Z
209891,akaba,und,"","",https://www.inaturalist.org/taxon_names/441932/edit,Rarámuri,,2022-10-22T22:49:00Z
871980,Mapá,und,"","",https://www.inaturalist.org/taxon_names/2490150/edit,Rarámuri,,2024-04-04T20:04:32Z
1522784,Chu'já,und,"","",https://www.inaturalist.org/taxon_names/2490109/edit,Rarámuri,,2024-04-05T07:42:04Z
