id,vernacularName,language,locality,countryCode,source,lexicon,contributor,created
209980,Guyaba bè,und,"","",,Papiamentu,Clifford de Lannoy,2014-02-27T20:39:16Z
62809,Katunbòm,und,"","",,Papiamentu,Clifford de Lannoy,2014-02-27T20:58:42Z
84002,barba di kadushi,und,"","",,Papiamentu,maarten,2016-08-24T14:37:07Z
45933,Djaca di caña,und,"","",,Papiamentu,John E. Christensen,2018-07-12T15:30:42Z
51402,Sabalo,und,"","",,Papiamentu,Zane Roskoph,2021-07-19T16:33:32Z
51402,Sábalo,und,"","",,Papiamentu,Zane Roskoph,2021-07-19T16:34:08Z
51402,Silverfish,und,"","",,Papiamentu,Zane Roskoph,2021-07-19T16:34:20Z
984365,banana shimaron,und,"","",,Papiamentu,Cole Gaerber,2025-01-03T01:20:35Z
984365,banana di mondi,und,"","",,Papiamentu,Cole Gaerber,2025-01-03T01:21:13Z
984365,bakoba di seru,und,"","",,Papiamentu,Cole Gaerber,2025-01-03T01:21:44Z
