id,vernacularName,language,locality,countryCode,source,lexicon,contributor,created
180751,Ba-ulo,und,"","",http://www.ubio.org/browser/details.php?namebankID=1541540,Hiligaynon,,2012-11-05T21:35:49Z
63597,Lampalampa,und,"","",http://www.catalogueoflife.org/annual-checklist/details/species/id/10076469/common/36370,Hiligaynon,Wich’yanan (Jay) Limparungpatthanakij,2021-07-13T13:03:45Z
58467,Lampalampa,und,"","",http://www.catalogueoflife.org/annual-checklist/details/species/id/10076606/common/93902,Hiligaynon,lwnrngr,2021-07-13T13:03:47Z
94016,Lampalampa,und,"","",http://www.catalogueoflife.org/annual-checklist/details/species/id/10076137/common/200151,Hiligaynon,lwnrngr,2021-07-13T13:03:49Z
52323,Lampalampa,und,"","",http://www.catalogueoflife.org/annual-checklist/details/species/id/10076294/common/142032,Hiligaynon,lwnrngr,2021-07-13T13:03:49Z
82355,Lampalampa,und,"","",http://www.catalogueoflife.org/annual-checklist/details/species/id/10076203/common/125707,Hiligaynon,lwnrngr,2021-07-13T13:03:59Z
113980,Lampalampa,und,"","",http://www.catalogueoflife.org/annual-checklist/details/species/id/10076599/common/94165,Hiligaynon,lwnrngr,2021-07-13T13:04:00Z
82355,Lubay-lubay,und,"","",http://www.catalogueoflife.org/annual-checklist/details/species/id/10076203/common/125661,Hiligaynon,lwnrngr,2021-07-13T13:05:15Z
94016,Lubay-lubay,und,"","",http://www.catalogueoflife.org/annual-checklist/details/species/id/10076137/common/200148,Hiligaynon,lwnrngr,2021-07-13T13:05:24Z
58467,Lubay-lubay,und,"","",http://www.catalogueoflife.org/annual-checklist/details/species/id/10076606/common/93899,Hiligaynon,lwnrngr,2021-07-13T13:05:25Z
52323,Lubay-lubay,und,"","",http://www.catalogueoflife.org/annual-checklist/details/species/id/10076294/common/142030,Hiligaynon,lwnrngr,2021-07-13T13:05:33Z
63597,Lubay-lubay,und,"","",http://www.catalogueoflife.org/annual-checklist/details/species/id/10076469/common/36364,Hiligaynon,Wich’yanan (Jay) Limparungpatthanakij,2021-07-13T13:05:36Z
121194,Pugpugot,und,"","",http://www.catalogueoflife.org/annual-checklist/details/species/id/10066663/common/54491,Hiligaynon,lwnrngr,2021-07-27T18:06:06Z
63597,Molmol,und,"","",,Hiligaynon,Zane Roskoph,2021-07-27T19:26:01Z
63597,Mur-mur,und,"","",,Hiligaynon,Zane Roskoph,2021-07-27T19:26:18Z
424818,Alibangbang,und,"","",,Hiligaynon,Zane Roskoph,2021-07-28T13:09:07Z
424818,Bayang,und,"","",,Hiligaynon,Zane Roskoph,2021-07-28T13:10:26Z
49639,Inid,und,"","",,Hiligaynon,Zane Roskoph,2021-07-29T00:35:50Z
49639,Liglig,und,"","",,Hiligaynon,Zane Roskoph,2021-07-29T00:38:18Z
318323,Tambago,und,"","",http://www.catalogueoflife.org/annual-checklist/details/species/id/10073534/common/100107,Hiligaynon,lwnrngr,2021-07-30T16:05:45Z
52451,Sulay bagyo,und,"","",,Hiligaynon,Zane Roskoph,2021-08-03T16:13:19Z
81498,Labayan,und,"","",,Hiligaynon,Zane Roskoph,2021-12-04T06:47:17Z
81498,Lampalampa,und,"","",,Hiligaynon,Zane Roskoph,2021-12-04T06:47:50Z
81498,Lubay-lubay,und,"","",,Hiligaynon,Zane Roskoph,2021-12-04T06:48:21Z
81498,Molmol,und,"","",,Hiligaynon,Zane Roskoph,2021-12-04T06:48:50Z
102075,Lampalampa,und,"","",,Hiligaynon,Zane Roskoph,2021-12-04T14:09:32Z
102075,Labayan,und,"","",,Hiligaynon,Zane Roskoph,2021-12-04T14:10:05Z
102075,Molmol,und,"","",,Hiligaynon,Zane Roskoph,2021-12-04T14:10:41Z
520510,Asoos,und,"","",http://www.catalogueoflife.org/annual-checklist/2012/details/species/id/9741333,Hiligaynon,,2021-12-04T14:36:55Z
112574,Asoos,und,"","",http://www.catalogueoflife.org/annual-checklist/2012/details/species/id/9741333,Hiligaynon,,2021-12-04T14:36:55Z
520512,Asoos,und,"","",http://www.catalogueoflife.org/annual-checklist/2012/details/species/id/9741333,Hiligaynon,,2021-12-04T14:36:56Z
368151,Asoos,und,"","",http://www.catalogueoflife.org/annual-checklist/2012/details/species/id/9741333,Hiligaynon,,2021-12-04T14:36:56Z
112576,Asoos,und,"","",http://www.catalogueoflife.org/annual-checklist/2012/details/species/id/9741333,Hiligaynon,,2021-12-04T14:36:57Z
359334,Palpagon,und,"","",http://www.catalogueoflife.org/annual-checklist/2012/details/species/id/9741333,Hiligaynon,,2021-12-04T14:55:17Z
471636,Palpagon,und,"","",http://www.catalogueoflife.org/annual-checklist/2012/details/species/id/9741333,Hiligaynon,Wich’yanan (Jay) Limparungpatthanakij,2021-12-04T14:55:17Z
368423,Lagao,und,"","",http://www.catalogueoflife.org/annual-checklist/2012/details/species/id/9741333,Hiligaynon,,2021-12-04T14:55:53Z
618180,Lagao,und,"","",http://www.catalogueoflife.org/annual-checklist/2012/details/species/id/9741333,Hiligaynon,,2021-12-04T14:55:53Z
618195,Lagao,und,"","",http://www.catalogueoflife.org/annual-checklist/2012/details/species/id/9741333,Hiligaynon,,2021-12-04T14:55:53Z
530466,Lagao,und,"","",http://www.catalogueoflife.org/annual-checklist/2012/details/species/id/9741333,Hiligaynon,,2021-12-04T14:55:54Z
530464,Lagao,und,"","",http://www.catalogueoflife.org/annual-checklist/2012/details/species/id/9741333,Hiligaynon,,2021-12-04T14:55:54Z
530459,Lagao,und,"","",http://www.catalogueoflife.org/annual-checklist/2012/details/species/id/9741333,Hiligaynon,,2021-12-04T14:55:54Z
132596,Lagao,und,"","",http://www.catalogueoflife.org/annual-checklist/2012/details/species/id/9741333,Hiligaynon,,2021-12-04T14:55:54Z
106701,Lagao,und,"","",http://www.catalogueoflife.org/annual-checklist/2012/details/species/id/9741333,Hiligaynon,,2021-12-04T14:55:55Z
618181,Lagao,und,"","",http://www.catalogueoflife.org/annual-checklist/2012/details/species/id/9741333,Hiligaynon,,2021-12-04T14:55:55Z
530461,Lagao,und,"","",http://www.catalogueoflife.org/annual-checklist/2012/details/species/id/9741333,Hiligaynon,,2021-12-04T14:55:56Z
125811,Lagao,und,"","",http://www.catalogueoflife.org/annual-checklist/2012/details/species/id/9741333,Hiligaynon,,2021-12-04T14:55:56Z
530467,Lagao,und,"","",http://www.catalogueoflife.org/annual-checklist/2012/details/species/id/9741333,Hiligaynon,,2021-12-04T14:55:56Z
618182,Lagao,und,"","",http://www.catalogueoflife.org/annual-checklist/2012/details/species/id/9741333,Hiligaynon,,2021-12-04T14:55:57Z
530462,Lagao,und,"","",http://www.catalogueoflife.org/annual-checklist/2012/details/species/id/9741333,Hiligaynon,,2021-12-04T14:55:57Z
117459,Lagao,und,"","",http://www.catalogueoflife.org/annual-checklist/2012/details/species/id/9741333,Hiligaynon,Donald Davesne,2021-12-04T14:55:57Z
359334,Lagao,und,"","",http://www.catalogueoflife.org/annual-checklist/2012/details/species/id/9741333,Hiligaynon,,2021-12-04T14:55:58Z
106700,Lagao,und,"","",http://www.catalogueoflife.org/annual-checklist/2012/details/species/id/9741333,Hiligaynon,,2021-12-04T14:55:58Z
369135,Lagao,und,"","",http://www.catalogueoflife.org/annual-checklist/2012/details/species/id/9741333,Hiligaynon,,2021-12-04T14:55:58Z
471636,Lagao,und,"","",http://www.catalogueoflife.org/annual-checklist/2012/details/species/id/9741333,Hiligaynon,Wich’yanan (Jay) Limparungpatthanakij,2021-12-04T14:55:59Z
122514,Henos,und,"","",,Hiligaynon,Zane Roskoph,2021-12-06T00:18:44Z
122514,Salmonete,und,"","",,Hiligaynon,Zane Roskoph,2021-12-06T00:19:03Z
121661,Galangan,und,"","",http://www.catalogueoflife.org/annual-checklist/2012/details/species/id/9741333,Hiligaynon,,2021-12-28T15:25:06Z
115167,Malasugi,und,"","",http://www.catalogueoflife.org/annual-checklist/2012/details/species/id/9741333,Hiligaynon,,2024-12-27T02:02:04Z
119719,Malasugi,und,"","",http://www.catalogueoflife.org/annual-checklist/2012/details/species/id/9741333,Hiligaynon,,2024-12-27T02:02:04Z
115167,Sibingan,und,"","",http://www.catalogueoflife.org/annual-checklist/2012/details/species/id/9741333,Hiligaynon,,2024-12-27T02:05:36Z
