id,vernacularName,language,locality,countryCode,source,lexicon,contributor,created
579607,ekundu,und,"","",,Kwangali,Bobby McCabe,2019-12-06T14:09:15Z
579607,endobo,und,"","",,Kwangali,Bobby McCabe,2019-12-06T14:10:04Z
579607,endombwe,und,"","",,Kwangali,Bobby McCabe,2019-12-06T14:11:30Z
340245,uwongo,und,"","",,Kwangali,Botswanabugs,2020-01-13T06:33:08Z
340245,ufuongo,und,"","",,Kwangali,Botswanabugs,2020-01-13T06:33:50Z
340245,omoongo,und,"","",,Kwangali,Botswanabugs,2020-01-13T06:36:03Z
567417,mukoro,und,"","",South African National Biodiversity Institute. 2021. Botanical Database of Southern Africa (BODATSA) [offline dataset]. http://newposa.sanbi.org [Note that these data are not available at this URL as of 2021],Kwangali,Ken-ichi Ueda,2021-10-21T20:17:20Z
595946,muntėu,und,"","",South African National Biodiversity Institute. 2021. Botanical Database of Southern Africa (BODATSA) [offline dataset]. http://newposa.sanbi.org [Note that these data are not available at this URL as of 2021],Kwangali,Ken-ichi Ueda,2021-10-21T20:17:21Z
595946,untėu,und,"","",South African National Biodiversity Institute. 2021. Botanical Database of Southern Africa (BODATSA) [offline dataset]. http://newposa.sanbi.org [Note that these data are not available at this URL as of 2021],Kwangali,Ken-ichi Ueda,2021-10-21T20:17:21Z
594421,mugcaunga,und,"","",South African National Biodiversity Institute. 2021. Botanical Database of Southern Africa (BODATSA) [offline dataset]. http://newposa.sanbi.org [Note that these data are not available at this URL as of 2021],Kwangali,Ken-ichi Ueda,2021-10-21T20:17:21Z
861928,mugumbahambo,und,"","",South African National Biodiversity Institute. 2021. Botanical Database of Southern Africa (BODATSA) [offline dataset]. http://newposa.sanbi.org [Note that these data are not available at this URL as of 2021],Kwangali,Ken-ichi Ueda,2021-10-21T20:17:22Z
861928,mungamba,und,"","",South African National Biodiversity Institute. 2021. Botanical Database of Southern Africa (BODATSA) [offline dataset]. http://newposa.sanbi.org [Note that these data are not available at this URL as of 2021],Kwangali,Ken-ichi Ueda,2021-10-21T20:17:22Z
601535,muginda,und,"","",South African National Biodiversity Institute. 2021. Botanical Database of Southern Africa (BODATSA) [offline dataset]. http://newposa.sanbi.org [Note that these data are not available at this URL as of 2021],Kwangali,Ken-ichi Ueda,2021-10-21T20:17:22Z
567324,mumangondijamba,und,"","",South African National Biodiversity Institute. 2021. Botanical Database of Southern Africa (BODATSA) [offline dataset]. http://newposa.sanbi.org [Note that these data are not available at this URL as of 2021],Kwangali,Ken-ichi Ueda,2021-10-21T20:17:23Z
601154,kankata,und,"","",South African National Biodiversity Institute. 2021. Botanical Database of Southern Africa (BODATSA) [offline dataset]. http://newposa.sanbi.org [Note that these data are not available at this URL as of 2021],Kwangali,Ken-ichi Ueda,2021-10-21T20:17:23Z
601154,munkata,und,"","",South African National Biodiversity Institute. 2021. Botanical Database of Southern Africa (BODATSA) [offline dataset]. http://newposa.sanbi.org [Note that these data are not available at this URL as of 2021],Kwangali,Ken-ichi Ueda,2021-10-21T20:17:23Z
594427,mungando,und,"","",South African National Biodiversity Institute. 2021. Botanical Database of Southern Africa (BODATSA) [offline dataset]. http://newposa.sanbi.org [Note that these data are not available at this URL as of 2021],Kwangali,Ken-ichi Ueda,2021-10-21T20:17:24Z
594427,ungandu,und,"","",South African National Biodiversity Institute. 2021. Botanical Database of Southern Africa (BODATSA) [offline dataset]. http://newposa.sanbi.org [Note that these data are not available at this URL as of 2021],Kwangali,Ken-ichi Ueda,2021-10-21T20:17:24Z
601538,mumangandjamba,und,"","",South African National Biodiversity Institute. 2021. Botanical Database of Southern Africa (BODATSA) [offline dataset]. http://newposa.sanbi.org [Note that these data are not available at this URL as of 2021],Kwangali,Ken-ichi Ueda,2021-10-21T20:17:24Z
601538,mutwa,und,"","",South African National Biodiversity Institute. 2021. Botanical Database of Southern Africa (BODATSA) [offline dataset]. http://newposa.sanbi.org [Note that these data are not available at this URL as of 2021],Kwangali,Ken-ichi Ueda,2021-10-21T20:17:25Z
601538,muzwa,und,"","",South African National Biodiversity Institute. 2021. Botanical Database of Southern Africa (BODATSA) [offline dataset]. http://newposa.sanbi.org [Note that these data are not available at this URL as of 2021],Kwangali,Ken-ichi Ueda,2021-10-21T20:17:25Z
567419,likonda,und,"","",South African National Biodiversity Institute. 2021. Botanical Database of Southern Africa (BODATSA) [offline dataset]. http://newposa.sanbi.org [Note that these data are not available at this URL as of 2021],Kwangali,Ken-ichi Ueda,2021-10-21T20:17:25Z
567419,mumanganjamba,und,"","",South African National Biodiversity Institute. 2021. Botanical Database of Southern Africa (BODATSA) [offline dataset]. http://newposa.sanbi.org [Note that these data are not available at this URL as of 2021],Kwangali,Ken-ichi Ueda,2021-10-21T20:17:26Z
81500,euyu,und,"","",South African National Biodiversity Institute. 2021. Botanical Database of Southern Africa (BODATSA) [offline dataset]. http://newposa.sanbi.org [Note that these data are not available at this URL as of 2021],Kwangali,Ken-ichi Ueda,2021-10-21T20:17:26Z
81500,livuyu,und,"","",South African National Biodiversity Institute. 2021. Botanical Database of Southern Africa (BODATSA) [offline dataset]. http://newposa.sanbi.org [Note that these data are not available at this URL as of 2021],Kwangali,Ken-ichi Ueda,2021-10-21T20:17:27Z
81500,uyu,und,"","",South African National Biodiversity Institute. 2021. Botanical Database of Southern Africa (BODATSA) [offline dataset]. http://newposa.sanbi.org [Note that these data are not available at this URL as of 2021],Kwangali,Ken-ichi Ueda,2021-10-21T20:17:27Z
340175,mudirundiru,und,"","",South African National Biodiversity Institute. 2021. Botanical Database of Southern Africa (BODATSA) [offline dataset]. http://newposa.sanbi.org [Note that these data are not available at this URL as of 2021],Kwangali,Ken-ichi Ueda,2021-10-21T20:17:27Z
340175,muhėngutji,und,"","",South African National Biodiversity Institute. 2021. Botanical Database of Southern Africa (BODATSA) [offline dataset]. http://newposa.sanbi.org [Note that these data are not available at this URL as of 2021],Kwangali,Ken-ichi Ueda,2021-10-21T20:17:28Z
340175,mukengutji,und,"","",South African National Biodiversity Institute. 2021. Botanical Database of Southern Africa (BODATSA) [offline dataset]. http://newposa.sanbi.org [Note that these data are not available at this URL as of 2021],Kwangali,Ken-ichi Ueda,2021-10-21T20:17:28Z
340175,uhenguti,und,"","",South African National Biodiversity Institute. 2021. Botanical Database of Southern Africa (BODATSA) [offline dataset]. http://newposa.sanbi.org [Note that these data are not available at this URL as of 2021],Kwangali,Ken-ichi Ueda,2021-10-21T20:17:28Z
416649,muhurungu,und,"","",South African National Biodiversity Institute. 2021. Botanical Database of Southern Africa (BODATSA) [offline dataset]. http://newposa.sanbi.org [Note that these data are not available at this URL as of 2021],Kwangali,Ken-ichi Ueda,2021-10-21T20:17:29Z
340225,mukongotji,und,"","",South African National Biodiversity Institute. 2021. Botanical Database of Southern Africa (BODATSA) [offline dataset]. http://newposa.sanbi.org [Note that these data are not available at this URL as of 2021],Kwangali,Ken-ichi Ueda,2021-10-21T20:17:29Z
340225,musese,und,"","",South African National Biodiversity Institute. 2021. Botanical Database of Southern Africa (BODATSA) [offline dataset]. http://newposa.sanbi.org [Note that these data are not available at this URL as of 2021],Kwangali,Ken-ichi Ueda,2021-10-21T20:17:29Z
340234,gampunza,und,"","",South African National Biodiversity Institute. 2021. Botanical Database of Southern Africa (BODATSA) [offline dataset]. http://newposa.sanbi.org [Note that these data are not available at this URL as of 2021],Kwangali,Ken-ichi Ueda,2021-10-21T20:17:30Z
340234,matoni,und,"","",South African National Biodiversity Institute. 2021. Botanical Database of Southern Africa (BODATSA) [offline dataset]. http://newposa.sanbi.org [Note that these data are not available at this URL as of 2021],Kwangali,Ken-ichi Ueda,2021-10-21T20:17:30Z
340234,mpindu,und,"","",South African National Biodiversity Institute. 2021. Botanical Database of Southern Africa (BODATSA) [offline dataset]. http://newposa.sanbi.org [Note that these data are not available at this URL as of 2021],Kwangali,Ken-ichi Ueda,2021-10-21T20:17:30Z
340136,runkwanana,und,"","",South African National Biodiversity Institute. 2021. Botanical Database of Southern Africa (BODATSA) [offline dataset]. http://newposa.sanbi.org [Note that these data are not available at this URL as of 2021],Kwangali,Ken-ichi Ueda,2021-10-21T20:17:31Z
189622,uhahe,und,"","",South African National Biodiversity Institute. 2021. Botanical Database of Southern Africa (BODATSA) [offline dataset]. http://newposa.sanbi.org [Note that these data are not available at this URL as of 2021],Kwangali,Ken-ichi Ueda,2021-10-21T20:17:31Z
70065,munkudi unkudi,und,"","",South African National Biodiversity Institute. 2021. Botanical Database of Southern Africa (BODATSA) [offline dataset]. http://newposa.sanbi.org [Note that these data are not available at this URL as of 2021],Kwangali,Ken-ichi Ueda,2021-10-21T20:17:33Z
340238,mutundungu,und,"","",South African National Biodiversity Institute. 2021. Botanical Database of Southern Africa (BODATSA) [offline dataset]. http://newposa.sanbi.org [Note that these data are not available at this URL as of 2021],Kwangali,Ken-ichi Ueda,2021-10-21T20:17:34Z
340238,uhehe,und,"","",South African National Biodiversity Institute. 2021. Botanical Database of Southern Africa (BODATSA) [offline dataset]. http://newposa.sanbi.org [Note that these data are not available at this URL as of 2021],Kwangali,Ken-ichi Ueda,2021-10-21T20:17:34Z
582587,muramata,und,"","",South African National Biodiversity Institute. 2021. Botanical Database of Southern Africa (BODATSA) [offline dataset]. http://newposa.sanbi.org [Note that these data are not available at this URL as of 2021],Kwangali,Ken-ichi Ueda,2021-10-21T20:17:34Z
426118,mupupu,und,"","",South African National Biodiversity Institute. 2021. Botanical Database of Southern Africa (BODATSA) [offline dataset]. http://newposa.sanbi.org [Note that these data are not available at this URL as of 2021],Kwangali,Ken-ichi Ueda,2021-10-21T20:17:35Z
426118,upupu,und,"","",South African National Biodiversity Institute. 2021. Botanical Database of Southern Africa (BODATSA) [offline dataset]. http://newposa.sanbi.org [Note that these data are not available at this URL as of 2021],Kwangali,Ken-ichi Ueda,2021-10-21T20:17:35Z
582590,ruputa,und,"","",South African National Biodiversity Institute. 2021. Botanical Database of Southern Africa (BODATSA) [offline dataset]. http://newposa.sanbi.org [Note that these data are not available at this URL as of 2021],Kwangali,Ken-ichi Ueda,2021-10-21T20:17:35Z
340062,mutumba,und,"","",South African National Biodiversity Institute. 2021. Botanical Database of Southern Africa (BODATSA) [offline dataset]. http://newposa.sanbi.org [Note that these data are not available at this URL as of 2021],Kwangali,Ken-ichi Ueda,2021-10-21T20:17:36Z
340062,mutumbanandjuki,und,"","",South African National Biodiversity Institute. 2021. Botanical Database of Southern Africa (BODATSA) [offline dataset]. http://newposa.sanbi.org [Note that these data are not available at this URL as of 2021],Kwangali,Ken-ichi Ueda,2021-10-21T20:17:36Z
340408,munyondo,und,"","",South African National Biodiversity Institute. 2021. Botanical Database of Southern Africa (BODATSA) [offline dataset]. http://newposa.sanbi.org [Note that these data are not available at this URL as of 2021],Kwangali,Ken-ichi Ueda,2021-10-21T20:17:36Z
211071,mungongangonga,und,"","",South African National Biodiversity Institute. 2021. Botanical Database of Southern Africa (BODATSA) [offline dataset]. http://newposa.sanbi.org [Note that these data are not available at this URL as of 2021],Kwangali,Ken-ichi Ueda,2021-10-21T20:17:37Z
553599,mukenge,und,"","",South African National Biodiversity Institute. 2021. Botanical Database of Southern Africa (BODATSA) [offline dataset]. http://newposa.sanbi.org [Note that these data are not available at this URL as of 2021],Kwangali,Ken-ichi Ueda,2021-10-21T20:17:37Z
598289,mughowo,und,"","",South African National Biodiversity Institute. 2021. Botanical Database of Southern Africa (BODATSA) [offline dataset]. http://newposa.sanbi.org [Note that these data are not available at this URL as of 2021],Kwangali,Ken-ichi Ueda,2021-10-21T20:17:38Z
598289,muhowo,und,"","",South African National Biodiversity Institute. 2021. Botanical Database of Southern Africa (BODATSA) [offline dataset]. http://newposa.sanbi.org [Note that these data are not available at this URL as of 2021],Kwangali,Ken-ichi Ueda,2021-10-21T20:17:38Z
598289,mutjima-gongombo,und,"","",South African National Biodiversity Institute. 2021. Botanical Database of Southern Africa (BODATSA) [offline dataset]. http://newposa.sanbi.org [Note that these data are not available at this URL as of 2021],Kwangali,Ken-ichi Ueda,2021-10-21T20:17:38Z
582614,mughogho,und,"","",South African National Biodiversity Institute. 2021. Botanical Database of Southern Africa (BODATSA) [offline dataset]. http://newposa.sanbi.org [Note that these data are not available at this URL as of 2021],Kwangali,Ken-ichi Ueda,2021-10-21T20:17:38Z
582614,muwowo,und,"","",South African National Biodiversity Institute. 2021. Botanical Database of Southern Africa (BODATSA) [offline dataset]. http://newposa.sanbi.org [Note that these data are not available at this URL as of 2021],Kwangali,Ken-ichi Ueda,2021-10-21T20:17:39Z
598569,mbango,und,"","",South African National Biodiversity Institute. 2021. Botanical Database of Southern Africa (BODATSA) [offline dataset]. http://newposa.sanbi.org [Note that these data are not available at this URL as of 2021],Kwangali,Ken-ichi Ueda,2021-10-21T20:17:39Z
340314,murongo,und,"","",South African National Biodiversity Institute. 2021. Botanical Database of Southern Africa (BODATSA) [offline dataset]. http://newposa.sanbi.org [Note that these data are not available at this URL as of 2021],Kwangali,Ken-ichi Ueda,2021-10-21T20:17:39Z
583617,mutėimba,und,"","",South African National Biodiversity Institute. 2021. Botanical Database of Southern Africa (BODATSA) [offline dataset]. http://newposa.sanbi.org [Note that these data are not available at this URL as of 2021],Kwangali,Ken-ichi Ueda,2021-10-21T20:17:40Z
583617,nonsimba,und,"","",South African National Biodiversity Institute. 2021. Botanical Database of Southern Africa (BODATSA) [offline dataset]. http://newposa.sanbi.org [Note that these data are not available at this URL as of 2021],Kwangali,Ken-ichi Ueda,2021-10-21T20:17:40Z
583617,usimba,und,"","",South African National Biodiversity Institute. 2021. Botanical Database of Southern Africa (BODATSA) [offline dataset]. http://newposa.sanbi.org [Note that these data are not available at this URL as of 2021],Kwangali,Ken-ichi Ueda,2021-10-21T20:17:40Z
349756,moye,und,"","",South African National Biodiversity Institute. 2021. Botanical Database of Southern Africa (BODATSA) [offline dataset]. http://newposa.sanbi.org [Note that these data are not available at this URL as of 2021],Kwangali,Ken-ichi Ueda,2021-10-21T20:17:41Z
349756,mwege,und,"","",South African National Biodiversity Institute. 2021. Botanical Database of Southern Africa (BODATSA) [offline dataset]. http://newposa.sanbi.org [Note that these data are not available at this URL as of 2021],Kwangali,Ken-ichi Ueda,2021-10-21T20:17:41Z
349756,mweghe,und,"","",South African National Biodiversity Institute. 2021. Botanical Database of Southern Africa (BODATSA) [offline dataset]. http://newposa.sanbi.org [Note that these data are not available at this URL as of 2021],Kwangali,Ken-ichi Ueda,2021-10-21T20:17:41Z
598741,shihorowa,und,"","",South African National Biodiversity Institute. 2021. Botanical Database of Southern Africa (BODATSA) [offline dataset]. http://newposa.sanbi.org [Note that these data are not available at this URL as of 2021],Kwangali,Ken-ichi Ueda,2021-10-21T20:17:42Z
598741,sihorowa,und,"","",South African National Biodiversity Institute. 2021. Botanical Database of Southern Africa (BODATSA) [offline dataset]. http://newposa.sanbi.org [Note that these data are not available at this URL as of 2021],Kwangali,Ken-ichi Ueda,2021-10-21T20:17:42Z
340214,unyandi,und,"","",South African National Biodiversity Institute. 2021. Botanical Database of Southern Africa (BODATSA) [offline dataset]. http://newposa.sanbi.org [Note that these data are not available at this URL as of 2021],Kwangali,Ken-ichi Ueda,2021-10-21T20:17:42Z
340214,utunda,und,"","",South African National Biodiversity Institute. 2021. Botanical Database of Southern Africa (BODATSA) [offline dataset]. http://newposa.sanbi.org [Note that these data are not available at this URL as of 2021],Kwangali,Ken-ichi Ueda,2021-10-21T20:17:42Z
340194,murere,und,"","",South African National Biodiversity Institute. 2021. Botanical Database of Southern Africa (BODATSA) [offline dataset]. http://newposa.sanbi.org [Note that these data are not available at this URL as of 2021],Kwangali,Ken-ichi Ueda,2021-10-21T20:17:43Z
340056,mukoshi,und,"","",South African National Biodiversity Institute. 2021. Botanical Database of Southern Africa (BODATSA) [offline dataset]. http://newposa.sanbi.org [Note that these data are not available at this URL as of 2021],Kwangali,Ken-ichi Ueda,2021-10-21T20:17:43Z
468576,mupako,und,"","",South African National Biodiversity Institute. 2021. Botanical Database of Southern Africa (BODATSA) [offline dataset]. http://newposa.sanbi.org [Note that these data are not available at this URL as of 2021],Kwangali,Ken-ichi Ueda,2021-10-21T20:17:43Z
468576,mupombo,und,"","",South African National Biodiversity Institute. 2021. Botanical Database of Southern Africa (BODATSA) [offline dataset]. http://newposa.sanbi.org [Note that these data are not available at this URL as of 2021],Kwangali,Ken-ichi Ueda,2021-10-21T20:17:44Z
343032,mpumutji,und,"","",South African National Biodiversity Institute. 2021. Botanical Database of Southern Africa (BODATSA) [offline dataset]. http://newposa.sanbi.org [Note that these data are not available at this URL as of 2021],Kwangali,Ken-ichi Ueda,2021-10-21T20:17:44Z
343032,mpumutwi,und,"","",South African National Biodiversity Institute. 2021. Botanical Database of Southern Africa (BODATSA) [offline dataset]. http://newposa.sanbi.org [Note that these data are not available at this URL as of 2021],Kwangali,Ken-ichi Ueda,2021-10-21T20:17:44Z
343032,mushitondo,und,"","",South African National Biodiversity Institute. 2021. Botanical Database of Southern Africa (BODATSA) [offline dataset]. http://newposa.sanbi.org [Note that these data are not available at this URL as of 2021],Kwangali,Ken-ichi Ueda,2021-10-21T20:17:45Z
585956,uhoro,und,"","",South African National Biodiversity Institute. 2021. Botanical Database of Southern Africa (BODATSA) [offline dataset]. http://newposa.sanbi.org [Note that these data are not available at this URL as of 2021],Kwangali,Ken-ichi Ueda,2021-10-21T20:17:45Z
585956,utata,und,"","",South African National Biodiversity Institute. 2021. Botanical Database of Southern Africa (BODATSA) [offline dataset]. http://newposa.sanbi.org [Note that these data are not available at this URL as of 2021],Kwangali,Ken-ichi Ueda,2021-10-21T20:17:45Z
599386,ukuyu,und,"","",South African National Biodiversity Institute. 2021. Botanical Database of Southern Africa (BODATSA) [offline dataset]. http://newposa.sanbi.org [Note that these data are not available at this URL as of 2021],Kwangali,Ken-ichi Ueda,2021-10-21T20:17:46Z
599386,ukuzu,und,"","",South African National Biodiversity Institute. 2021. Botanical Database of Southern Africa (BODATSA) [offline dataset]. http://newposa.sanbi.org [Note that these data are not available at this URL as of 2021],Kwangali,Ken-ichi Ueda,2021-10-21T20:17:46Z
585998,ecava,und,"","",South African National Biodiversity Institute. 2021. Botanical Database of Southern Africa (BODATSA) [offline dataset]. http://newposa.sanbi.org [Note that these data are not available at this URL as of 2021],Kwangali,Ken-ichi Ueda,2021-10-21T20:17:46Z
599415,muravi,und,"","",South African National Biodiversity Institute. 2021. Botanical Database of Southern Africa (BODATSA) [offline dataset]. http://newposa.sanbi.org [Note that these data are not available at this URL as of 2021],Kwangali,Ken-ichi Ueda,2021-10-21T20:17:47Z
336861,ekopa,und,"","",South African National Biodiversity Institute. 2021. Botanical Database of Southern Africa (BODATSA) [offline dataset]. http://newposa.sanbi.org [Note that these data are not available at this URL as of 2021],Kwangali,Ken-ichi Ueda,2021-10-21T20:17:47Z
336861,makopa,und,"","",South African National Biodiversity Institute. 2021. Botanical Database of Southern Africa (BODATSA) [offline dataset]. http://newposa.sanbi.org [Note that these data are not available at this URL as of 2021],Kwangali,Ken-ichi Ueda,2021-10-21T20:17:47Z
336861,sikopa,und,"","",South African National Biodiversity Institute. 2021. Botanical Database of Southern Africa (BODATSA) [offline dataset]. http://newposa.sanbi.org [Note that these data are not available at this URL as of 2021],Kwangali,Ken-ichi Ueda,2021-10-21T20:17:47Z
431074,kandjond-jondjo,und,"","",South African National Biodiversity Institute. 2021. Botanical Database of Southern Africa (BODATSA) [offline dataset]. http://newposa.sanbi.org [Note that these data are not available at this URL as of 2021],Kwangali,Ken-ichi Ueda,2021-10-21T20:17:48Z
431074,ngogo,und,"","",South African National Biodiversity Institute. 2021. Botanical Database of Southern Africa (BODATSA) [offline dataset]. http://newposa.sanbi.org [Note that these data are not available at this URL as of 2021],Kwangali,Ken-ichi Ueda,2021-10-21T20:17:48Z
586634,shimaka,und,"","",South African National Biodiversity Institute. 2021. Botanical Database of Southern Africa (BODATSA) [offline dataset]. http://newposa.sanbi.org [Note that these data are not available at this URL as of 2021],Kwangali,Ken-ichi Ueda,2021-10-21T20:17:48Z
431075,rupundu,und,"","",South African National Biodiversity Institute. 2021. Botanical Database of Southern Africa (BODATSA) [offline dataset]. http://newposa.sanbi.org [Note that these data are not available at this URL as of 2021],Kwangali,Ken-ichi Ueda,2021-10-21T20:17:49Z
469315,nomaka,und,"","",South African National Biodiversity Institute. 2021. Botanical Database of Southern Africa (BODATSA) [offline dataset]. http://newposa.sanbi.org [Note that these data are not available at this URL as of 2021],Kwangali,Ken-ichi Ueda,2021-10-21T20:17:49Z
567067,makopa rupundu,und,"","",South African National Biodiversity Institute. 2021. Botanical Database of Southern Africa (BODATSA) [offline dataset]. http://newposa.sanbi.org [Note that these data are not available at this URL as of 2021],Kwangali,Ken-ichi Ueda,2021-10-21T20:17:49Z
586644,mudu,und,"","",South African National Biodiversity Institute. 2021. Botanical Database of Southern Africa (BODATSA) [offline dataset]. http://newposa.sanbi.org [Note that these data are not available at this URL as of 2021],Kwangali,Ken-ichi Ueda,2021-10-21T20:17:50Z
485445,ushivi,und,"","",South African National Biodiversity Institute. 2021. Botanical Database of Southern Africa (BODATSA) [offline dataset]. http://newposa.sanbi.org [Note that these data are not available at this URL as of 2021],Kwangali,Ken-ichi Ueda,2021-10-21T20:17:50Z
485445,usivi,und,"","",South African National Biodiversity Institute. 2021. Botanical Database of Southern Africa (BODATSA) [offline dataset]. http://newposa.sanbi.org [Note that these data are not available at this URL as of 2021],Kwangali,Ken-ichi Ueda,2021-10-21T20:17:50Z
340106,mungorwe,und,"","",South African National Biodiversity Institute. 2021. Botanical Database of Southern Africa (BODATSA) [offline dataset]. http://newposa.sanbi.org [Note that these data are not available at this URL as of 2021],Kwangali,Ken-ichi Ueda,2021-10-21T20:17:51Z
340106,mutungambara,und,"","",South African National Biodiversity Institute. 2021. Botanical Database of Southern Africa (BODATSA) [offline dataset]. http://newposa.sanbi.org [Note that these data are not available at this URL as of 2021],Kwangali,Ken-ichi Ueda,2021-10-21T20:17:51Z
342681,ngone,und,"","",South African National Biodiversity Institute. 2021. Botanical Database of Southern Africa (BODATSA) [offline dataset]. http://newposa.sanbi.org [Note that these data are not available at this URL as of 2021],Kwangali,Ken-ichi Ueda,2021-10-21T20:17:51Z
81491,umuhvunguhvungu,und,"","",South African National Biodiversity Institute. 2021. Botanical Database of Southern Africa (BODATSA) [offline dataset]. http://newposa.sanbi.org [Note that these data are not available at this URL as of 2021],Kwangali,Ken-ichi Ueda,2021-10-21T20:17:51Z
81491,uvunguvungu,und,"","",South African National Biodiversity Institute. 2021. Botanical Database of Southern Africa (BODATSA) [offline dataset]. http://newposa.sanbi.org [Note that these data are not available at this URL as of 2021],Kwangali,Ken-ichi Ueda,2021-10-21T20:17:52Z
81491,vunguvungu,und,"","",South African National Biodiversity Institute. 2021. Botanical Database of Southern Africa (BODATSA) [offline dataset]. http://newposa.sanbi.org [Note that these data are not available at this URL as of 2021],Kwangali,Ken-ichi Ueda,2021-10-21T20:17:52Z
588676,musinga,und,"","",South African National Biodiversity Institute. 2021. Botanical Database of Southern Africa (BODATSA) [offline dataset]. http://newposa.sanbi.org [Note that these data are not available at this URL as of 2021],Kwangali,Ken-ichi Ueda,2021-10-21T20:17:52Z
589555,muteruteru,und,"","",South African National Biodiversity Institute. 2021. Botanical Database of Southern Africa (BODATSA) [offline dataset]. http://newposa.sanbi.org [Note that these data are not available at this URL as of 2021],Kwangali,Ken-ichi Ueda,2021-10-21T20:17:53Z
600317,mbungururu,und,"","",South African National Biodiversity Institute. 2021. Botanical Database of Southern Africa (BODATSA) [offline dataset]. http://newposa.sanbi.org [Note that these data are not available at this URL as of 2021],Kwangali,Ken-ichi Ueda,2021-10-21T20:17:53Z
416644,muzwė,und,"","",South African National Biodiversity Institute. 2021. Botanical Database of Southern Africa (BODATSA) [offline dataset]. http://newposa.sanbi.org [Note that these data are not available at this URL as of 2021],Kwangali,Ken-ichi Ueda,2021-10-21T20:17:53Z
591313,mulilira mukanga,und,"","",South African National Biodiversity Institute. 2021. Botanical Database of Southern Africa (BODATSA) [offline dataset]. http://newposa.sanbi.org [Note that these data are not available at this URL as of 2021],Kwangali,Ken-ichi Ueda,2021-10-21T20:17:54Z
199580,usa,und,"","",South African National Biodiversity Institute. 2021. Botanical Database of Southern Africa (BODATSA) [offline dataset]. http://newposa.sanbi.org [Note that these data are not available at this URL as of 2021],Kwangali,Ken-ichi Ueda,2021-10-21T20:17:54Z
138688,mujeve,und,"","",South African National Biodiversity Institute. 2021. Botanical Database of Southern Africa (BODATSA) [offline dataset]. http://newposa.sanbi.org [Note that these data are not available at this URL as of 2021],Kwangali,Ken-ichi Ueda,2021-10-21T20:17:54Z
138688,mulungwa,und,"","",South African National Biodiversity Institute. 2021. Botanical Database of Southern Africa (BODATSA) [offline dataset]. http://newposa.sanbi.org [Note that these data are not available at this URL as of 2021],Kwangali,Ken-ichi Ueda,2021-10-21T20:17:55Z
138688,muparara,und,"","",South African National Biodiversity Institute. 2021. Botanical Database of Southern Africa (BODATSA) [offline dataset]. http://newposa.sanbi.org [Note that these data are not available at this URL as of 2021],Kwangali,Ken-ichi Ueda,2021-10-21T20:17:55Z
138688,mushande,und,"","",South African National Biodiversity Institute. 2021. Botanical Database of Southern Africa (BODATSA) [offline dataset]. http://newposa.sanbi.org [Note that these data are not available at this URL as of 2021],Kwangali,Ken-ichi Ueda,2021-10-21T20:17:55Z
546325,mupanda,und,"","",South African National Biodiversity Institute. 2021. Botanical Database of Southern Africa (BODATSA) [offline dataset]. http://newposa.sanbi.org [Note that these data are not available at this URL as of 2021],Kwangali,Ken-ichi Ueda,2021-10-21T20:17:55Z
166729,makereva,und,"","",South African National Biodiversity Institute. 2021. Botanical Database of Southern Africa (BODATSA) [offline dataset]. http://newposa.sanbi.org [Note that these data are not available at this URL as of 2021],Kwangali,Ken-ichi Ueda,2021-10-21T20:17:56Z
166729,sikereva,und,"","",South African National Biodiversity Institute. 2021. Botanical Database of Southern Africa (BODATSA) [offline dataset]. http://newposa.sanbi.org [Note that these data are not available at this URL as of 2021],Kwangali,Ken-ichi Ueda,2021-10-21T20:17:56Z
592162,mupapama,und,"","",South African National Biodiversity Institute. 2021. Botanical Database of Southern Africa (BODATSA) [offline dataset]. http://newposa.sanbi.org [Note that these data are not available at this URL as of 2021],Kwangali,Ken-ichi Ueda,2021-10-21T20:17:56Z
568506,mudirira,und,"","",South African National Biodiversity Institute. 2021. Botanical Database of Southern Africa (BODATSA) [offline dataset]. http://newposa.sanbi.org [Note that these data are not available at this URL as of 2021],Kwangali,Ken-ichi Ueda,2021-10-21T20:17:57Z
568506,muririra,und,"","",South African National Biodiversity Institute. 2021. Botanical Database of Southern Africa (BODATSA) [offline dataset]. http://newposa.sanbi.org [Note that these data are not available at this URL as of 2021],Kwangali,Ken-ichi Ueda,2021-10-21T20:17:57Z
584388,dikulukhazi,und,"","",South African National Biodiversity Institute. 2021. Botanical Database of Southern Africa (BODATSA) [offline dataset]. http://newposa.sanbi.org [Note that these data are not available at this URL as of 2021],Kwangali,Ken-ichi Ueda,2021-10-21T20:17:57Z
592652,muputwe,und,"","",South African National Biodiversity Institute. 2021. Botanical Database of Southern Africa (BODATSA) [offline dataset]. http://newposa.sanbi.org [Note that these data are not available at this URL as of 2021],Kwangali,Ken-ichi Ueda,2021-10-21T20:17:58Z
340243,uguva,und,"","",South African National Biodiversity Institute. 2021. Botanical Database of Southern Africa (BODATSA) [offline dataset]. http://newposa.sanbi.org [Note that these data are not available at this URL as of 2021],Kwangali,Ken-ichi Ueda,2021-10-21T20:17:58Z
527004,ngandu,und,"","",South African National Biodiversity Institute. 2021. Botanical Database of Southern Africa (BODATSA) [offline dataset]. http://newposa.sanbi.org [Note that these data are not available at this URL as of 2021],Kwangali,Ken-ichi Ueda,2021-10-21T20:17:58Z
340357,ndimbiswilisi,und,"","",South African National Biodiversity Institute. 2021. Botanical Database of Southern Africa (BODATSA) [offline dataset]. http://newposa.sanbi.org [Note that these data are not available at this URL as of 2021],Kwangali,Ken-ichi Ueda,2021-10-21T20:17:59Z
340199,ngongo,und,"","",South African National Biodiversity Institute. 2021. Botanical Database of Southern Africa (BODATSA) [offline dataset]. http://newposa.sanbi.org [Note that these data are not available at this URL as of 2021],Kwangali,Ken-ichi Ueda,2021-10-21T20:17:59Z
340199,ugongo,und,"","",South African National Biodiversity Institute. 2021. Botanical Database of Southern Africa (BODATSA) [offline dataset]. http://newposa.sanbi.org [Note that these data are not available at this URL as of 2021],Kwangali,Ken-ichi Ueda,2021-10-21T20:17:59Z
340199,ungongo,und,"","",South African National Biodiversity Institute. 2021. Botanical Database of Southern Africa (BODATSA) [offline dataset]. http://newposa.sanbi.org [Note that these data are not available at this URL as of 2021],Kwangali,Ken-ichi Ueda,2021-10-21T20:18:00Z
593912,sikulikuli,und,"","",South African National Biodiversity Institute. 2021. Botanical Database of Southern Africa (BODATSA) [offline dataset]. http://newposa.sanbi.org [Note that these data are not available at this URL as of 2021],Kwangali,Ken-ichi Ueda,2021-10-21T20:18:00Z
546326,mugorokoko,und,"","",South African National Biodiversity Institute. 2021. Botanical Database of Southern Africa (BODATSA) [offline dataset]. http://newposa.sanbi.org [Note that these data are not available at this URL as of 2021],Kwangali,Ken-ichi Ueda,2021-10-21T20:18:01Z
546326,mukuku,und,"","",South African National Biodiversity Institute. 2021. Botanical Database of Southern Africa (BODATSA) [offline dataset]. http://newposa.sanbi.org [Note that these data are not available at this URL as of 2021],Kwangali,Ken-ichi Ueda,2021-10-21T20:18:01Z
593974,mungombe,und,"","",South African National Biodiversity Institute. 2021. Botanical Database of Southern Africa (BODATSA) [offline dataset]. http://newposa.sanbi.org [Note that these data are not available at this URL as of 2021],Kwangali,Ken-ichi Ueda,2021-10-21T20:18:01Z
593974,muviyu,und,"","",South African National Biodiversity Institute. 2021. Botanical Database of Southern Africa (BODATSA) [offline dataset]. http://newposa.sanbi.org [Note that these data are not available at this URL as of 2021],Kwangali,Ken-ichi Ueda,2021-10-21T20:18:02Z
340253,muhongo,und,"","",South African National Biodiversity Institute. 2021. Botanical Database of Southern Africa (BODATSA) [offline dataset]. http://newposa.sanbi.org [Note that these data are not available at this URL as of 2021],Kwangali,Ken-ichi Ueda,2021-10-21T20:18:02Z
340253,mushongo,und,"","",South African National Biodiversity Institute. 2021. Botanical Database of Southern Africa (BODATSA) [offline dataset]. http://newposa.sanbi.org [Note that these data are not available at this URL as of 2021],Kwangali,Ken-ichi Ueda,2021-10-21T20:18:02Z
601245,mufuramvhuu,und,"","",South African National Biodiversity Institute. 2021. Botanical Database of Southern Africa (BODATSA) [offline dataset]. http://newposa.sanbi.org [Note that these data are not available at this URL as of 2021],Kwangali,Ken-ichi Ueda,2021-10-21T20:18:03Z
595009,eguni,und,"","",South African National Biodiversity Institute. 2021. Botanical Database of Southern Africa (BODATSA) [offline dataset]. http://newposa.sanbi.org [Note that these data are not available at this URL as of 2021],Kwangali,Ken-ichi Ueda,2021-10-21T20:18:03Z
595009,uguni,und,"","",South African National Biodiversity Institute. 2021. Botanical Database of Southern Africa (BODATSA) [offline dataset]. http://newposa.sanbi.org [Note that these data are not available at this URL as of 2021],Kwangali,Ken-ichi Ueda,2021-10-21T20:18:03Z
595012,utu,und,"","",South African National Biodiversity Institute. 2021. Botanical Database of Southern Africa (BODATSA) [offline dataset]. http://newposa.sanbi.org [Note that these data are not available at this URL as of 2021],Kwangali,Ken-ichi Ueda,2021-10-21T20:18:04Z
169414,ghughumi,und,"","",South African National Biodiversity Institute. 2021. Botanical Database of Southern Africa (BODATSA) [offline dataset]. http://newposa.sanbi.org [Note that these data are not available at this URL as of 2021],Kwangali,Ken-ichi Ueda,2021-10-21T20:18:04Z
169414,maguni,und,"","",South African National Biodiversity Institute. 2021. Botanical Database of Southern Africa (BODATSA) [offline dataset]. http://newposa.sanbi.org [Note that these data are not available at this URL as of 2021],Kwangali,Ken-ichi Ueda,2021-10-21T20:18:04Z
468544,motjeketjek,und,"","",South African National Biodiversity Institute. 2021. Botanical Database of Southern Africa (BODATSA) [offline dataset]. http://newposa.sanbi.org [Note that these data are not available at this URL as of 2021],Kwangali,Ken-ichi Ueda,2021-10-21T20:18:05Z
468544,mutengura,und,"","",South African National Biodiversity Institute. 2021. Botanical Database of Southern Africa (BODATSA) [offline dataset]. http://newposa.sanbi.org [Note that these data are not available at this URL as of 2021],Kwangali,Ken-ichi Ueda,2021-10-21T20:18:05Z
474039,kashengwe,und,"","",South African National Biodiversity Institute. 2021. Botanical Database of Southern Africa (BODATSA) [offline dataset]. http://newposa.sanbi.org [Note that these data are not available at this URL as of 2021],Kwangali,Ken-ichi Ueda,2021-10-21T20:18:05Z
430533,muhama,und,"","",South African National Biodiversity Institute. 2021. Botanical Database of Southern Africa (BODATSA) [offline dataset]. http://newposa.sanbi.org [Note that these data are not available at this URL as of 2021],Kwangali,Ken-ichi Ueda,2021-10-21T20:18:06Z
430533,uhama,und,"","",South African National Biodiversity Institute. 2021. Botanical Database of Southern Africa (BODATSA) [offline dataset]. http://newposa.sanbi.org [Note that these data are not available at this URL as of 2021],Kwangali,Ken-ichi Ueda,2021-10-21T20:18:06Z
336810,mugoro,und,"","",South African National Biodiversity Institute. 2021. Botanical Database of Southern Africa (BODATSA) [offline dataset]. http://newposa.sanbi.org [Note that these data are not available at this URL as of 2021],Kwangali,Ken-ichi Ueda,2021-10-21T20:18:06Z
601546,muyimbo,und,"","",South African National Biodiversity Institute. 2021. Botanical Database of Southern Africa (BODATSA) [offline dataset]. http://newposa.sanbi.org [Note that these data are not available at this URL as of 2021],Kwangali,Ken-ichi Ueda,2021-10-21T20:18:07Z
466936,simbuumbu,und,"","",South African National Biodiversity Institute. 2021. Botanical Database of Southern Africa (BODATSA) [offline dataset]. http://newposa.sanbi.org [Note that these data are not available at this URL as of 2021],Kwangali,Ken-ichi Ueda,2021-10-21T20:18:07Z
243419,kakukuru,und,"","",South African National Biodiversity Institute. 2021. Botanical Database of Southern Africa (BODATSA) [offline dataset]. http://newposa.sanbi.org [Note that these data are not available at this URL as of 2021],Kwangali,Ken-ichi Ueda,2021-10-21T20:18:07Z
340228,mukekete,und,"","",South African National Biodiversity Institute. 2021. Botanical Database of Southern Africa (BODATSA) [offline dataset]. http://newposa.sanbi.org [Note that these data are not available at this URL as of 2021],Kwangali,Ken-ichi Ueda,2021-10-21T20:18:08Z
340228,ukekete,und,"","",South African National Biodiversity Institute. 2021. Botanical Database of Southern Africa (BODATSA) [offline dataset]. http://newposa.sanbi.org [Note that these data are not available at this URL as of 2021],Kwangali,Ken-ichi Ueda,2021-10-21T20:18:08Z
1473181,nombe,und,"","",South African National Biodiversity Institute. 2021. Botanical Database of Southern Africa (BODATSA) [offline dataset]. http://newposa.sanbi.org [Note that these data are not available at this URL as of 2021],Kwangali,,2023-06-09T13:59:16Z
1473181,ukerete,und,"","",South African National Biodiversity Institute. 2021. Botanical Database of Southern Africa (BODATSA) [offline dataset]. http://newposa.sanbi.org [Note that these data are not available at this URL as of 2021],Kwangali,,2023-06-09T13:59:16Z
1473181,umbe,und,"","",South African National Biodiversity Institute. 2021. Botanical Database of Southern Africa (BODATSA) [offline dataset]. http://newposa.sanbi.org [Note that these data are not available at this URL as of 2021],Kwangali,,2023-06-09T13:59:16Z
144288,Epanda,und,"","",,Kwangali,lwnrngr,2023-09-21T05:32:59Z
4585,Nkongoro,und,"","",,Kwangali,lwnrngr,2023-09-21T05:48:49Z
1505670,Mpungu,und,"","",https://www.inaturalist.org/taxon_names/3440309/edit,Kwangali,Victor HOYEAU,2023-10-29T22:14:01Z
1428,Nkanga,und,"","",,Kwangali,Botswanabugs,2024-01-31T10:14:35Z
1578577,mucuti,und,"","",South African National Biodiversity Institute. 2021. Botanical Database of Southern Africa (BODATSA) [offline dataset]. http://newposa.sanbi.org [Note that these data are not available at this URL as of 2021],Kwangali,,2024-09-27T12:45:58Z
1578577,muhusi,und,"","",South African National Biodiversity Institute. 2021. Botanical Database of Southern Africa (BODATSA) [offline dataset]. http://newposa.sanbi.org [Note that these data are not available at this URL as of 2021],Kwangali,,2024-09-27T12:45:59Z
1578577,muntjuti,und,"","",South African National Biodiversity Institute. 2021. Botanical Database of Southern Africa (BODATSA) [offline dataset]. http://newposa.sanbi.org [Note that these data are not available at this URL as of 2021],Kwangali,,2024-09-27T12:45:59Z
1588521,ugė,und,"","",South African National Biodiversity Institute. 2021. Botanical Database of Southern Africa (BODATSA) [offline dataset]. http://newposa.sanbi.org [Note that these data are not available at this URL as of 2021],Kwangali,,2024-11-12T07:54:12Z
1588582,sipeke,und,"","",South African National Biodiversity Institute. 2021. Botanical Database of Southern Africa (BODATSA) [offline dataset]. http://newposa.sanbi.org [Note that these data are not available at this URL as of 2021],Kwangali,,2024-11-12T08:10:21Z
