id,vernacularName,language,locality,countryCode,source,lexicon,contributor,created
340245,muua,und,"","",,Kamba,Botswanabugs,2020-01-13T06:12:54Z
342724,kitandabo,und,"","",South African National Biodiversity Institute. 2021. Botanical Database of Southern Africa (BODATSA) [offline dataset]. http://newposa.sanbi.org [Note that these data are not available at this URL as of 2021],Kamba,Ken-ichi Ueda,2021-10-21T20:16:45Z
342724,Kitandambo,und,"","",South African National Biodiversity Institute. 2021. Botanical Database of Southern Africa (BODATSA) [offline dataset]. http://newposa.sanbi.org [Note that these data are not available at this URL as of 2021],Kamba,Ken-ichi Ueda,2021-10-21T20:16:45Z
342724,kitando,und,"","",South African National Biodiversity Institute. 2021. Botanical Database of Southern Africa (BODATSA) [offline dataset]. http://newposa.sanbi.org [Note that these data are not available at this URL as of 2021],Kamba,Ken-ichi Ueda,2021-10-21T20:16:45Z
342724,kitandombe,und,"","",South African National Biodiversity Institute. 2021. Botanical Database of Southern Africa (BODATSA) [offline dataset]. http://newposa.sanbi.org [Note that these data are not available at this URL as of 2021],Kamba,Ken-ichi Ueda,2021-10-21T20:16:46Z
342724,Mutandambo,und,"","",South African National Biodiversity Institute. 2021. Botanical Database of Southern Africa (BODATSA) [offline dataset]. http://newposa.sanbi.org [Note that these data are not available at this URL as of 2021],Kamba,Ken-ichi Ueda,2021-10-21T20:16:46Z
190367,maonj,und,"","",South African National Biodiversity Institute. 2021. Botanical Database of Southern Africa (BODATSA) [offline dataset]. http://newposa.sanbi.org [Note that these data are not available at this URL as of 2021],Kamba,Ken-ichi Ueda,2021-10-21T20:16:46Z
190367,meongi,und,"","",South African National Biodiversity Institute. 2021. Botanical Database of Southern Africa (BODATSA) [offline dataset]. http://newposa.sanbi.org [Note that these data are not available at this URL as of 2021],Kamba,Ken-ichi Ueda,2021-10-21T20:16:46Z
599716,Mulavutwa,und,"","",South African National Biodiversity Institute. 2021. Botanical Database of Southern Africa (BODATSA) [offline dataset]. http://newposa.sanbi.org [Note that these data are not available at this URL as of 2021],Kamba,Ken-ichi Ueda,2021-10-21T20:16:47Z
164238,muaegi,und,"","",South African National Biodiversity Institute. 2021. Botanical Database of Southern Africa (BODATSA) [offline dataset]. http://newposa.sanbi.org [Note that these data are not available at this URL as of 2021],Kamba,Ken-ichi Ueda,2021-10-21T20:16:47Z
428559,Kiva,und,"","",South African National Biodiversity Institute. 2021. Botanical Database of Southern Africa (BODATSA) [offline dataset]. http://newposa.sanbi.org [Note that these data are not available at this URL as of 2021],Kamba,Ken-ichi Ueda,2021-10-21T20:16:47Z
428559,Muva,und,"","",South African National Biodiversity Institute. 2021. Botanical Database of Southern Africa (BODATSA) [offline dataset]. http://newposa.sanbi.org [Note that these data are not available at this URL as of 2021],Kamba,Ken-ichi Ueda,2021-10-21T20:16:48Z
426476,Kenyinya,und,"","",South African National Biodiversity Institute. 2021. Botanical Database of Southern Africa (BODATSA) [offline dataset]. http://newposa.sanbi.org [Note that these data are not available at this URL as of 2021],Kamba,Ken-ichi Ueda,2021-10-21T20:16:48Z
79141,Ndulu,und,"","",South African National Biodiversity Institute. 2021. Botanical Database of Southern Africa (BODATSA) [offline dataset]. http://newposa.sanbi.org [Note that these data are not available at this URL as of 2021],Kamba,Ken-ichi Ueda,2021-10-21T20:16:48Z
340252,Muteta,und,"","",South African National Biodiversity Institute. 2021. Botanical Database of Southern Africa (BODATSA) [offline dataset]. http://newposa.sanbi.org [Note that these data are not available at this URL as of 2021],Kamba,Ken-ichi Ueda,2021-10-21T20:16:49Z
431063,Mukumuti,und,"","",,Kamba,Botswanabugs,2021-11-29T06:26:29Z
132925,Zewe,und,"","",,Kamba,Tammo Reichgelt,2022-07-20T14:11:12Z
1243278,Muguguma,und,"","",,Kamba,Tammo Reichgelt,2022-07-20T14:59:58Z
582302,Ewalia,und,"","",,Kamba,Tammo Reichgelt,2022-07-20T15:30:45Z
1077573,Muthundi,und,"","",,Kamba,Tammo Reichgelt,2022-07-20T15:36:01Z
508478,Kugiei,und,"","",,Kamba,Tammo Reichgelt,2022-07-20T15:38:19Z
507100,Mulule,und,"","",,Kamba,Tammo Reichgelt,2022-07-20T15:50:43Z
467985,Isivu,und,"","",,Kamba,Tammo Reichgelt,2022-07-20T15:55:15Z
340365,Itandamboo,und,"","",,Kamba,Tammo Reichgelt,2022-07-20T19:47:27Z
186043,Mukolekya,und,"","",,Kamba,Tammo Reichgelt,2022-07-20T19:59:00Z
208321,Kalue,und,"","",,Kamba,Tammo Reichgelt,2022-07-20T20:04:13Z
589548,Munatha,und,"","",,Kamba,Tammo Reichgelt,2022-07-20T20:06:16Z
781529,Muvovotwe,und,"","",,Kamba,Tammo Reichgelt,2022-07-20T20:14:23Z
781529,Mulavutw’a,und,"","",,Kamba,Tammo Reichgelt,2022-07-20T20:14:35Z
340231,Mutunguu,und,"","",,Kamba,Tammo Reichgelt,2022-07-20T20:23:18Z
943216,Mpunda,und,"","",,Kamba,Tammo Reichgelt,2022-07-21T01:14:38Z
593974,Itithi,und,"","",,Kamba,Tammo Reichgelt,2022-07-21T02:01:35Z
582852,Esemolea,und,"","",,Kamba,Tammo Reichgelt,2022-07-21T02:02:54Z
1239826,Kisengele,und,"","",,Kamba,Tammo Reichgelt,2022-07-21T02:07:50Z
1239826,Kisakele,und,"","",,Kamba,Tammo Reichgelt,2022-07-21T02:08:07Z
593398,Kinyonywe,und,"","",,Kamba,Tammo Reichgelt,2022-07-21T02:09:27Z
584493,Musinziili,und,"","",,Kamba,Tammo Reichgelt,2022-07-21T20:06:35Z
428367,Kikaati,und,"","",,Kamba,Tammo Reichgelt,2022-07-21T20:11:31Z
428367,Mukaati,und,"","",,Kamba,Tammo Reichgelt,2022-07-21T20:11:51Z
425918,"kiluma kya ivia (""aloe of the rock"")",und,"","",,Kamba,Joe Zito,2023-10-21T17:13:50Z
41963,ngo,und,"","",,Kamba,Botswanabugs,2023-11-20T06:43:51Z
1428,nganga,und,"","",,Kamba,Botswanabugs,2024-01-31T10:35:05Z
1588620,Ithunzu Yika,und,"","",https://www.inaturalist.org/taxon_names/3047327/edit,Kamba,,2024-11-12T09:44:28Z
1588634,Mulingula,und,"","",https://www.inaturalist.org/taxon_names/3047703/edit,Kamba,,2024-11-12T10:17:38Z
