id,vernacularName,language,locality,countryCode,source,lexicon,contributor,created
154538,ajiya,und,"","",,Guarijío,Adrian Bojorquez,2013-05-16T07:58:33Z
275216,bacachari,und,"","",,Guarijío,Ken-ichi Ueda,2013-05-16T08:00:23Z
281284,Capiaj,und,"","",,Guarijío,Ken-ichi Ueda,2013-05-16T08:03:48Z
160817,casalá,und,"","",,Guarijío,Ken-ichi Ueda,2013-05-16T08:04:19Z
289976,chichiuo,und,"","",,Guarijío,Ken-ichi Ueda,2013-05-16T08:05:22Z
209980,choquey,und,"","",,Guarijío,Ken-ichi Ueda,2013-05-16T08:05:47Z
62643,churuni,und,"","",,Guarijío,Ken-ichi Ueda,2013-05-16T08:05:54Z
281740,churuni,und,"","",,Guarijío,Ken-ichi Ueda,2013-05-16T08:05:54Z
160955,cojusamo,und,"","",,Guarijío,Ken-ichi Ueda,2013-05-16T08:06:14Z
285646,coo,und,"","",,Guarijío,Ken-ichi Ueda,2013-05-16T08:06:39Z
50150,coomeme,und,"","",,Guarijío,Ken-ichi Ueda,2013-05-16T08:06:39Z
58127,cotasula,und,"","",,Guarijío,wsyxbcl,2013-05-16T08:07:07Z
166155,cotasulu,und,"","",,Guarijío,Ken-ichi Ueda,2013-05-16T08:07:08Z
126236,cuca,und,"","",,Guarijío,Bodo Nuñez Oberg,2013-05-16T08:07:34Z
47445,cuca,und,"","",,Guarijío,Yingyod Lapwong,2013-05-16T08:07:34Z
279338,cuca,und,"","",,Guarijío,Ken-ichi Ueda,2013-05-16T08:07:34Z
159292,cumememi,und,"","",,Guarijío,Ken-ichi Ueda,2013-05-16T08:07:57Z
275459,hachuca,und,"","",,Guarijío,Ken-ichi Ueda,2013-05-16T08:10:48Z
157498,hauoli,und,"","",,Guarijío,Ken-ichi Ueda,2013-05-16T08:10:50Z
49665,Hauoli,und,"","",,Guarijío,Ken-ichi Ueda,2013-05-16T08:10:50Z
78700,hestej,und,"","",,Guarijío,Ken-ichi Ueda,2013-05-16T08:13:58Z
284766,hiepdle,und,"","",,Guarijío,Ken-ichi Ueda,2013-05-16T08:13:59Z
164344,himoli,und,"","",,Guarijío,Carlos G Velazco-Macias,2013-05-16T08:14:58Z
316796,hosocola,und,"","",,Guarijío,Adrian Bojorquez,2013-05-16T08:15:11Z
280512,huachachago,und,"","",,Guarijío,Adrian Bojorquez,2013-05-16T08:15:12Z
284720,huachelai,und,"","",,Guarijío,Ken-ichi Ueda,2013-05-16T08:15:12Z
62829,huacóporo,und,"","",,Guarijío,rjq,2013-05-16T08:15:13Z
134205,hualawasi,und,"","",,Guarijío,Ken-ichi Ueda,2013-05-16T08:15:13Z
288625,hugli,und,"","",,Guarijío,Ken-ichi Ueda,2013-05-16T08:15:19Z
278554,hutatiyo,und,"","",,Guarijío,Adrian Bojorquez,2013-05-16T08:15:23Z
281345,jachuca,und,"","",,Guarijío,Ken-ichi Ueda,2013-05-16T08:15:54Z
161246,jalú,und,"","",,Guarijío,Thomas Mesaglio,2013-05-16T08:15:57Z
124408,jaué,und,"","",,Guarijío,Ken-ichi Ueda,2013-05-16T08:16:02Z
284124,jichiconi,und,"","",,Guarijío,Ken-ichi Ueda,2013-05-16T08:16:10Z
316792,josacola,und,"","",,Guarijío,Ken-ichi Ueda,2013-05-16T08:16:19Z
289111,joui nohua,und,"","",,Guarijío,Ken-ichi Ueda,2013-05-16T08:16:20Z
273839,leichi,und,"","",,Guarijío,Ken-ichi Ueda,2013-05-16T08:17:03Z
158387,lustiej,und,"","",,Guarijío,Ken-ichi Ueda,2013-05-16T08:18:03Z
166920,macachuni,und,"","",,Guarijío,Kevin Faccenda,2013-05-16T08:18:04Z
48895,macapura,und,"","",,Guarijío,Ken-ichi Ueda,2013-05-16T08:18:04Z
79141,maniloche,und,"","",,Guarijío,harum.koh,2013-05-16T08:18:37Z
82005,meullé,und,"","",,Guarijío,Ken-ichi Ueda,2013-05-16T08:19:10Z
138590,munira,und,"","",,Guarijío,Ken-ichi Ueda,2013-05-16T08:19:36Z
162295,nachachicole,und,"","",,Guarijío,Adrian Bojorquez,2013-05-16T08:19:46Z
282909,najicoli,und,"","",,Guarijío,Ken-ichi Ueda,2013-05-16T08:19:47Z
273850,ou-uuli,und,"","",,Guarijío,Ken-ichi Ueda,2013-05-16T08:21:05Z
158740,palouisi,und,"","",,Guarijío,Bodo Nuñez Oberg,2013-05-16T08:22:05Z
153918,pasagí,und,"","",,Guarijío,Jorge Rojas S.,2013-05-16T08:22:15Z
162829,picachlich,und,"","",,Guarijío,Ken-ichi Ueda,2013-05-16T08:22:53Z
162817,picajlij,und,"","",,Guarijío,Ken-ichi Ueda,2013-05-16T08:22:53Z
290354,quichisoui,und,"","",,Guarijío,Ken-ichi Ueda,2013-05-16T08:23:42Z
287647,sahi,und,"","",,Guarijío,Adrian Bojorquez,2013-05-16T08:24:01Z
167643,sajavó,und,"","",,Guarijío,Ken-ichi Ueda,2013-05-16T08:24:03Z
281019,sapuli,und,"","",,Guarijío,Ken-ichi Ueda,2013-05-16T08:24:21Z
129370,sauo,und,"","",,Guarijío,Joshua Ekrut,2013-05-16T08:24:24Z
75933,ta-a-seyueylala,und,"","",,Guarijío,Ken-ichi Ueda,2013-05-16T08:24:55Z
282315,tainorej,und,"","",,Guarijío,Ken-ichi Ueda,2013-05-16T08:24:59Z
169890,tajevali,und,"","",,Guarijío,Ken-ichi Ueda,2013-05-16T08:24:59Z
273966,talacao,und,"","",,Guarijío,Ken-ichi Ueda,2013-05-16T08:25:00Z
289555,talacao,und,"","",,Guarijío,Ken-ichi Ueda,2013-05-16T08:25:00Z
60439,talpacache,und,"","",,Guarijío,Zinogre,2013-05-16T08:25:09Z
161639,tecuyaui,und,"","",,Guarijío,Bobby McCabe,2013-05-16T08:25:24Z
131569,tenégara,und,"","",,Guarijío,Ken-ichi Ueda,2013-05-16T08:25:26Z
283171,tetetauicha,und,"","",,Guarijío,Ken-ichi Ueda,2013-05-16T08:25:33Z
133291,teyuesi,und,"","",,Guarijío,Joshua Ekrut,2013-05-16T08:25:34Z
282411,toché,und,"","",,Guarijío,Ken-ichi Ueda,2013-05-16T08:25:53Z
78559,toji,und,"","",,Guarijío,Bobby McCabe,2013-05-16T08:25:53Z
84002,toji,und,"","",,Guarijío,Austin R. Kelly,2013-05-16T08:25:54Z
79208,tomosali,und,"","",,Guarijío,Ken-ichi Ueda,2013-05-16T08:26:00Z
288716,to-sa,und,"","",,Guarijío,Ken-ichi Ueda,2013-05-16T08:26:04Z
274134,Totosá,und,"","",,Guarijío,Ken-ichi Ueda,2013-05-16T08:26:05Z
289530,tucasali,und,"","",,Guarijío,Ken-ichi Ueda,2013-05-16T08:26:28Z
61375,tulumisi,und,"","",,Guarijío,Ken-ichi Ueda,2013-05-16T08:26:36Z
200064,tumali,und,"","",,Guarijío,Ken-ichi Ueda,2013-05-16T08:26:36Z
286503,tumali,und,"","",,Guarijío,Ken-ichi Ueda,2013-05-16T08:26:36Z
288397,turasali,und,"","",,Guarijío,Ken-ichi Ueda,2013-05-16T08:26:38Z
275883,tuyá,und,"","",,Guarijío,Ken-ichi Ueda,2013-05-16T08:26:42Z
289610,uachomo,und,"","",,Guarijío,Ken-ichi Ueda,2013-05-16T08:27:02Z
287297,uasiqui,und,"","",,Guarijío,Ken-ichi Ueda,2013-05-16T08:27:03Z
76203,uchicá,und,"","",,Guarijío,Ken-ichi Ueda,2013-05-16T08:27:04Z
58892,uhí,und,"","",,Guarijío,Bodo Nuñez Oberg,2013-05-16T08:27:04Z
164415,uili,und,"","",,Guarijío,sea-kangaroo,2013-05-16T08:27:05Z
281068,uocamahi,und,"","",,Guarijío,Ken-ichi Ueda,2013-05-16T08:27:09Z
316762,uohtoli,und,"","",,Guarijío,Ken-ichi Ueda,2013-05-16T08:27:09Z
281764,vasiua,und,"","",,Guarijío,Ken-ichi Ueda,2013-05-16T08:27:17Z
53271,huachelai,und,"","",,Guarijío,Victor HOYEAU,2013-08-21T18:52:34Z
470643,tocasoiahui,und,"","",,Guarijío,Ken-ichi Ueda,2015-07-29T08:18:41Z
79472,coo-ca,und,"","",,Guarijío,Konstantinos Kalaentzis,2017-04-20T06:43:49Z
470765,nohuá,und,"","",,Guarijío,sea-kangaroo,2018-01-21T01:52:23Z
842086,tajeualí,und,"","",,Guarijío,Ken-ichi Ueda,2019-01-02T13:30:21Z
279321,toji,und,"","",,Guarijío,Ken-ichi Ueda,2019-01-09T01:18:14Z
873768,uipa,und,"","",,Guarijío,Valentin de Mazancourt,2019-03-13T15:24:02Z
877473,saiyas,und,"","",,Guarijío,Ken-ichi Ueda,2019-03-28T17:58:17Z
887938,jeco,und,"","",,Guarijío,Ken-ichi Ueda,2019-05-03T16:53:27Z
898698,sínala,und,"","",,Guarijío,Adrian Bojorquez,2019-06-08T01:59:38Z
349260,yepovecha,und,"","",,Guarijío,Bodo Nuñez Oberg,2019-06-08T02:21:05Z
888956,ueylaqui,und,"","",https://www.inaturalist.org/taxon_names/449456/edit,Guarijío,Adrian Bojorquez,2019-10-18T13:23:27Z
891942,huachomó,und,"","",https://www.inaturalist.org/taxon_names/446261/edit,Guarijío,,2019-10-18T16:43:50Z
1065401,huetapochi,und,"","",https://www.inaturalist.org/taxon_names/446281/edit,Guarijío,,2020-04-05T23:03:14Z
47118,Páare tókabaní,und,"","",,Guarijío,Diego Barrales,2022-08-09T18:51:38Z
47118,Tu'lúsi,und,"","",,Guarijío,Diego Barrales,2022-08-09T18:53:23Z
48894,Ma'cirí,und,"","",,Guarijío,Diego Barrales,2022-08-09T18:54:38Z
48894,Mahcilá,und,"","",,Guarijío,Diego Barrales,2022-08-09T18:55:29Z
51673,Macá,und,"","",,Guarijío,Diego Barrales,2022-08-09T18:58:02Z
51673,Mapá,und,"","",,Guarijío,Diego Barrales,2022-08-09T18:58:24Z
275421,Sejcó,und,"Sonora, MX","",,Guarijío,Adrian Bojorquez,2022-09-24T00:19:33Z
209891,ahaiyá,und,"","",https://www.inaturalist.org/taxon_names/441882/edit,Guarijío,,2022-10-22T22:49:01Z
1493141,hupala,und,"","",https://www.inaturalist.org/taxon_names/446312/edit,Guarijío,,2023-09-01T22:04:18Z
278756,toji,und,"","",https://www.inaturalist.org/taxon_names/449158/edit,Guarijío,,2023-09-04T07:16:39Z
1199821,toché,und,"","",https://www.inaturalist.org/taxon_names/449156/edit,Guarijío,,2023-11-01T00:18:07Z
181685,tasaui,und,"","",,Guarijío,Kevin Faccenda,2024-04-17T01:59:36Z
