id,vernacularName,language,locality,countryCode,source,lexicon,contributor,created
99877,Moko,und,"","",,Tongan,Michael Pennay,2013-03-24T10:16:03Z
468701,Mubatabata,und,"","",,Tongan,Joachim Louis,2016-03-25T07:41:42Z
47549,Monumanu kili talatala,und,"","",,Tongan,John E. Christensen,2017-12-02T21:23:44Z
1,Monumanu,und,"","",,Tongan,John E. Christensen,2017-12-04T11:47:23Z
126165,Kape,und,"","",,Tongan,sea-kangaroo,2018-01-06T05:10:53Z
51921,Mateloi,und,"","",,Tongan,John E. Christensen,2018-02-06T16:02:44Z
136336,Ponga paame,und,"","",,Tongan,John E. Christensen,2020-05-02T15:32:44Z
123572,Sī,und,"","",,Tongan,John E. Christensen,2021-02-07T08:57:42Z
12575,Fuleheu,und,"","",,Tongan,lwnrngr,2021-06-17T10:06:30Z
135283,Tuhi,und,"","",,Tongan,Zane Roskoph,2021-07-27T18:28:04Z
49639,Ngatala pulepule,und,"","",http://www.catalogueoflife.org/annual-checklist/details/species/id/10073047/common/60807,Tongan,,2021-07-29T00:59:47Z
52456,Ngatala 'uli,und,"","",http://www.catalogueoflife.org/annual-checklist/details/species/id/10073036/common/61416,Tongan,,2021-08-01T14:17:11Z
331121,Laimi,und,"","",,Tongan,Zane Roskoph,2021-08-10T12:29:42Z
14960,Misi,und,Tonga,TO,,Tongan,Hyongchan (David),2021-09-07T03:54:13Z
40918,Peka,und,Tonga,TO,,Tongan,Hyongchan (David),2021-09-07T03:56:33Z
401,Veka,und,Tonga,TO,,Tongan,Hyongchan (David),2021-09-07T04:01:09Z
6987,Toloa,und,Tonga,TO,,Tongan,Hyongchan (David),2021-09-07T04:02:02Z
418530,Kalae,und,Tonga,TO,,Tongan,Hyongchan (David),2021-09-07T04:02:07Z
604095,Kulukulu,und,Tonga,TO,,Tongan,Hyongchan (David),2021-09-08T04:08:09Z
5168,Taiseni,und,Tonga,TO,,Tongan,Hyongchan (David),2021-09-09T09:13:22Z
472076,Sikota,und,Tonga,TO,,Tongan,Hyongchan (David),2021-09-09T09:16:05Z
3195,Lupe,und,Tonga,TO,,Tongan,Hyongchan (David),2021-09-09T09:28:20Z
19046,Koki,und,Tonga,TO,,Tongan,Hyongchan (David),2021-09-09T09:30:47Z
14593,Fuiva,und,Tonga,TO,,Tongan,Hyongchan (David),2021-09-09T09:31:39Z
4314,Tavake,und,Tonga,TO,,Tongan,Hyongchan (David),2021-09-10T20:52:06Z
4947,Motuku,und,Tonga,TO,,Tongan,Hyongchan (David),2021-09-11T01:36:01Z
48865,Niu,und,Tonga,TO,,Tongan,Hyongchan (David),2021-09-13T04:48:55Z
62811,Lesi,und,Tonga,TO,,Tongan,Hyongchan (David),2021-09-13T04:49:54Z
14850,Misi Palangi,und,Tonga,TO,,Tongan,Hyongchan (David),2021-09-13T04:51:34Z
48872,Mango,und,Tonga,TO,,Tongan,Hyongchan (David),2021-09-13T04:52:18Z
882,Moa,und,Tonga,TO,,Tongan,Hyongchan (David),2021-09-13T04:53:04Z
70027,Mei,und,Tonga,TO,,Tongan,Hyongchan (David),2021-09-13T04:53:39Z
41566,Tofua'a,und,Tonga,TO,,Tongan,Hyongchan (David),2021-09-14T03:20:19Z
47257,Valu louniu,und,Tonga,TO,,Tongan,Hyongchan (David),2021-09-16T07:50:02Z
135283,Pone tuhi,und,Tonga,TO,,Tongan,Hyongchan (David),2021-09-16T08:03:51Z
132366,palangi,und,"","",,Tongan,Hyongchan (David),2021-09-16T08:05:11Z
20445,Lulu,und,"","",,Tongan,Hyongchan (David),2021-09-16T18:43:40Z
2021,Malau,und,Tonga,TO,,Tongan,Hyongchan (David),2021-09-16T18:44:15Z
4628,Helekosi,und,"","",,Tongan,Hyongchan (David),2021-09-16T18:47:00Z
121022,Nonu,und,Tonga,TO,,Tongan,Hyongchan (David),2021-09-21T03:29:52Z
49498,Papae,und,"","",,Tongan,Zane Roskoph,2021-10-17T14:45:55Z
47251,Hapatu,und,"","",http://www.catalogueoflife.org/annual-checklist/2012/details/species/id/9741333,Tongan,Wich’yanan (Jay) Limparungpatthanakij,2021-10-18T00:09:37Z
7904,Hengehenga,und,Tonga,TO,,Tongan,Hyongchan (David),2021-10-29T23:35:59Z
595946,mungoshia,und,"","",,Tongan,Botswanabugs,2023-02-09T04:42:56Z
557826,nombe,und,"","",,Tongan,Botswanabugs,2023-02-09T04:57:01Z
557826,mungnombie,und,"","",,Tongan,Botswanabugs,2023-02-09T04:57:33Z
557826,mukoka,und,"","",,Tongan,Botswanabugs,2023-02-09T04:57:59Z
62868,Fau,und,Tonga,TO,,Tongan,Hyongchan (David),2023-10-25T07:56:03Z
363481,Ngahu,und,Tonga,TO,,Tongan,Hyongchan (David),2023-10-26T04:24:28Z
548266,Loupata,und,Tonga,TO,,Tongan,Hyongchan (David),2023-10-26T04:26:10Z
769957,Touhuni,und,Tonga,TO,,Tongan,Hyongchan (David),2023-10-26T04:28:03Z
189657,Futu,und,Tonga,TO,,Tongan,Hyongchan (David),2023-10-26T04:32:33Z
62888,Toa,und,Tonga,TO,,Tongan,Hyongchan (David),2023-10-26T04:33:53Z
159698,Feta'u,und,Tonga,TO,,Tongan,Hyongchan (David),2023-10-26T04:38:08Z
504034,Siale tafa,und,Tonga,TO,,Tongan,Hyongchan (David),2023-10-26T04:39:06Z
1042218,Olamaka,und,Tonga,TO,,Tongan,Hyongchan (David),2023-10-26T04:41:31Z
553615,Manonu,und,Tonga,TO,,Tongan,Hyongchan (David),2023-10-26T04:43:13Z
366267,Puopua,und,Tonga,TO,,Tongan,Hyongchan (David),2023-10-26T04:44:56Z
485345,Masi mole,und,Tonga,TO,,Tongan,Hyongchan (David),2023-10-26T04:46:27Z
369431,'Ovava,und,Tonga,TO,,Tongan,Hyongchan (David),2023-10-26T04:47:18Z
425741,Fao,und,Tonga,TO,,Tongan,Hyongchan (David),2023-10-26T04:48:34Z
370835,Fotulona,und,Tonga,TO,,Tongan,Hyongchan (David),2023-10-26T04:50:07Z
192360,Feta'anu,und,Tonga,TO,,Tongan,Hyongchan (David),2023-10-26T06:32:39Z
425753,Ngingie,und,Tonga,TO,,Tongan,Hyongchan (David),2023-10-27T03:04:19Z
62821,Telie,und,Tonga,TO,,Tongan,Hyongchan (David),2023-10-27T03:05:14Z
563325,Masi'ata,und,Tonga,TO,,Tongan,Hyongchan (David),2023-10-27T03:06:32Z
182260,Ahi vao,und,Tonga,TO,,Tongan,Hyongchan (David),2023-10-27T06:33:49Z
48870,Ifi,und,Tonga,TO,,Tongan,Hyongchan (David),2023-10-27T06:35:12Z
156333,Koka,und,Tonga,TO,,Tongan,Hyongchan (David),2023-10-27T06:51:36Z
548260,Tavahi,und,Tonga,TO,,Tongan,Hyongchan (David),2023-10-27T06:52:52Z
82768,Milo,und,Tonga,TO,,Tongan,Hyongchan (David),2023-10-31T09:04:51Z
719507,Misi,und,Tonga,TO,,Tongan,Hyongchan (David),2023-12-08T18:06:03Z
52299,'Anga takaneva,und,"","",http://www.catalogueoflife.org/annual-checklist/2012/details/species/id/9741333,Tongan,,2024-12-01T19:36:58Z
52299,Tenifa,und,"","",http://www.catalogueoflife.org/annual-checklist/2012/details/species/id/9741333,Tongan,,2024-12-01T19:37:15Z
343039,mujagwe,und,"","",,Tongan,Botswanabugs,2025-01-04T05:47:12Z
343039,mutsangu,und,"","",,Tongan,Botswanabugs,2025-01-04T05:48:21Z
